Metodo,Base,Variavel,Media,Desvio_Padrao,Minimo,Maximo
RAW,01-Credit Card Fraud Detection,time,94813.85957508066,47488.14595456617,0,172792
RAW,01-Credit Card Fraud Detection,v1,1.1665850680621618e-15,1.958695803857486,-56.407509631329,2.45492999121121
RAW,01-Credit Card Fraud Detection,v2,3.119076064621981e-16,1.6513085794769975,-72.7157275629303,22.0577289904909
RAW,01-Credit Card Fraud Detection,v3,-1.3633524919768066e-15,1.5162550051777717,-48.3255893623954,9.38255843282114
RAW,01-Credit Card Fraud Detection,v4,2.1113268745476085e-15,1.4158685749409203,-5.68317119816995,16.8753440335975
RAW,01-Credit Card Fraud Detection,v5,9.796568111432642e-16,1.3802467340314395,-113.743306711146,34.8016658766686
RAW,01-Credit Card Fraud Detection,v6,1.5100407990523834e-15,1.3322710897575754,-26.1605059358433,73.3016255459646
RAW,01-Credit Card Fraud Detection,v7,-5.42158836862075e-16,1.237093598182666,-43.5572415712451,120.589493945238
RAW,01-Credit Card Fraud Detection,v8,1.026905650640441e-16,1.1943529026692035,-73.2167184552674,20.0072083651213
RAW,01-Credit Card Fraud Detection,v9,-2.4224546273782102e-15,1.098632089224319,-13.4340663182301,15.5949946071278
RAW,01-Credit Card Fraud Detection,v10,2.2260780757685486e-15,1.088849765402517,-24.5882624372475,23.7451361206545
RAW,01-Credit Card Fraud Detection,v11,1.7064239784843682e-15,1.0207130277115586,-4.79747346479757,12.0189131816199
RAW,01-Credit Card Fraud Detection,v12,-1.2430601430478238e-15,0.9992013895301448,-18.6837146333443,7.8483920756446
RAW,01-Credit Card Fraud Detection,v13,8.352921119946204e-16,0.9952742301251534,-5.79188120632084,7.12688295859376
RAW,01-Credit Card Fraud Detection,v14,1.2286561824309816e-15,0.9585956112570638,-19.2143254902614,10.5267660517847
RAW,01-Credit Card Fraud Detection,v15,4.843945738369545e-15,0.915316011610439,-4.49894467676621,8.87774159774277
RAW,01-Credit Card Fraud Detection,v16,1.4336660309784372e-15,0.8762528873883704,-14.1298545174931,17.3151115176278
RAW,01-Credit Card Fraud Detection,v17,-3.777405945805621e-16,0.8493370636743892,-25.1627993693248,9.25352625047285
RAW,01-Credit Card Fraud Detection,v18,9.760679213305696e-16,0.8381762095288414,-9.49874592104677,5.04106918541184
RAW,01-Credit Card Fraud Detection,v19,1.0384977404347022e-15,0.8140405007685786,-7.21352743017759,5.59197142733558
RAW,01-Credit Card Fraud Detection,v20,6.406692900993326e-16,0.7709250248871168,-54.497720494566,39.4209042482199
RAW,01-Credit Card Fraud Detection,v21,1.6862008387137017e-16,0.734524014371313,-34.8303821448146,27.2028391573154
RAW,01-Credit Card Fraud Detection,v22,-3.3804383531067893e-16,0.7257015604409116,-10.933143697655,10.5030900899454
RAW,01-Credit Card Fraud Detection,v23,2.673353408345847e-16,0.6244602955949903,-44.8077352037913,22.5284116897749
RAW,01-Credit Card Fraud Detection,v24,4.4748661360575374e-15,0.6056470678271602,-2.83662691870341,4.58454913689817
RAW,01-Credit Card Fraud Detection,v25,5.105997208289615e-16,0.5212780705409424,-10.2953970749851,7.51958867870916
RAW,01-Credit Card Fraud Detection,v26,1.6846352169266018e-15,0.4822270132610573,-2.60455055280817,3.5173456116238
RAW,01-Credit Card Fraud Detection,v27,-3.673406847200072e-16,0.4036324949650307,-22.5656793207827,31.6121981061363
RAW,01-Credit Card Fraud Detection,v28,-1.23037983974108e-16,0.3300832641602509,-15.4300839055349,33.8478078188831
RAW,01-Credit Card Fraud Detection,amount,88.34961925093134,250.12010924018858,0,25691.16
RAW,01-Credit Card Fraud Detection,radius1,NA,NA,NA,NA
RAW,01-Credit Card Fraud Detection,texture1,NA,NA,NA,NA
RAW,01-Credit Card Fraud Detection,perimeter1,NA,NA,NA,NA
RAW,01-Credit Card Fraud Detection,area1,NA,NA,NA,NA
RAW,01-Credit Card Fraud Detection,smoothness1,NA,NA,NA,NA
RAW,01-Credit Card Fraud Detection,compactness1,NA,NA,NA,NA
RAW,01-Credit Card Fraud Detection,concavity1,NA,NA,NA,NA
RAW,01-Credit Card Fraud Detection,concave_points1,NA,NA,NA,NA
RAW,01-Credit Card Fraud Detection,symmetry1,NA,NA,NA,NA
RAW,01-Credit Card Fraud Detection,fractal_dimension1,NA,NA,NA,NA
RAW,01-Credit Card Fraud Detection,radius2,NA,NA,NA,NA
RAW,01-Credit Card Fraud Detection,texture2,NA,NA,NA,NA
RAW,01-Credit Card Fraud Detection,perimeter2,NA,NA,NA,NA
RAW,01-Credit Card Fraud Detection,area2,NA,NA,NA,NA
RAW,01-Credit Card Fraud Detection,smoothness2,NA,NA,NA,NA
RAW,01-Credit Card Fraud Detection,compactness2,NA,NA,NA,NA
RAW,01-Credit Card Fraud Detection,concavity2,NA,NA,NA,NA
RAW,01-Credit Card Fraud Detection,concave_points2,NA,NA,NA,NA
RAW,01-Credit Card Fraud Detection,symmetry2,NA,NA,NA,NA
RAW,01-Credit Card Fraud Detection,fractal_dimension2,NA,NA,NA,NA
RAW,01-Credit Card Fraud Detection,radius3,NA,NA,NA,NA
RAW,01-Credit Card Fraud Detection,texture3,NA,NA,NA,NA
RAW,01-Credit Card Fraud Detection,perimeter3,NA,NA,NA,NA
RAW,01-Credit Card Fraud Detection,area3,NA,NA,NA,NA
RAW,01-Credit Card Fraud Detection,smoothness3,NA,NA,NA,NA
RAW,01-Credit Card Fraud Detection,compactness3,NA,NA,NA,NA
RAW,01-Credit Card Fraud Detection,concavity3,NA,NA,NA,NA
RAW,01-Credit Card Fraud Detection,concave_points3,NA,NA,NA,NA
RAW,01-Credit Card Fraud Detection,symmetry3,NA,NA,NA,NA
RAW,01-Credit Card Fraud Detection,fractal_dimension3,NA,NA,NA,NA
RAW,01-Credit Card Fraud Detection,pregnancies,NA,NA,NA,NA
RAW,01-Credit Card Fraud Detection,glucose,NA,NA,NA,NA
RAW,01-Credit Card Fraud Detection,bloodpressure,NA,NA,NA,NA
RAW,01-Credit Card Fraud Detection,skinthickness,NA,NA,NA,NA
RAW,01-Credit Card Fraud Detection,insulin,NA,NA,NA,NA
RAW,01-Credit Card Fraud Detection,bmi,NA,NA,NA,NA
RAW,01-Credit Card Fraud Detection,diabetespedigreefunction,NA,NA,NA,NA
RAW,01-Credit Card Fraud Detection,age,NA,NA,NA,NA
RAW,01-Credit Card Fraud Detection,attribute01,NA,NA,NA,NA
RAW,01-Credit Card Fraud Detection,attribute02,NA,NA,NA,NA
RAW,01-Credit Card Fraud Detection,attribute03,NA,NA,NA,NA
RAW,01-Credit Card Fraud Detection,attribute04,NA,NA,NA,NA
RAW,01-Credit Card Fraud Detection,attribute05,NA,NA,NA,NA
RAW,01-Credit Card Fraud Detection,attribute06,NA,NA,NA,NA
RAW,01-Credit Card Fraud Detection,attribute07,NA,NA,NA,NA
RAW,01-Credit Card Fraud Detection,attribute08,NA,NA,NA,NA
RAW,01-Credit Card Fraud Detection,attribute09,NA,NA,NA,NA
RAW,01-Credit Card Fraud Detection,attribute10,NA,NA,NA,NA
RAW,01-Credit Card Fraud Detection,attribute11,NA,NA,NA,NA
RAW,01-Credit Card Fraud Detection,attribute12,NA,NA,NA,NA
RAW,01-Credit Card Fraud Detection,attribute13,NA,NA,NA,NA
RAW,01-Credit Card Fraud Detection,attribute14,NA,NA,NA,NA
RAW,01-Credit Card Fraud Detection,attribute15,NA,NA,NA,NA
RAW,01-Credit Card Fraud Detection,attribute16,NA,NA,NA,NA
RAW,01-Credit Card Fraud Detection,attribute17,NA,NA,NA,NA
RAW,01-Credit Card Fraud Detection,attribute18,NA,NA,NA,NA
RAW,01-Credit Card Fraud Detection,attribute19,NA,NA,NA,NA
RAW,01-Credit Card Fraud Detection,attribute20,NA,NA,NA,NA
RAW,01-Credit Card Fraud Detection,attribute21,NA,NA,NA,NA
RAW,01-Credit Card Fraud Detection,attribute22,NA,NA,NA,NA
RAW,01-Credit Card Fraud Detection,attribute23,NA,NA,NA,NA
RAW,01-Credit Card Fraud Detection,attribute24,NA,NA,NA,NA
RAW,01-Credit Card Fraud Detection,attribute25,NA,NA,NA,NA
RAW,01-Credit Card Fraud Detection,attribute26,NA,NA,NA,NA
RAW,01-Credit Card Fraud Detection,attribute27,NA,NA,NA,NA
RAW,01-Credit Card Fraud Detection,attribute28,NA,NA,NA,NA
RAW,01-Credit Card Fraud Detection,attribute29,NA,NA,NA,NA
RAW,01-Credit Card Fraud Detection,attribute30,NA,NA,NA,NA
RAW,01-Credit Card Fraud Detection,attribute31,NA,NA,NA,NA
RAW,01-Credit Card Fraud Detection,attribute32,NA,NA,NA,NA
RAW,01-Credit Card Fraud Detection,attribute33,NA,NA,NA,NA
RAW,01-Credit Card Fraud Detection,attribute34,NA,NA,NA,NA
RAW,01-Credit Card Fraud Detection,aa,NA,NA,NA,NA
RAW,01-Credit Card Fraud Detection,ao,NA,NA,NA,NA
RAW,01-Credit Card Fraud Detection,dcl,NA,NA,NA,NA
RAW,01-Credit Card Fraud Detection,iy,NA,NA,NA,NA
RAW,01-Credit Card Fraud Detection,sh,NA,NA,NA,NA
RAW,01-Credit Card Fraud Detection,0,NA,NA,NA,NA
RAW,01-Credit Card Fraud Detection,1,NA,NA,NA,NA
RAW,01-Credit Card Fraud Detection,2,NA,NA,NA,NA
RAW,01-Credit Card Fraud Detection,3,NA,NA,NA,NA
RAW,01-Credit Card Fraud Detection,4,NA,NA,NA,NA
RAW,01-Credit Card Fraud Detection,5,NA,NA,NA,NA
RAW,01-Credit Card Fraud Detection,6,NA,NA,NA,NA
RAW,01-Credit Card Fraud Detection,7,NA,NA,NA,NA
RAW,01-Credit Card Fraud Detection,8,NA,NA,NA,NA
RAW,01-Credit Card Fraud Detection,9,NA,NA,NA,NA
RAW,01-Credit Card Fraud Detection,10,NA,NA,NA,NA
RAW,01-Credit Card Fraud Detection,11,NA,NA,NA,NA
RAW,01-Credit Card Fraud Detection,12,NA,NA,NA,NA
RAW,01-Credit Card Fraud Detection,13,NA,NA,NA,NA
RAW,01-Credit Card Fraud Detection,14,NA,NA,NA,NA
RAW,01-Credit Card Fraud Detection,15,NA,NA,NA,NA
RAW,01-Credit Card Fraud Detection,16,NA,NA,NA,NA
RAW,01-Credit Card Fraud Detection,17,NA,NA,NA,NA
RAW,01-Credit Card Fraud Detection,18,NA,NA,NA,NA
RAW,01-Credit Card Fraud Detection,19,NA,NA,NA,NA
RAW,01-Credit Card Fraud Detection,20,NA,NA,NA,NA
RAW,01-Credit Card Fraud Detection,21,NA,NA,NA,NA
RAW,01-Credit Card Fraud Detection,22,NA,NA,NA,NA
RAW,01-Credit Card Fraud Detection,23,NA,NA,NA,NA
RAW,01-Credit Card Fraud Detection,24,NA,NA,NA,NA
RAW,01-Credit Card Fraud Detection,25,NA,NA,NA,NA
RAW,01-Credit Card Fraud Detection,26,NA,NA,NA,NA
RAW,01-Credit Card Fraud Detection,27,NA,NA,NA,NA
RAW,01-Credit Card Fraud Detection,28,NA,NA,NA,NA
RAW,01-Credit Card Fraud Detection,29,NA,NA,NA,NA
RAW,01-Credit Card Fraud Detection,30,NA,NA,NA,NA
RAW,01-Credit Card Fraud Detection,31,NA,NA,NA,NA
RAW,01-Credit Card Fraud Detection,32,NA,NA,NA,NA
RAW,01-Credit Card Fraud Detection,33,NA,NA,NA,NA
RAW,01-Credit Card Fraud Detection,34,NA,NA,NA,NA
RAW,01-Credit Card Fraud Detection,35,NA,NA,NA,NA
RAW,01-Credit Card Fraud Detection,36,NA,NA,NA,NA
RAW,01-Credit Card Fraud Detection,37,NA,NA,NA,NA
RAW,01-Credit Card Fraud Detection,38,NA,NA,NA,NA
RAW,01-Credit Card Fraud Detection,39,NA,NA,NA,NA
RAW,01-Credit Card Fraud Detection,40,NA,NA,NA,NA
RAW,01-Credit Card Fraud Detection,41,NA,NA,NA,NA
RAW,01-Credit Card Fraud Detection,42,NA,NA,NA,NA
RAW,01-Credit Card Fraud Detection,43,NA,NA,NA,NA
RAW,01-Credit Card Fraud Detection,44,NA,NA,NA,NA
RAW,01-Credit Card Fraud Detection,45,NA,NA,NA,NA
RAW,01-Credit Card Fraud Detection,46,NA,NA,NA,NA
RAW,01-Credit Card Fraud Detection,48,NA,NA,NA,NA
RAW,01-Credit Card Fraud Detection,49,NA,NA,NA,NA
RAW,02-Breast Cancer Wisconsin (Diagnostic),time,NA,NA,NA,NA
RAW,02-Breast Cancer Wisconsin (Diagnostic),v1,NA,NA,NA,NA
RAW,02-Breast Cancer Wisconsin (Diagnostic),v2,NA,NA,NA,NA
RAW,02-Breast Cancer Wisconsin (Diagnostic),v3,NA,NA,NA,NA
RAW,02-Breast Cancer Wisconsin (Diagnostic),v4,NA,NA,NA,NA
RAW,02-Breast Cancer Wisconsin (Diagnostic),v5,NA,NA,NA,NA
RAW,02-Breast Cancer Wisconsin (Diagnostic),v6,NA,NA,NA,NA
RAW,02-Breast Cancer Wisconsin (Diagnostic),v7,NA,NA,NA,NA
RAW,02-Breast Cancer Wisconsin (Diagnostic),v8,NA,NA,NA,NA
RAW,02-Breast Cancer Wisconsin (Diagnostic),v9,NA,NA,NA,NA
RAW,02-Breast Cancer Wisconsin (Diagnostic),v10,NA,NA,NA,NA
RAW,02-Breast Cancer Wisconsin (Diagnostic),v11,NA,NA,NA,NA
RAW,02-Breast Cancer Wisconsin (Diagnostic),v12,NA,NA,NA,NA
RAW,02-Breast Cancer Wisconsin (Diagnostic),v13,NA,NA,NA,NA
RAW,02-Breast Cancer Wisconsin (Diagnostic),v14,NA,NA,NA,NA
RAW,02-Breast Cancer Wisconsin (Diagnostic),v15,NA,NA,NA,NA
RAW,02-Breast Cancer Wisconsin (Diagnostic),v16,NA,NA,NA,NA
RAW,02-Breast Cancer Wisconsin (Diagnostic),v17,NA,NA,NA,NA
RAW,02-Breast Cancer Wisconsin (Diagnostic),v18,NA,NA,NA,NA
RAW,02-Breast Cancer Wisconsin (Diagnostic),v19,NA,NA,NA,NA
RAW,02-Breast Cancer Wisconsin (Diagnostic),v20,NA,NA,NA,NA
RAW,02-Breast Cancer Wisconsin (Diagnostic),v21,NA,NA,NA,NA
RAW,02-Breast Cancer Wisconsin (Diagnostic),v22,NA,NA,NA,NA
RAW,02-Breast Cancer Wisconsin (Diagnostic),v23,NA,NA,NA,NA
RAW,02-Breast Cancer Wisconsin (Diagnostic),v24,NA,NA,NA,NA
RAW,02-Breast Cancer Wisconsin (Diagnostic),v25,NA,NA,NA,NA
RAW,02-Breast Cancer Wisconsin (Diagnostic),v26,NA,NA,NA,NA
RAW,02-Breast Cancer Wisconsin (Diagnostic),v27,NA,NA,NA,NA
RAW,02-Breast Cancer Wisconsin (Diagnostic),v28,NA,NA,NA,NA
RAW,02-Breast Cancer Wisconsin (Diagnostic),amount,NA,NA,NA,NA
RAW,02-Breast Cancer Wisconsin (Diagnostic),radius1,14.120491197183098,3.5234162139180856,6.981,28.11
RAW,02-Breast Cancer Wisconsin (Diagnostic),texture1,19.305334507042254,4.288506138123862,9.71,39.28
RAW,02-Breast Cancer Wisconsin (Diagnostic),perimeter1,91.91475352112676,24.285848078054798,43.79,188.5
RAW,02-Breast Cancer Wisconsin (Diagnostic),area1,654.2797535211267,351.92375115413023,143.5,2501
RAW,02-Breast Cancer Wisconsin (Diagnostic),smoothness1,0.09632147887323944,0.01404600813563377,0.05263,0.1634
RAW,02-Breast Cancer Wisconsin (Diagnostic),compactness1,0.10403595070422535,0.05235523262166655,0.01938,0.3454
RAW,02-Breast Cancer Wisconsin (Diagnostic),concavity1,0.08842730757042254,0.07929422163702372,0,0.4268
RAW,02-Breast Cancer Wisconsin (Diagnostic),concave_points1,0.048746292253521124,0.03861716558335444,0,0.2012
RAW,02-Breast Cancer Wisconsin (Diagnostic),symmetry1,0.1810549295774648,0.027319415291087102,0.106,0.304
RAW,02-Breast Cancer Wisconsin (Diagnostic),fractal_dimension1,0.06276959507042254,0.0070348621181177415,0.04996,0.09744
RAW,02-Breast Cancer Wisconsin (Diagnostic),radius2,0.4039575704225352,0.2760384768806728,0.1115,2.873
RAW,02-Breast Cancer Wisconsin (Diagnostic),texture2,1.2174019366197184,0.5519793190791918,0.3602,4.885
RAW,02-Breast Cancer Wisconsin (Diagnostic),perimeter2,2.855983626760563,2.009288449982752,0.757,21.98
RAW,02-Breast Cancer Wisconsin (Diagnostic),area2,40.13802464788733,45.28240621601191,6.802,542.2
RAW,02-Breast Cancer Wisconsin (Diagnostic),smoothness2,0.007042109154929577,0.003005043347849698,0.001713,0.03113
RAW,02-Breast Cancer Wisconsin (Diagnostic),compactness2,0.025436656690140846,0.01789658224502674,0.002252,0.1354
RAW,02-Breast Cancer Wisconsin (Diagnostic),concavity2,0.03185527218309859,0.030198722665969183,0,0.396
RAW,02-Breast Cancer Wisconsin (Diagnostic),concave_points2,0.011788964788732394,0.006173349515916911,0,0.05279
RAW,02-Breast Cancer Wisconsin (Diagnostic),symmetry2,0.020525595070422537,0.008264041148696428,0.007882,0.07895
RAW,02-Breast Cancer Wisconsin (Diagnostic),fractal_dimension2,0.003790681866197183,0.002646484413208044,8.948e-4,0.02984
RAW,02-Breast Cancer Wisconsin (Diagnostic),radius3,16.253149647887323,4.822319933594194,7.93,36.04
RAW,02-Breast Cancer Wisconsin (Diagnostic),texture3,25.691919014084508,6.1416615024817505,12.02,49.54
RAW,02-Breast Cancer Wisconsin (Diagnostic),perimeter3,107.1250528169014,33.474687127799776,50.41,251.2
RAW,02-Breast Cancer Wisconsin (Diagnostic),area3,878.5788732394366,567.8462669319659,185.2,4254
RAW,02-Breast Cancer Wisconsin (Diagnostic),smoothness3,0.13231607394366196,0.02281812861637881,0.07117,0.2226
RAW,02-Breast Cancer Wisconsin (Diagnostic),compactness3,0.25354086267605636,0.1565231553395712,0.02729,1.058
RAW,02-Breast Cancer Wisconsin (Diagnostic),concavity3,0.27141434330985914,0.20798858995920191,0,1.252
RAW,02-Breast Cancer Wisconsin (Diagnostic),concave_points3,0.1143407411971831,0.06548424840654654,0,0.291
RAW,02-Breast Cancer Wisconsin (Diagnostic),symmetry3,0.2897762323943662,0.06150820838436844,0.1565,0.6638
RAW,02-Breast Cancer Wisconsin (Diagnostic),fractal_dimension3,0.08388427816901409,0.018017382401831948,0.05504,0.2075
RAW,02-Breast Cancer Wisconsin (Diagnostic),pregnancies,NA,NA,NA,NA
RAW,02-Breast Cancer Wisconsin (Diagnostic),glucose,NA,NA,NA,NA
RAW,02-Breast Cancer Wisconsin (Diagnostic),bloodpressure,NA,NA,NA,NA
RAW,02-Breast Cancer Wisconsin (Diagnostic),skinthickness,NA,NA,NA,NA
RAW,02-Breast Cancer Wisconsin (Diagnostic),insulin,NA,NA,NA,NA
RAW,02-Breast Cancer Wisconsin (Diagnostic),bmi,NA,NA,NA,NA
RAW,02-Breast Cancer Wisconsin (Diagnostic),diabetespedigreefunction,NA,NA,NA,NA
RAW,02-Breast Cancer Wisconsin (Diagnostic),age,NA,NA,NA,NA
RAW,02-Breast Cancer Wisconsin (Diagnostic),attribute01,NA,NA,NA,NA
RAW,02-Breast Cancer Wisconsin (Diagnostic),attribute02,NA,NA,NA,NA
RAW,02-Breast Cancer Wisconsin (Diagnostic),attribute03,NA,NA,NA,NA
RAW,02-Breast Cancer Wisconsin (Diagnostic),attribute04,NA,NA,NA,NA
RAW,02-Breast Cancer Wisconsin (Diagnostic),attribute05,NA,NA,NA,NA
RAW,02-Breast Cancer Wisconsin (Diagnostic),attribute06,NA,NA,NA,NA
RAW,02-Breast Cancer Wisconsin (Diagnostic),attribute07,NA,NA,NA,NA
RAW,02-Breast Cancer Wisconsin (Diagnostic),attribute08,NA,NA,NA,NA
RAW,02-Breast Cancer Wisconsin (Diagnostic),attribute09,NA,NA,NA,NA
RAW,02-Breast Cancer Wisconsin (Diagnostic),attribute10,NA,NA,NA,NA
RAW,02-Breast Cancer Wisconsin (Diagnostic),attribute11,NA,NA,NA,NA
RAW,02-Breast Cancer Wisconsin (Diagnostic),attribute12,NA,NA,NA,NA
RAW,02-Breast Cancer Wisconsin (Diagnostic),attribute13,NA,NA,NA,NA
RAW,02-Breast Cancer Wisconsin (Diagnostic),attribute14,NA,NA,NA,NA
RAW,02-Breast Cancer Wisconsin (Diagnostic),attribute15,NA,NA,NA,NA
RAW,02-Breast Cancer Wisconsin (Diagnostic),attribute16,NA,NA,NA,NA
RAW,02-Breast Cancer Wisconsin (Diagnostic),attribute17,NA,NA,NA,NA
RAW,02-Breast Cancer Wisconsin (Diagnostic),attribute18,NA,NA,NA,NA
RAW,02-Breast Cancer Wisconsin (Diagnostic),attribute19,NA,NA,NA,NA
RAW,02-Breast Cancer Wisconsin (Diagnostic),attribute20,NA,NA,NA,NA
RAW,02-Breast Cancer Wisconsin (Diagnostic),attribute21,NA,NA,NA,NA
RAW,02-Breast Cancer Wisconsin (Diagnostic),attribute22,NA,NA,NA,NA
RAW,02-Breast Cancer Wisconsin (Diagnostic),attribute23,NA,NA,NA,NA
RAW,02-Breast Cancer Wisconsin (Diagnostic),attribute24,NA,NA,NA,NA
RAW,02-Breast Cancer Wisconsin (Diagnostic),attribute25,NA,NA,NA,NA
RAW,02-Breast Cancer Wisconsin (Diagnostic),attribute26,NA,NA,NA,NA
RAW,02-Breast Cancer Wisconsin (Diagnostic),attribute27,NA,NA,NA,NA
RAW,02-Breast Cancer Wisconsin (Diagnostic),attribute28,NA,NA,NA,NA
RAW,02-Breast Cancer Wisconsin (Diagnostic),attribute29,NA,NA,NA,NA
RAW,02-Breast Cancer Wisconsin (Diagnostic),attribute30,NA,NA,NA,NA
RAW,02-Breast Cancer Wisconsin (Diagnostic),attribute31,NA,NA,NA,NA
RAW,02-Breast Cancer Wisconsin (Diagnostic),attribute32,NA,NA,NA,NA
RAW,02-Breast Cancer Wisconsin (Diagnostic),attribute33,NA,NA,NA,NA
RAW,02-Breast Cancer Wisconsin (Diagnostic),attribute34,NA,NA,NA,NA
RAW,02-Breast Cancer Wisconsin (Diagnostic),aa,NA,NA,NA,NA
RAW,02-Breast Cancer Wisconsin (Diagnostic),ao,NA,NA,NA,NA
RAW,02-Breast Cancer Wisconsin (Diagnostic),dcl,NA,NA,NA,NA
RAW,02-Breast Cancer Wisconsin (Diagnostic),iy,NA,NA,NA,NA
RAW,02-Breast Cancer Wisconsin (Diagnostic),sh,NA,NA,NA,NA
RAW,02-Breast Cancer Wisconsin (Diagnostic),0,NA,NA,NA,NA
RAW,02-Breast Cancer Wisconsin (Diagnostic),1,NA,NA,NA,NA
RAW,02-Breast Cancer Wisconsin (Diagnostic),2,NA,NA,NA,NA
RAW,02-Breast Cancer Wisconsin (Diagnostic),3,NA,NA,NA,NA
RAW,02-Breast Cancer Wisconsin (Diagnostic),4,NA,NA,NA,NA
RAW,02-Breast Cancer Wisconsin (Diagnostic),5,NA,NA,NA,NA
RAW,02-Breast Cancer Wisconsin (Diagnostic),6,NA,NA,NA,NA
RAW,02-Breast Cancer Wisconsin (Diagnostic),7,NA,NA,NA,NA
RAW,02-Breast Cancer Wisconsin (Diagnostic),8,NA,NA,NA,NA
RAW,02-Breast Cancer Wisconsin (Diagnostic),9,NA,NA,NA,NA
RAW,02-Breast Cancer Wisconsin (Diagnostic),10,NA,NA,NA,NA
RAW,02-Breast Cancer Wisconsin (Diagnostic),11,NA,NA,NA,NA
RAW,02-Breast Cancer Wisconsin (Diagnostic),12,NA,NA,NA,NA
RAW,02-Breast Cancer Wisconsin (Diagnostic),13,NA,NA,NA,NA
RAW,02-Breast Cancer Wisconsin (Diagnostic),14,NA,NA,NA,NA
RAW,02-Breast Cancer Wisconsin (Diagnostic),15,NA,NA,NA,NA
RAW,02-Breast Cancer Wisconsin (Diagnostic),16,NA,NA,NA,NA
RAW,02-Breast Cancer Wisconsin (Diagnostic),17,NA,NA,NA,NA
RAW,02-Breast Cancer Wisconsin (Diagnostic),18,NA,NA,NA,NA
RAW,02-Breast Cancer Wisconsin (Diagnostic),19,NA,NA,NA,NA
RAW,02-Breast Cancer Wisconsin (Diagnostic),20,NA,NA,NA,NA
RAW,02-Breast Cancer Wisconsin (Diagnostic),21,NA,NA,NA,NA
RAW,02-Breast Cancer Wisconsin (Diagnostic),22,NA,NA,NA,NA
RAW,02-Breast Cancer Wisconsin (Diagnostic),23,NA,NA,NA,NA
RAW,02-Breast Cancer Wisconsin (Diagnostic),24,NA,NA,NA,NA
RAW,02-Breast Cancer Wisconsin (Diagnostic),25,NA,NA,NA,NA
RAW,02-Breast Cancer Wisconsin (Diagnostic),26,NA,NA,NA,NA
RAW,02-Breast Cancer Wisconsin (Diagnostic),27,NA,NA,NA,NA
RAW,02-Breast Cancer Wisconsin (Diagnostic),28,NA,NA,NA,NA
RAW,02-Breast Cancer Wisconsin (Diagnostic),29,NA,NA,NA,NA
RAW,02-Breast Cancer Wisconsin (Diagnostic),30,NA,NA,NA,NA
RAW,02-Breast Cancer Wisconsin (Diagnostic),31,NA,NA,NA,NA
RAW,02-Breast Cancer Wisconsin (Diagnostic),32,NA,NA,NA,NA
RAW,02-Breast Cancer Wisconsin (Diagnostic),33,NA,NA,NA,NA
RAW,02-Breast Cancer Wisconsin (Diagnostic),34,NA,NA,NA,NA
RAW,02-Breast Cancer Wisconsin (Diagnostic),35,NA,NA,NA,NA
RAW,02-Breast Cancer Wisconsin (Diagnostic),36,NA,NA,NA,NA
RAW,02-Breast Cancer Wisconsin (Diagnostic),37,NA,NA,NA,NA
RAW,02-Breast Cancer Wisconsin (Diagnostic),38,NA,NA,NA,NA
RAW,02-Breast Cancer Wisconsin (Diagnostic),39,NA,NA,NA,NA
RAW,02-Breast Cancer Wisconsin (Diagnostic),40,NA,NA,NA,NA
RAW,02-Breast Cancer Wisconsin (Diagnostic),41,NA,NA,NA,NA
RAW,02-Breast Cancer Wisconsin (Diagnostic),42,NA,NA,NA,NA
RAW,02-Breast Cancer Wisconsin (Diagnostic),43,NA,NA,NA,NA
RAW,02-Breast Cancer Wisconsin (Diagnostic),44,NA,NA,NA,NA
RAW,02-Breast Cancer Wisconsin (Diagnostic),45,NA,NA,NA,NA
RAW,02-Breast Cancer Wisconsin (Diagnostic),46,NA,NA,NA,NA
RAW,02-Breast Cancer Wisconsin (Diagnostic),48,NA,NA,NA,NA
RAW,02-Breast Cancer Wisconsin (Diagnostic),49,NA,NA,NA,NA
RAW,03-Pima Indians Diabetes,time,NA,NA,NA,NA
RAW,03-Pima Indians Diabetes,v1,NA,NA,NA,NA
RAW,03-Pima Indians Diabetes,v2,NA,NA,NA,NA
RAW,03-Pima Indians Diabetes,v3,NA,NA,NA,NA
RAW,03-Pima Indians Diabetes,v4,NA,NA,NA,NA
RAW,03-Pima Indians Diabetes,v5,NA,NA,NA,NA
RAW,03-Pima Indians Diabetes,v6,NA,NA,NA,NA
RAW,03-Pima Indians Diabetes,v7,NA,NA,NA,NA
RAW,03-Pima Indians Diabetes,v8,NA,NA,NA,NA
RAW,03-Pima Indians Diabetes,v9,NA,NA,NA,NA
RAW,03-Pima Indians Diabetes,v10,NA,NA,NA,NA
RAW,03-Pima Indians Diabetes,v11,NA,NA,NA,NA
RAW,03-Pima Indians Diabetes,v12,NA,NA,NA,NA
RAW,03-Pima Indians Diabetes,v13,NA,NA,NA,NA
RAW,03-Pima Indians Diabetes,v14,NA,NA,NA,NA
RAW,03-Pima Indians Diabetes,v15,NA,NA,NA,NA
RAW,03-Pima Indians Diabetes,v16,NA,NA,NA,NA
RAW,03-Pima Indians Diabetes,v17,NA,NA,NA,NA
RAW,03-Pima Indians Diabetes,v18,NA,NA,NA,NA
RAW,03-Pima Indians Diabetes,v19,NA,NA,NA,NA
RAW,03-Pima Indians Diabetes,v20,NA,NA,NA,NA
RAW,03-Pima Indians Diabetes,v21,NA,NA,NA,NA
RAW,03-Pima Indians Diabetes,v22,NA,NA,NA,NA
RAW,03-Pima Indians Diabetes,v23,NA,NA,NA,NA
RAW,03-Pima Indians Diabetes,v24,NA,NA,NA,NA
RAW,03-Pima Indians Diabetes,v25,NA,NA,NA,NA
RAW,03-Pima Indians Diabetes,v26,NA,NA,NA,NA
RAW,03-Pima Indians Diabetes,v27,NA,NA,NA,NA
RAW,03-Pima Indians Diabetes,v28,NA,NA,NA,NA
RAW,03-Pima Indians Diabetes,amount,NA,NA,NA,NA
RAW,03-Pima Indians Diabetes,radius1,NA,NA,NA,NA
RAW,03-Pima Indians Diabetes,texture1,NA,NA,NA,NA
RAW,03-Pima Indians Diabetes,perimeter1,NA,NA,NA,NA
RAW,03-Pima Indians Diabetes,area1,NA,NA,NA,NA
RAW,03-Pima Indians Diabetes,smoothness1,NA,NA,NA,NA
RAW,03-Pima Indians Diabetes,compactness1,NA,NA,NA,NA
RAW,03-Pima Indians Diabetes,concavity1,NA,NA,NA,NA
RAW,03-Pima Indians Diabetes,concave_points1,NA,NA,NA,NA
RAW,03-Pima Indians Diabetes,symmetry1,NA,NA,NA,NA
RAW,03-Pima Indians Diabetes,fractal_dimension1,NA,NA,NA,NA
RAW,03-Pima Indians Diabetes,radius2,NA,NA,NA,NA
RAW,03-Pima Indians Diabetes,texture2,NA,NA,NA,NA
RAW,03-Pima Indians Diabetes,perimeter2,NA,NA,NA,NA
RAW,03-Pima Indians Diabetes,area2,NA,NA,NA,NA
RAW,03-Pima Indians Diabetes,smoothness2,NA,NA,NA,NA
RAW,03-Pima Indians Diabetes,compactness2,NA,NA,NA,NA
RAW,03-Pima Indians Diabetes,concavity2,NA,NA,NA,NA
RAW,03-Pima Indians Diabetes,concave_points2,NA,NA,NA,NA
RAW,03-Pima Indians Diabetes,symmetry2,NA,NA,NA,NA
RAW,03-Pima Indians Diabetes,fractal_dimension2,NA,NA,NA,NA
RAW,03-Pima Indians Diabetes,radius3,NA,NA,NA,NA
RAW,03-Pima Indians Diabetes,texture3,NA,NA,NA,NA
RAW,03-Pima Indians Diabetes,perimeter3,NA,NA,NA,NA
RAW,03-Pima Indians Diabetes,area3,NA,NA,NA,NA
RAW,03-Pima Indians Diabetes,smoothness3,NA,NA,NA,NA
RAW,03-Pima Indians Diabetes,compactness3,NA,NA,NA,NA
RAW,03-Pima Indians Diabetes,concavity3,NA,NA,NA,NA
RAW,03-Pima Indians Diabetes,concave_points3,NA,NA,NA,NA
RAW,03-Pima Indians Diabetes,symmetry3,NA,NA,NA,NA
RAW,03-Pima Indians Diabetes,fractal_dimension3,NA,NA,NA,NA
RAW,03-Pima Indians Diabetes,pregnancies,3.8450520833333335,3.36957806269887,0,17
RAW,03-Pima Indians Diabetes,glucose,120.89453125,31.97261819513622,0,199
RAW,03-Pima Indians Diabetes,bloodpressure,69.10546875,19.355807170644777,0,122
RAW,03-Pima Indians Diabetes,skinthickness,20.536458333333332,15.952217567727635,0,99
RAW,03-Pima Indians Diabetes,insulin,79.79947916666667,115.24400235133817,0,846
RAW,03-Pima Indians Diabetes,bmi,31.992578125,7.884160320375446,0,67.1
RAW,03-Pima Indians Diabetes,diabetespedigreefunction,0.4718763020833333,0.3313285950127749,0.078,2.42
RAW,03-Pima Indians Diabetes,age,33.240885416666664,11.760231540678685,21,81
RAW,03-Pima Indians Diabetes,attribute01,NA,NA,NA,NA
RAW,03-Pima Indians Diabetes,attribute02,NA,NA,NA,NA
RAW,03-Pima Indians Diabetes,attribute03,NA,NA,NA,NA
RAW,03-Pima Indians Diabetes,attribute04,NA,NA,NA,NA
RAW,03-Pima Indians Diabetes,attribute05,NA,NA,NA,NA
RAW,03-Pima Indians Diabetes,attribute06,NA,NA,NA,NA
RAW,03-Pima Indians Diabetes,attribute07,NA,NA,NA,NA
RAW,03-Pima Indians Diabetes,attribute08,NA,NA,NA,NA
RAW,03-Pima Indians Diabetes,attribute09,NA,NA,NA,NA
RAW,03-Pima Indians Diabetes,attribute10,NA,NA,NA,NA
RAW,03-Pima Indians Diabetes,attribute11,NA,NA,NA,NA
RAW,03-Pima Indians Diabetes,attribute12,NA,NA,NA,NA
RAW,03-Pima Indians Diabetes,attribute13,NA,NA,NA,NA
RAW,03-Pima Indians Diabetes,attribute14,NA,NA,NA,NA
RAW,03-Pima Indians Diabetes,attribute15,NA,NA,NA,NA
RAW,03-Pima Indians Diabetes,attribute16,NA,NA,NA,NA
RAW,03-Pima Indians Diabetes,attribute17,NA,NA,NA,NA
RAW,03-Pima Indians Diabetes,attribute18,NA,NA,NA,NA
RAW,03-Pima Indians Diabetes,attribute19,NA,NA,NA,NA
RAW,03-Pima Indians Diabetes,attribute20,NA,NA,NA,NA
RAW,03-Pima Indians Diabetes,attribute21,NA,NA,NA,NA
RAW,03-Pima Indians Diabetes,attribute22,NA,NA,NA,NA
RAW,03-Pima Indians Diabetes,attribute23,NA,NA,NA,NA
RAW,03-Pima Indians Diabetes,attribute24,NA,NA,NA,NA
RAW,03-Pima Indians Diabetes,attribute25,NA,NA,NA,NA
RAW,03-Pima Indians Diabetes,attribute26,NA,NA,NA,NA
RAW,03-Pima Indians Diabetes,attribute27,NA,NA,NA,NA
RAW,03-Pima Indians Diabetes,attribute28,NA,NA,NA,NA
RAW,03-Pima Indians Diabetes,attribute29,NA,NA,NA,NA
RAW,03-Pima Indians Diabetes,attribute30,NA,NA,NA,NA
RAW,03-Pima Indians Diabetes,attribute31,NA,NA,NA,NA
RAW,03-Pima Indians Diabetes,attribute32,NA,NA,NA,NA
RAW,03-Pima Indians Diabetes,attribute33,NA,NA,NA,NA
RAW,03-Pima Indians Diabetes,attribute34,NA,NA,NA,NA
RAW,03-Pima Indians Diabetes,aa,NA,NA,NA,NA
RAW,03-Pima Indians Diabetes,ao,NA,NA,NA,NA
RAW,03-Pima Indians Diabetes,dcl,NA,NA,NA,NA
RAW,03-Pima Indians Diabetes,iy,NA,NA,NA,NA
RAW,03-Pima Indians Diabetes,sh,NA,NA,NA,NA
RAW,03-Pima Indians Diabetes,0,NA,NA,NA,NA
RAW,03-Pima Indians Diabetes,1,NA,NA,NA,NA
RAW,03-Pima Indians Diabetes,2,NA,NA,NA,NA
RAW,03-Pima Indians Diabetes,3,NA,NA,NA,NA
RAW,03-Pima Indians Diabetes,4,NA,NA,NA,NA
RAW,03-Pima Indians Diabetes,5,NA,NA,NA,NA
RAW,03-Pima Indians Diabetes,6,NA,NA,NA,NA
RAW,03-Pima Indians Diabetes,7,NA,NA,NA,NA
RAW,03-Pima Indians Diabetes,8,NA,NA,NA,NA
RAW,03-Pima Indians Diabetes,9,NA,NA,NA,NA
RAW,03-Pima Indians Diabetes,10,NA,NA,NA,NA
RAW,03-Pima Indians Diabetes,11,NA,NA,NA,NA
RAW,03-Pima Indians Diabetes,12,NA,NA,NA,NA
RAW,03-Pima Indians Diabetes,13,NA,NA,NA,NA
RAW,03-Pima Indians Diabetes,14,NA,NA,NA,NA
RAW,03-Pima Indians Diabetes,15,NA,NA,NA,NA
RAW,03-Pima Indians Diabetes,16,NA,NA,NA,NA
RAW,03-Pima Indians Diabetes,17,NA,NA,NA,NA
RAW,03-Pima Indians Diabetes,18,NA,NA,NA,NA
RAW,03-Pima Indians Diabetes,19,NA,NA,NA,NA
RAW,03-Pima Indians Diabetes,20,NA,NA,NA,NA
RAW,03-Pima Indians Diabetes,21,NA,NA,NA,NA
RAW,03-Pima Indians Diabetes,22,NA,NA,NA,NA
RAW,03-Pima Indians Diabetes,23,NA,NA,NA,NA
RAW,03-Pima Indians Diabetes,24,NA,NA,NA,NA
RAW,03-Pima Indians Diabetes,25,NA,NA,NA,NA
RAW,03-Pima Indians Diabetes,26,NA,NA,NA,NA
RAW,03-Pima Indians Diabetes,27,NA,NA,NA,NA
RAW,03-Pima Indians Diabetes,28,NA,NA,NA,NA
RAW,03-Pima Indians Diabetes,29,NA,NA,NA,NA
RAW,03-Pima Indians Diabetes,30,NA,NA,NA,NA
RAW,03-Pima Indians Diabetes,31,NA,NA,NA,NA
RAW,03-Pima Indians Diabetes,32,NA,NA,NA,NA
RAW,03-Pima Indians Diabetes,33,NA,NA,NA,NA
RAW,03-Pima Indians Diabetes,34,NA,NA,NA,NA
RAW,03-Pima Indians Diabetes,35,NA,NA,NA,NA
RAW,03-Pima Indians Diabetes,36,NA,NA,NA,NA
RAW,03-Pima Indians Diabetes,37,NA,NA,NA,NA
RAW,03-Pima Indians Diabetes,38,NA,NA,NA,NA
RAW,03-Pima Indians Diabetes,39,NA,NA,NA,NA
RAW,03-Pima Indians Diabetes,40,NA,NA,NA,NA
RAW,03-Pima Indians Diabetes,41,NA,NA,NA,NA
RAW,03-Pima Indians Diabetes,42,NA,NA,NA,NA
RAW,03-Pima Indians Diabetes,43,NA,NA,NA,NA
RAW,03-Pima Indians Diabetes,44,NA,NA,NA,NA
RAW,03-Pima Indians Diabetes,45,NA,NA,NA,NA
RAW,03-Pima Indians Diabetes,46,NA,NA,NA,NA
RAW,03-Pima Indians Diabetes,48,NA,NA,NA,NA
RAW,03-Pima Indians Diabetes,49,NA,NA,NA,NA
RAW,04-Ionosphere,time,NA,NA,NA,NA
RAW,04-Ionosphere,v1,NA,NA,NA,NA
RAW,04-Ionosphere,v2,NA,NA,NA,NA
RAW,04-Ionosphere,v3,NA,NA,NA,NA
RAW,04-Ionosphere,v4,NA,NA,NA,NA
RAW,04-Ionosphere,v5,NA,NA,NA,NA
RAW,04-Ionosphere,v6,NA,NA,NA,NA
RAW,04-Ionosphere,v7,NA,NA,NA,NA
RAW,04-Ionosphere,v8,NA,NA,NA,NA
RAW,04-Ionosphere,v9,NA,NA,NA,NA
RAW,04-Ionosphere,v10,NA,NA,NA,NA
RAW,04-Ionosphere,v11,NA,NA,NA,NA
RAW,04-Ionosphere,v12,NA,NA,NA,NA
RAW,04-Ionosphere,v13,NA,NA,NA,NA
RAW,04-Ionosphere,v14,NA,NA,NA,NA
RAW,04-Ionosphere,v15,NA,NA,NA,NA
RAW,04-Ionosphere,v16,NA,NA,NA,NA
RAW,04-Ionosphere,v17,NA,NA,NA,NA
RAW,04-Ionosphere,v18,NA,NA,NA,NA
RAW,04-Ionosphere,v19,NA,NA,NA,NA
RAW,04-Ionosphere,v20,NA,NA,NA,NA
RAW,04-Ionosphere,v21,NA,NA,NA,NA
RAW,04-Ionosphere,v22,NA,NA,NA,NA
RAW,04-Ionosphere,v23,NA,NA,NA,NA
RAW,04-Ionosphere,v24,NA,NA,NA,NA
RAW,04-Ionosphere,v25,NA,NA,NA,NA
RAW,04-Ionosphere,v26,NA,NA,NA,NA
RAW,04-Ionosphere,v27,NA,NA,NA,NA
RAW,04-Ionosphere,v28,NA,NA,NA,NA
RAW,04-Ionosphere,amount,NA,NA,NA,NA
RAW,04-Ionosphere,radius1,NA,NA,NA,NA
RAW,04-Ionosphere,texture1,NA,NA,NA,NA
RAW,04-Ionosphere,perimeter1,NA,NA,NA,NA
RAW,04-Ionosphere,area1,NA,NA,NA,NA
RAW,04-Ionosphere,smoothness1,NA,NA,NA,NA
RAW,04-Ionosphere,compactness1,NA,NA,NA,NA
RAW,04-Ionosphere,concavity1,NA,NA,NA,NA
RAW,04-Ionosphere,concave_points1,NA,NA,NA,NA
RAW,04-Ionosphere,symmetry1,NA,NA,NA,NA
RAW,04-Ionosphere,fractal_dimension1,NA,NA,NA,NA
RAW,04-Ionosphere,radius2,NA,NA,NA,NA
RAW,04-Ionosphere,texture2,NA,NA,NA,NA
RAW,04-Ionosphere,perimeter2,NA,NA,NA,NA
RAW,04-Ionosphere,area2,NA,NA,NA,NA
RAW,04-Ionosphere,smoothness2,NA,NA,NA,NA
RAW,04-Ionosphere,compactness2,NA,NA,NA,NA
RAW,04-Ionosphere,concavity2,NA,NA,NA,NA
RAW,04-Ionosphere,concave_points2,NA,NA,NA,NA
RAW,04-Ionosphere,symmetry2,NA,NA,NA,NA
RAW,04-Ionosphere,fractal_dimension2,NA,NA,NA,NA
RAW,04-Ionosphere,radius3,NA,NA,NA,NA
RAW,04-Ionosphere,texture3,NA,NA,NA,NA
RAW,04-Ionosphere,perimeter3,NA,NA,NA,NA
RAW,04-Ionosphere,area3,NA,NA,NA,NA
RAW,04-Ionosphere,smoothness3,NA,NA,NA,NA
RAW,04-Ionosphere,compactness3,NA,NA,NA,NA
RAW,04-Ionosphere,concavity3,NA,NA,NA,NA
RAW,04-Ionosphere,concave_points3,NA,NA,NA,NA
RAW,04-Ionosphere,symmetry3,NA,NA,NA,NA
RAW,04-Ionosphere,fractal_dimension3,NA,NA,NA,NA
RAW,04-Ionosphere,pregnancies,NA,NA,NA,NA
RAW,04-Ionosphere,glucose,NA,NA,NA,NA
RAW,04-Ionosphere,bloodpressure,NA,NA,NA,NA
RAW,04-Ionosphere,skinthickness,NA,NA,NA,NA
RAW,04-Ionosphere,insulin,NA,NA,NA,NA
RAW,04-Ionosphere,bmi,NA,NA,NA,NA
RAW,04-Ionosphere,diabetespedigreefunction,NA,NA,NA,NA
RAW,04-Ionosphere,age,NA,NA,NA,NA
RAW,04-Ionosphere,attribute01,0.8914285714285715,0.31154612914518115,0,1
RAW,04-Ionosphere,attribute02,0,0,0,0
RAW,04-Ionosphere,attribute03,0.6403302857142857,0.49805927359584207,-1,1
RAW,04-Ionosphere,attribute04,0.04466691428571429,0.4420320983802805,-1,1
RAW,04-Ionosphere,attribute05,0.6003497142857143,0.5204313677019962,-1,1
RAW,04-Ionosphere,attribute06,0.11615422857142857,0.46144301321145476,-1,1
RAW,04-Ionosphere,attribute07,0.5492839714285714,0.49312432237809845,-1,1
RAW,04-Ionosphere,attribute08,0.12077877142857142,0.5208159833296301,-1,1
RAW,04-Ionosphere,attribute09,0.5104533714285714,0.5071167836653938,-1,1
RAW,04-Ionosphere,attribute10,0.18175608571428573,0.48448231596510855,-1,1
RAW,04-Ionosphere,attribute11,0.47510765714285713,0.5639425429741555,-1,1
RAW,04-Ionosphere,attribute12,0.1559907142857143,0.49520501771196757,-1,1
RAW,04-Ionosphere,attribute13,0.4002390571428571,0.6229876022466071,-1,1
RAW,04-Ionosphere,attribute14,0.09496471428571429,0.49472600373567155,-1,1
RAW,04-Ionosphere,attribute15,0.34341285714285713,0.6536124910377126,-1,1
RAW,04-Ionosphere,attribute16,0.07242765714285715,0.4583831087859622,-1,1
RAW,04-Ionosphere,attribute17,0.3806301142857143,0.6184102732329901,-1,1
RAW,04-Ionosphere,attribute18,-0.002525942857142858,0.49705197859454614,-1,1
RAW,04-Ionosphere,attribute19,0.35875322857142855,0.6270497399926022,-1,1
RAW,04-Ionosphere,attribute20,-0.02317357142857143,0.5195738859742172,-1,1
RAW,04-Ionosphere,attribute21,0.33602971428571426,0.6105736257098938,-1,1
RAW,04-Ionosphere,attribute22,0.009167428571428571,0.5186500204238234,-1,1
RAW,04-Ionosphere,attribute23,0.3624555428571429,0.6046317513869368,-1,1
RAW,04-Ionosphere,attribute24,-0.056216714285714287,0.5277401443716754,-1,1
RAW,04-Ionosphere,attribute25,0.3956433142857143,0.5792056615482102,-1,1
RAW,04-Ionosphere,attribute26,-0.06992822857142857,0.5086746496593103,-1,1
RAW,04-Ionosphere,attribute27,0.5420146857142857,0.516896087607279,-1,1
RAW,04-Ionosphere,attribute28,-0.0684172,0.5504114212079443,-1,1
RAW,04-Ionosphere,attribute29,0.37891885714285717,0.5766415426411365,-1,1
RAW,04-Ionosphere,attribute30,-0.02701282857142857,0.5084245719189275,-1,1
RAW,04-Ionosphere,attribute31,0.3523132857142857,0.572289173846888,-1,1
RAW,04-Ionosphere,attribute32,-0.002247828571428572,0.5134911087217048,-1,1
RAW,04-Ionosphere,attribute33,0.34982922857142856,0.5233387434339821,-1,1
RAW,04-Ionosphere,attribute34,0.015815771428571428,0.46833776672728356,-1,1
RAW,04-Ionosphere,aa,NA,NA,NA,NA
RAW,04-Ionosphere,ao,NA,NA,NA,NA
RAW,04-Ionosphere,dcl,NA,NA,NA,NA
RAW,04-Ionosphere,iy,NA,NA,NA,NA
RAW,04-Ionosphere,sh,NA,NA,NA,NA
RAW,04-Ionosphere,0,NA,NA,NA,NA
RAW,04-Ionosphere,1,NA,NA,NA,NA
RAW,04-Ionosphere,2,NA,NA,NA,NA
RAW,04-Ionosphere,3,NA,NA,NA,NA
RAW,04-Ionosphere,4,NA,NA,NA,NA
RAW,04-Ionosphere,5,NA,NA,NA,NA
RAW,04-Ionosphere,6,NA,NA,NA,NA
RAW,04-Ionosphere,7,NA,NA,NA,NA
RAW,04-Ionosphere,8,NA,NA,NA,NA
RAW,04-Ionosphere,9,NA,NA,NA,NA
RAW,04-Ionosphere,10,NA,NA,NA,NA
RAW,04-Ionosphere,11,NA,NA,NA,NA
RAW,04-Ionosphere,12,NA,NA,NA,NA
RAW,04-Ionosphere,13,NA,NA,NA,NA
RAW,04-Ionosphere,14,NA,NA,NA,NA
RAW,04-Ionosphere,15,NA,NA,NA,NA
RAW,04-Ionosphere,16,NA,NA,NA,NA
RAW,04-Ionosphere,17,NA,NA,NA,NA
RAW,04-Ionosphere,18,NA,NA,NA,NA
RAW,04-Ionosphere,19,NA,NA,NA,NA
RAW,04-Ionosphere,20,NA,NA,NA,NA
RAW,04-Ionosphere,21,NA,NA,NA,NA
RAW,04-Ionosphere,22,NA,NA,NA,NA
RAW,04-Ionosphere,23,NA,NA,NA,NA
RAW,04-Ionosphere,24,NA,NA,NA,NA
RAW,04-Ionosphere,25,NA,NA,NA,NA
RAW,04-Ionosphere,26,NA,NA,NA,NA
RAW,04-Ionosphere,27,NA,NA,NA,NA
RAW,04-Ionosphere,28,NA,NA,NA,NA
RAW,04-Ionosphere,29,NA,NA,NA,NA
RAW,04-Ionosphere,30,NA,NA,NA,NA
RAW,04-Ionosphere,31,NA,NA,NA,NA
RAW,04-Ionosphere,32,NA,NA,NA,NA
RAW,04-Ionosphere,33,NA,NA,NA,NA
RAW,04-Ionosphere,34,NA,NA,NA,NA
RAW,04-Ionosphere,35,NA,NA,NA,NA
RAW,04-Ionosphere,36,NA,NA,NA,NA
RAW,04-Ionosphere,37,NA,NA,NA,NA
RAW,04-Ionosphere,38,NA,NA,NA,NA
RAW,04-Ionosphere,39,NA,NA,NA,NA
RAW,04-Ionosphere,40,NA,NA,NA,NA
RAW,04-Ionosphere,41,NA,NA,NA,NA
RAW,04-Ionosphere,42,NA,NA,NA,NA
RAW,04-Ionosphere,43,NA,NA,NA,NA
RAW,04-Ionosphere,44,NA,NA,NA,NA
RAW,04-Ionosphere,45,NA,NA,NA,NA
RAW,04-Ionosphere,46,NA,NA,NA,NA
RAW,04-Ionosphere,48,NA,NA,NA,NA
RAW,04-Ionosphere,49,NA,NA,NA,NA
RAW,05-phoneme,time,NA,NA,NA,NA
RAW,05-phoneme,v1,NA,NA,NA,NA
RAW,05-phoneme,v2,NA,NA,NA,NA
RAW,05-phoneme,v3,NA,NA,NA,NA
RAW,05-phoneme,v4,NA,NA,NA,NA
RAW,05-phoneme,v5,NA,NA,NA,NA
RAW,05-phoneme,v6,NA,NA,NA,NA
RAW,05-phoneme,v7,NA,NA,NA,NA
RAW,05-phoneme,v8,NA,NA,NA,NA
RAW,05-phoneme,v9,NA,NA,NA,NA
RAW,05-phoneme,v10,NA,NA,NA,NA
RAW,05-phoneme,v11,NA,NA,NA,NA
RAW,05-phoneme,v12,NA,NA,NA,NA
RAW,05-phoneme,v13,NA,NA,NA,NA
RAW,05-phoneme,v14,NA,NA,NA,NA
RAW,05-phoneme,v15,NA,NA,NA,NA
RAW,05-phoneme,v16,NA,NA,NA,NA
RAW,05-phoneme,v17,NA,NA,NA,NA
RAW,05-phoneme,v18,NA,NA,NA,NA
RAW,05-phoneme,v19,NA,NA,NA,NA
RAW,05-phoneme,v20,NA,NA,NA,NA
RAW,05-phoneme,v21,NA,NA,NA,NA
RAW,05-phoneme,v22,NA,NA,NA,NA
RAW,05-phoneme,v23,NA,NA,NA,NA
RAW,05-phoneme,v24,NA,NA,NA,NA
RAW,05-phoneme,v25,NA,NA,NA,NA
RAW,05-phoneme,v26,NA,NA,NA,NA
RAW,05-phoneme,v27,NA,NA,NA,NA
RAW,05-phoneme,v28,NA,NA,NA,NA
RAW,05-phoneme,amount,NA,NA,NA,NA
RAW,05-phoneme,radius1,NA,NA,NA,NA
RAW,05-phoneme,texture1,NA,NA,NA,NA
RAW,05-phoneme,perimeter1,NA,NA,NA,NA
RAW,05-phoneme,area1,NA,NA,NA,NA
RAW,05-phoneme,smoothness1,NA,NA,NA,NA
RAW,05-phoneme,compactness1,NA,NA,NA,NA
RAW,05-phoneme,concavity1,NA,NA,NA,NA
RAW,05-phoneme,concave_points1,NA,NA,NA,NA
RAW,05-phoneme,symmetry1,NA,NA,NA,NA
RAW,05-phoneme,fractal_dimension1,NA,NA,NA,NA
RAW,05-phoneme,radius2,NA,NA,NA,NA
RAW,05-phoneme,texture2,NA,NA,NA,NA
RAW,05-phoneme,perimeter2,NA,NA,NA,NA
RAW,05-phoneme,area2,NA,NA,NA,NA
RAW,05-phoneme,smoothness2,NA,NA,NA,NA
RAW,05-phoneme,compactness2,NA,NA,NA,NA
RAW,05-phoneme,concavity2,NA,NA,NA,NA
RAW,05-phoneme,concave_points2,NA,NA,NA,NA
RAW,05-phoneme,symmetry2,NA,NA,NA,NA
RAW,05-phoneme,fractal_dimension2,NA,NA,NA,NA
RAW,05-phoneme,radius3,NA,NA,NA,NA
RAW,05-phoneme,texture3,NA,NA,NA,NA
RAW,05-phoneme,perimeter3,NA,NA,NA,NA
RAW,05-phoneme,area3,NA,NA,NA,NA
RAW,05-phoneme,smoothness3,NA,NA,NA,NA
RAW,05-phoneme,compactness3,NA,NA,NA,NA
RAW,05-phoneme,concavity3,NA,NA,NA,NA
RAW,05-phoneme,concave_points3,NA,NA,NA,NA
RAW,05-phoneme,symmetry3,NA,NA,NA,NA
RAW,05-phoneme,fractal_dimension3,NA,NA,NA,NA
RAW,05-phoneme,pregnancies,NA,NA,NA,NA
RAW,05-phoneme,glucose,NA,NA,NA,NA
RAW,05-phoneme,bloodpressure,NA,NA,NA,NA
RAW,05-phoneme,skinthickness,NA,NA,NA,NA
RAW,05-phoneme,insulin,NA,NA,NA,NA
RAW,05-phoneme,bmi,NA,NA,NA,NA
RAW,05-phoneme,diabetespedigreefunction,NA,NA,NA,NA
RAW,05-phoneme,age,NA,NA,NA,NA
RAW,05-phoneme,attribute01,NA,NA,NA,NA
RAW,05-phoneme,attribute02,NA,NA,NA,NA
RAW,05-phoneme,attribute03,NA,NA,NA,NA
RAW,05-phoneme,attribute04,NA,NA,NA,NA
RAW,05-phoneme,attribute05,NA,NA,NA,NA
RAW,05-phoneme,attribute06,NA,NA,NA,NA
RAW,05-phoneme,attribute07,NA,NA,NA,NA
RAW,05-phoneme,attribute08,NA,NA,NA,NA
RAW,05-phoneme,attribute09,NA,NA,NA,NA
RAW,05-phoneme,attribute10,NA,NA,NA,NA
RAW,05-phoneme,attribute11,NA,NA,NA,NA
RAW,05-phoneme,attribute12,NA,NA,NA,NA
RAW,05-phoneme,attribute13,NA,NA,NA,NA
RAW,05-phoneme,attribute14,NA,NA,NA,NA
RAW,05-phoneme,attribute15,NA,NA,NA,NA
RAW,05-phoneme,attribute16,NA,NA,NA,NA
RAW,05-phoneme,attribute17,NA,NA,NA,NA
RAW,05-phoneme,attribute18,NA,NA,NA,NA
RAW,05-phoneme,attribute19,NA,NA,NA,NA
RAW,05-phoneme,attribute20,NA,NA,NA,NA
RAW,05-phoneme,attribute21,NA,NA,NA,NA
RAW,05-phoneme,attribute22,NA,NA,NA,NA
RAW,05-phoneme,attribute23,NA,NA,NA,NA
RAW,05-phoneme,attribute24,NA,NA,NA,NA
RAW,05-phoneme,attribute25,NA,NA,NA,NA
RAW,05-phoneme,attribute26,NA,NA,NA,NA
RAW,05-phoneme,attribute27,NA,NA,NA,NA
RAW,05-phoneme,attribute28,NA,NA,NA,NA
RAW,05-phoneme,attribute29,NA,NA,NA,NA
RAW,05-phoneme,attribute30,NA,NA,NA,NA
RAW,05-phoneme,attribute31,NA,NA,NA,NA
RAW,05-phoneme,attribute32,NA,NA,NA,NA
RAW,05-phoneme,attribute33,NA,NA,NA,NA
RAW,05-phoneme,attribute34,NA,NA,NA,NA
RAW,05-phoneme,aa,0.8189572538860104,0.8587330626619015,-1.7,4.107
RAW,05-phoneme,ao,1.258801998519615,0.851057354366728,-1.327,4.378
RAW,05-phoneme,dcl,0.7647316802368616,0.9254363880945388,-1.823,3.199
RAW,05-phoneme,iy,0.3987425980754996,0.7965310267984457,-1.581,2.826
RAW,05-phoneme,sh,0.07861880088823094,0.5756242172169029,-1.284,2.719
RAW,05-phoneme,0,NA,NA,NA,NA
RAW,05-phoneme,1,NA,NA,NA,NA
RAW,05-phoneme,2,NA,NA,NA,NA
RAW,05-phoneme,3,NA,NA,NA,NA
RAW,05-phoneme,4,NA,NA,NA,NA
RAW,05-phoneme,5,NA,NA,NA,NA
RAW,05-phoneme,6,NA,NA,NA,NA
RAW,05-phoneme,7,NA,NA,NA,NA
RAW,05-phoneme,8,NA,NA,NA,NA
RAW,05-phoneme,9,NA,NA,NA,NA
RAW,05-phoneme,10,NA,NA,NA,NA
RAW,05-phoneme,11,NA,NA,NA,NA
RAW,05-phoneme,12,NA,NA,NA,NA
RAW,05-phoneme,13,NA,NA,NA,NA
RAW,05-phoneme,14,NA,NA,NA,NA
RAW,05-phoneme,15,NA,NA,NA,NA
RAW,05-phoneme,16,NA,NA,NA,NA
RAW,05-phoneme,17,NA,NA,NA,NA
RAW,05-phoneme,18,NA,NA,NA,NA
RAW,05-phoneme,19,NA,NA,NA,NA
RAW,05-phoneme,20,NA,NA,NA,NA
RAW,05-phoneme,21,NA,NA,NA,NA
RAW,05-phoneme,22,NA,NA,NA,NA
RAW,05-phoneme,23,NA,NA,NA,NA
RAW,05-phoneme,24,NA,NA,NA,NA
RAW,05-phoneme,25,NA,NA,NA,NA
RAW,05-phoneme,26,NA,NA,NA,NA
RAW,05-phoneme,27,NA,NA,NA,NA
RAW,05-phoneme,28,NA,NA,NA,NA
RAW,05-phoneme,29,NA,NA,NA,NA
RAW,05-phoneme,30,NA,NA,NA,NA
RAW,05-phoneme,31,NA,NA,NA,NA
RAW,05-phoneme,32,NA,NA,NA,NA
RAW,05-phoneme,33,NA,NA,NA,NA
RAW,05-phoneme,34,NA,NA,NA,NA
RAW,05-phoneme,35,NA,NA,NA,NA
RAW,05-phoneme,36,NA,NA,NA,NA
RAW,05-phoneme,37,NA,NA,NA,NA
RAW,05-phoneme,38,NA,NA,NA,NA
RAW,05-phoneme,39,NA,NA,NA,NA
RAW,05-phoneme,40,NA,NA,NA,NA
RAW,05-phoneme,41,NA,NA,NA,NA
RAW,05-phoneme,42,NA,NA,NA,NA
RAW,05-phoneme,43,NA,NA,NA,NA
RAW,05-phoneme,44,NA,NA,NA,NA
RAW,05-phoneme,45,NA,NA,NA,NA
RAW,05-phoneme,46,NA,NA,NA,NA
RAW,05-phoneme,48,NA,NA,NA,NA
RAW,05-phoneme,49,NA,NA,NA,NA
RAW,06-The Mammography (Kevin Woods),time,NA,NA,NA,NA
RAW,06-The Mammography (Kevin Woods),v1,NA,NA,NA,NA
RAW,06-The Mammography (Kevin Woods),v2,NA,NA,NA,NA
RAW,06-The Mammography (Kevin Woods),v3,NA,NA,NA,NA
RAW,06-The Mammography (Kevin Woods),v4,NA,NA,NA,NA
RAW,06-The Mammography (Kevin Woods),v5,NA,NA,NA,NA
RAW,06-The Mammography (Kevin Woods),v6,NA,NA,NA,NA
RAW,06-The Mammography (Kevin Woods),v7,NA,NA,NA,NA
RAW,06-The Mammography (Kevin Woods),v8,NA,NA,NA,NA
RAW,06-The Mammography (Kevin Woods),v9,NA,NA,NA,NA
RAW,06-The Mammography (Kevin Woods),v10,NA,NA,NA,NA
RAW,06-The Mammography (Kevin Woods),v11,NA,NA,NA,NA
RAW,06-The Mammography (Kevin Woods),v12,NA,NA,NA,NA
RAW,06-The Mammography (Kevin Woods),v13,NA,NA,NA,NA
RAW,06-The Mammography (Kevin Woods),v14,NA,NA,NA,NA
RAW,06-The Mammography (Kevin Woods),v15,NA,NA,NA,NA
RAW,06-The Mammography (Kevin Woods),v16,NA,NA,NA,NA
RAW,06-The Mammography (Kevin Woods),v17,NA,NA,NA,NA
RAW,06-The Mammography (Kevin Woods),v18,NA,NA,NA,NA
RAW,06-The Mammography (Kevin Woods),v19,NA,NA,NA,NA
RAW,06-The Mammography (Kevin Woods),v20,NA,NA,NA,NA
RAW,06-The Mammography (Kevin Woods),v21,NA,NA,NA,NA
RAW,06-The Mammography (Kevin Woods),v22,NA,NA,NA,NA
RAW,06-The Mammography (Kevin Woods),v23,NA,NA,NA,NA
RAW,06-The Mammography (Kevin Woods),v24,NA,NA,NA,NA
RAW,06-The Mammography (Kevin Woods),v25,NA,NA,NA,NA
RAW,06-The Mammography (Kevin Woods),v26,NA,NA,NA,NA
RAW,06-The Mammography (Kevin Woods),v27,NA,NA,NA,NA
RAW,06-The Mammography (Kevin Woods),v28,NA,NA,NA,NA
RAW,06-The Mammography (Kevin Woods),amount,NA,NA,NA,NA
RAW,06-The Mammography (Kevin Woods),radius1,NA,NA,NA,NA
RAW,06-The Mammography (Kevin Woods),texture1,NA,NA,NA,NA
RAW,06-The Mammography (Kevin Woods),perimeter1,NA,NA,NA,NA
RAW,06-The Mammography (Kevin Woods),area1,NA,NA,NA,NA
RAW,06-The Mammography (Kevin Woods),smoothness1,NA,NA,NA,NA
RAW,06-The Mammography (Kevin Woods),compactness1,NA,NA,NA,NA
RAW,06-The Mammography (Kevin Woods),concavity1,NA,NA,NA,NA
RAW,06-The Mammography (Kevin Woods),concave_points1,NA,NA,NA,NA
RAW,06-The Mammography (Kevin Woods),symmetry1,NA,NA,NA,NA
RAW,06-The Mammography (Kevin Woods),fractal_dimension1,NA,NA,NA,NA
RAW,06-The Mammography (Kevin Woods),radius2,NA,NA,NA,NA
RAW,06-The Mammography (Kevin Woods),texture2,NA,NA,NA,NA
RAW,06-The Mammography (Kevin Woods),perimeter2,NA,NA,NA,NA
RAW,06-The Mammography (Kevin Woods),area2,NA,NA,NA,NA
RAW,06-The Mammography (Kevin Woods),smoothness2,NA,NA,NA,NA
RAW,06-The Mammography (Kevin Woods),compactness2,NA,NA,NA,NA
RAW,06-The Mammography (Kevin Woods),concavity2,NA,NA,NA,NA
RAW,06-The Mammography (Kevin Woods),concave_points2,NA,NA,NA,NA
RAW,06-The Mammography (Kevin Woods),symmetry2,NA,NA,NA,NA
RAW,06-The Mammography (Kevin Woods),fractal_dimension2,NA,NA,NA,NA
RAW,06-The Mammography (Kevin Woods),radius3,NA,NA,NA,NA
RAW,06-The Mammography (Kevin Woods),texture3,NA,NA,NA,NA
RAW,06-The Mammography (Kevin Woods),perimeter3,NA,NA,NA,NA
RAW,06-The Mammography (Kevin Woods),area3,NA,NA,NA,NA
RAW,06-The Mammography (Kevin Woods),smoothness3,NA,NA,NA,NA
RAW,06-The Mammography (Kevin Woods),compactness3,NA,NA,NA,NA
RAW,06-The Mammography (Kevin Woods),concavity3,NA,NA,NA,NA
RAW,06-The Mammography (Kevin Woods),concave_points3,NA,NA,NA,NA
RAW,06-The Mammography (Kevin Woods),symmetry3,NA,NA,NA,NA
RAW,06-The Mammography (Kevin Woods),fractal_dimension3,NA,NA,NA,NA
RAW,06-The Mammography (Kevin Woods),pregnancies,NA,NA,NA,NA
RAW,06-The Mammography (Kevin Woods),glucose,NA,NA,NA,NA
RAW,06-The Mammography (Kevin Woods),bloodpressure,NA,NA,NA,NA
RAW,06-The Mammography (Kevin Woods),skinthickness,NA,NA,NA,NA
RAW,06-The Mammography (Kevin Woods),insulin,NA,NA,NA,NA
RAW,06-The Mammography (Kevin Woods),bmi,NA,NA,NA,NA
RAW,06-The Mammography (Kevin Woods),diabetespedigreefunction,NA,NA,NA,NA
RAW,06-The Mammography (Kevin Woods),age,NA,NA,NA,NA
RAW,06-The Mammography (Kevin Woods),attribute01,NA,NA,NA,NA
RAW,06-The Mammography (Kevin Woods),attribute02,NA,NA,NA,NA
RAW,06-The Mammography (Kevin Woods),attribute03,NA,NA,NA,NA
RAW,06-The Mammography (Kevin Woods),attribute04,NA,NA,NA,NA
RAW,06-The Mammography (Kevin Woods),attribute05,NA,NA,NA,NA
RAW,06-The Mammography (Kevin Woods),attribute06,NA,NA,NA,NA
RAW,06-The Mammography (Kevin Woods),attribute07,NA,NA,NA,NA
RAW,06-The Mammography (Kevin Woods),attribute08,NA,NA,NA,NA
RAW,06-The Mammography (Kevin Woods),attribute09,NA,NA,NA,NA
RAW,06-The Mammography (Kevin Woods),attribute10,NA,NA,NA,NA
RAW,06-The Mammography (Kevin Woods),attribute11,NA,NA,NA,NA
RAW,06-The Mammography (Kevin Woods),attribute12,NA,NA,NA,NA
RAW,06-The Mammography (Kevin Woods),attribute13,NA,NA,NA,NA
RAW,06-The Mammography (Kevin Woods),attribute14,NA,NA,NA,NA
RAW,06-The Mammography (Kevin Woods),attribute15,NA,NA,NA,NA
RAW,06-The Mammography (Kevin Woods),attribute16,NA,NA,NA,NA
RAW,06-The Mammography (Kevin Woods),attribute17,NA,NA,NA,NA
RAW,06-The Mammography (Kevin Woods),attribute18,NA,NA,NA,NA
RAW,06-The Mammography (Kevin Woods),attribute19,NA,NA,NA,NA
RAW,06-The Mammography (Kevin Woods),attribute20,NA,NA,NA,NA
RAW,06-The Mammography (Kevin Woods),attribute21,NA,NA,NA,NA
RAW,06-The Mammography (Kevin Woods),attribute22,NA,NA,NA,NA
RAW,06-The Mammography (Kevin Woods),attribute23,NA,NA,NA,NA
RAW,06-The Mammography (Kevin Woods),attribute24,NA,NA,NA,NA
RAW,06-The Mammography (Kevin Woods),attribute25,NA,NA,NA,NA
RAW,06-The Mammography (Kevin Woods),attribute26,NA,NA,NA,NA
RAW,06-The Mammography (Kevin Woods),attribute27,NA,NA,NA,NA
RAW,06-The Mammography (Kevin Woods),attribute28,NA,NA,NA,NA
RAW,06-The Mammography (Kevin Woods),attribute29,NA,NA,NA,NA
RAW,06-The Mammography (Kevin Woods),attribute30,NA,NA,NA,NA
RAW,06-The Mammography (Kevin Woods),attribute31,NA,NA,NA,NA
RAW,06-The Mammography (Kevin Woods),attribute32,NA,NA,NA,NA
RAW,06-The Mammography (Kevin Woods),attribute33,NA,NA,NA,NA
RAW,06-The Mammography (Kevin Woods),attribute34,NA,NA,NA,NA
RAW,06-The Mammography (Kevin Woods),aa,NA,NA,NA,NA
RAW,06-The Mammography (Kevin Woods),ao,NA,NA,NA,NA
RAW,06-The Mammography (Kevin Woods),dcl,NA,NA,NA,NA
RAW,06-The Mammography (Kevin Woods),iy,NA,NA,NA,NA
RAW,06-The Mammography (Kevin Woods),sh,NA,NA,NA,NA
RAW,06-The Mammography (Kevin Woods),0,1.0965358607373337e-10,1.0000000020730546,-0.78441482,31.508443
RAW,06-The Mammography (Kevin Woods),1,1.297594556552915e-9,1.0000000002552185,-0.47019533,5.0858491
RAW,06-The Mammography (Kevin Woods),2,5.698113058629049e-10,1.0000000027226132,-0.59163147,29.477769
RAW,06-The Mammography (Kevin Woods),3,-2.4357059682443605e-9,1.0000000019453175,-0.85955255,9.591164
RAW,06-The Mammography (Kevin Woods),4,-1.1206796110172243e-9,0.9999999990706715,-0.37786573,23.617122
RAW,06-The Mammography (Kevin Woods),5,1.4594831624406783e-9,0.9999999983377108,-0.94572324,1.9490273
RAW,06-The Mammography (Kevin Woods),6,NA,NA,NA,NA
RAW,06-The Mammography (Kevin Woods),7,NA,NA,NA,NA
RAW,06-The Mammography (Kevin Woods),8,NA,NA,NA,NA
RAW,06-The Mammography (Kevin Woods),9,NA,NA,NA,NA
RAW,06-The Mammography (Kevin Woods),10,NA,NA,NA,NA
RAW,06-The Mammography (Kevin Woods),11,NA,NA,NA,NA
RAW,06-The Mammography (Kevin Woods),12,NA,NA,NA,NA
RAW,06-The Mammography (Kevin Woods),13,NA,NA,NA,NA
RAW,06-The Mammography (Kevin Woods),14,NA,NA,NA,NA
RAW,06-The Mammography (Kevin Woods),15,NA,NA,NA,NA
RAW,06-The Mammography (Kevin Woods),16,NA,NA,NA,NA
RAW,06-The Mammography (Kevin Woods),17,NA,NA,NA,NA
RAW,06-The Mammography (Kevin Woods),18,NA,NA,NA,NA
RAW,06-The Mammography (Kevin Woods),19,NA,NA,NA,NA
RAW,06-The Mammography (Kevin Woods),20,NA,NA,NA,NA
RAW,06-The Mammography (Kevin Woods),21,NA,NA,NA,NA
RAW,06-The Mammography (Kevin Woods),22,NA,NA,NA,NA
RAW,06-The Mammography (Kevin Woods),23,NA,NA,NA,NA
RAW,06-The Mammography (Kevin Woods),24,NA,NA,NA,NA
RAW,06-The Mammography (Kevin Woods),25,NA,NA,NA,NA
RAW,06-The Mammography (Kevin Woods),26,NA,NA,NA,NA
RAW,06-The Mammography (Kevin Woods),27,NA,NA,NA,NA
RAW,06-The Mammography (Kevin Woods),28,NA,NA,NA,NA
RAW,06-The Mammography (Kevin Woods),29,NA,NA,NA,NA
RAW,06-The Mammography (Kevin Woods),30,NA,NA,NA,NA
RAW,06-The Mammography (Kevin Woods),31,NA,NA,NA,NA
RAW,06-The Mammography (Kevin Woods),32,NA,NA,NA,NA
RAW,06-The Mammography (Kevin Woods),33,NA,NA,NA,NA
RAW,06-The Mammography (Kevin Woods),34,NA,NA,NA,NA
RAW,06-The Mammography (Kevin Woods),35,NA,NA,NA,NA
RAW,06-The Mammography (Kevin Woods),36,NA,NA,NA,NA
RAW,06-The Mammography (Kevin Woods),37,NA,NA,NA,NA
RAW,06-The Mammography (Kevin Woods),38,NA,NA,NA,NA
RAW,06-The Mammography (Kevin Woods),39,NA,NA,NA,NA
RAW,06-The Mammography (Kevin Woods),40,NA,NA,NA,NA
RAW,06-The Mammography (Kevin Woods),41,NA,NA,NA,NA
RAW,06-The Mammography (Kevin Woods),42,NA,NA,NA,NA
RAW,06-The Mammography (Kevin Woods),43,NA,NA,NA,NA
RAW,06-The Mammography (Kevin Woods),44,NA,NA,NA,NA
RAW,06-The Mammography (Kevin Woods),45,NA,NA,NA,NA
RAW,06-The Mammography (Kevin Woods),46,NA,NA,NA,NA
RAW,06-The Mammography (Kevin Woods),48,NA,NA,NA,NA
RAW,06-The Mammography (Kevin Woods),49,NA,NA,NA,NA
RAW,07-Oil Spill Imbalanced Classification,time,NA,NA,NA,NA
RAW,07-Oil Spill Imbalanced Classification,v1,NA,NA,NA,NA
RAW,07-Oil Spill Imbalanced Classification,v2,NA,NA,NA,NA
RAW,07-Oil Spill Imbalanced Classification,v3,NA,NA,NA,NA
RAW,07-Oil Spill Imbalanced Classification,v4,NA,NA,NA,NA
RAW,07-Oil Spill Imbalanced Classification,v5,NA,NA,NA,NA
RAW,07-Oil Spill Imbalanced Classification,v6,NA,NA,NA,NA
RAW,07-Oil Spill Imbalanced Classification,v7,NA,NA,NA,NA
RAW,07-Oil Spill Imbalanced Classification,v8,NA,NA,NA,NA
RAW,07-Oil Spill Imbalanced Classification,v9,NA,NA,NA,NA
RAW,07-Oil Spill Imbalanced Classification,v10,NA,NA,NA,NA
RAW,07-Oil Spill Imbalanced Classification,v11,NA,NA,NA,NA
RAW,07-Oil Spill Imbalanced Classification,v12,NA,NA,NA,NA
RAW,07-Oil Spill Imbalanced Classification,v13,NA,NA,NA,NA
RAW,07-Oil Spill Imbalanced Classification,v14,NA,NA,NA,NA
RAW,07-Oil Spill Imbalanced Classification,v15,NA,NA,NA,NA
RAW,07-Oil Spill Imbalanced Classification,v16,NA,NA,NA,NA
RAW,07-Oil Spill Imbalanced Classification,v17,NA,NA,NA,NA
RAW,07-Oil Spill Imbalanced Classification,v18,NA,NA,NA,NA
RAW,07-Oil Spill Imbalanced Classification,v19,NA,NA,NA,NA
RAW,07-Oil Spill Imbalanced Classification,v20,NA,NA,NA,NA
RAW,07-Oil Spill Imbalanced Classification,v21,NA,NA,NA,NA
RAW,07-Oil Spill Imbalanced Classification,v22,NA,NA,NA,NA
RAW,07-Oil Spill Imbalanced Classification,v23,NA,NA,NA,NA
RAW,07-Oil Spill Imbalanced Classification,v24,NA,NA,NA,NA
RAW,07-Oil Spill Imbalanced Classification,v25,NA,NA,NA,NA
RAW,07-Oil Spill Imbalanced Classification,v26,NA,NA,NA,NA
RAW,07-Oil Spill Imbalanced Classification,v27,NA,NA,NA,NA
RAW,07-Oil Spill Imbalanced Classification,v28,NA,NA,NA,NA
RAW,07-Oil Spill Imbalanced Classification,amount,NA,NA,NA,NA
RAW,07-Oil Spill Imbalanced Classification,radius1,NA,NA,NA,NA
RAW,07-Oil Spill Imbalanced Classification,texture1,NA,NA,NA,NA
RAW,07-Oil Spill Imbalanced Classification,perimeter1,NA,NA,NA,NA
RAW,07-Oil Spill Imbalanced Classification,area1,NA,NA,NA,NA
RAW,07-Oil Spill Imbalanced Classification,smoothness1,NA,NA,NA,NA
RAW,07-Oil Spill Imbalanced Classification,compactness1,NA,NA,NA,NA
RAW,07-Oil Spill Imbalanced Classification,concavity1,NA,NA,NA,NA
RAW,07-Oil Spill Imbalanced Classification,concave_points1,NA,NA,NA,NA
RAW,07-Oil Spill Imbalanced Classification,symmetry1,NA,NA,NA,NA
RAW,07-Oil Spill Imbalanced Classification,fractal_dimension1,NA,NA,NA,NA
RAW,07-Oil Spill Imbalanced Classification,radius2,NA,NA,NA,NA
RAW,07-Oil Spill Imbalanced Classification,texture2,NA,NA,NA,NA
RAW,07-Oil Spill Imbalanced Classification,perimeter2,NA,NA,NA,NA
RAW,07-Oil Spill Imbalanced Classification,area2,NA,NA,NA,NA
RAW,07-Oil Spill Imbalanced Classification,smoothness2,NA,NA,NA,NA
RAW,07-Oil Spill Imbalanced Classification,compactness2,NA,NA,NA,NA
RAW,07-Oil Spill Imbalanced Classification,concavity2,NA,NA,NA,NA
RAW,07-Oil Spill Imbalanced Classification,concave_points2,NA,NA,NA,NA
RAW,07-Oil Spill Imbalanced Classification,symmetry2,NA,NA,NA,NA
RAW,07-Oil Spill Imbalanced Classification,fractal_dimension2,NA,NA,NA,NA
RAW,07-Oil Spill Imbalanced Classification,radius3,NA,NA,NA,NA
RAW,07-Oil Spill Imbalanced Classification,texture3,NA,NA,NA,NA
RAW,07-Oil Spill Imbalanced Classification,perimeter3,NA,NA,NA,NA
RAW,07-Oil Spill Imbalanced Classification,area3,NA,NA,NA,NA
RAW,07-Oil Spill Imbalanced Classification,smoothness3,NA,NA,NA,NA
RAW,07-Oil Spill Imbalanced Classification,compactness3,NA,NA,NA,NA
RAW,07-Oil Spill Imbalanced Classification,concavity3,NA,NA,NA,NA
RAW,07-Oil Spill Imbalanced Classification,concave_points3,NA,NA,NA,NA
RAW,07-Oil Spill Imbalanced Classification,symmetry3,NA,NA,NA,NA
RAW,07-Oil Spill Imbalanced Classification,fractal_dimension3,NA,NA,NA,NA
RAW,07-Oil Spill Imbalanced Classification,pregnancies,NA,NA,NA,NA
RAW,07-Oil Spill Imbalanced Classification,glucose,NA,NA,NA,NA
RAW,07-Oil Spill Imbalanced Classification,bloodpressure,NA,NA,NA,NA
RAW,07-Oil Spill Imbalanced Classification,skinthickness,NA,NA,NA,NA
RAW,07-Oil Spill Imbalanced Classification,insulin,NA,NA,NA,NA
RAW,07-Oil Spill Imbalanced Classification,bmi,NA,NA,NA,NA
RAW,07-Oil Spill Imbalanced Classification,diabetespedigreefunction,NA,NA,NA,NA
RAW,07-Oil Spill Imbalanced Classification,age,NA,NA,NA,NA
RAW,07-Oil Spill Imbalanced Classification,attribute01,NA,NA,NA,NA
RAW,07-Oil Spill Imbalanced Classification,attribute02,NA,NA,NA,NA
RAW,07-Oil Spill Imbalanced Classification,attribute03,NA,NA,NA,NA
RAW,07-Oil Spill Imbalanced Classification,attribute04,NA,NA,NA,NA
RAW,07-Oil Spill Imbalanced Classification,attribute05,NA,NA,NA,NA
RAW,07-Oil Spill Imbalanced Classification,attribute06,NA,NA,NA,NA
RAW,07-Oil Spill Imbalanced Classification,attribute07,NA,NA,NA,NA
RAW,07-Oil Spill Imbalanced Classification,attribute08,NA,NA,NA,NA
RAW,07-Oil Spill Imbalanced Classification,attribute09,NA,NA,NA,NA
RAW,07-Oil Spill Imbalanced Classification,attribute10,NA,NA,NA,NA
RAW,07-Oil Spill Imbalanced Classification,attribute11,NA,NA,NA,NA
RAW,07-Oil Spill Imbalanced Classification,attribute12,NA,NA,NA,NA
RAW,07-Oil Spill Imbalanced Classification,attribute13,NA,NA,NA,NA
RAW,07-Oil Spill Imbalanced Classification,attribute14,NA,NA,NA,NA
RAW,07-Oil Spill Imbalanced Classification,attribute15,NA,NA,NA,NA
RAW,07-Oil Spill Imbalanced Classification,attribute16,NA,NA,NA,NA
RAW,07-Oil Spill Imbalanced Classification,attribute17,NA,NA,NA,NA
RAW,07-Oil Spill Imbalanced Classification,attribute18,NA,NA,NA,NA
RAW,07-Oil Spill Imbalanced Classification,attribute19,NA,NA,NA,NA
RAW,07-Oil Spill Imbalanced Classification,attribute20,NA,NA,NA,NA
RAW,07-Oil Spill Imbalanced Classification,attribute21,NA,NA,NA,NA
RAW,07-Oil Spill Imbalanced Classification,attribute22,NA,NA,NA,NA
RAW,07-Oil Spill Imbalanced Classification,attribute23,NA,NA,NA,NA
RAW,07-Oil Spill Imbalanced Classification,attribute24,NA,NA,NA,NA
RAW,07-Oil Spill Imbalanced Classification,attribute25,NA,NA,NA,NA
RAW,07-Oil Spill Imbalanced Classification,attribute26,NA,NA,NA,NA
RAW,07-Oil Spill Imbalanced Classification,attribute27,NA,NA,NA,NA
RAW,07-Oil Spill Imbalanced Classification,attribute28,NA,NA,NA,NA
RAW,07-Oil Spill Imbalanced Classification,attribute29,NA,NA,NA,NA
RAW,07-Oil Spill Imbalanced Classification,attribute30,NA,NA,NA,NA
RAW,07-Oil Spill Imbalanced Classification,attribute31,NA,NA,NA,NA
RAW,07-Oil Spill Imbalanced Classification,attribute32,NA,NA,NA,NA
RAW,07-Oil Spill Imbalanced Classification,attribute33,NA,NA,NA,NA
RAW,07-Oil Spill Imbalanced Classification,attribute34,NA,NA,NA,NA
RAW,07-Oil Spill Imbalanced Classification,aa,NA,NA,NA,NA
RAW,07-Oil Spill Imbalanced Classification,ao,NA,NA,NA,NA
RAW,07-Oil Spill Imbalanced Classification,dcl,NA,NA,NA,NA
RAW,07-Oil Spill Imbalanced Classification,iy,NA,NA,NA,NA
RAW,07-Oil Spill Imbalanced Classification,sh,NA,NA,NA,NA
RAW,07-Oil Spill Imbalanced Classification,0,NA,NA,NA,NA
RAW,07-Oil Spill Imbalanced Classification,1,81.5880469583778,64.97672977711103,1,352
RAW,07-Oil Spill Imbalanced Classification,2,332.8420490928495,1931.9385697837338,10,32389
RAW,07-Oil Spill Imbalanced Classification,3,698.7070864461045,599.9655770035965,1.92,1893.08
RAW,07-Oil Spill Imbalanced Classification,4,870.9922091782283,522.7993249327467,1,2724.57
RAW,07-Oil Spill Imbalanced Classification,5,84.12166488794024,45.361771460621995,0,180
RAW,07-Oil Spill Imbalanced Classification,6,769696.37886873,3831151.032065411,70312,71315000
RAW,07-Oil Spill Imbalanced Classification,7,43.242721451440765,12.718403675446117,21.24,82.64
RAW,07-Oil Spill Imbalanced Classification,8,9.127886872998932,3.588877883342868,0.83,24.69
RAW,07-Oil Spill Imbalanced Classification,9,3940.7129135538953,8167.427624625614,667,160740
RAW,07-Oil Spill Imbalanced Classification,10,0.22100320170757737,0.09031554956933839,0.02,0.74
RAW,07-Oil Spill Imbalanced Classification,11,109.89274279615795,61.460846499254544,41,901.7
RAW,07-Oil Spill Imbalanced Classification,12,0.25144076840981855,0.08813205759244074,0.02,0.66
RAW,07-Oil Spill Imbalanced Classification,13,0.31121664887940237,0.12138628133017441,0.03,0.83
RAW,07-Oil Spill Imbalanced Classification,14,0.4846638207043757,0.216858689818777,0.05,1.23
RAW,07-Oil Spill Imbalanced Classification,15,0.1828922091782284,0.08294307409100292,0.01,0.65
RAW,07-Oil Spill Imbalanced Classification,16,0.30193169690501603,0.20469490437407437,0.01,1.12
RAW,07-Oil Spill Imbalanced Classification,17,77.4125613660619,304.3298416014422,4.82,6058.23
RAW,07-Oil Spill Imbalanced Classification,18,31.151921024546425,152.69333379772343,1.96,4061.15
RAW,07-Oil Spill Imbalanced Classification,19,0.9090394877267877,0.6754918558877505,0.13,2.6
RAW,07-Oil Spill Imbalanced Classification,20,0.2288153681963714,0.0754104513567093,0.02,0.65
RAW,07-Oil Spill Imbalanced Classification,21,0.2893169690501601,0.10536648932585166,0.02,0.77
RAW,07-Oil Spill Imbalanced Classification,22,76.08562433297759,22.937472728965954,47.66,126.08
RAW,07-Oil Spill Imbalanced Classification,23,0,0,0,0
RAW,07-Oil Spill Imbalanced Classification,24,0.6421771611526147,0.2999450779342363,0.17,1.33
RAW,07-Oil Spill Imbalanced Classification,25,559.9106937033084,612.4592796724448,132.78,2036.8
RAW,07-Oil Spill Imbalanced Classification,26,0.5782924226254003,0.7021572892465724,-0.71,1.83
RAW,07-Oil Spill Imbalanced Classification,27,7.4981963713980795,3.9679662883737534,2.96,14.78
RAW,07-Oil Spill Imbalanced Classification,28,0.6083991462113127,0.8452216107514772,-1.79,5.72
RAW,07-Oil Spill Imbalanced Classification,29,4.27110992529349,3.6194055925901356,1.44,39.42
RAW,07-Oil Spill Imbalanced Classification,30,-2.828420490928495,1.6218324362287262,-7.81,1.28
RAW,07-Oil Spill Imbalanced Classification,31,-0.4288687299893276,0.21561678785003197,-1.37,0
RAW,07-Oil Spill Imbalanced Classification,32,1.824589114194237,0.6387222377670319,0,2.98
RAW,07-Oil Spill Imbalanced Classification,33,0.002785485592315902,0.04898793984896036,0,0.87
RAW,07-Oil Spill Imbalanced Classification,34,1.8217929562433297,0.6433975886550125,0,2.98
RAW,07-Oil Spill Imbalanced Classification,35,43.086446104589115,95.16732900812177,3,1695
RAW,07-Oil Spill Imbalanced Classification,36,2432.6894343649947,5219.377584980779,360,95310
RAW,07-Oil Spill Imbalanced Classification,37,0.006894343649946638,0.00533719211579683,0,0.02
RAW,07-Oil Spill Imbalanced Classification,38,31.241856990394876,31.584838120718697,5.05,441.23
RAW,07-Oil Spill Imbalanced Classification,39,91.18996798292423,21.984410407388964,64,143
RAW,07-Oil Spill Imbalanced Classification,40,60.54749199573106,13.838898193560837,39,86
RAW,07-Oil Spill Imbalanced Classification,41,933.9286766275347,1001.6813309848327,0,11949.33
RAW,07-Oil Spill Imbalanced Classification,42,427.5655816435432,715.3916483530088,0,11500
RAW,07-Oil Spill Imbalanced Classification,43,255.43590181430096,534.3061935727848,0,9593.48
RAW,07-Oil Spill Imbalanced Classification,44,106.11251867662753,135.6177079715048,0,1748.13
RAW,07-Oil Spill Imbalanced Classification,45,5.014002134471718,5.0291509508385435,0,76.63
RAW,07-Oil Spill Imbalanced Classification,46,0.128068303094984,0.3343443060496508,0,1
RAW,07-Oil Spill Imbalanced Classification,48,61.694386339381005,10.412807175887123,35.95,66.45
RAW,07-Oil Spill Imbalanced Classification,49,8.119722518676628,2.9088945399050434,5.81,15.44
OVERSAMPLING,01-Credit Card Fraud Detection,time,87690.81185480891,48209.04483184725,1,172788
OVERSAMPLING,01-Credit Card Fraud Detection,v1,-2.380525470657901,5.52850920132418,-56.407509631329,2.45492999121121
OVERSAMPLING,01-Credit Card Fraud Detection,v2,1.810120134163815,3.717339508835318,-72.7157275629303,22.0577289904909
OVERSAMPLING,01-Credit Card Fraud Detection,v3,-3.51232709477275,6.226722071623469,-48.3255893623954,9.38255843282114
OVERSAMPLING,01-Credit Card Fraud Detection,v4,2.267193955682344,3.2050432193350775,-5.68317119816995,16.8753440335975
OVERSAMPLING,01-Credit Card Fraud Detection,v5,-1.5739958844851187,4.2267215707702315,-113.743306711146,34.8016658766686
OVERSAMPLING,01-Credit Card Fraud Detection,v6,-0.7003095739035174,1.7594142249786249,-26.1605059358433,73.3016255459646
OVERSAMPLING,01-Credit Card Fraud Detection,v7,-2.779984727025406,5.846413320852349,-43.5572415712451,120.589493945238
OVERSAMPLING,01-Credit Card Fraud Detection,v8,0.30263108540565975,4.8480714683134645,-41.4848225066377,20.0072083651213
OVERSAMPLING,01-Credit Card Fraud Detection,v9,-1.2887201206084185,2.3166066510358374,-13.4340663182301,15.5949946071278
OVERSAMPLING,01-Credit Card Fraud Detection,v10,-2.8337753354373367,4.530225377711869,-24.5882624372475,23.7451361206545
OVERSAMPLING,01-Credit Card Fraud Detection,v11,1.9006573693667623,2.778670123993584,-4.79747346479757,12.0189131816199
OVERSAMPLING,01-Credit Card Fraud Detection,v12,-3.128979946635818,4.596598386417729,-18.6837146333443,4.84645240859009
OVERSAMPLING,01-Credit Card Fraud Detection,v13,-0.05429874937499226,1.0511795535658375,-4.00863979207158,7.12688295859376
OVERSAMPLING,01-Credit Card Fraud Detection,v14,-3.4836852073843882,4.665487925264744,-19.2143254902614,7.69220854356782
OVERSAMPLING,01-Credit Card Fraud Detection,v15,-0.04630522981831207,0.9850432246984112,-4.49894467676621,8.87774159774277
OVERSAMPLING,01-Credit Card Fraud Detection,v16,-2.06781122405837,3.481399253836839,-14.1298545174931,17.3151115176278
OVERSAMPLING,01-Credit Card Fraud Detection,v17,-3.3296220248242125,5.975512662968666,-25.1627993693248,9.25352625047285
OVERSAMPLING,01-Credit Card Fraud Detection,v18,-1.1227481294105706,2.4088648661304677,-9.49874592104677,5.04106918541184
OVERSAMPLING,01-Credit Card Fraud Detection,v19,0.3399827220074192,1.2753348337641555,-7.21352743017759,5.5017472139665
OVERSAMPLING,01-Credit Card Fraud Detection,v20,0.18487655584460566,1.1064397002259527,-54.497720494566,39.4209042482199
OVERSAMPLING,01-Credit Card Fraud Detection,v21,0.35690604854184943,2.77366571060508,-22.7976039055519,27.2028391573154
OVERSAMPLING,01-Credit Card Fraud Detection,v22,0.005619628564629101,1.1651785160041987,-10.933143697655,8.36198519168435
OVERSAMPLING,01-Credit Card Fraud Detection,v23,-0.024997357784291387,1.212329780809629,-44.8077352037913,20.8033440994696
OVERSAMPLING,01-Credit Card Fraud Detection,v24,-0.05267364690344107,0.5648922094821142,-2.83662691870341,4.58454913689817
OVERSAMPLING,01-Credit Card Fraud Detection,v25,0.02049299034440481,0.6755710590999429,-10.2953970749851,5.8261590349735
OVERSAMPLING,01-Credit Card Fraud Detection,v26,0.024609321811115817,0.4765563641304216,-2.60455055280817,3.4632456536448
OVERSAMPLING,01-Credit Card Fraud Detection,v27,0.08716076321596136,1.014002741959427,-22.5656793207827,31.6121981061363
OVERSAMPLING,01-Credit Card Fraud Detection,v28,0.038587203584509094,0.4576236132190862,-15.4300839055349,33.8478078188831
OVERSAMPLING,01-Credit Card Fraud Detection,amount,104.95059794594025,255.8412597102016,0,25691.16
OVERSAMPLING,01-Credit Card Fraud Detection,radius1,NA,NA,NA,NA
OVERSAMPLING,01-Credit Card Fraud Detection,texture1,NA,NA,NA,NA
OVERSAMPLING,01-Credit Card Fraud Detection,perimeter1,NA,NA,NA,NA
OVERSAMPLING,01-Credit Card Fraud Detection,area1,NA,NA,NA,NA
OVERSAMPLING,01-Credit Card Fraud Detection,smoothness1,NA,NA,NA,NA
OVERSAMPLING,01-Credit Card Fraud Detection,compactness1,NA,NA,NA,NA
OVERSAMPLING,01-Credit Card Fraud Detection,concavity1,NA,NA,NA,NA
OVERSAMPLING,01-Credit Card Fraud Detection,concave_points1,NA,NA,NA,NA
OVERSAMPLING,01-Credit Card Fraud Detection,symmetry1,NA,NA,NA,NA
OVERSAMPLING,01-Credit Card Fraud Detection,fractal_dimension1,NA,NA,NA,NA
OVERSAMPLING,01-Credit Card Fraud Detection,radius2,NA,NA,NA,NA
OVERSAMPLING,01-Credit Card Fraud Detection,texture2,NA,NA,NA,NA
OVERSAMPLING,01-Credit Card Fraud Detection,perimeter2,NA,NA,NA,NA
OVERSAMPLING,01-Credit Card Fraud Detection,area2,NA,NA,NA,NA
OVERSAMPLING,01-Credit Card Fraud Detection,smoothness2,NA,NA,NA,NA
OVERSAMPLING,01-Credit Card Fraud Detection,compactness2,NA,NA,NA,NA
OVERSAMPLING,01-Credit Card Fraud Detection,concavity2,NA,NA,NA,NA
OVERSAMPLING,01-Credit Card Fraud Detection,concave_points2,NA,NA,NA,NA
OVERSAMPLING,01-Credit Card Fraud Detection,symmetry2,NA,NA,NA,NA
OVERSAMPLING,01-Credit Card Fraud Detection,fractal_dimension2,NA,NA,NA,NA
OVERSAMPLING,01-Credit Card Fraud Detection,radius3,NA,NA,NA,NA
OVERSAMPLING,01-Credit Card Fraud Detection,texture3,NA,NA,NA,NA
OVERSAMPLING,01-Credit Card Fraud Detection,perimeter3,NA,NA,NA,NA
OVERSAMPLING,01-Credit Card Fraud Detection,area3,NA,NA,NA,NA
OVERSAMPLING,01-Credit Card Fraud Detection,smoothness3,NA,NA,NA,NA
OVERSAMPLING,01-Credit Card Fraud Detection,compactness3,NA,NA,NA,NA
OVERSAMPLING,01-Credit Card Fraud Detection,concavity3,NA,NA,NA,NA
OVERSAMPLING,01-Credit Card Fraud Detection,concave_points3,NA,NA,NA,NA
OVERSAMPLING,01-Credit Card Fraud Detection,symmetry3,NA,NA,NA,NA
OVERSAMPLING,01-Credit Card Fraud Detection,fractal_dimension3,NA,NA,NA,NA
OVERSAMPLING,01-Credit Card Fraud Detection,pregnancies,NA,NA,NA,NA
OVERSAMPLING,01-Credit Card Fraud Detection,glucose,NA,NA,NA,NA
OVERSAMPLING,01-Credit Card Fraud Detection,bloodpressure,NA,NA,NA,NA
OVERSAMPLING,01-Credit Card Fraud Detection,skinthickness,NA,NA,NA,NA
OVERSAMPLING,01-Credit Card Fraud Detection,insulin,NA,NA,NA,NA
OVERSAMPLING,01-Credit Card Fraud Detection,bmi,NA,NA,NA,NA
OVERSAMPLING,01-Credit Card Fraud Detection,diabetespedigreefunction,NA,NA,NA,NA
OVERSAMPLING,01-Credit Card Fraud Detection,age,NA,NA,NA,NA
OVERSAMPLING,01-Credit Card Fraud Detection,attribute01,NA,NA,NA,NA
OVERSAMPLING,01-Credit Card Fraud Detection,attribute02,NA,NA,NA,NA
OVERSAMPLING,01-Credit Card Fraud Detection,attribute03,NA,NA,NA,NA
OVERSAMPLING,01-Credit Card Fraud Detection,attribute04,NA,NA,NA,NA
OVERSAMPLING,01-Credit Card Fraud Detection,attribute05,NA,NA,NA,NA
OVERSAMPLING,01-Credit Card Fraud Detection,attribute06,NA,NA,NA,NA
OVERSAMPLING,01-Credit Card Fraud Detection,attribute07,NA,NA,NA,NA
OVERSAMPLING,01-Credit Card Fraud Detection,attribute08,NA,NA,NA,NA
OVERSAMPLING,01-Credit Card Fraud Detection,attribute09,NA,NA,NA,NA
OVERSAMPLING,01-Credit Card Fraud Detection,attribute10,NA,NA,NA,NA
OVERSAMPLING,01-Credit Card Fraud Detection,attribute11,NA,NA,NA,NA
OVERSAMPLING,01-Credit Card Fraud Detection,attribute12,NA,NA,NA,NA
OVERSAMPLING,01-Credit Card Fraud Detection,attribute13,NA,NA,NA,NA
OVERSAMPLING,01-Credit Card Fraud Detection,attribute14,NA,NA,NA,NA
OVERSAMPLING,01-Credit Card Fraud Detection,attribute15,NA,NA,NA,NA
OVERSAMPLING,01-Credit Card Fraud Detection,attribute16,NA,NA,NA,NA
OVERSAMPLING,01-Credit Card Fraud Detection,attribute17,NA,NA,NA,NA
OVERSAMPLING,01-Credit Card Fraud Detection,attribute18,NA,NA,NA,NA
OVERSAMPLING,01-Credit Card Fraud Detection,attribute19,NA,NA,NA,NA
OVERSAMPLING,01-Credit Card Fraud Detection,attribute20,NA,NA,NA,NA
OVERSAMPLING,01-Credit Card Fraud Detection,attribute21,NA,NA,NA,NA
OVERSAMPLING,01-Credit Card Fraud Detection,attribute22,NA,NA,NA,NA
OVERSAMPLING,01-Credit Card Fraud Detection,attribute23,NA,NA,NA,NA
OVERSAMPLING,01-Credit Card Fraud Detection,attribute24,NA,NA,NA,NA
OVERSAMPLING,01-Credit Card Fraud Detection,attribute25,NA,NA,NA,NA
OVERSAMPLING,01-Credit Card Fraud Detection,attribute26,NA,NA,NA,NA
OVERSAMPLING,01-Credit Card Fraud Detection,attribute27,NA,NA,NA,NA
OVERSAMPLING,01-Credit Card Fraud Detection,attribute28,NA,NA,NA,NA
OVERSAMPLING,01-Credit Card Fraud Detection,attribute29,NA,NA,NA,NA
OVERSAMPLING,01-Credit Card Fraud Detection,attribute30,NA,NA,NA,NA
OVERSAMPLING,01-Credit Card Fraud Detection,attribute31,NA,NA,NA,NA
OVERSAMPLING,01-Credit Card Fraud Detection,attribute32,NA,NA,NA,NA
OVERSAMPLING,01-Credit Card Fraud Detection,attribute33,NA,NA,NA,NA
OVERSAMPLING,01-Credit Card Fraud Detection,attribute34,NA,NA,NA,NA
OVERSAMPLING,01-Credit Card Fraud Detection,aa,NA,NA,NA,NA
OVERSAMPLING,01-Credit Card Fraud Detection,ao,NA,NA,NA,NA
OVERSAMPLING,01-Credit Card Fraud Detection,dcl,NA,NA,NA,NA
OVERSAMPLING,01-Credit Card Fraud Detection,iy,NA,NA,NA,NA
OVERSAMPLING,01-Credit Card Fraud Detection,sh,NA,NA,NA,NA
OVERSAMPLING,01-Credit Card Fraud Detection,0,NA,NA,NA,NA
OVERSAMPLING,01-Credit Card Fraud Detection,1,NA,NA,NA,NA
OVERSAMPLING,01-Credit Card Fraud Detection,2,NA,NA,NA,NA
OVERSAMPLING,01-Credit Card Fraud Detection,3,NA,NA,NA,NA
OVERSAMPLING,01-Credit Card Fraud Detection,4,NA,NA,NA,NA
OVERSAMPLING,01-Credit Card Fraud Detection,5,NA,NA,NA,NA
OVERSAMPLING,01-Credit Card Fraud Detection,6,NA,NA,NA,NA
OVERSAMPLING,01-Credit Card Fraud Detection,7,NA,NA,NA,NA
OVERSAMPLING,01-Credit Card Fraud Detection,8,NA,NA,NA,NA
OVERSAMPLING,01-Credit Card Fraud Detection,9,NA,NA,NA,NA
OVERSAMPLING,01-Credit Card Fraud Detection,10,NA,NA,NA,NA
OVERSAMPLING,01-Credit Card Fraud Detection,11,NA,NA,NA,NA
OVERSAMPLING,01-Credit Card Fraud Detection,12,NA,NA,NA,NA
OVERSAMPLING,01-Credit Card Fraud Detection,13,NA,NA,NA,NA
OVERSAMPLING,01-Credit Card Fraud Detection,14,NA,NA,NA,NA
OVERSAMPLING,01-Credit Card Fraud Detection,15,NA,NA,NA,NA
OVERSAMPLING,01-Credit Card Fraud Detection,16,NA,NA,NA,NA
OVERSAMPLING,01-Credit Card Fraud Detection,17,NA,NA,NA,NA
OVERSAMPLING,01-Credit Card Fraud Detection,18,NA,NA,NA,NA
OVERSAMPLING,01-Credit Card Fraud Detection,19,NA,NA,NA,NA
OVERSAMPLING,01-Credit Card Fraud Detection,20,NA,NA,NA,NA
OVERSAMPLING,01-Credit Card Fraud Detection,21,NA,NA,NA,NA
OVERSAMPLING,01-Credit Card Fraud Detection,22,NA,NA,NA,NA
OVERSAMPLING,01-Credit Card Fraud Detection,23,NA,NA,NA,NA
OVERSAMPLING,01-Credit Card Fraud Detection,24,NA,NA,NA,NA
OVERSAMPLING,01-Credit Card Fraud Detection,25,NA,NA,NA,NA
OVERSAMPLING,01-Credit Card Fraud Detection,26,NA,NA,NA,NA
OVERSAMPLING,01-Credit Card Fraud Detection,27,NA,NA,NA,NA
OVERSAMPLING,01-Credit Card Fraud Detection,28,NA,NA,NA,NA
OVERSAMPLING,01-Credit Card Fraud Detection,29,NA,NA,NA,NA
OVERSAMPLING,01-Credit Card Fraud Detection,30,NA,NA,NA,NA
OVERSAMPLING,01-Credit Card Fraud Detection,31,NA,NA,NA,NA
OVERSAMPLING,01-Credit Card Fraud Detection,32,NA,NA,NA,NA
OVERSAMPLING,01-Credit Card Fraud Detection,33,NA,NA,NA,NA
OVERSAMPLING,01-Credit Card Fraud Detection,34,NA,NA,NA,NA
OVERSAMPLING,01-Credit Card Fraud Detection,35,NA,NA,NA,NA
OVERSAMPLING,01-Credit Card Fraud Detection,36,NA,NA,NA,NA
OVERSAMPLING,01-Credit Card Fraud Detection,37,NA,NA,NA,NA
OVERSAMPLING,01-Credit Card Fraud Detection,38,NA,NA,NA,NA
OVERSAMPLING,01-Credit Card Fraud Detection,39,NA,NA,NA,NA
OVERSAMPLING,01-Credit Card Fraud Detection,40,NA,NA,NA,NA
OVERSAMPLING,01-Credit Card Fraud Detection,41,NA,NA,NA,NA
OVERSAMPLING,01-Credit Card Fraud Detection,42,NA,NA,NA,NA
OVERSAMPLING,01-Credit Card Fraud Detection,43,NA,NA,NA,NA
OVERSAMPLING,01-Credit Card Fraud Detection,44,NA,NA,NA,NA
OVERSAMPLING,01-Credit Card Fraud Detection,45,NA,NA,NA,NA
OVERSAMPLING,01-Credit Card Fraud Detection,46,NA,NA,NA,NA
OVERSAMPLING,01-Credit Card Fraud Detection,48,NA,NA,NA,NA
OVERSAMPLING,01-Credit Card Fraud Detection,49,NA,NA,NA,NA
OVERSAMPLING,02-Breast Cancer Wisconsin (Diagnostic),time,NA,NA,NA,NA
OVERSAMPLING,02-Breast Cancer Wisconsin (Diagnostic),v1,NA,NA,NA,NA
OVERSAMPLING,02-Breast Cancer Wisconsin (Diagnostic),v2,NA,NA,NA,NA
OVERSAMPLING,02-Breast Cancer Wisconsin (Diagnostic),v3,NA,NA,NA,NA
OVERSAMPLING,02-Breast Cancer Wisconsin (Diagnostic),v4,NA,NA,NA,NA
OVERSAMPLING,02-Breast Cancer Wisconsin (Diagnostic),v5,NA,NA,NA,NA
OVERSAMPLING,02-Breast Cancer Wisconsin (Diagnostic),v6,NA,NA,NA,NA
OVERSAMPLING,02-Breast Cancer Wisconsin (Diagnostic),v7,NA,NA,NA,NA
OVERSAMPLING,02-Breast Cancer Wisconsin (Diagnostic),v8,NA,NA,NA,NA
OVERSAMPLING,02-Breast Cancer Wisconsin (Diagnostic),v9,NA,NA,NA,NA
OVERSAMPLING,02-Breast Cancer Wisconsin (Diagnostic),v10,NA,NA,NA,NA
OVERSAMPLING,02-Breast Cancer Wisconsin (Diagnostic),v11,NA,NA,NA,NA
OVERSAMPLING,02-Breast Cancer Wisconsin (Diagnostic),v12,NA,NA,NA,NA
OVERSAMPLING,02-Breast Cancer Wisconsin (Diagnostic),v13,NA,NA,NA,NA
OVERSAMPLING,02-Breast Cancer Wisconsin (Diagnostic),v14,NA,NA,NA,NA
OVERSAMPLING,02-Breast Cancer Wisconsin (Diagnostic),v15,NA,NA,NA,NA
OVERSAMPLING,02-Breast Cancer Wisconsin (Diagnostic),v16,NA,NA,NA,NA
OVERSAMPLING,02-Breast Cancer Wisconsin (Diagnostic),v17,NA,NA,NA,NA
OVERSAMPLING,02-Breast Cancer Wisconsin (Diagnostic),v18,NA,NA,NA,NA
OVERSAMPLING,02-Breast Cancer Wisconsin (Diagnostic),v19,NA,NA,NA,NA
OVERSAMPLING,02-Breast Cancer Wisconsin (Diagnostic),v20,NA,NA,NA,NA
OVERSAMPLING,02-Breast Cancer Wisconsin (Diagnostic),v21,NA,NA,NA,NA
OVERSAMPLING,02-Breast Cancer Wisconsin (Diagnostic),v22,NA,NA,NA,NA
OVERSAMPLING,02-Breast Cancer Wisconsin (Diagnostic),v23,NA,NA,NA,NA
OVERSAMPLING,02-Breast Cancer Wisconsin (Diagnostic),v24,NA,NA,NA,NA
OVERSAMPLING,02-Breast Cancer Wisconsin (Diagnostic),v25,NA,NA,NA,NA
OVERSAMPLING,02-Breast Cancer Wisconsin (Diagnostic),v26,NA,NA,NA,NA
OVERSAMPLING,02-Breast Cancer Wisconsin (Diagnostic),v27,NA,NA,NA,NA
OVERSAMPLING,02-Breast Cancer Wisconsin (Diagnostic),v28,NA,NA,NA,NA
OVERSAMPLING,02-Breast Cancer Wisconsin (Diagnostic),amount,NA,NA,NA,NA
OVERSAMPLING,02-Breast Cancer Wisconsin (Diagnostic),radius1,14.990889355742297,3.8319407539075248,6.981,28.11
OVERSAMPLING,02-Breast Cancer Wisconsin (Diagnostic),texture1,19.70063025210084,4.052102430137837,9.71,33.56
OVERSAMPLING,02-Breast Cancer Wisconsin (Diagnostic),perimeter1,97.995756302521,26.348452385592665,43.79,188.5
OVERSAMPLING,02-Breast Cancer Wisconsin (Diagnostic),area1,740.8913165266107,391.8082192627597,143.5,2501
OVERSAMPLING,02-Breast Cancer Wisconsin (Diagnostic),smoothness1,0.09768549019607843,0.013380723448222071,0.05263,0.1447
OVERSAMPLING,02-Breast Cancer Wisconsin (Diagnostic),compactness1,0.11341369747899159,0.05194460849604481,0.0265,0.3454
OVERSAMPLING,02-Breast Cancer Wisconsin (Diagnostic),concavity1,0.10685231190476191,0.08433567468422719,0,0.4268
OVERSAMPLING,02-Breast Cancer Wisconsin (Diagnostic),concave_points1,0.058723254901960786,0.04135276812029917,0,0.2012
OVERSAMPLING,02-Breast Cancer Wisconsin (Diagnostic),symmetry1,0.18309803921568626,0.026395124110242293,0.1167,0.2906
OVERSAMPLING,02-Breast Cancer Wisconsin (Diagnostic),fractal_dimension1,0.06277616246498599,0.00712795524550928,0.04996,0.09575
OVERSAMPLING,02-Breast Cancer Wisconsin (Diagnostic),radius2,0.45574943977591037,0.3108896845174783,0.1115,2.873
OVERSAMPLING,02-Breast Cancer Wisconsin (Diagnostic),texture2,1.2455980392156862,0.5379458683764592,0.3621,3.647
OVERSAMPLING,02-Breast Cancer Wisconsin (Diagnostic),perimeter2,3.2408606442577033,2.288970682105849,0.757,21.98
OVERSAMPLING,02-Breast Cancer Wisconsin (Diagnostic),area2,48.44024929971989,52.528497737812174,7.228,542.2
OVERSAMPLING,02-Breast Cancer Wisconsin (Diagnostic),smoothness2,0.00697287675070028,0.00264746908041867,0.002667,0.02333
OVERSAMPLING,02-Breast Cancer Wisconsin (Diagnostic),compactness2,0.027391169467787115,0.01856740821821364,0.003012,0.1354
OVERSAMPLING,02-Breast Cancer Wisconsin (Diagnostic),concavity2,0.03594433977591036,0.03465734256693756,0,0.396
OVERSAMPLING,02-Breast Cancer Wisconsin (Diagnostic),concave_points2,0.012964570028011204,0.0064157038190432916,0,0.05279
OVERSAMPLING,02-Breast Cancer Wisconsin (Diagnostic),symmetry2,0.020538994397759105,0.008242718831228193,0.007882,0.07895
OVERSAMPLING,02-Breast Cancer Wisconsin (Diagnostic),fractal_dimension2,0.003997088515406162,0.0030218792465002515,9.502e-4,0.02984
OVERSAMPLING,02-Breast Cancer Wisconsin (Diagnostic),radius3,17.419044817927173,5.16656654630243,7.93,36.04
OVERSAMPLING,02-Breast Cancer Wisconsin (Diagnostic),texture3,26.388515406162465,5.986822348471736,12.02,49.54
OVERSAMPLING,02-Breast Cancer Wisconsin (Diagnostic),perimeter3,115.34079831932773,35.74980556337356,50.41,251.2
OVERSAMPLING,02-Breast Cancer Wisconsin (Diagnostic),area3,1010.7574229691877,616.5436800461507,185.2,4254
OVERSAMPLING,02-Breast Cancer Wisconsin (Diagnostic),smoothness3,0.13447824929971988,0.02274639778554546,0.08409,0.2226
OVERSAMPLING,02-Breast Cancer Wisconsin (Diagnostic),compactness3,0.27255189075630254,0.15086036284560203,0.04327,1.058
OVERSAMPLING,02-Breast Cancer Wisconsin (Diagnostic),concavity3,0.3104325056022409,0.2084267031924472,0,1.252
OVERSAMPLING,02-Breast Cancer Wisconsin (Diagnostic),concave_points3,0.13010765266106442,0.06623214141107032,0,0.291
OVERSAMPLING,02-Breast Cancer Wisconsin (Diagnostic),symmetry3,0.2925885154061625,0.06152722570750883,0.1565,0.5774
OVERSAMPLING,02-Breast Cancer Wisconsin (Diagnostic),fractal_dimension3,0.08499379551820728,0.018181058520886393,0.05504,0.2075
OVERSAMPLING,02-Breast Cancer Wisconsin (Diagnostic),pregnancies,NA,NA,NA,NA
OVERSAMPLING,02-Breast Cancer Wisconsin (Diagnostic),glucose,NA,NA,NA,NA
OVERSAMPLING,02-Breast Cancer Wisconsin (Diagnostic),bloodpressure,NA,NA,NA,NA
OVERSAMPLING,02-Breast Cancer Wisconsin (Diagnostic),skinthickness,NA,NA,NA,NA
OVERSAMPLING,02-Breast Cancer Wisconsin (Diagnostic),insulin,NA,NA,NA,NA
OVERSAMPLING,02-Breast Cancer Wisconsin (Diagnostic),bmi,NA,NA,NA,NA
OVERSAMPLING,02-Breast Cancer Wisconsin (Diagnostic),diabetespedigreefunction,NA,NA,NA,NA
OVERSAMPLING,02-Breast Cancer Wisconsin (Diagnostic),age,NA,NA,NA,NA
OVERSAMPLING,02-Breast Cancer Wisconsin (Diagnostic),attribute01,NA,NA,NA,NA
OVERSAMPLING,02-Breast Cancer Wisconsin (Diagnostic),attribute02,NA,NA,NA,NA
OVERSAMPLING,02-Breast Cancer Wisconsin (Diagnostic),attribute03,NA,NA,NA,NA
OVERSAMPLING,02-Breast Cancer Wisconsin (Diagnostic),attribute04,NA,NA,NA,NA
OVERSAMPLING,02-Breast Cancer Wisconsin (Diagnostic),attribute05,NA,NA,NA,NA
OVERSAMPLING,02-Breast Cancer Wisconsin (Diagnostic),attribute06,NA,NA,NA,NA
OVERSAMPLING,02-Breast Cancer Wisconsin (Diagnostic),attribute07,NA,NA,NA,NA
OVERSAMPLING,02-Breast Cancer Wisconsin (Diagnostic),attribute08,NA,NA,NA,NA
OVERSAMPLING,02-Breast Cancer Wisconsin (Diagnostic),attribute09,NA,NA,NA,NA
OVERSAMPLING,02-Breast Cancer Wisconsin (Diagnostic),attribute10,NA,NA,NA,NA
OVERSAMPLING,02-Breast Cancer Wisconsin (Diagnostic),attribute11,NA,NA,NA,NA
OVERSAMPLING,02-Breast Cancer Wisconsin (Diagnostic),attribute12,NA,NA,NA,NA
OVERSAMPLING,02-Breast Cancer Wisconsin (Diagnostic),attribute13,NA,NA,NA,NA
OVERSAMPLING,02-Breast Cancer Wisconsin (Diagnostic),attribute14,NA,NA,NA,NA
OVERSAMPLING,02-Breast Cancer Wisconsin (Diagnostic),attribute15,NA,NA,NA,NA
OVERSAMPLING,02-Breast Cancer Wisconsin (Diagnostic),attribute16,NA,NA,NA,NA
OVERSAMPLING,02-Breast Cancer Wisconsin (Diagnostic),attribute17,NA,NA,NA,NA
OVERSAMPLING,02-Breast Cancer Wisconsin (Diagnostic),attribute18,NA,NA,NA,NA
OVERSAMPLING,02-Breast Cancer Wisconsin (Diagnostic),attribute19,NA,NA,NA,NA
OVERSAMPLING,02-Breast Cancer Wisconsin (Diagnostic),attribute20,NA,NA,NA,NA
OVERSAMPLING,02-Breast Cancer Wisconsin (Diagnostic),attribute21,NA,NA,NA,NA
OVERSAMPLING,02-Breast Cancer Wisconsin (Diagnostic),attribute22,NA,NA,NA,NA
OVERSAMPLING,02-Breast Cancer Wisconsin (Diagnostic),attribute23,NA,NA,NA,NA
OVERSAMPLING,02-Breast Cancer Wisconsin (Diagnostic),attribute24,NA,NA,NA,NA
OVERSAMPLING,02-Breast Cancer Wisconsin (Diagnostic),attribute25,NA,NA,NA,NA
OVERSAMPLING,02-Breast Cancer Wisconsin (Diagnostic),attribute26,NA,NA,NA,NA
OVERSAMPLING,02-Breast Cancer Wisconsin (Diagnostic),attribute27,NA,NA,NA,NA
OVERSAMPLING,02-Breast Cancer Wisconsin (Diagnostic),attribute28,NA,NA,NA,NA
OVERSAMPLING,02-Breast Cancer Wisconsin (Diagnostic),attribute29,NA,NA,NA,NA
OVERSAMPLING,02-Breast Cancer Wisconsin (Diagnostic),attribute30,NA,NA,NA,NA
OVERSAMPLING,02-Breast Cancer Wisconsin (Diagnostic),attribute31,NA,NA,NA,NA
OVERSAMPLING,02-Breast Cancer Wisconsin (Diagnostic),attribute32,NA,NA,NA,NA
OVERSAMPLING,02-Breast Cancer Wisconsin (Diagnostic),attribute33,NA,NA,NA,NA
OVERSAMPLING,02-Breast Cancer Wisconsin (Diagnostic),attribute34,NA,NA,NA,NA
OVERSAMPLING,02-Breast Cancer Wisconsin (Diagnostic),aa,NA,NA,NA,NA
OVERSAMPLING,02-Breast Cancer Wisconsin (Diagnostic),ao,NA,NA,NA,NA
OVERSAMPLING,02-Breast Cancer Wisconsin (Diagnostic),dcl,NA,NA,NA,NA
OVERSAMPLING,02-Breast Cancer Wisconsin (Diagnostic),iy,NA,NA,NA,NA
OVERSAMPLING,02-Breast Cancer Wisconsin (Diagnostic),sh,NA,NA,NA,NA
OVERSAMPLING,02-Breast Cancer Wisconsin (Diagnostic),0,NA,NA,NA,NA
OVERSAMPLING,02-Breast Cancer Wisconsin (Diagnostic),1,NA,NA,NA,NA
OVERSAMPLING,02-Breast Cancer Wisconsin (Diagnostic),2,NA,NA,NA,NA
OVERSAMPLING,02-Breast Cancer Wisconsin (Diagnostic),3,NA,NA,NA,NA
OVERSAMPLING,02-Breast Cancer Wisconsin (Diagnostic),4,NA,NA,NA,NA
OVERSAMPLING,02-Breast Cancer Wisconsin (Diagnostic),5,NA,NA,NA,NA
OVERSAMPLING,02-Breast Cancer Wisconsin (Diagnostic),6,NA,NA,NA,NA
OVERSAMPLING,02-Breast Cancer Wisconsin (Diagnostic),7,NA,NA,NA,NA
OVERSAMPLING,02-Breast Cancer Wisconsin (Diagnostic),8,NA,NA,NA,NA
OVERSAMPLING,02-Breast Cancer Wisconsin (Diagnostic),9,NA,NA,NA,NA
OVERSAMPLING,02-Breast Cancer Wisconsin (Diagnostic),10,NA,NA,NA,NA
OVERSAMPLING,02-Breast Cancer Wisconsin (Diagnostic),11,NA,NA,NA,NA
OVERSAMPLING,02-Breast Cancer Wisconsin (Diagnostic),12,NA,NA,NA,NA
OVERSAMPLING,02-Breast Cancer Wisconsin (Diagnostic),13,NA,NA,NA,NA
OVERSAMPLING,02-Breast Cancer Wisconsin (Diagnostic),14,NA,NA,NA,NA
OVERSAMPLING,02-Breast Cancer Wisconsin (Diagnostic),15,NA,NA,NA,NA
OVERSAMPLING,02-Breast Cancer Wisconsin (Diagnostic),16,NA,NA,NA,NA
OVERSAMPLING,02-Breast Cancer Wisconsin (Diagnostic),17,NA,NA,NA,NA
OVERSAMPLING,02-Breast Cancer Wisconsin (Diagnostic),18,NA,NA,NA,NA
OVERSAMPLING,02-Breast Cancer Wisconsin (Diagnostic),19,NA,NA,NA,NA
OVERSAMPLING,02-Breast Cancer Wisconsin (Diagnostic),20,NA,NA,NA,NA
OVERSAMPLING,02-Breast Cancer Wisconsin (Diagnostic),21,NA,NA,NA,NA
OVERSAMPLING,02-Breast Cancer Wisconsin (Diagnostic),22,NA,NA,NA,NA
OVERSAMPLING,02-Breast Cancer Wisconsin (Diagnostic),23,NA,NA,NA,NA
OVERSAMPLING,02-Breast Cancer Wisconsin (Diagnostic),24,NA,NA,NA,NA
OVERSAMPLING,02-Breast Cancer Wisconsin (Diagnostic),25,NA,NA,NA,NA
OVERSAMPLING,02-Breast Cancer Wisconsin (Diagnostic),26,NA,NA,NA,NA
OVERSAMPLING,02-Breast Cancer Wisconsin (Diagnostic),27,NA,NA,NA,NA
OVERSAMPLING,02-Breast Cancer Wisconsin (Diagnostic),28,NA,NA,NA,NA
OVERSAMPLING,02-Breast Cancer Wisconsin (Diagnostic),29,NA,NA,NA,NA
OVERSAMPLING,02-Breast Cancer Wisconsin (Diagnostic),30,NA,NA,NA,NA
OVERSAMPLING,02-Breast Cancer Wisconsin (Diagnostic),31,NA,NA,NA,NA
OVERSAMPLING,02-Breast Cancer Wisconsin (Diagnostic),32,NA,NA,NA,NA
OVERSAMPLING,02-Breast Cancer Wisconsin (Diagnostic),33,NA,NA,NA,NA
OVERSAMPLING,02-Breast Cancer Wisconsin (Diagnostic),34,NA,NA,NA,NA
OVERSAMPLING,02-Breast Cancer Wisconsin (Diagnostic),35,NA,NA,NA,NA
OVERSAMPLING,02-Breast Cancer Wisconsin (Diagnostic),36,NA,NA,NA,NA
OVERSAMPLING,02-Breast Cancer Wisconsin (Diagnostic),37,NA,NA,NA,NA
OVERSAMPLING,02-Breast Cancer Wisconsin (Diagnostic),38,NA,NA,NA,NA
OVERSAMPLING,02-Breast Cancer Wisconsin (Diagnostic),39,NA,NA,NA,NA
OVERSAMPLING,02-Breast Cancer Wisconsin (Diagnostic),40,NA,NA,NA,NA
OVERSAMPLING,02-Breast Cancer Wisconsin (Diagnostic),41,NA,NA,NA,NA
OVERSAMPLING,02-Breast Cancer Wisconsin (Diagnostic),42,NA,NA,NA,NA
OVERSAMPLING,02-Breast Cancer Wisconsin (Diagnostic),43,NA,NA,NA,NA
OVERSAMPLING,02-Breast Cancer Wisconsin (Diagnostic),44,NA,NA,NA,NA
OVERSAMPLING,02-Breast Cancer Wisconsin (Diagnostic),45,NA,NA,NA,NA
OVERSAMPLING,02-Breast Cancer Wisconsin (Diagnostic),46,NA,NA,NA,NA
OVERSAMPLING,02-Breast Cancer Wisconsin (Diagnostic),48,NA,NA,NA,NA
OVERSAMPLING,02-Breast Cancer Wisconsin (Diagnostic),49,NA,NA,NA,NA
OVERSAMPLING,03-Pima Indians Diabetes,time,NA,NA,NA,NA
OVERSAMPLING,03-Pima Indians Diabetes,v1,NA,NA,NA,NA
OVERSAMPLING,03-Pima Indians Diabetes,v2,NA,NA,NA,NA
OVERSAMPLING,03-Pima Indians Diabetes,v3,NA,NA,NA,NA
OVERSAMPLING,03-Pima Indians Diabetes,v4,NA,NA,NA,NA
OVERSAMPLING,03-Pima Indians Diabetes,v5,NA,NA,NA,NA
OVERSAMPLING,03-Pima Indians Diabetes,v6,NA,NA,NA,NA
OVERSAMPLING,03-Pima Indians Diabetes,v7,NA,NA,NA,NA
OVERSAMPLING,03-Pima Indians Diabetes,v8,NA,NA,NA,NA
OVERSAMPLING,03-Pima Indians Diabetes,v9,NA,NA,NA,NA
OVERSAMPLING,03-Pima Indians Diabetes,v10,NA,NA,NA,NA
OVERSAMPLING,03-Pima Indians Diabetes,v11,NA,NA,NA,NA
OVERSAMPLING,03-Pima Indians Diabetes,v12,NA,NA,NA,NA
OVERSAMPLING,03-Pima Indians Diabetes,v13,NA,NA,NA,NA
OVERSAMPLING,03-Pima Indians Diabetes,v14,NA,NA,NA,NA
OVERSAMPLING,03-Pima Indians Diabetes,v15,NA,NA,NA,NA
OVERSAMPLING,03-Pima Indians Diabetes,v16,NA,NA,NA,NA
OVERSAMPLING,03-Pima Indians Diabetes,v17,NA,NA,NA,NA
OVERSAMPLING,03-Pima Indians Diabetes,v18,NA,NA,NA,NA
OVERSAMPLING,03-Pima Indians Diabetes,v19,NA,NA,NA,NA
OVERSAMPLING,03-Pima Indians Diabetes,v20,NA,NA,NA,NA
OVERSAMPLING,03-Pima Indians Diabetes,v21,NA,NA,NA,NA
OVERSAMPLING,03-Pima Indians Diabetes,v22,NA,NA,NA,NA
OVERSAMPLING,03-Pima Indians Diabetes,v23,NA,NA,NA,NA
OVERSAMPLING,03-Pima Indians Diabetes,v24,NA,NA,NA,NA
OVERSAMPLING,03-Pima Indians Diabetes,v25,NA,NA,NA,NA
OVERSAMPLING,03-Pima Indians Diabetes,v26,NA,NA,NA,NA
OVERSAMPLING,03-Pima Indians Diabetes,v27,NA,NA,NA,NA
OVERSAMPLING,03-Pima Indians Diabetes,v28,NA,NA,NA,NA
OVERSAMPLING,03-Pima Indians Diabetes,amount,NA,NA,NA,NA
OVERSAMPLING,03-Pima Indians Diabetes,radius1,NA,NA,NA,NA
OVERSAMPLING,03-Pima Indians Diabetes,texture1,NA,NA,NA,NA
OVERSAMPLING,03-Pima Indians Diabetes,perimeter1,NA,NA,NA,NA
OVERSAMPLING,03-Pima Indians Diabetes,area1,NA,NA,NA,NA
OVERSAMPLING,03-Pima Indians Diabetes,smoothness1,NA,NA,NA,NA
OVERSAMPLING,03-Pima Indians Diabetes,compactness1,NA,NA,NA,NA
OVERSAMPLING,03-Pima Indians Diabetes,concavity1,NA,NA,NA,NA
OVERSAMPLING,03-Pima Indians Diabetes,concave_points1,NA,NA,NA,NA
OVERSAMPLING,03-Pima Indians Diabetes,symmetry1,NA,NA,NA,NA
OVERSAMPLING,03-Pima Indians Diabetes,fractal_dimension1,NA,NA,NA,NA
OVERSAMPLING,03-Pima Indians Diabetes,radius2,NA,NA,NA,NA
OVERSAMPLING,03-Pima Indians Diabetes,texture2,NA,NA,NA,NA
OVERSAMPLING,03-Pima Indians Diabetes,perimeter2,NA,NA,NA,NA
OVERSAMPLING,03-Pima Indians Diabetes,area2,NA,NA,NA,NA
OVERSAMPLING,03-Pima Indians Diabetes,smoothness2,NA,NA,NA,NA
OVERSAMPLING,03-Pima Indians Diabetes,compactness2,NA,NA,NA,NA
OVERSAMPLING,03-Pima Indians Diabetes,concavity2,NA,NA,NA,NA
OVERSAMPLING,03-Pima Indians Diabetes,concave_points2,NA,NA,NA,NA
OVERSAMPLING,03-Pima Indians Diabetes,symmetry2,NA,NA,NA,NA
OVERSAMPLING,03-Pima Indians Diabetes,fractal_dimension2,NA,NA,NA,NA
OVERSAMPLING,03-Pima Indians Diabetes,radius3,NA,NA,NA,NA
OVERSAMPLING,03-Pima Indians Diabetes,texture3,NA,NA,NA,NA
OVERSAMPLING,03-Pima Indians Diabetes,perimeter3,NA,NA,NA,NA
OVERSAMPLING,03-Pima Indians Diabetes,area3,NA,NA,NA,NA
OVERSAMPLING,03-Pima Indians Diabetes,smoothness3,NA,NA,NA,NA
OVERSAMPLING,03-Pima Indians Diabetes,compactness3,NA,NA,NA,NA
OVERSAMPLING,03-Pima Indians Diabetes,concavity3,NA,NA,NA,NA
OVERSAMPLING,03-Pima Indians Diabetes,concave_points3,NA,NA,NA,NA
OVERSAMPLING,03-Pima Indians Diabetes,symmetry3,NA,NA,NA,NA
OVERSAMPLING,03-Pima Indians Diabetes,fractal_dimension3,NA,NA,NA,NA
OVERSAMPLING,03-Pima Indians Diabetes,pregnancies,3.99,3.4519292889362343,0,17
OVERSAMPLING,03-Pima Indians Diabetes,glucose,125.092,33.35401064378954,0,199
OVERSAMPLING,03-Pima Indians Diabetes,bloodpressure,68.681,20.57611760307604,0,110
OVERSAMPLING,03-Pima Indians Diabetes,skinthickness,20.591,15.78787433367697,0,63
OVERSAMPLING,03-Pima Indians Diabetes,insulin,87.37,127.41785750204093,0,846
OVERSAMPLING,03-Pima Indians Diabetes,bmi,32.8805,8.044564921409657,0,67.1
OVERSAMPLING,03-Pima Indians Diabetes,diabetespedigreefunction,0.49251,0.34685035832628325,0.078,2.42
OVERSAMPLING,03-Pima Indians Diabetes,age,33.867,11.48604545699869,21,72
OVERSAMPLING,03-Pima Indians Diabetes,attribute01,NA,NA,NA,NA
OVERSAMPLING,03-Pima Indians Diabetes,attribute02,NA,NA,NA,NA
OVERSAMPLING,03-Pima Indians Diabetes,attribute03,NA,NA,NA,NA
OVERSAMPLING,03-Pima Indians Diabetes,attribute04,NA,NA,NA,NA
OVERSAMPLING,03-Pima Indians Diabetes,attribute05,NA,NA,NA,NA
OVERSAMPLING,03-Pima Indians Diabetes,attribute06,NA,NA,NA,NA
OVERSAMPLING,03-Pima Indians Diabetes,attribute07,NA,NA,NA,NA
OVERSAMPLING,03-Pima Indians Diabetes,attribute08,NA,NA,NA,NA
OVERSAMPLING,03-Pima Indians Diabetes,attribute09,NA,NA,NA,NA
OVERSAMPLING,03-Pima Indians Diabetes,attribute10,NA,NA,NA,NA
OVERSAMPLING,03-Pima Indians Diabetes,attribute11,NA,NA,NA,NA
OVERSAMPLING,03-Pima Indians Diabetes,attribute12,NA,NA,NA,NA
OVERSAMPLING,03-Pima Indians Diabetes,attribute13,NA,NA,NA,NA
OVERSAMPLING,03-Pima Indians Diabetes,attribute14,NA,NA,NA,NA
OVERSAMPLING,03-Pima Indians Diabetes,attribute15,NA,NA,NA,NA
OVERSAMPLING,03-Pima Indians Diabetes,attribute16,NA,NA,NA,NA
OVERSAMPLING,03-Pima Indians Diabetes,attribute17,NA,NA,NA,NA
OVERSAMPLING,03-Pima Indians Diabetes,attribute18,NA,NA,NA,NA
OVERSAMPLING,03-Pima Indians Diabetes,attribute19,NA,NA,NA,NA
OVERSAMPLING,03-Pima Indians Diabetes,attribute20,NA,NA,NA,NA
OVERSAMPLING,03-Pima Indians Diabetes,attribute21,NA,NA,NA,NA
OVERSAMPLING,03-Pima Indians Diabetes,attribute22,NA,NA,NA,NA
OVERSAMPLING,03-Pima Indians Diabetes,attribute23,NA,NA,NA,NA
OVERSAMPLING,03-Pima Indians Diabetes,attribute24,NA,NA,NA,NA
OVERSAMPLING,03-Pima Indians Diabetes,attribute25,NA,NA,NA,NA
OVERSAMPLING,03-Pima Indians Diabetes,attribute26,NA,NA,NA,NA
OVERSAMPLING,03-Pima Indians Diabetes,attribute27,NA,NA,NA,NA
OVERSAMPLING,03-Pima Indians Diabetes,attribute28,NA,NA,NA,NA
OVERSAMPLING,03-Pima Indians Diabetes,attribute29,NA,NA,NA,NA
OVERSAMPLING,03-Pima Indians Diabetes,attribute30,NA,NA,NA,NA
OVERSAMPLING,03-Pima Indians Diabetes,attribute31,NA,NA,NA,NA
OVERSAMPLING,03-Pima Indians Diabetes,attribute32,NA,NA,NA,NA
OVERSAMPLING,03-Pima Indians Diabetes,attribute33,NA,NA,NA,NA
OVERSAMPLING,03-Pima Indians Diabetes,attribute34,NA,NA,NA,NA
OVERSAMPLING,03-Pima Indians Diabetes,aa,NA,NA,NA,NA
OVERSAMPLING,03-Pima Indians Diabetes,ao,NA,NA,NA,NA
OVERSAMPLING,03-Pima Indians Diabetes,dcl,NA,NA,NA,NA
OVERSAMPLING,03-Pima Indians Diabetes,iy,NA,NA,NA,NA
OVERSAMPLING,03-Pima Indians Diabetes,sh,NA,NA,NA,NA
OVERSAMPLING,03-Pima Indians Diabetes,0,NA,NA,NA,NA
OVERSAMPLING,03-Pima Indians Diabetes,1,NA,NA,NA,NA
OVERSAMPLING,03-Pima Indians Diabetes,2,NA,NA,NA,NA
OVERSAMPLING,03-Pima Indians Diabetes,3,NA,NA,NA,NA
OVERSAMPLING,03-Pima Indians Diabetes,4,NA,NA,NA,NA
OVERSAMPLING,03-Pima Indians Diabetes,5,NA,NA,NA,NA
OVERSAMPLING,03-Pima Indians Diabetes,6,NA,NA,NA,NA
OVERSAMPLING,03-Pima Indians Diabetes,7,NA,NA,NA,NA
OVERSAMPLING,03-Pima Indians Diabetes,8,NA,NA,NA,NA
OVERSAMPLING,03-Pima Indians Diabetes,9,NA,NA,NA,NA
OVERSAMPLING,03-Pima Indians Diabetes,10,NA,NA,NA,NA
OVERSAMPLING,03-Pima Indians Diabetes,11,NA,NA,NA,NA
OVERSAMPLING,03-Pima Indians Diabetes,12,NA,NA,NA,NA
OVERSAMPLING,03-Pima Indians Diabetes,13,NA,NA,NA,NA
OVERSAMPLING,03-Pima Indians Diabetes,14,NA,NA,NA,NA
OVERSAMPLING,03-Pima Indians Diabetes,15,NA,NA,NA,NA
OVERSAMPLING,03-Pima Indians Diabetes,16,NA,NA,NA,NA
OVERSAMPLING,03-Pima Indians Diabetes,17,NA,NA,NA,NA
OVERSAMPLING,03-Pima Indians Diabetes,18,NA,NA,NA,NA
OVERSAMPLING,03-Pima Indians Diabetes,19,NA,NA,NA,NA
OVERSAMPLING,03-Pima Indians Diabetes,20,NA,NA,NA,NA
OVERSAMPLING,03-Pima Indians Diabetes,21,NA,NA,NA,NA
OVERSAMPLING,03-Pima Indians Diabetes,22,NA,NA,NA,NA
OVERSAMPLING,03-Pima Indians Diabetes,23,NA,NA,NA,NA
OVERSAMPLING,03-Pima Indians Diabetes,24,NA,NA,NA,NA
OVERSAMPLING,03-Pima Indians Diabetes,25,NA,NA,NA,NA
OVERSAMPLING,03-Pima Indians Diabetes,26,NA,NA,NA,NA
OVERSAMPLING,03-Pima Indians Diabetes,27,NA,NA,NA,NA
OVERSAMPLING,03-Pima Indians Diabetes,28,NA,NA,NA,NA
OVERSAMPLING,03-Pima Indians Diabetes,29,NA,NA,NA,NA
OVERSAMPLING,03-Pima Indians Diabetes,30,NA,NA,NA,NA
OVERSAMPLING,03-Pima Indians Diabetes,31,NA,NA,NA,NA
OVERSAMPLING,03-Pima Indians Diabetes,32,NA,NA,NA,NA
OVERSAMPLING,03-Pima Indians Diabetes,33,NA,NA,NA,NA
OVERSAMPLING,03-Pima Indians Diabetes,34,NA,NA,NA,NA
OVERSAMPLING,03-Pima Indians Diabetes,35,NA,NA,NA,NA
OVERSAMPLING,03-Pima Indians Diabetes,36,NA,NA,NA,NA
OVERSAMPLING,03-Pima Indians Diabetes,37,NA,NA,NA,NA
OVERSAMPLING,03-Pima Indians Diabetes,38,NA,NA,NA,NA
OVERSAMPLING,03-Pima Indians Diabetes,39,NA,NA,NA,NA
OVERSAMPLING,03-Pima Indians Diabetes,40,NA,NA,NA,NA
OVERSAMPLING,03-Pima Indians Diabetes,41,NA,NA,NA,NA
OVERSAMPLING,03-Pima Indians Diabetes,42,NA,NA,NA,NA
OVERSAMPLING,03-Pima Indians Diabetes,43,NA,NA,NA,NA
OVERSAMPLING,03-Pima Indians Diabetes,44,NA,NA,NA,NA
OVERSAMPLING,03-Pima Indians Diabetes,45,NA,NA,NA,NA
OVERSAMPLING,03-Pima Indians Diabetes,46,NA,NA,NA,NA
OVERSAMPLING,03-Pima Indians Diabetes,48,NA,NA,NA,NA
OVERSAMPLING,03-Pima Indians Diabetes,49,NA,NA,NA,NA
OVERSAMPLING,04-Ionosphere,time,NA,NA,NA,NA
OVERSAMPLING,04-Ionosphere,v1,NA,NA,NA,NA
OVERSAMPLING,04-Ionosphere,v2,NA,NA,NA,NA
OVERSAMPLING,04-Ionosphere,v3,NA,NA,NA,NA
OVERSAMPLING,04-Ionosphere,v4,NA,NA,NA,NA
OVERSAMPLING,04-Ionosphere,v5,NA,NA,NA,NA
OVERSAMPLING,04-Ionosphere,v6,NA,NA,NA,NA
OVERSAMPLING,04-Ionosphere,v7,NA,NA,NA,NA
OVERSAMPLING,04-Ionosphere,v8,NA,NA,NA,NA
OVERSAMPLING,04-Ionosphere,v9,NA,NA,NA,NA
OVERSAMPLING,04-Ionosphere,v10,NA,NA,NA,NA
OVERSAMPLING,04-Ionosphere,v11,NA,NA,NA,NA
OVERSAMPLING,04-Ionosphere,v12,NA,NA,NA,NA
OVERSAMPLING,04-Ionosphere,v13,NA,NA,NA,NA
OVERSAMPLING,04-Ionosphere,v14,NA,NA,NA,NA
OVERSAMPLING,04-Ionosphere,v15,NA,NA,NA,NA
OVERSAMPLING,04-Ionosphere,v16,NA,NA,NA,NA
OVERSAMPLING,04-Ionosphere,v17,NA,NA,NA,NA
OVERSAMPLING,04-Ionosphere,v18,NA,NA,NA,NA
OVERSAMPLING,04-Ionosphere,v19,NA,NA,NA,NA
OVERSAMPLING,04-Ionosphere,v20,NA,NA,NA,NA
OVERSAMPLING,04-Ionosphere,v21,NA,NA,NA,NA
OVERSAMPLING,04-Ionosphere,v22,NA,NA,NA,NA
OVERSAMPLING,04-Ionosphere,v23,NA,NA,NA,NA
OVERSAMPLING,04-Ionosphere,v24,NA,NA,NA,NA
OVERSAMPLING,04-Ionosphere,v25,NA,NA,NA,NA
OVERSAMPLING,04-Ionosphere,v26,NA,NA,NA,NA
OVERSAMPLING,04-Ionosphere,v27,NA,NA,NA,NA
OVERSAMPLING,04-Ionosphere,v28,NA,NA,NA,NA
OVERSAMPLING,04-Ionosphere,amount,NA,NA,NA,NA
OVERSAMPLING,04-Ionosphere,radius1,NA,NA,NA,NA
OVERSAMPLING,04-Ionosphere,texture1,NA,NA,NA,NA
OVERSAMPLING,04-Ionosphere,perimeter1,NA,NA,NA,NA
OVERSAMPLING,04-Ionosphere,area1,NA,NA,NA,NA
OVERSAMPLING,04-Ionosphere,smoothness1,NA,NA,NA,NA
OVERSAMPLING,04-Ionosphere,compactness1,NA,NA,NA,NA
OVERSAMPLING,04-Ionosphere,concavity1,NA,NA,NA,NA
OVERSAMPLING,04-Ionosphere,concave_points1,NA,NA,NA,NA
OVERSAMPLING,04-Ionosphere,symmetry1,NA,NA,NA,NA
OVERSAMPLING,04-Ionosphere,fractal_dimension1,NA,NA,NA,NA
OVERSAMPLING,04-Ionosphere,radius2,NA,NA,NA,NA
OVERSAMPLING,04-Ionosphere,texture2,NA,NA,NA,NA
OVERSAMPLING,04-Ionosphere,perimeter2,NA,NA,NA,NA
OVERSAMPLING,04-Ionosphere,area2,NA,NA,NA,NA
OVERSAMPLING,04-Ionosphere,smoothness2,NA,NA,NA,NA
OVERSAMPLING,04-Ionosphere,compactness2,NA,NA,NA,NA
OVERSAMPLING,04-Ionosphere,concavity2,NA,NA,NA,NA
OVERSAMPLING,04-Ionosphere,concave_points2,NA,NA,NA,NA
OVERSAMPLING,04-Ionosphere,symmetry2,NA,NA,NA,NA
OVERSAMPLING,04-Ionosphere,fractal_dimension2,NA,NA,NA,NA
OVERSAMPLING,04-Ionosphere,radius3,NA,NA,NA,NA
OVERSAMPLING,04-Ionosphere,texture3,NA,NA,NA,NA
OVERSAMPLING,04-Ionosphere,perimeter3,NA,NA,NA,NA
OVERSAMPLING,04-Ionosphere,area3,NA,NA,NA,NA
OVERSAMPLING,04-Ionosphere,smoothness3,NA,NA,NA,NA
OVERSAMPLING,04-Ionosphere,compactness3,NA,NA,NA,NA
OVERSAMPLING,04-Ionosphere,concavity3,NA,NA,NA,NA
OVERSAMPLING,04-Ionosphere,concave_points3,NA,NA,NA,NA
OVERSAMPLING,04-Ionosphere,symmetry3,NA,NA,NA,NA
OVERSAMPLING,04-Ionosphere,fractal_dimension3,NA,NA,NA,NA
OVERSAMPLING,04-Ionosphere,pregnancies,NA,NA,NA,NA
OVERSAMPLING,04-Ionosphere,glucose,NA,NA,NA,NA
OVERSAMPLING,04-Ionosphere,bloodpressure,NA,NA,NA,NA
OVERSAMPLING,04-Ionosphere,skinthickness,NA,NA,NA,NA
OVERSAMPLING,04-Ionosphere,insulin,NA,NA,NA,NA
OVERSAMPLING,04-Ionosphere,bmi,NA,NA,NA,NA
OVERSAMPLING,04-Ionosphere,diabetespedigreefunction,NA,NA,NA,NA
OVERSAMPLING,04-Ionosphere,age,NA,NA,NA,NA
OVERSAMPLING,04-Ionosphere,attribute01,0.8705357142857143,0.3360884066226553,0,1
OVERSAMPLING,04-Ionosphere,attribute02,0,0,0,0
OVERSAMPLING,04-Ionosphere,attribute03,0.58645515625,0.5355545663210781,-1,1
OVERSAMPLING,04-Ionosphere,attribute04,0.036550535714285716,0.4918417314604123,-1,1
OVERSAMPLING,04-Ionosphere,attribute05,0.5317065401785714,0.5804031218244552,-1,1
OVERSAMPLING,04-Ionosphere,attribute06,0.13868323660714285,0.49709128574155714,-1,1
OVERSAMPLING,04-Ionosphere,attribute07,0.48511520089285715,0.5319755286927433,-1,1
OVERSAMPLING,04-Ionosphere,attribute08,0.11761167410714286,0.56163296641318,-1,1
OVERSAMPLING,04-Ionosphere,attribute09,0.47282495535714286,0.5361149530607219,-1,1
OVERSAMPLING,04-Ionosphere,attribute10,0.19216254464285715,0.5248043596452706,-1,1
OVERSAMPLING,04-Ionosphere,attribute11,0.4503738169642857,0.5691077971371994,-1,1
OVERSAMPLING,04-Ionosphere,attribute12,0.13224426339285714,0.5093038759235748,-1,1
OVERSAMPLING,04-Ionosphere,attribute13,0.34833189732142855,0.637297101245311,-1,1
OVERSAMPLING,04-Ionosphere,attribute14,0.058000357142857145,0.5148213031295659,-1,1
OVERSAMPLING,04-Ionosphere,attribute15,0.2570115401785714,0.6796192778350281,-1,1
OVERSAMPLING,04-Ionosphere,attribute16,0.03190357142857143,0.48039343305729787,-1,1
OVERSAMPLING,04-Ionosphere,attribute17,0.38417147321428574,0.5982926857309615,-1,1
OVERSAMPLING,04-Ionosphere,attribute18,-0.0217765625,0.5279674969058721,-1,1
OVERSAMPLING,04-Ionosphere,attribute19,0.3592379017857143,0.6316090344580344,-1,1
OVERSAMPLING,04-Ionosphere,attribute20,-0.03192395089285714,0.5502298032183279,-1,1
OVERSAMPLING,04-Ionosphere,attribute21,0.2945585044642857,0.6271559239389857,-1,1
OVERSAMPLING,04-Ionosphere,attribute22,0.04897611607142857,0.5543832648752086,-1,1
OVERSAMPLING,04-Ionosphere,attribute23,0.33833158482142855,0.6045077298998487,-1,1
OVERSAMPLING,04-Ionosphere,attribute24,-0.05165529017857143,0.5504919148001343,-1,1
OVERSAMPLING,04-Ionosphere,attribute25,0.3927896205357143,0.58038731163818,-1,1
OVERSAMPLING,04-Ionosphere,attribute26,-0.053526450892857146,0.5232980222176944,-1,1
OVERSAMPLING,04-Ionosphere,attribute27,0.5734537053571429,0.5175016947088271,-1,1
OVERSAMPLING,04-Ionosphere,attribute28,-0.04310636160714286,0.5990910483550651,-1,1
OVERSAMPLING,04-Ionosphere,attribute29,0.35764714285714283,0.598587675922139,-1,1
OVERSAMPLING,04-Ionosphere,attribute30,-4.3975446428571463e-4,0.5174196710283189,-1,1
OVERSAMPLING,04-Ionosphere,attribute31,0.2931003125,0.6044812090257451,-1,1
OVERSAMPLING,04-Ionosphere,attribute32,0.07293504464285715,0.5327693599223156,-1,1
OVERSAMPLING,04-Ionosphere,attribute33,0.31056808035714284,0.5376729612125996,-1,1
OVERSAMPLING,04-Ionosphere,attribute34,0.07850457589285714,0.4767958182807616,-1,1
OVERSAMPLING,04-Ionosphere,aa,NA,NA,NA,NA
OVERSAMPLING,04-Ionosphere,ao,NA,NA,NA,NA
OVERSAMPLING,04-Ionosphere,dcl,NA,NA,NA,NA
OVERSAMPLING,04-Ionosphere,iy,NA,NA,NA,NA
OVERSAMPLING,04-Ionosphere,sh,NA,NA,NA,NA
OVERSAMPLING,04-Ionosphere,0,NA,NA,NA,NA
OVERSAMPLING,04-Ionosphere,1,NA,NA,NA,NA
OVERSAMPLING,04-Ionosphere,2,NA,NA,NA,NA
OVERSAMPLING,04-Ionosphere,3,NA,NA,NA,NA
OVERSAMPLING,04-Ionosphere,4,NA,NA,NA,NA
OVERSAMPLING,04-Ionosphere,5,NA,NA,NA,NA
OVERSAMPLING,04-Ionosphere,6,NA,NA,NA,NA
OVERSAMPLING,04-Ionosphere,7,NA,NA,NA,NA
OVERSAMPLING,04-Ionosphere,8,NA,NA,NA,NA
OVERSAMPLING,04-Ionosphere,9,NA,NA,NA,NA
OVERSAMPLING,04-Ionosphere,10,NA,NA,NA,NA
OVERSAMPLING,04-Ionosphere,11,NA,NA,NA,NA
OVERSAMPLING,04-Ionosphere,12,NA,NA,NA,NA
OVERSAMPLING,04-Ionosphere,13,NA,NA,NA,NA
OVERSAMPLING,04-Ionosphere,14,NA,NA,NA,NA
OVERSAMPLING,04-Ionosphere,15,NA,NA,NA,NA
OVERSAMPLING,04-Ionosphere,16,NA,NA,NA,NA
OVERSAMPLING,04-Ionosphere,17,NA,NA,NA,NA
OVERSAMPLING,04-Ionosphere,18,NA,NA,NA,NA
OVERSAMPLING,04-Ionosphere,19,NA,NA,NA,NA
OVERSAMPLING,04-Ionosphere,20,NA,NA,NA,NA
OVERSAMPLING,04-Ionosphere,21,NA,NA,NA,NA
OVERSAMPLING,04-Ionosphere,22,NA,NA,NA,NA
OVERSAMPLING,04-Ionosphere,23,NA,NA,NA,NA
OVERSAMPLING,04-Ionosphere,24,NA,NA,NA,NA
OVERSAMPLING,04-Ionosphere,25,NA,NA,NA,NA
OVERSAMPLING,04-Ionosphere,26,NA,NA,NA,NA
OVERSAMPLING,04-Ionosphere,27,NA,NA,NA,NA
OVERSAMPLING,04-Ionosphere,28,NA,NA,NA,NA
OVERSAMPLING,04-Ionosphere,29,NA,NA,NA,NA
OVERSAMPLING,04-Ionosphere,30,NA,NA,NA,NA
OVERSAMPLING,04-Ionosphere,31,NA,NA,NA,NA
OVERSAMPLING,04-Ionosphere,32,NA,NA,NA,NA
OVERSAMPLING,04-Ionosphere,33,NA,NA,NA,NA
OVERSAMPLING,04-Ionosphere,34,NA,NA,NA,NA
OVERSAMPLING,04-Ionosphere,35,NA,NA,NA,NA
OVERSAMPLING,04-Ionosphere,36,NA,NA,NA,NA
OVERSAMPLING,04-Ionosphere,37,NA,NA,NA,NA
OVERSAMPLING,04-Ionosphere,38,NA,NA,NA,NA
OVERSAMPLING,04-Ionosphere,39,NA,NA,NA,NA
OVERSAMPLING,04-Ionosphere,40,NA,NA,NA,NA
OVERSAMPLING,04-Ionosphere,41,NA,NA,NA,NA
OVERSAMPLING,04-Ionosphere,42,NA,NA,NA,NA
OVERSAMPLING,04-Ionosphere,43,NA,NA,NA,NA
OVERSAMPLING,04-Ionosphere,44,NA,NA,NA,NA
OVERSAMPLING,04-Ionosphere,45,NA,NA,NA,NA
OVERSAMPLING,04-Ionosphere,46,NA,NA,NA,NA
OVERSAMPLING,04-Ionosphere,48,NA,NA,NA,NA
OVERSAMPLING,04-Ionosphere,49,NA,NA,NA,NA
OVERSAMPLING,05-phoneme,time,NA,NA,NA,NA
OVERSAMPLING,05-phoneme,v1,NA,NA,NA,NA
OVERSAMPLING,05-phoneme,v2,NA,NA,NA,NA
OVERSAMPLING,05-phoneme,v3,NA,NA,NA,NA
OVERSAMPLING,05-phoneme,v4,NA,NA,NA,NA
OVERSAMPLING,05-phoneme,v5,NA,NA,NA,NA
OVERSAMPLING,05-phoneme,v6,NA,NA,NA,NA
OVERSAMPLING,05-phoneme,v7,NA,NA,NA,NA
OVERSAMPLING,05-phoneme,v8,NA,NA,NA,NA
OVERSAMPLING,05-phoneme,v9,NA,NA,NA,NA
OVERSAMPLING,05-phoneme,v10,NA,NA,NA,NA
OVERSAMPLING,05-phoneme,v11,NA,NA,NA,NA
OVERSAMPLING,05-phoneme,v12,NA,NA,NA,NA
OVERSAMPLING,05-phoneme,v13,NA,NA,NA,NA
OVERSAMPLING,05-phoneme,v14,NA,NA,NA,NA
OVERSAMPLING,05-phoneme,v15,NA,NA,NA,NA
OVERSAMPLING,05-phoneme,v16,NA,NA,NA,NA
OVERSAMPLING,05-phoneme,v17,NA,NA,NA,NA
OVERSAMPLING,05-phoneme,v18,NA,NA,NA,NA
OVERSAMPLING,05-phoneme,v19,NA,NA,NA,NA
OVERSAMPLING,05-phoneme,v20,NA,NA,NA,NA
OVERSAMPLING,05-phoneme,v21,NA,NA,NA,NA
OVERSAMPLING,05-phoneme,v22,NA,NA,NA,NA
OVERSAMPLING,05-phoneme,v23,NA,NA,NA,NA
OVERSAMPLING,05-phoneme,v24,NA,NA,NA,NA
OVERSAMPLING,05-phoneme,v25,NA,NA,NA,NA
OVERSAMPLING,05-phoneme,v26,NA,NA,NA,NA
OVERSAMPLING,05-phoneme,v27,NA,NA,NA,NA
OVERSAMPLING,05-phoneme,v28,NA,NA,NA,NA
OVERSAMPLING,05-phoneme,amount,NA,NA,NA,NA
OVERSAMPLING,05-phoneme,radius1,NA,NA,NA,NA
OVERSAMPLING,05-phoneme,texture1,NA,NA,NA,NA
OVERSAMPLING,05-phoneme,perimeter1,NA,NA,NA,NA
OVERSAMPLING,05-phoneme,area1,NA,NA,NA,NA
OVERSAMPLING,05-phoneme,smoothness1,NA,NA,NA,NA
OVERSAMPLING,05-phoneme,compactness1,NA,NA,NA,NA
OVERSAMPLING,05-phoneme,concavity1,NA,NA,NA,NA
OVERSAMPLING,05-phoneme,concave_points1,NA,NA,NA,NA
OVERSAMPLING,05-phoneme,symmetry1,NA,NA,NA,NA
OVERSAMPLING,05-phoneme,fractal_dimension1,NA,NA,NA,NA
OVERSAMPLING,05-phoneme,radius2,NA,NA,NA,NA
OVERSAMPLING,05-phoneme,texture2,NA,NA,NA,NA
OVERSAMPLING,05-phoneme,perimeter2,NA,NA,NA,NA
OVERSAMPLING,05-phoneme,area2,NA,NA,NA,NA
OVERSAMPLING,05-phoneme,smoothness2,NA,NA,NA,NA
OVERSAMPLING,05-phoneme,compactness2,NA,NA,NA,NA
OVERSAMPLING,05-phoneme,concavity2,NA,NA,NA,NA
OVERSAMPLING,05-phoneme,concave_points2,NA,NA,NA,NA
OVERSAMPLING,05-phoneme,symmetry2,NA,NA,NA,NA
OVERSAMPLING,05-phoneme,fractal_dimension2,NA,NA,NA,NA
OVERSAMPLING,05-phoneme,radius3,NA,NA,NA,NA
OVERSAMPLING,05-phoneme,texture3,NA,NA,NA,NA
OVERSAMPLING,05-phoneme,perimeter3,NA,NA,NA,NA
OVERSAMPLING,05-phoneme,area3,NA,NA,NA,NA
OVERSAMPLING,05-phoneme,smoothness3,NA,NA,NA,NA
OVERSAMPLING,05-phoneme,compactness3,NA,NA,NA,NA
OVERSAMPLING,05-phoneme,concavity3,NA,NA,NA,NA
OVERSAMPLING,05-phoneme,concave_points3,NA,NA,NA,NA
OVERSAMPLING,05-phoneme,symmetry3,NA,NA,NA,NA
OVERSAMPLING,05-phoneme,fractal_dimension3,NA,NA,NA,NA
OVERSAMPLING,05-phoneme,pregnancies,NA,NA,NA,NA
OVERSAMPLING,05-phoneme,glucose,NA,NA,NA,NA
OVERSAMPLING,05-phoneme,bloodpressure,NA,NA,NA,NA
OVERSAMPLING,05-phoneme,skinthickness,NA,NA,NA,NA
OVERSAMPLING,05-phoneme,insulin,NA,NA,NA,NA
OVERSAMPLING,05-phoneme,bmi,NA,NA,NA,NA
OVERSAMPLING,05-phoneme,diabetespedigreefunction,NA,NA,NA,NA
OVERSAMPLING,05-phoneme,age,NA,NA,NA,NA
OVERSAMPLING,05-phoneme,attribute01,NA,NA,NA,NA
OVERSAMPLING,05-phoneme,attribute02,NA,NA,NA,NA
OVERSAMPLING,05-phoneme,attribute03,NA,NA,NA,NA
OVERSAMPLING,05-phoneme,attribute04,NA,NA,NA,NA
OVERSAMPLING,05-phoneme,attribute05,NA,NA,NA,NA
OVERSAMPLING,05-phoneme,attribute06,NA,NA,NA,NA
OVERSAMPLING,05-phoneme,attribute07,NA,NA,NA,NA
OVERSAMPLING,05-phoneme,attribute08,NA,NA,NA,NA
OVERSAMPLING,05-phoneme,attribute09,NA,NA,NA,NA
OVERSAMPLING,05-phoneme,attribute10,NA,NA,NA,NA
OVERSAMPLING,05-phoneme,attribute11,NA,NA,NA,NA
OVERSAMPLING,05-phoneme,attribute12,NA,NA,NA,NA
OVERSAMPLING,05-phoneme,attribute13,NA,NA,NA,NA
OVERSAMPLING,05-phoneme,attribute14,NA,NA,NA,NA
OVERSAMPLING,05-phoneme,attribute15,NA,NA,NA,NA
OVERSAMPLING,05-phoneme,attribute16,NA,NA,NA,NA
OVERSAMPLING,05-phoneme,attribute17,NA,NA,NA,NA
OVERSAMPLING,05-phoneme,attribute18,NA,NA,NA,NA
OVERSAMPLING,05-phoneme,attribute19,NA,NA,NA,NA
OVERSAMPLING,05-phoneme,attribute20,NA,NA,NA,NA
OVERSAMPLING,05-phoneme,attribute21,NA,NA,NA,NA
OVERSAMPLING,05-phoneme,attribute22,NA,NA,NA,NA
OVERSAMPLING,05-phoneme,attribute23,NA,NA,NA,NA
OVERSAMPLING,05-phoneme,attribute24,NA,NA,NA,NA
OVERSAMPLING,05-phoneme,attribute25,NA,NA,NA,NA
OVERSAMPLING,05-phoneme,attribute26,NA,NA,NA,NA
OVERSAMPLING,05-phoneme,attribute27,NA,NA,NA,NA
OVERSAMPLING,05-phoneme,attribute28,NA,NA,NA,NA
OVERSAMPLING,05-phoneme,attribute29,NA,NA,NA,NA
OVERSAMPLING,05-phoneme,attribute30,NA,NA,NA,NA
OVERSAMPLING,05-phoneme,attribute31,NA,NA,NA,NA
OVERSAMPLING,05-phoneme,attribute32,NA,NA,NA,NA
OVERSAMPLING,05-phoneme,attribute33,NA,NA,NA,NA
OVERSAMPLING,05-phoneme,attribute34,NA,NA,NA,NA
OVERSAMPLING,05-phoneme,aa,0.707574777370351,0.7667817981064007,-1.7,4.107
OVERSAMPLING,05-phoneme,ao,1.1770197747511786,0.8141741971565558,-1.327,4.378
OVERSAMPLING,05-phoneme,dcl,0.8942197485594552,0.8928052386385259,-1.823,3.199
OVERSAMPLING,05-phoneme,iy,0.5235890518596124,0.843312699047756,-1.581,2.826
OVERSAMPLING,05-phoneme,sh,0.1053387899423782,0.6469361978433036,-1.284,2.719
OVERSAMPLING,05-phoneme,0,NA,NA,NA,NA
OVERSAMPLING,05-phoneme,1,NA,NA,NA,NA
OVERSAMPLING,05-phoneme,2,NA,NA,NA,NA
OVERSAMPLING,05-phoneme,3,NA,NA,NA,NA
OVERSAMPLING,05-phoneme,4,NA,NA,NA,NA
OVERSAMPLING,05-phoneme,5,NA,NA,NA,NA
OVERSAMPLING,05-phoneme,6,NA,NA,NA,NA
OVERSAMPLING,05-phoneme,7,NA,NA,NA,NA
OVERSAMPLING,05-phoneme,8,NA,NA,NA,NA
OVERSAMPLING,05-phoneme,9,NA,NA,NA,NA
OVERSAMPLING,05-phoneme,10,NA,NA,NA,NA
OVERSAMPLING,05-phoneme,11,NA,NA,NA,NA
OVERSAMPLING,05-phoneme,12,NA,NA,NA,NA
OVERSAMPLING,05-phoneme,13,NA,NA,NA,NA
OVERSAMPLING,05-phoneme,14,NA,NA,NA,NA
OVERSAMPLING,05-phoneme,15,NA,NA,NA,NA
OVERSAMPLING,05-phoneme,16,NA,NA,NA,NA
OVERSAMPLING,05-phoneme,17,NA,NA,NA,NA
OVERSAMPLING,05-phoneme,18,NA,NA,NA,NA
OVERSAMPLING,05-phoneme,19,NA,NA,NA,NA
OVERSAMPLING,05-phoneme,20,NA,NA,NA,NA
OVERSAMPLING,05-phoneme,21,NA,NA,NA,NA
OVERSAMPLING,05-phoneme,22,NA,NA,NA,NA
OVERSAMPLING,05-phoneme,23,NA,NA,NA,NA
OVERSAMPLING,05-phoneme,24,NA,NA,NA,NA
OVERSAMPLING,05-phoneme,25,NA,NA,NA,NA
OVERSAMPLING,05-phoneme,26,NA,NA,NA,NA
OVERSAMPLING,05-phoneme,27,NA,NA,NA,NA
OVERSAMPLING,05-phoneme,28,NA,NA,NA,NA
OVERSAMPLING,05-phoneme,29,NA,NA,NA,NA
OVERSAMPLING,05-phoneme,30,NA,NA,NA,NA
OVERSAMPLING,05-phoneme,31,NA,NA,NA,NA
OVERSAMPLING,05-phoneme,32,NA,NA,NA,NA
OVERSAMPLING,05-phoneme,33,NA,NA,NA,NA
OVERSAMPLING,05-phoneme,34,NA,NA,NA,NA
OVERSAMPLING,05-phoneme,35,NA,NA,NA,NA
OVERSAMPLING,05-phoneme,36,NA,NA,NA,NA
OVERSAMPLING,05-phoneme,37,NA,NA,NA,NA
OVERSAMPLING,05-phoneme,38,NA,NA,NA,NA
OVERSAMPLING,05-phoneme,39,NA,NA,NA,NA
OVERSAMPLING,05-phoneme,40,NA,NA,NA,NA
OVERSAMPLING,05-phoneme,41,NA,NA,NA,NA
OVERSAMPLING,05-phoneme,42,NA,NA,NA,NA
OVERSAMPLING,05-phoneme,43,NA,NA,NA,NA
OVERSAMPLING,05-phoneme,44,NA,NA,NA,NA
OVERSAMPLING,05-phoneme,45,NA,NA,NA,NA
OVERSAMPLING,05-phoneme,46,NA,NA,NA,NA
OVERSAMPLING,05-phoneme,48,NA,NA,NA,NA
OVERSAMPLING,05-phoneme,49,NA,NA,NA,NA
OVERSAMPLING,06-The Mammography (Kevin Woods),time,NA,NA,NA,NA
OVERSAMPLING,06-The Mammography (Kevin Woods),v1,NA,NA,NA,NA
OVERSAMPLING,06-The Mammography (Kevin Woods),v2,NA,NA,NA,NA
OVERSAMPLING,06-The Mammography (Kevin Woods),v3,NA,NA,NA,NA
OVERSAMPLING,06-The Mammography (Kevin Woods),v4,NA,NA,NA,NA
OVERSAMPLING,06-The Mammography (Kevin Woods),v5,NA,NA,NA,NA
OVERSAMPLING,06-The Mammography (Kevin Woods),v6,NA,NA,NA,NA
OVERSAMPLING,06-The Mammography (Kevin Woods),v7,NA,NA,NA,NA
OVERSAMPLING,06-The Mammography (Kevin Woods),v8,NA,NA,NA,NA
OVERSAMPLING,06-The Mammography (Kevin Woods),v9,NA,NA,NA,NA
OVERSAMPLING,06-The Mammography (Kevin Woods),v10,NA,NA,NA,NA
OVERSAMPLING,06-The Mammography (Kevin Woods),v11,NA,NA,NA,NA
OVERSAMPLING,06-The Mammography (Kevin Woods),v12,NA,NA,NA,NA
OVERSAMPLING,06-The Mammography (Kevin Woods),v13,NA,NA,NA,NA
OVERSAMPLING,06-The Mammography (Kevin Woods),v14,NA,NA,NA,NA
OVERSAMPLING,06-The Mammography (Kevin Woods),v15,NA,NA,NA,NA
OVERSAMPLING,06-The Mammography (Kevin Woods),v16,NA,NA,NA,NA
OVERSAMPLING,06-The Mammography (Kevin Woods),v17,NA,NA,NA,NA
OVERSAMPLING,06-The Mammography (Kevin Woods),v18,NA,NA,NA,NA
OVERSAMPLING,06-The Mammography (Kevin Woods),v19,NA,NA,NA,NA
OVERSAMPLING,06-The Mammography (Kevin Woods),v20,NA,NA,NA,NA
OVERSAMPLING,06-The Mammography (Kevin Woods),v21,NA,NA,NA,NA
OVERSAMPLING,06-The Mammography (Kevin Woods),v22,NA,NA,NA,NA
OVERSAMPLING,06-The Mammography (Kevin Woods),v23,NA,NA,NA,NA
OVERSAMPLING,06-The Mammography (Kevin Woods),v24,NA,NA,NA,NA
OVERSAMPLING,06-The Mammography (Kevin Woods),v25,NA,NA,NA,NA
OVERSAMPLING,06-The Mammography (Kevin Woods),v26,NA,NA,NA,NA
OVERSAMPLING,06-The Mammography (Kevin Woods),v27,NA,NA,NA,NA
OVERSAMPLING,06-The Mammography (Kevin Woods),v28,NA,NA,NA,NA
OVERSAMPLING,06-The Mammography (Kevin Woods),amount,NA,NA,NA,NA
OVERSAMPLING,06-The Mammography (Kevin Woods),radius1,NA,NA,NA,NA
OVERSAMPLING,06-The Mammography (Kevin Woods),texture1,NA,NA,NA,NA
OVERSAMPLING,06-The Mammography (Kevin Woods),perimeter1,NA,NA,NA,NA
OVERSAMPLING,06-The Mammography (Kevin Woods),area1,NA,NA,NA,NA
OVERSAMPLING,06-The Mammography (Kevin Woods),smoothness1,NA,NA,NA,NA
OVERSAMPLING,06-The Mammography (Kevin Woods),compactness1,NA,NA,NA,NA
OVERSAMPLING,06-The Mammography (Kevin Woods),concavity1,NA,NA,NA,NA
OVERSAMPLING,06-The Mammography (Kevin Woods),concave_points1,NA,NA,NA,NA
OVERSAMPLING,06-The Mammography (Kevin Woods),symmetry1,NA,NA,NA,NA
OVERSAMPLING,06-The Mammography (Kevin Woods),fractal_dimension1,NA,NA,NA,NA
OVERSAMPLING,06-The Mammography (Kevin Woods),radius2,NA,NA,NA,NA
OVERSAMPLING,06-The Mammography (Kevin Woods),texture2,NA,NA,NA,NA
OVERSAMPLING,06-The Mammography (Kevin Woods),perimeter2,NA,NA,NA,NA
OVERSAMPLING,06-The Mammography (Kevin Woods),area2,NA,NA,NA,NA
OVERSAMPLING,06-The Mammography (Kevin Woods),smoothness2,NA,NA,NA,NA
OVERSAMPLING,06-The Mammography (Kevin Woods),compactness2,NA,NA,NA,NA
OVERSAMPLING,06-The Mammography (Kevin Woods),concavity2,NA,NA,NA,NA
OVERSAMPLING,06-The Mammography (Kevin Woods),concave_points2,NA,NA,NA,NA
OVERSAMPLING,06-The Mammography (Kevin Woods),symmetry2,NA,NA,NA,NA
OVERSAMPLING,06-The Mammography (Kevin Woods),fractal_dimension2,NA,NA,NA,NA
OVERSAMPLING,06-The Mammography (Kevin Woods),radius3,NA,NA,NA,NA
OVERSAMPLING,06-The Mammography (Kevin Woods),texture3,NA,NA,NA,NA
OVERSAMPLING,06-The Mammography (Kevin Woods),perimeter3,NA,NA,NA,NA
OVERSAMPLING,06-The Mammography (Kevin Woods),area3,NA,NA,NA,NA
OVERSAMPLING,06-The Mammography (Kevin Woods),smoothness3,NA,NA,NA,NA
OVERSAMPLING,06-The Mammography (Kevin Woods),compactness3,NA,NA,NA,NA
OVERSAMPLING,06-The Mammography (Kevin Woods),concavity3,NA,NA,NA,NA
OVERSAMPLING,06-The Mammography (Kevin Woods),concave_points3,NA,NA,NA,NA
OVERSAMPLING,06-The Mammography (Kevin Woods),symmetry3,NA,NA,NA,NA
OVERSAMPLING,06-The Mammography (Kevin Woods),fractal_dimension3,NA,NA,NA,NA
OVERSAMPLING,06-The Mammography (Kevin Woods),pregnancies,NA,NA,NA,NA
OVERSAMPLING,06-The Mammography (Kevin Woods),glucose,NA,NA,NA,NA
OVERSAMPLING,06-The Mammography (Kevin Woods),bloodpressure,NA,NA,NA,NA
OVERSAMPLING,06-The Mammography (Kevin Woods),skinthickness,NA,NA,NA,NA
OVERSAMPLING,06-The Mammography (Kevin Woods),insulin,NA,NA,NA,NA
OVERSAMPLING,06-The Mammography (Kevin Woods),bmi,NA,NA,NA,NA
OVERSAMPLING,06-The Mammography (Kevin Woods),diabetespedigreefunction,NA,NA,NA,NA
OVERSAMPLING,06-The Mammography (Kevin Woods),age,NA,NA,NA,NA
OVERSAMPLING,06-The Mammography (Kevin Woods),attribute01,NA,NA,NA,NA
OVERSAMPLING,06-The Mammography (Kevin Woods),attribute02,NA,NA,NA,NA
OVERSAMPLING,06-The Mammography (Kevin Woods),attribute03,NA,NA,NA,NA
OVERSAMPLING,06-The Mammography (Kevin Woods),attribute04,NA,NA,NA,NA
OVERSAMPLING,06-The Mammography (Kevin Woods),attribute05,NA,NA,NA,NA
OVERSAMPLING,06-The Mammography (Kevin Woods),attribute06,NA,NA,NA,NA
OVERSAMPLING,06-The Mammography (Kevin Woods),attribute07,NA,NA,NA,NA
OVERSAMPLING,06-The Mammography (Kevin Woods),attribute08,NA,NA,NA,NA
OVERSAMPLING,06-The Mammography (Kevin Woods),attribute09,NA,NA,NA,NA
OVERSAMPLING,06-The Mammography (Kevin Woods),attribute10,NA,NA,NA,NA
OVERSAMPLING,06-The Mammography (Kevin Woods),attribute11,NA,NA,NA,NA
OVERSAMPLING,06-The Mammography (Kevin Woods),attribute12,NA,NA,NA,NA
OVERSAMPLING,06-The Mammography (Kevin Woods),attribute13,NA,NA,NA,NA
OVERSAMPLING,06-The Mammography (Kevin Woods),attribute14,NA,NA,NA,NA
OVERSAMPLING,06-The Mammography (Kevin Woods),attribute15,NA,NA,NA,NA
OVERSAMPLING,06-The Mammography (Kevin Woods),attribute16,NA,NA,NA,NA
OVERSAMPLING,06-The Mammography (Kevin Woods),attribute17,NA,NA,NA,NA
OVERSAMPLING,06-The Mammography (Kevin Woods),attribute18,NA,NA,NA,NA
OVERSAMPLING,06-The Mammography (Kevin Woods),attribute19,NA,NA,NA,NA
OVERSAMPLING,06-The Mammography (Kevin Woods),attribute20,NA,NA,NA,NA
OVERSAMPLING,06-The Mammography (Kevin Woods),attribute21,NA,NA,NA,NA
OVERSAMPLING,06-The Mammography (Kevin Woods),attribute22,NA,NA,NA,NA
OVERSAMPLING,06-The Mammography (Kevin Woods),attribute23,NA,NA,NA,NA
OVERSAMPLING,06-The Mammography (Kevin Woods),attribute24,NA,NA,NA,NA
OVERSAMPLING,06-The Mammography (Kevin Woods),attribute25,NA,NA,NA,NA
OVERSAMPLING,06-The Mammography (Kevin Woods),attribute26,NA,NA,NA,NA
OVERSAMPLING,06-The Mammography (Kevin Woods),attribute27,NA,NA,NA,NA
OVERSAMPLING,06-The Mammography (Kevin Woods),attribute28,NA,NA,NA,NA
OVERSAMPLING,06-The Mammography (Kevin Woods),attribute29,NA,NA,NA,NA
OVERSAMPLING,06-The Mammography (Kevin Woods),attribute30,NA,NA,NA,NA
OVERSAMPLING,06-The Mammography (Kevin Woods),attribute31,NA,NA,NA,NA
OVERSAMPLING,06-The Mammography (Kevin Woods),attribute32,NA,NA,NA,NA
OVERSAMPLING,06-The Mammography (Kevin Woods),attribute33,NA,NA,NA,NA
OVERSAMPLING,06-The Mammography (Kevin Woods),attribute34,NA,NA,NA,NA
OVERSAMPLING,06-The Mammography (Kevin Woods),aa,NA,NA,NA,NA
OVERSAMPLING,06-The Mammography (Kevin Woods),ao,NA,NA,NA,NA
OVERSAMPLING,06-The Mammography (Kevin Woods),dcl,NA,NA,NA,NA
OVERSAMPLING,06-The Mammography (Kevin Woods),iy,NA,NA,NA,NA
OVERSAMPLING,06-The Mammography (Kevin Woods),sh,NA,NA,NA,NA
OVERSAMPLING,06-The Mammography (Kevin Woods),0,0.37258180937943036,1.2031183993663381,-0.78441482,16.186909
OVERSAMPLING,06-The Mammography (Kevin Woods),1,-0.06014283626612195,0.801421925853944,-0.47019533,5.0858491
OVERSAMPLING,06-The Mammography (Kevin Woods),2,-0.14502357033698618,0.7573494337185936,-0.59163147,20.686865
OVERSAMPLING,06-The Mammography (Kevin Woods),3,0.81755973928792,1.4969053365265312,-0.85955255,9.591164
OVERSAMPLING,06-The Mammography (Kevin Woods),4,1.5081775552207204,2.993223436991801,-0.37786573,23.617122
OVERSAMPLING,06-The Mammography (Kevin Woods),5,0.5372116571767783,1.0158909085889798,-0.94572324,1.9490273
OVERSAMPLING,06-The Mammography (Kevin Woods),6,NA,NA,NA,NA
OVERSAMPLING,06-The Mammography (Kevin Woods),7,NA,NA,NA,NA
OVERSAMPLING,06-The Mammography (Kevin Woods),8,NA,NA,NA,NA
OVERSAMPLING,06-The Mammography (Kevin Woods),9,NA,NA,NA,NA
OVERSAMPLING,06-The Mammography (Kevin Woods),10,NA,NA,NA,NA
OVERSAMPLING,06-The Mammography (Kevin Woods),11,NA,NA,NA,NA
OVERSAMPLING,06-The Mammography (Kevin Woods),12,NA,NA,NA,NA
OVERSAMPLING,06-The Mammography (Kevin Woods),13,NA,NA,NA,NA
OVERSAMPLING,06-The Mammography (Kevin Woods),14,NA,NA,NA,NA
OVERSAMPLING,06-The Mammography (Kevin Woods),15,NA,NA,NA,NA
OVERSAMPLING,06-The Mammography (Kevin Woods),16,NA,NA,NA,NA
OVERSAMPLING,06-The Mammography (Kevin Woods),17,NA,NA,NA,NA
OVERSAMPLING,06-The Mammography (Kevin Woods),18,NA,NA,NA,NA
OVERSAMPLING,06-The Mammography (Kevin Woods),19,NA,NA,NA,NA
OVERSAMPLING,06-The Mammography (Kevin Woods),20,NA,NA,NA,NA
OVERSAMPLING,06-The Mammography (Kevin Woods),21,NA,NA,NA,NA
OVERSAMPLING,06-The Mammography (Kevin Woods),22,NA,NA,NA,NA
OVERSAMPLING,06-The Mammography (Kevin Woods),23,NA,NA,NA,NA
OVERSAMPLING,06-The Mammography (Kevin Woods),24,NA,NA,NA,NA
OVERSAMPLING,06-The Mammography (Kevin Woods),25,NA,NA,NA,NA
OVERSAMPLING,06-The Mammography (Kevin Woods),26,NA,NA,NA,NA
OVERSAMPLING,06-The Mammography (Kevin Woods),27,NA,NA,NA,NA
OVERSAMPLING,06-The Mammography (Kevin Woods),28,NA,NA,NA,NA
OVERSAMPLING,06-The Mammography (Kevin Woods),29,NA,NA,NA,NA
OVERSAMPLING,06-The Mammography (Kevin Woods),30,NA,NA,NA,NA
OVERSAMPLING,06-The Mammography (Kevin Woods),31,NA,NA,NA,NA
OVERSAMPLING,06-The Mammography (Kevin Woods),32,NA,NA,NA,NA
OVERSAMPLING,06-The Mammography (Kevin Woods),33,NA,NA,NA,NA
OVERSAMPLING,06-The Mammography (Kevin Woods),34,NA,NA,NA,NA
OVERSAMPLING,06-The Mammography (Kevin Woods),35,NA,NA,NA,NA
OVERSAMPLING,06-The Mammography (Kevin Woods),36,NA,NA,NA,NA
OVERSAMPLING,06-The Mammography (Kevin Woods),37,NA,NA,NA,NA
OVERSAMPLING,06-The Mammography (Kevin Woods),38,NA,NA,NA,NA
OVERSAMPLING,06-The Mammography (Kevin Woods),39,NA,NA,NA,NA
OVERSAMPLING,06-The Mammography (Kevin Woods),40,NA,NA,NA,NA
OVERSAMPLING,06-The Mammography (Kevin Woods),41,NA,NA,NA,NA
OVERSAMPLING,06-The Mammography (Kevin Woods),42,NA,NA,NA,NA
OVERSAMPLING,06-The Mammography (Kevin Woods),43,NA,NA,NA,NA
OVERSAMPLING,06-The Mammography (Kevin Woods),44,NA,NA,NA,NA
OVERSAMPLING,06-The Mammography (Kevin Woods),45,NA,NA,NA,NA
OVERSAMPLING,06-The Mammography (Kevin Woods),46,NA,NA,NA,NA
OVERSAMPLING,06-The Mammography (Kevin Woods),48,NA,NA,NA,NA
OVERSAMPLING,06-The Mammography (Kevin Woods),49,NA,NA,NA,NA
OVERSAMPLING,07-Oil Spill Imbalanced Classification,time,NA,NA,NA,NA
OVERSAMPLING,07-Oil Spill Imbalanced Classification,v1,NA,NA,NA,NA
OVERSAMPLING,07-Oil Spill Imbalanced Classification,v2,NA,NA,NA,NA
OVERSAMPLING,07-Oil Spill Imbalanced Classification,v3,NA,NA,NA,NA
OVERSAMPLING,07-Oil Spill Imbalanced Classification,v4,NA,NA,NA,NA
OVERSAMPLING,07-Oil Spill Imbalanced Classification,v5,NA,NA,NA,NA
OVERSAMPLING,07-Oil Spill Imbalanced Classification,v6,NA,NA,NA,NA
OVERSAMPLING,07-Oil Spill Imbalanced Classification,v7,NA,NA,NA,NA
OVERSAMPLING,07-Oil Spill Imbalanced Classification,v8,NA,NA,NA,NA
OVERSAMPLING,07-Oil Spill Imbalanced Classification,v9,NA,NA,NA,NA
OVERSAMPLING,07-Oil Spill Imbalanced Classification,v10,NA,NA,NA,NA
OVERSAMPLING,07-Oil Spill Imbalanced Classification,v11,NA,NA,NA,NA
OVERSAMPLING,07-Oil Spill Imbalanced Classification,v12,NA,NA,NA,NA
OVERSAMPLING,07-Oil Spill Imbalanced Classification,v13,NA,NA,NA,NA
OVERSAMPLING,07-Oil Spill Imbalanced Classification,v14,NA,NA,NA,NA
OVERSAMPLING,07-Oil Spill Imbalanced Classification,v15,NA,NA,NA,NA
OVERSAMPLING,07-Oil Spill Imbalanced Classification,v16,NA,NA,NA,NA
OVERSAMPLING,07-Oil Spill Imbalanced Classification,v17,NA,NA,NA,NA
OVERSAMPLING,07-Oil Spill Imbalanced Classification,v18,NA,NA,NA,NA
OVERSAMPLING,07-Oil Spill Imbalanced Classification,v19,NA,NA,NA,NA
OVERSAMPLING,07-Oil Spill Imbalanced Classification,v20,NA,NA,NA,NA
OVERSAMPLING,07-Oil Spill Imbalanced Classification,v21,NA,NA,NA,NA
OVERSAMPLING,07-Oil Spill Imbalanced Classification,v22,NA,NA,NA,NA
OVERSAMPLING,07-Oil Spill Imbalanced Classification,v23,NA,NA,NA,NA
OVERSAMPLING,07-Oil Spill Imbalanced Classification,v24,NA,NA,NA,NA
OVERSAMPLING,07-Oil Spill Imbalanced Classification,v25,NA,NA,NA,NA
OVERSAMPLING,07-Oil Spill Imbalanced Classification,v26,NA,NA,NA,NA
OVERSAMPLING,07-Oil Spill Imbalanced Classification,v27,NA,NA,NA,NA
OVERSAMPLING,07-Oil Spill Imbalanced Classification,v28,NA,NA,NA,NA
OVERSAMPLING,07-Oil Spill Imbalanced Classification,amount,NA,NA,NA,NA
OVERSAMPLING,07-Oil Spill Imbalanced Classification,radius1,NA,NA,NA,NA
OVERSAMPLING,07-Oil Spill Imbalanced Classification,texture1,NA,NA,NA,NA
OVERSAMPLING,07-Oil Spill Imbalanced Classification,perimeter1,NA,NA,NA,NA
OVERSAMPLING,07-Oil Spill Imbalanced Classification,area1,NA,NA,NA,NA
OVERSAMPLING,07-Oil Spill Imbalanced Classification,smoothness1,NA,NA,NA,NA
OVERSAMPLING,07-Oil Spill Imbalanced Classification,compactness1,NA,NA,NA,NA
OVERSAMPLING,07-Oil Spill Imbalanced Classification,concavity1,NA,NA,NA,NA
OVERSAMPLING,07-Oil Spill Imbalanced Classification,concave_points1,NA,NA,NA,NA
OVERSAMPLING,07-Oil Spill Imbalanced Classification,symmetry1,NA,NA,NA,NA
OVERSAMPLING,07-Oil Spill Imbalanced Classification,fractal_dimension1,NA,NA,NA,NA
OVERSAMPLING,07-Oil Spill Imbalanced Classification,radius2,NA,NA,NA,NA
OVERSAMPLING,07-Oil Spill Imbalanced Classification,texture2,NA,NA,NA,NA
OVERSAMPLING,07-Oil Spill Imbalanced Classification,perimeter2,NA,NA,NA,NA
OVERSAMPLING,07-Oil Spill Imbalanced Classification,area2,NA,NA,NA,NA
OVERSAMPLING,07-Oil Spill Imbalanced Classification,smoothness2,NA,NA,NA,NA
OVERSAMPLING,07-Oil Spill Imbalanced Classification,compactness2,NA,NA,NA,NA
OVERSAMPLING,07-Oil Spill Imbalanced Classification,concavity2,NA,NA,NA,NA
OVERSAMPLING,07-Oil Spill Imbalanced Classification,concave_points2,NA,NA,NA,NA
OVERSAMPLING,07-Oil Spill Imbalanced Classification,symmetry2,NA,NA,NA,NA
OVERSAMPLING,07-Oil Spill Imbalanced Classification,fractal_dimension2,NA,NA,NA,NA
OVERSAMPLING,07-Oil Spill Imbalanced Classification,radius3,NA,NA,NA,NA
OVERSAMPLING,07-Oil Spill Imbalanced Classification,texture3,NA,NA,NA,NA
OVERSAMPLING,07-Oil Spill Imbalanced Classification,perimeter3,NA,NA,NA,NA
OVERSAMPLING,07-Oil Spill Imbalanced Classification,area3,NA,NA,NA,NA
OVERSAMPLING,07-Oil Spill Imbalanced Classification,smoothness3,NA,NA,NA,NA
OVERSAMPLING,07-Oil Spill Imbalanced Classification,compactness3,NA,NA,NA,NA
OVERSAMPLING,07-Oil Spill Imbalanced Classification,concavity3,NA,NA,NA,NA
OVERSAMPLING,07-Oil Spill Imbalanced Classification,concave_points3,NA,NA,NA,NA
OVERSAMPLING,07-Oil Spill Imbalanced Classification,symmetry3,NA,NA,NA,NA
OVERSAMPLING,07-Oil Spill Imbalanced Classification,fractal_dimension3,NA,NA,NA,NA
OVERSAMPLING,07-Oil Spill Imbalanced Classification,pregnancies,NA,NA,NA,NA
OVERSAMPLING,07-Oil Spill Imbalanced Classification,glucose,NA,NA,NA,NA
OVERSAMPLING,07-Oil Spill Imbalanced Classification,bloodpressure,NA,NA,NA,NA
OVERSAMPLING,07-Oil Spill Imbalanced Classification,skinthickness,NA,NA,NA,NA
OVERSAMPLING,07-Oil Spill Imbalanced Classification,insulin,NA,NA,NA,NA
OVERSAMPLING,07-Oil Spill Imbalanced Classification,bmi,NA,NA,NA,NA
OVERSAMPLING,07-Oil Spill Imbalanced Classification,diabetespedigreefunction,NA,NA,NA,NA
OVERSAMPLING,07-Oil Spill Imbalanced Classification,age,NA,NA,NA,NA
OVERSAMPLING,07-Oil Spill Imbalanced Classification,attribute01,NA,NA,NA,NA
OVERSAMPLING,07-Oil Spill Imbalanced Classification,attribute02,NA,NA,NA,NA
OVERSAMPLING,07-Oil Spill Imbalanced Classification,attribute03,NA,NA,NA,NA
OVERSAMPLING,07-Oil Spill Imbalanced Classification,attribute04,NA,NA,NA,NA
OVERSAMPLING,07-Oil Spill Imbalanced Classification,attribute05,NA,NA,NA,NA
OVERSAMPLING,07-Oil Spill Imbalanced Classification,attribute06,NA,NA,NA,NA
OVERSAMPLING,07-Oil Spill Imbalanced Classification,attribute07,NA,NA,NA,NA
OVERSAMPLING,07-Oil Spill Imbalanced Classification,attribute08,NA,NA,NA,NA
OVERSAMPLING,07-Oil Spill Imbalanced Classification,attribute09,NA,NA,NA,NA
OVERSAMPLING,07-Oil Spill Imbalanced Classification,attribute10,NA,NA,NA,NA
OVERSAMPLING,07-Oil Spill Imbalanced Classification,attribute11,NA,NA,NA,NA
OVERSAMPLING,07-Oil Spill Imbalanced Classification,attribute12,NA,NA,NA,NA
OVERSAMPLING,07-Oil Spill Imbalanced Classification,attribute13,NA,NA,NA,NA
OVERSAMPLING,07-Oil Spill Imbalanced Classification,attribute14,NA,NA,NA,NA
OVERSAMPLING,07-Oil Spill Imbalanced Classification,attribute15,NA,NA,NA,NA
OVERSAMPLING,07-Oil Spill Imbalanced Classification,attribute16,NA,NA,NA,NA
OVERSAMPLING,07-Oil Spill Imbalanced Classification,attribute17,NA,NA,NA,NA
OVERSAMPLING,07-Oil Spill Imbalanced Classification,attribute18,NA,NA,NA,NA
OVERSAMPLING,07-Oil Spill Imbalanced Classification,attribute19,NA,NA,NA,NA
OVERSAMPLING,07-Oil Spill Imbalanced Classification,attribute20,NA,NA,NA,NA
OVERSAMPLING,07-Oil Spill Imbalanced Classification,attribute21,NA,NA,NA,NA
OVERSAMPLING,07-Oil Spill Imbalanced Classification,attribute22,NA,NA,NA,NA
OVERSAMPLING,07-Oil Spill Imbalanced Classification,attribute23,NA,NA,NA,NA
OVERSAMPLING,07-Oil Spill Imbalanced Classification,attribute24,NA,NA,NA,NA
OVERSAMPLING,07-Oil Spill Imbalanced Classification,attribute25,NA,NA,NA,NA
OVERSAMPLING,07-Oil Spill Imbalanced Classification,attribute26,NA,NA,NA,NA
OVERSAMPLING,07-Oil Spill Imbalanced Classification,attribute27,NA,NA,NA,NA
OVERSAMPLING,07-Oil Spill Imbalanced Classification,attribute28,NA,NA,NA,NA
OVERSAMPLING,07-Oil Spill Imbalanced Classification,attribute29,NA,NA,NA,NA
OVERSAMPLING,07-Oil Spill Imbalanced Classification,attribute30,NA,NA,NA,NA
OVERSAMPLING,07-Oil Spill Imbalanced Classification,attribute31,NA,NA,NA,NA
OVERSAMPLING,07-Oil Spill Imbalanced Classification,attribute32,NA,NA,NA,NA
OVERSAMPLING,07-Oil Spill Imbalanced Classification,attribute33,NA,NA,NA,NA
OVERSAMPLING,07-Oil Spill Imbalanced Classification,attribute34,NA,NA,NA,NA
OVERSAMPLING,07-Oil Spill Imbalanced Classification,aa,NA,NA,NA,NA
OVERSAMPLING,07-Oil Spill Imbalanced Classification,ao,NA,NA,NA,NA
OVERSAMPLING,07-Oil Spill Imbalanced Classification,dcl,NA,NA,NA,NA
OVERSAMPLING,07-Oil Spill Imbalanced Classification,iy,NA,NA,NA,NA
OVERSAMPLING,07-Oil Spill Imbalanced Classification,sh,NA,NA,NA,NA
OVERSAMPLING,07-Oil Spill Imbalanced Classification,0,NA,NA,NA,NA
OVERSAMPLING,07-Oil Spill Imbalanced Classification,1,55.578125,63.10184735257479,1,352
OVERSAMPLING,07-Oil Spill Imbalanced Classification,2,476.8989955357143,1554.7664664948209,10,25523
OVERSAMPLING,07-Oil Spill Imbalanced Classification,3,672.1396037946429,545.8790202797549,1.92,1893.08
OVERSAMPLING,07-Oil Spill Imbalanced Classification,4,812.7129966517857,521.3425593523666,1,2689.99
OVERSAMPLING,07-Oil Spill Imbalanced Classification,5,75.96205357142857,43.87003940211197,0,180
OVERSAMPLING,07-Oil Spill Imbalanced Classification,6,1142838.5848214286,2600507.570600134,73125,35891720
OVERSAMPLING,07-Oil Spill Imbalanced Classification,7,42.1488671875,12.082318504150145,21.24,79.6
OVERSAMPLING,07-Oil Spill Imbalanced Classification,8,8.865970982142857,3.7304161932884328,0.83,24.69
OVERSAMPLING,07-Oil Spill Imbalanced Classification,9,5241.403459821428,7106.0268578918385,667,61516.5
OVERSAMPLING,07-Oil Spill Imbalanced Classification,10,0.21734933035714285,0.08369439142099203,0.02,0.72
OVERSAMPLING,07-Oil Spill Imbalanced Classification,11,132.60965401785714,83.9496686007258,41,654.2
OVERSAMPLING,07-Oil Spill Imbalanced Classification,12,0.2552734375,0.09123835068821955,0.02,0.66
OVERSAMPLING,07-Oil Spill Imbalanced Classification,13,0.3228125,0.12837998673414086,0.03,0.83
OVERSAMPLING,07-Oil Spill Imbalanced Classification,14,0.5118526785714286,0.21068823054397307,0.06,1.23
OVERSAMPLING,07-Oil Spill Imbalanced Classification,15,0.1802734375,0.08486849292828241,0.02,0.65
OVERSAMPLING,07-Oil Spill Imbalanced Classification,16,0.3322154017857143,0.19485582130668455,0.03,1.12
OVERSAMPLING,07-Oil Spill Imbalanced Classification,17,89.3031640625,233.91019176940796,4.82,5717
OVERSAMPLING,07-Oil Spill Imbalanced Classification,18,28.268074776785713,69.28359494302322,1.97,1678.13
OVERSAMPLING,07-Oil Spill Imbalanced Classification,19,0.9682756696428572,0.6735909137231298,0.13,2.57
OVERSAMPLING,07-Oil Spill Imbalanced Classification,20,0.21904575892857142,0.07317963277536117,0.02,0.65
OVERSAMPLING,07-Oil Spill Imbalanced Classification,21,0.2843526785714286,0.09965336098010089,0.03,0.77
OVERSAMPLING,07-Oil Spill Imbalanced Classification,22,78.32961495535714,22.809297251636725,47.66,126.08
OVERSAMPLING,07-Oil Spill Imbalanced Classification,23,0,0,0,0
OVERSAMPLING,07-Oil Spill Imbalanced Classification,24,0.6070033482142857,0.28479738796950893,0.17,1.29
OVERSAMPLING,07-Oil Spill Imbalanced Classification,25,546.5797265625,627.39381021912,132.78,2036.8
OVERSAMPLING,07-Oil Spill Imbalanced Classification,26,0.47834263392857146,0.6852469335381055,-0.71,1.83
OVERSAMPLING,07-Oil Spill Imbalanced Classification,27,6.9076171875,3.864583864431059,2.96,14.78
OVERSAMPLING,07-Oil Spill Imbalanced Classification,28,0.7349832589285714,0.7648719797771542,-1.53,5.72
OVERSAMPLING,07-Oil Spill Imbalanced Classification,29,4.531233258928571,3.183743339158455,1.45,39.42
OVERSAMPLING,07-Oil Spill Imbalanced Classification,30,-3.0463448660714287,1.5891714037031124,-7.76,1.28
OVERSAMPLING,07-Oil Spill Imbalanced Classification,31,-0.4141294642857143,0.220669811730569,-1.37,0
OVERSAMPLING,07-Oil Spill Imbalanced Classification,32,1.8629017857142858,0.6164984200355725,0,2.98
OVERSAMPLING,07-Oil Spill Imbalanced Classification,33,0.002421875,0.04569391197488956,0,0.87
OVERSAMPLING,07-Oil Spill Imbalanced Classification,34,1.860474330357143,0.6208924867299651,0,2.98
OVERSAMPLING,07-Oil Spill Imbalanced Classification,35,52.598214285714285,83.66644548839182,5,882
OVERSAMPLING,07-Oil Spill Imbalanced Classification,36,2877.940848214286,4378.913644073161,360,45630
OVERSAMPLING,07-Oil Spill Imbalanced Classification,37,0.005675223214285714,0.005218988860842719,0,0.02
OVERSAMPLING,07-Oil Spill Imbalanced Classification,38,33.7434765625,28.173218674789293,5.05,441.23
OVERSAMPLING,07-Oil Spill Imbalanced Classification,39,92.81640625,21.532837526331065,64,143
OVERSAMPLING,07-Oil Spill Imbalanced Classification,40,62.671875,13.376585260135109,39,86
OVERSAMPLING,07-Oil Spill Imbalanced Classification,41,1258.1184821428571,1323.95758879556,0,11949.33
OVERSAMPLING,07-Oil Spill Imbalanced Classification,42,491.88586495535714,580.7577863928985,0,5020.46
OVERSAMPLING,07-Oil Spill Imbalanced Classification,43,297.6817857142857,381.469279564883,0,4531.14
OVERSAMPLING,07-Oil Spill Imbalanced Classification,44,113.08921875,113.25132338037898,0,1155.84
OVERSAMPLING,07-Oil Spill Imbalanced Classification,45,5.186378348214285,4.5241759166728635,0,76.63
OVERSAMPLING,07-Oil Spill Imbalanced Classification,46,0.16294642857142858,0.3694198772463578,0,1
OVERSAMPLING,07-Oil Spill Imbalanced Classification,48,61.53809709821429,10.504977449126061,35.96,66.42
OVERSAMPLING,07-Oil Spill Imbalanced Classification,49,8.214140625,2.888781113922531,5.84,15.44
UNDERSAMPLING,01-Credit Card Fraud Detection,time,90226.94105691057,48546.34148997872,399,172211
UNDERSAMPLING,01-Credit Card Fraud Detection,v1,-2.44239790053321,5.497362268220524,-30.552380043581,2.34171123948535
UNDERSAMPLING,01-Credit Card Fraud Detection,v2,1.7946739999935721,3.7511302026191586,-15.9028511034791,22.0577289904909
UNDERSAMPLING,01-Credit Card Fraud Detection,v3,-3.49053738191116,6.226141601246517,-31.1036848245812,3.51937366806354
UNDERSAMPLING,01-Credit Card Fraud Detection,v4,2.2844716492690273,3.2185108154632016,-3.99896109510597,12.1146718424589
UNDERSAMPLING,01-Credit Card Fraud Detection,v5,-1.5382974605695032,4.233462481181523,-22.105531524316,11.0950886001596
UNDERSAMPLING,01-Credit Card Fraud Detection,v6,-0.718433616280958,1.6997492156687544,-6.40626663445964,6.47411462748849
UNDERSAMPLING,01-Credit Card Fraud Detection,v7,-2.7787293723599764,5.8631243976736664,-43.5572415712451,6.23553977776305
UNDERSAMPLING,01-Credit Card Fraud Detection,v8,0.2765995988770238,4.870616243152291,-41.0442609210741,20.0072083651213
UNDERSAMPLING,01-Credit Card Fraud Detection,v9,-1.2997301612751553,2.320674461988858,-13.4340663182301,6.24086492921722
UNDERSAMPLING,01-Credit Card Fraud Detection,v10,-2.814137192598821,4.552853390561829,-24.5882624372475,10.4387075662013
UNDERSAMPLING,01-Credit Card Fraud Detection,v11,1.830696796132388,2.822801353456072,-2.60975068555923,12.0189131816199
UNDERSAMPLING,01-Credit Card Fraud Detection,v12,-3.1442955780002384,4.574314446116188,-18.6837146333443,2.06017216700642
UNDERSAMPLING,01-Credit Card Fraud Detection,v13,-0.07195233621876712,1.0477671721831698,-3.12779501198771,3.45737388046256
UNDERSAMPLING,01-Credit Card Fraud Detection,v14,-3.470689617591257,4.665328375015407,-19.2143254902614,3.44242199594215
UNDERSAMPLING,01-Credit Card Fraud Detection,v15,-0.06642903096417263,0.9794443897024829,-4.49894467676621,3.00737641288018
UNDERSAMPLING,01-Credit Card Fraud Detection,v16,-2.0864826280074986,3.4696447266340553,-14.1298545174931,3.13965565883069
UNDERSAMPLING,01-Credit Card Fraud Detection,v17,-3.35284406339236,5.9598123609913465,-25.1627993693248,6.73938438478335
UNDERSAMPLING,01-Credit Card Fraud Detection,v18,-1.0830058557504776,2.4339848484344775,-9.49874592104677,3.79031621184375
UNDERSAMPLING,01-Credit Card Fraud Detection,v19,0.3256203123610766,1.2840763943685445,-3.68190355226504,5.2283417900513
UNDERSAMPLING,01-Credit Card Fraud Detection,v20,0.1902345891386727,1.1274710627831503,-7.90085532489375,11.0590042933942
UNDERSAMPLING,01-Credit Card Fraud Detection,v21,0.36302232330290674,2.791038703825784,-22.7976039055519,27.2028391573154
UNDERSAMPLING,01-Credit Card Fraud Detection,v22,-0.007269492277747581,1.1779505668083006,-8.88701714094871,8.36198519168435
UNDERSAMPLING,01-Credit Card Fraud Detection,v23,-0.03177046167967436,1.1561777847567105,-19.2543276173719,5.46622995370963
UNDERSAMPLING,01-Credit Card Fraud Detection,v24,-0.0643047228381911,0.5626911751339879,-2.02802422921896,1.24623796014203
UNDERSAMPLING,01-Credit Card Fraud Detection,v25,0.017889780132435692,0.6764518206803487,-4.78160552206407,2.27485035231425
UNDERSAMPLING,01-Credit Card Fraud Detection,v26,0.01469815636456619,0.48432105377445517,-1.33715642797164,2.7452606721766
UNDERSAMPLING,01-Credit Card Fraud Detection,v27,0.07628000562000577,1.004114240995154,-7.26348214633855,3.05235768679424
UNDERSAMPLING,01-Credit Card Fraud Detection,v28,0.03790372178143814,0.41871451658034564,-1.86929047595671,1.77936385243205
UNDERSAMPLING,01-Credit Card Fraud Detection,amount,106.22283536585365,274.13564583947556,0,4901
UNDERSAMPLING,01-Credit Card Fraud Detection,radius1,NA,NA,NA,NA
UNDERSAMPLING,01-Credit Card Fraud Detection,texture1,NA,NA,NA,NA
UNDERSAMPLING,01-Credit Card Fraud Detection,perimeter1,NA,NA,NA,NA
UNDERSAMPLING,01-Credit Card Fraud Detection,area1,NA,NA,NA,NA
UNDERSAMPLING,01-Credit Card Fraud Detection,smoothness1,NA,NA,NA,NA
UNDERSAMPLING,01-Credit Card Fraud Detection,compactness1,NA,NA,NA,NA
UNDERSAMPLING,01-Credit Card Fraud Detection,concavity1,NA,NA,NA,NA
UNDERSAMPLING,01-Credit Card Fraud Detection,concave_points1,NA,NA,NA,NA
UNDERSAMPLING,01-Credit Card Fraud Detection,symmetry1,NA,NA,NA,NA
UNDERSAMPLING,01-Credit Card Fraud Detection,fractal_dimension1,NA,NA,NA,NA
UNDERSAMPLING,01-Credit Card Fraud Detection,radius2,NA,NA,NA,NA
UNDERSAMPLING,01-Credit Card Fraud Detection,texture2,NA,NA,NA,NA
UNDERSAMPLING,01-Credit Card Fraud Detection,perimeter2,NA,NA,NA,NA
UNDERSAMPLING,01-Credit Card Fraud Detection,area2,NA,NA,NA,NA
UNDERSAMPLING,01-Credit Card Fraud Detection,smoothness2,NA,NA,NA,NA
UNDERSAMPLING,01-Credit Card Fraud Detection,compactness2,NA,NA,NA,NA
UNDERSAMPLING,01-Credit Card Fraud Detection,concavity2,NA,NA,NA,NA
UNDERSAMPLING,01-Credit Card Fraud Detection,concave_points2,NA,NA,NA,NA
UNDERSAMPLING,01-Credit Card Fraud Detection,symmetry2,NA,NA,NA,NA
UNDERSAMPLING,01-Credit Card Fraud Detection,fractal_dimension2,NA,NA,NA,NA
UNDERSAMPLING,01-Credit Card Fraud Detection,radius3,NA,NA,NA,NA
UNDERSAMPLING,01-Credit Card Fraud Detection,texture3,NA,NA,NA,NA
UNDERSAMPLING,01-Credit Card Fraud Detection,perimeter3,NA,NA,NA,NA
UNDERSAMPLING,01-Credit Card Fraud Detection,area3,NA,NA,NA,NA
UNDERSAMPLING,01-Credit Card Fraud Detection,smoothness3,NA,NA,NA,NA
UNDERSAMPLING,01-Credit Card Fraud Detection,compactness3,NA,NA,NA,NA
UNDERSAMPLING,01-Credit Card Fraud Detection,concavity3,NA,NA,NA,NA
UNDERSAMPLING,01-Credit Card Fraud Detection,concave_points3,NA,NA,NA,NA
UNDERSAMPLING,01-Credit Card Fraud Detection,symmetry3,NA,NA,NA,NA
UNDERSAMPLING,01-Credit Card Fraud Detection,fractal_dimension3,NA,NA,NA,NA
UNDERSAMPLING,01-Credit Card Fraud Detection,pregnancies,NA,NA,NA,NA
UNDERSAMPLING,01-Credit Card Fraud Detection,glucose,NA,NA,NA,NA
UNDERSAMPLING,01-Credit Card Fraud Detection,bloodpressure,NA,NA,NA,NA
UNDERSAMPLING,01-Credit Card Fraud Detection,skinthickness,NA,NA,NA,NA
UNDERSAMPLING,01-Credit Card Fraud Detection,insulin,NA,NA,NA,NA
UNDERSAMPLING,01-Credit Card Fraud Detection,bmi,NA,NA,NA,NA
UNDERSAMPLING,01-Credit Card Fraud Detection,diabetespedigreefunction,NA,NA,NA,NA
UNDERSAMPLING,01-Credit Card Fraud Detection,age,NA,NA,NA,NA
UNDERSAMPLING,01-Credit Card Fraud Detection,attribute01,NA,NA,NA,NA
UNDERSAMPLING,01-Credit Card Fraud Detection,attribute02,NA,NA,NA,NA
UNDERSAMPLING,01-Credit Card Fraud Detection,attribute03,NA,NA,NA,NA
UNDERSAMPLING,01-Credit Card Fraud Detection,attribute04,NA,NA,NA,NA
UNDERSAMPLING,01-Credit Card Fraud Detection,attribute05,NA,NA,NA,NA
UNDERSAMPLING,01-Credit Card Fraud Detection,attribute06,NA,NA,NA,NA
UNDERSAMPLING,01-Credit Card Fraud Detection,attribute07,NA,NA,NA,NA
UNDERSAMPLING,01-Credit Card Fraud Detection,attribute08,NA,NA,NA,NA
UNDERSAMPLING,01-Credit Card Fraud Detection,attribute09,NA,NA,NA,NA
UNDERSAMPLING,01-Credit Card Fraud Detection,attribute10,NA,NA,NA,NA
UNDERSAMPLING,01-Credit Card Fraud Detection,attribute11,NA,NA,NA,NA
UNDERSAMPLING,01-Credit Card Fraud Detection,attribute12,NA,NA,NA,NA
UNDERSAMPLING,01-Credit Card Fraud Detection,attribute13,NA,NA,NA,NA
UNDERSAMPLING,01-Credit Card Fraud Detection,attribute14,NA,NA,NA,NA
UNDERSAMPLING,01-Credit Card Fraud Detection,attribute15,NA,NA,NA,NA
UNDERSAMPLING,01-Credit Card Fraud Detection,attribute16,NA,NA,NA,NA
UNDERSAMPLING,01-Credit Card Fraud Detection,attribute17,NA,NA,NA,NA
UNDERSAMPLING,01-Credit Card Fraud Detection,attribute18,NA,NA,NA,NA
UNDERSAMPLING,01-Credit Card Fraud Detection,attribute19,NA,NA,NA,NA
UNDERSAMPLING,01-Credit Card Fraud Detection,attribute20,NA,NA,NA,NA
UNDERSAMPLING,01-Credit Card Fraud Detection,attribute21,NA,NA,NA,NA
UNDERSAMPLING,01-Credit Card Fraud Detection,attribute22,NA,NA,NA,NA
UNDERSAMPLING,01-Credit Card Fraud Detection,attribute23,NA,NA,NA,NA
UNDERSAMPLING,01-Credit Card Fraud Detection,attribute24,NA,NA,NA,NA
UNDERSAMPLING,01-Credit Card Fraud Detection,attribute25,NA,NA,NA,NA
UNDERSAMPLING,01-Credit Card Fraud Detection,attribute26,NA,NA,NA,NA
UNDERSAMPLING,01-Credit Card Fraud Detection,attribute27,NA,NA,NA,NA
UNDERSAMPLING,01-Credit Card Fraud Detection,attribute28,NA,NA,NA,NA
UNDERSAMPLING,01-Credit Card Fraud Detection,attribute29,NA,NA,NA,NA
UNDERSAMPLING,01-Credit Card Fraud Detection,attribute30,NA,NA,NA,NA
UNDERSAMPLING,01-Credit Card Fraud Detection,attribute31,NA,NA,NA,NA
UNDERSAMPLING,01-Credit Card Fraud Detection,attribute32,NA,NA,NA,NA
UNDERSAMPLING,01-Credit Card Fraud Detection,attribute33,NA,NA,NA,NA
UNDERSAMPLING,01-Credit Card Fraud Detection,attribute34,NA,NA,NA,NA
UNDERSAMPLING,01-Credit Card Fraud Detection,aa,NA,NA,NA,NA
UNDERSAMPLING,01-Credit Card Fraud Detection,ao,NA,NA,NA,NA
UNDERSAMPLING,01-Credit Card Fraud Detection,dcl,NA,NA,NA,NA
UNDERSAMPLING,01-Credit Card Fraud Detection,iy,NA,NA,NA,NA
UNDERSAMPLING,01-Credit Card Fraud Detection,sh,NA,NA,NA,NA
UNDERSAMPLING,01-Credit Card Fraud Detection,0,NA,NA,NA,NA
UNDERSAMPLING,01-Credit Card Fraud Detection,1,NA,NA,NA,NA
UNDERSAMPLING,01-Credit Card Fraud Detection,2,NA,NA,NA,NA
UNDERSAMPLING,01-Credit Card Fraud Detection,3,NA,NA,NA,NA
UNDERSAMPLING,01-Credit Card Fraud Detection,4,NA,NA,NA,NA
UNDERSAMPLING,01-Credit Card Fraud Detection,5,NA,NA,NA,NA
UNDERSAMPLING,01-Credit Card Fraud Detection,6,NA,NA,NA,NA
UNDERSAMPLING,01-Credit Card Fraud Detection,7,NA,NA,NA,NA
UNDERSAMPLING,01-Credit Card Fraud Detection,8,NA,NA,NA,NA
UNDERSAMPLING,01-Credit Card Fraud Detection,9,NA,NA,NA,NA
UNDERSAMPLING,01-Credit Card Fraud Detection,10,NA,NA,NA,NA
UNDERSAMPLING,01-Credit Card Fraud Detection,11,NA,NA,NA,NA
UNDERSAMPLING,01-Credit Card Fraud Detection,12,NA,NA,NA,NA
UNDERSAMPLING,01-Credit Card Fraud Detection,13,NA,NA,NA,NA
UNDERSAMPLING,01-Credit Card Fraud Detection,14,NA,NA,NA,NA
UNDERSAMPLING,01-Credit Card Fraud Detection,15,NA,NA,NA,NA
UNDERSAMPLING,01-Credit Card Fraud Detection,16,NA,NA,NA,NA
UNDERSAMPLING,01-Credit Card Fraud Detection,17,NA,NA,NA,NA
UNDERSAMPLING,01-Credit Card Fraud Detection,18,NA,NA,NA,NA
UNDERSAMPLING,01-Credit Card Fraud Detection,19,NA,NA,NA,NA
UNDERSAMPLING,01-Credit Card Fraud Detection,20,NA,NA,NA,NA
UNDERSAMPLING,01-Credit Card Fraud Detection,21,NA,NA,NA,NA
UNDERSAMPLING,01-Credit Card Fraud Detection,22,NA,NA,NA,NA
UNDERSAMPLING,01-Credit Card Fraud Detection,23,NA,NA,NA,NA
UNDERSAMPLING,01-Credit Card Fraud Detection,24,NA,NA,NA,NA
UNDERSAMPLING,01-Credit Card Fraud Detection,25,NA,NA,NA,NA
UNDERSAMPLING,01-Credit Card Fraud Detection,26,NA,NA,NA,NA
UNDERSAMPLING,01-Credit Card Fraud Detection,27,NA,NA,NA,NA
UNDERSAMPLING,01-Credit Card Fraud Detection,28,NA,NA,NA,NA
UNDERSAMPLING,01-Credit Card Fraud Detection,29,NA,NA,NA,NA
UNDERSAMPLING,01-Credit Card Fraud Detection,30,NA,NA,NA,NA
UNDERSAMPLING,01-Credit Card Fraud Detection,31,NA,NA,NA,NA
UNDERSAMPLING,01-Credit Card Fraud Detection,32,NA,NA,NA,NA
UNDERSAMPLING,01-Credit Card Fraud Detection,33,NA,NA,NA,NA
UNDERSAMPLING,01-Credit Card Fraud Detection,34,NA,NA,NA,NA
UNDERSAMPLING,01-Credit Card Fraud Detection,35,NA,NA,NA,NA
UNDERSAMPLING,01-Credit Card Fraud Detection,36,NA,NA,NA,NA
UNDERSAMPLING,01-Credit Card Fraud Detection,37,NA,NA,NA,NA
UNDERSAMPLING,01-Credit Card Fraud Detection,38,NA,NA,NA,NA
UNDERSAMPLING,01-Credit Card Fraud Detection,39,NA,NA,NA,NA
UNDERSAMPLING,01-Credit Card Fraud Detection,40,NA,NA,NA,NA
UNDERSAMPLING,01-Credit Card Fraud Detection,41,NA,NA,NA,NA
UNDERSAMPLING,01-Credit Card Fraud Detection,42,NA,NA,NA,NA
UNDERSAMPLING,01-Credit Card Fraud Detection,43,NA,NA,NA,NA
UNDERSAMPLING,01-Credit Card Fraud Detection,44,NA,NA,NA,NA
UNDERSAMPLING,01-Credit Card Fraud Detection,45,NA,NA,NA,NA
UNDERSAMPLING,01-Credit Card Fraud Detection,46,NA,NA,NA,NA
UNDERSAMPLING,01-Credit Card Fraud Detection,48,NA,NA,NA,NA
UNDERSAMPLING,01-Credit Card Fraud Detection,49,NA,NA,NA,NA
UNDERSAMPLING,02-Breast Cancer Wisconsin (Diagnostic),time,NA,NA,NA,NA
UNDERSAMPLING,02-Breast Cancer Wisconsin (Diagnostic),v1,NA,NA,NA,NA
UNDERSAMPLING,02-Breast Cancer Wisconsin (Diagnostic),v2,NA,NA,NA,NA
UNDERSAMPLING,02-Breast Cancer Wisconsin (Diagnostic),v3,NA,NA,NA,NA
UNDERSAMPLING,02-Breast Cancer Wisconsin (Diagnostic),v4,NA,NA,NA,NA
UNDERSAMPLING,02-Breast Cancer Wisconsin (Diagnostic),v5,NA,NA,NA,NA
UNDERSAMPLING,02-Breast Cancer Wisconsin (Diagnostic),v6,NA,NA,NA,NA
UNDERSAMPLING,02-Breast Cancer Wisconsin (Diagnostic),v7,NA,NA,NA,NA
UNDERSAMPLING,02-Breast Cancer Wisconsin (Diagnostic),v8,NA,NA,NA,NA
UNDERSAMPLING,02-Breast Cancer Wisconsin (Diagnostic),v9,NA,NA,NA,NA
UNDERSAMPLING,02-Breast Cancer Wisconsin (Diagnostic),v10,NA,NA,NA,NA
UNDERSAMPLING,02-Breast Cancer Wisconsin (Diagnostic),v11,NA,NA,NA,NA
UNDERSAMPLING,02-Breast Cancer Wisconsin (Diagnostic),v12,NA,NA,NA,NA
UNDERSAMPLING,02-Breast Cancer Wisconsin (Diagnostic),v13,NA,NA,NA,NA
UNDERSAMPLING,02-Breast Cancer Wisconsin (Diagnostic),v14,NA,NA,NA,NA
UNDERSAMPLING,02-Breast Cancer Wisconsin (Diagnostic),v15,NA,NA,NA,NA
UNDERSAMPLING,02-Breast Cancer Wisconsin (Diagnostic),v16,NA,NA,NA,NA
UNDERSAMPLING,02-Breast Cancer Wisconsin (Diagnostic),v17,NA,NA,NA,NA
UNDERSAMPLING,02-Breast Cancer Wisconsin (Diagnostic),v18,NA,NA,NA,NA
UNDERSAMPLING,02-Breast Cancer Wisconsin (Diagnostic),v19,NA,NA,NA,NA
UNDERSAMPLING,02-Breast Cancer Wisconsin (Diagnostic),v20,NA,NA,NA,NA
UNDERSAMPLING,02-Breast Cancer Wisconsin (Diagnostic),v21,NA,NA,NA,NA
UNDERSAMPLING,02-Breast Cancer Wisconsin (Diagnostic),v22,NA,NA,NA,NA
UNDERSAMPLING,02-Breast Cancer Wisconsin (Diagnostic),v23,NA,NA,NA,NA
UNDERSAMPLING,02-Breast Cancer Wisconsin (Diagnostic),v24,NA,NA,NA,NA
UNDERSAMPLING,02-Breast Cancer Wisconsin (Diagnostic),v25,NA,NA,NA,NA
UNDERSAMPLING,02-Breast Cancer Wisconsin (Diagnostic),v26,NA,NA,NA,NA
UNDERSAMPLING,02-Breast Cancer Wisconsin (Diagnostic),v27,NA,NA,NA,NA
UNDERSAMPLING,02-Breast Cancer Wisconsin (Diagnostic),v28,NA,NA,NA,NA
UNDERSAMPLING,02-Breast Cancer Wisconsin (Diagnostic),amount,NA,NA,NA,NA
UNDERSAMPLING,02-Breast Cancer Wisconsin (Diagnostic),radius1,14.806964454976303,3.702692072085025,7.729,28.11
UNDERSAMPLING,02-Breast Cancer Wisconsin (Diagnostic),texture1,19.614881516587676,4.325599087769648,10.82,39.28
UNDERSAMPLING,02-Breast Cancer Wisconsin (Diagnostic),perimeter1,96.72687203791469,25.53847493159229,47.98,188.5
UNDERSAMPLING,02-Breast Cancer Wisconsin (Diagnostic),area1,720.604028436019,378.2605854517471,178.8,2501
UNDERSAMPLING,02-Breast Cancer Wisconsin (Diagnostic),smoothness1,0.09761701421800947,0.014154805487178016,0.06251,0.1634
UNDERSAMPLING,02-Breast Cancer Wisconsin (Diagnostic),compactness1,0.1122353317535545,0.055543370456528386,0.01938,0.3454
UNDERSAMPLING,02-Breast Cancer Wisconsin (Diagnostic),concavity1,0.10381975995260663,0.08386429755549107,0,0.4268
UNDERSAMPLING,02-Breast Cancer Wisconsin (Diagnostic),concave_points1,0.05704459478672986,0.040674291932651825,0,0.2012
UNDERSAMPLING,02-Breast Cancer Wisconsin (Diagnostic),symmetry1,0.1839372037914692,0.027889443507284596,0.1203,0.304
UNDERSAMPLING,02-Breast Cancer Wisconsin (Diagnostic),fractal_dimension1,0.06273962085308057,0.007392454382926528,0.04996,0.09744
UNDERSAMPLING,02-Breast Cancer Wisconsin (Diagnostic),radius2,0.44520971563981043,0.30151275763559504,0.1115,2.873
UNDERSAMPLING,02-Breast Cancer Wisconsin (Diagnostic),texture2,1.2025843601895734,0.5387649920136083,0.3621,4.885
UNDERSAMPLING,02-Breast Cancer Wisconsin (Diagnostic),perimeter2,3.1651876777251187,2.2024749078923254,0.757,21.98
UNDERSAMPLING,02-Breast Cancer Wisconsin (Diagnostic),area2,46.6555971563981,50.63260201290693,6.802,542.2
UNDERSAMPLING,02-Breast Cancer Wisconsin (Diagnostic),smoothness2,0.006951528436018957,0.002981991702841668,0.001713,0.03113
UNDERSAMPLING,02-Breast Cancer Wisconsin (Diagnostic),compactness2,0.026947056872037915,0.01860530466234578,0.002252,0.1354
UNDERSAMPLING,02-Breast Cancer Wisconsin (Diagnostic),concavity2,0.03428970521327014,0.029919643472256754,0,0.396
UNDERSAMPLING,02-Breast Cancer Wisconsin (Diagnostic),concave_points2,0.012550042654028436,0.0062476608923063915,0,0.05279
UNDERSAMPLING,02-Breast Cancer Wisconsin (Diagnostic),symmetry2,0.020406796208530805,0.008439352110433661,0.007882,0.07895
UNDERSAMPLING,02-Breast Cancer Wisconsin (Diagnostic),fractal_dimension2,0.0038657281990521325,0.002732218740784257,8.948e-4,0.02984
UNDERSAMPLING,02-Breast Cancer Wisconsin (Diagnostic),radius3,17.255874407582937,5.096789447353097,9.077,36.04
UNDERSAMPLING,02-Breast Cancer Wisconsin (Diagnostic),texture3,26.255995260663507,6.198933731772251,12.49,49.54
UNDERSAMPLING,02-Breast Cancer Wisconsin (Diagnostic),perimeter3,114.20409952606636,35.34037349255659,57.17,251.2
UNDERSAMPLING,02-Breast Cancer Wisconsin (Diagnostic),area3,989.4729857819905,613.8446513109672,248,4254
UNDERSAMPLING,02-Breast Cancer Wisconsin (Diagnostic),smoothness3,0.1348634123222749,0.023515775151267678,0.07117,0.2226
UNDERSAMPLING,02-Breast Cancer Wisconsin (Diagnostic),compactness3,0.2781705450236967,0.1674438873159146,0.02729,1.058
UNDERSAMPLING,02-Breast Cancer Wisconsin (Diagnostic),concavity3,0.3088222535545024,0.21430260505007656,0,1.17
UNDERSAMPLING,02-Breast Cancer Wisconsin (Diagnostic),concave_points3,0.12886978436018956,0.06722032543293496,0,0.291
UNDERSAMPLING,02-Breast Cancer Wisconsin (Diagnostic),symmetry3,0.2969355450236967,0.06521439312638266,0.1565,0.6638
UNDERSAMPLING,02-Breast Cancer Wisconsin (Diagnostic),fractal_dimension3,0.08547817535545024,0.019484226002937557,0.05504,0.2075
UNDERSAMPLING,02-Breast Cancer Wisconsin (Diagnostic),pregnancies,NA,NA,NA,NA
UNDERSAMPLING,02-Breast Cancer Wisconsin (Diagnostic),glucose,NA,NA,NA,NA
UNDERSAMPLING,02-Breast Cancer Wisconsin (Diagnostic),bloodpressure,NA,NA,NA,NA
UNDERSAMPLING,02-Breast Cancer Wisconsin (Diagnostic),skinthickness,NA,NA,NA,NA
UNDERSAMPLING,02-Breast Cancer Wisconsin (Diagnostic),insulin,NA,NA,NA,NA
UNDERSAMPLING,02-Breast Cancer Wisconsin (Diagnostic),bmi,NA,NA,NA,NA
UNDERSAMPLING,02-Breast Cancer Wisconsin (Diagnostic),diabetespedigreefunction,NA,NA,NA,NA
UNDERSAMPLING,02-Breast Cancer Wisconsin (Diagnostic),age,NA,NA,NA,NA
UNDERSAMPLING,02-Breast Cancer Wisconsin (Diagnostic),attribute01,NA,NA,NA,NA
UNDERSAMPLING,02-Breast Cancer Wisconsin (Diagnostic),attribute02,NA,NA,NA,NA
UNDERSAMPLING,02-Breast Cancer Wisconsin (Diagnostic),attribute03,NA,NA,NA,NA
UNDERSAMPLING,02-Breast Cancer Wisconsin (Diagnostic),attribute04,NA,NA,NA,NA
UNDERSAMPLING,02-Breast Cancer Wisconsin (Diagnostic),attribute05,NA,NA,NA,NA
UNDERSAMPLING,02-Breast Cancer Wisconsin (Diagnostic),attribute06,NA,NA,NA,NA
UNDERSAMPLING,02-Breast Cancer Wisconsin (Diagnostic),attribute07,NA,NA,NA,NA
UNDERSAMPLING,02-Breast Cancer Wisconsin (Diagnostic),attribute08,NA,NA,NA,NA
UNDERSAMPLING,02-Breast Cancer Wisconsin (Diagnostic),attribute09,NA,NA,NA,NA
UNDERSAMPLING,02-Breast Cancer Wisconsin (Diagnostic),attribute10,NA,NA,NA,NA
UNDERSAMPLING,02-Breast Cancer Wisconsin (Diagnostic),attribute11,NA,NA,NA,NA
UNDERSAMPLING,02-Breast Cancer Wisconsin (Diagnostic),attribute12,NA,NA,NA,NA
UNDERSAMPLING,02-Breast Cancer Wisconsin (Diagnostic),attribute13,NA,NA,NA,NA
UNDERSAMPLING,02-Breast Cancer Wisconsin (Diagnostic),attribute14,NA,NA,NA,NA
UNDERSAMPLING,02-Breast Cancer Wisconsin (Diagnostic),attribute15,NA,NA,NA,NA
UNDERSAMPLING,02-Breast Cancer Wisconsin (Diagnostic),attribute16,NA,NA,NA,NA
UNDERSAMPLING,02-Breast Cancer Wisconsin (Diagnostic),attribute17,NA,NA,NA,NA
UNDERSAMPLING,02-Breast Cancer Wisconsin (Diagnostic),attribute18,NA,NA,NA,NA
UNDERSAMPLING,02-Breast Cancer Wisconsin (Diagnostic),attribute19,NA,NA,NA,NA
UNDERSAMPLING,02-Breast Cancer Wisconsin (Diagnostic),attribute20,NA,NA,NA,NA
UNDERSAMPLING,02-Breast Cancer Wisconsin (Diagnostic),attribute21,NA,NA,NA,NA
UNDERSAMPLING,02-Breast Cancer Wisconsin (Diagnostic),attribute22,NA,NA,NA,NA
UNDERSAMPLING,02-Breast Cancer Wisconsin (Diagnostic),attribute23,NA,NA,NA,NA
UNDERSAMPLING,02-Breast Cancer Wisconsin (Diagnostic),attribute24,NA,NA,NA,NA
UNDERSAMPLING,02-Breast Cancer Wisconsin (Diagnostic),attribute25,NA,NA,NA,NA
UNDERSAMPLING,02-Breast Cancer Wisconsin (Diagnostic),attribute26,NA,NA,NA,NA
UNDERSAMPLING,02-Breast Cancer Wisconsin (Diagnostic),attribute27,NA,NA,NA,NA
UNDERSAMPLING,02-Breast Cancer Wisconsin (Diagnostic),attribute28,NA,NA,NA,NA
UNDERSAMPLING,02-Breast Cancer Wisconsin (Diagnostic),attribute29,NA,NA,NA,NA
UNDERSAMPLING,02-Breast Cancer Wisconsin (Diagnostic),attribute30,NA,NA,NA,NA
UNDERSAMPLING,02-Breast Cancer Wisconsin (Diagnostic),attribute31,NA,NA,NA,NA
UNDERSAMPLING,02-Breast Cancer Wisconsin (Diagnostic),attribute32,NA,NA,NA,NA
UNDERSAMPLING,02-Breast Cancer Wisconsin (Diagnostic),attribute33,NA,NA,NA,NA
UNDERSAMPLING,02-Breast Cancer Wisconsin (Diagnostic),attribute34,NA,NA,NA,NA
UNDERSAMPLING,02-Breast Cancer Wisconsin (Diagnostic),aa,NA,NA,NA,NA
UNDERSAMPLING,02-Breast Cancer Wisconsin (Diagnostic),ao,NA,NA,NA,NA
UNDERSAMPLING,02-Breast Cancer Wisconsin (Diagnostic),dcl,NA,NA,NA,NA
UNDERSAMPLING,02-Breast Cancer Wisconsin (Diagnostic),iy,NA,NA,NA,NA
UNDERSAMPLING,02-Breast Cancer Wisconsin (Diagnostic),sh,NA,NA,NA,NA
UNDERSAMPLING,02-Breast Cancer Wisconsin (Diagnostic),0,NA,NA,NA,NA
UNDERSAMPLING,02-Breast Cancer Wisconsin (Diagnostic),1,NA,NA,NA,NA
UNDERSAMPLING,02-Breast Cancer Wisconsin (Diagnostic),2,NA,NA,NA,NA
UNDERSAMPLING,02-Breast Cancer Wisconsin (Diagnostic),3,NA,NA,NA,NA
UNDERSAMPLING,02-Breast Cancer Wisconsin (Diagnostic),4,NA,NA,NA,NA
UNDERSAMPLING,02-Breast Cancer Wisconsin (Diagnostic),5,NA,NA,NA,NA
UNDERSAMPLING,02-Breast Cancer Wisconsin (Diagnostic),6,NA,NA,NA,NA
UNDERSAMPLING,02-Breast Cancer Wisconsin (Diagnostic),7,NA,NA,NA,NA
UNDERSAMPLING,02-Breast Cancer Wisconsin (Diagnostic),8,NA,NA,NA,NA
UNDERSAMPLING,02-Breast Cancer Wisconsin (Diagnostic),9,NA,NA,NA,NA
UNDERSAMPLING,02-Breast Cancer Wisconsin (Diagnostic),10,NA,NA,NA,NA
UNDERSAMPLING,02-Breast Cancer Wisconsin (Diagnostic),11,NA,NA,NA,NA
UNDERSAMPLING,02-Breast Cancer Wisconsin (Diagnostic),12,NA,NA,NA,NA
UNDERSAMPLING,02-Breast Cancer Wisconsin (Diagnostic),13,NA,NA,NA,NA
UNDERSAMPLING,02-Breast Cancer Wisconsin (Diagnostic),14,NA,NA,NA,NA
UNDERSAMPLING,02-Breast Cancer Wisconsin (Diagnostic),15,NA,NA,NA,NA
UNDERSAMPLING,02-Breast Cancer Wisconsin (Diagnostic),16,NA,NA,NA,NA
UNDERSAMPLING,02-Breast Cancer Wisconsin (Diagnostic),17,NA,NA,NA,NA
UNDERSAMPLING,02-Breast Cancer Wisconsin (Diagnostic),18,NA,NA,NA,NA
UNDERSAMPLING,02-Breast Cancer Wisconsin (Diagnostic),19,NA,NA,NA,NA
UNDERSAMPLING,02-Breast Cancer Wisconsin (Diagnostic),20,NA,NA,NA,NA
UNDERSAMPLING,02-Breast Cancer Wisconsin (Diagnostic),21,NA,NA,NA,NA
UNDERSAMPLING,02-Breast Cancer Wisconsin (Diagnostic),22,NA,NA,NA,NA
UNDERSAMPLING,02-Breast Cancer Wisconsin (Diagnostic),23,NA,NA,NA,NA
UNDERSAMPLING,02-Breast Cancer Wisconsin (Diagnostic),24,NA,NA,NA,NA
UNDERSAMPLING,02-Breast Cancer Wisconsin (Diagnostic),25,NA,NA,NA,NA
UNDERSAMPLING,02-Breast Cancer Wisconsin (Diagnostic),26,NA,NA,NA,NA
UNDERSAMPLING,02-Breast Cancer Wisconsin (Diagnostic),27,NA,NA,NA,NA
UNDERSAMPLING,02-Breast Cancer Wisconsin (Diagnostic),28,NA,NA,NA,NA
UNDERSAMPLING,02-Breast Cancer Wisconsin (Diagnostic),29,NA,NA,NA,NA
UNDERSAMPLING,02-Breast Cancer Wisconsin (Diagnostic),30,NA,NA,NA,NA
UNDERSAMPLING,02-Breast Cancer Wisconsin (Diagnostic),31,NA,NA,NA,NA
UNDERSAMPLING,02-Breast Cancer Wisconsin (Diagnostic),32,NA,NA,NA,NA
UNDERSAMPLING,02-Breast Cancer Wisconsin (Diagnostic),33,NA,NA,NA,NA
UNDERSAMPLING,02-Breast Cancer Wisconsin (Diagnostic),34,NA,NA,NA,NA
UNDERSAMPLING,02-Breast Cancer Wisconsin (Diagnostic),35,NA,NA,NA,NA
UNDERSAMPLING,02-Breast Cancer Wisconsin (Diagnostic),36,NA,NA,NA,NA
UNDERSAMPLING,02-Breast Cancer Wisconsin (Diagnostic),37,NA,NA,NA,NA
UNDERSAMPLING,02-Breast Cancer Wisconsin (Diagnostic),38,NA,NA,NA,NA
UNDERSAMPLING,02-Breast Cancer Wisconsin (Diagnostic),39,NA,NA,NA,NA
UNDERSAMPLING,02-Breast Cancer Wisconsin (Diagnostic),40,NA,NA,NA,NA
UNDERSAMPLING,02-Breast Cancer Wisconsin (Diagnostic),41,NA,NA,NA,NA
UNDERSAMPLING,02-Breast Cancer Wisconsin (Diagnostic),42,NA,NA,NA,NA
UNDERSAMPLING,02-Breast Cancer Wisconsin (Diagnostic),43,NA,NA,NA,NA
UNDERSAMPLING,02-Breast Cancer Wisconsin (Diagnostic),44,NA,NA,NA,NA
UNDERSAMPLING,02-Breast Cancer Wisconsin (Diagnostic),45,NA,NA,NA,NA
UNDERSAMPLING,02-Breast Cancer Wisconsin (Diagnostic),46,NA,NA,NA,NA
UNDERSAMPLING,02-Breast Cancer Wisconsin (Diagnostic),48,NA,NA,NA,NA
UNDERSAMPLING,02-Breast Cancer Wisconsin (Diagnostic),49,NA,NA,NA,NA
UNDERSAMPLING,03-Pima Indians Diabetes,time,NA,NA,NA,NA
UNDERSAMPLING,03-Pima Indians Diabetes,v1,NA,NA,NA,NA
UNDERSAMPLING,03-Pima Indians Diabetes,v2,NA,NA,NA,NA
UNDERSAMPLING,03-Pima Indians Diabetes,v3,NA,NA,NA,NA
UNDERSAMPLING,03-Pima Indians Diabetes,v4,NA,NA,NA,NA
UNDERSAMPLING,03-Pima Indians Diabetes,v5,NA,NA,NA,NA
UNDERSAMPLING,03-Pima Indians Diabetes,v6,NA,NA,NA,NA
UNDERSAMPLING,03-Pima Indians Diabetes,v7,NA,NA,NA,NA
UNDERSAMPLING,03-Pima Indians Diabetes,v8,NA,NA,NA,NA
UNDERSAMPLING,03-Pima Indians Diabetes,v9,NA,NA,NA,NA
UNDERSAMPLING,03-Pima Indians Diabetes,v10,NA,NA,NA,NA
UNDERSAMPLING,03-Pima Indians Diabetes,v11,NA,NA,NA,NA
UNDERSAMPLING,03-Pima Indians Diabetes,v12,NA,NA,NA,NA
UNDERSAMPLING,03-Pima Indians Diabetes,v13,NA,NA,NA,NA
UNDERSAMPLING,03-Pima Indians Diabetes,v14,NA,NA,NA,NA
UNDERSAMPLING,03-Pima Indians Diabetes,v15,NA,NA,NA,NA
UNDERSAMPLING,03-Pima Indians Diabetes,v16,NA,NA,NA,NA
UNDERSAMPLING,03-Pima Indians Diabetes,v17,NA,NA,NA,NA
UNDERSAMPLING,03-Pima Indians Diabetes,v18,NA,NA,NA,NA
UNDERSAMPLING,03-Pima Indians Diabetes,v19,NA,NA,NA,NA
UNDERSAMPLING,03-Pima Indians Diabetes,v20,NA,NA,NA,NA
UNDERSAMPLING,03-Pima Indians Diabetes,v21,NA,NA,NA,NA
UNDERSAMPLING,03-Pima Indians Diabetes,v22,NA,NA,NA,NA
UNDERSAMPLING,03-Pima Indians Diabetes,v23,NA,NA,NA,NA
UNDERSAMPLING,03-Pima Indians Diabetes,v24,NA,NA,NA,NA
UNDERSAMPLING,03-Pima Indians Diabetes,v25,NA,NA,NA,NA
UNDERSAMPLING,03-Pima Indians Diabetes,v26,NA,NA,NA,NA
UNDERSAMPLING,03-Pima Indians Diabetes,v27,NA,NA,NA,NA
UNDERSAMPLING,03-Pima Indians Diabetes,v28,NA,NA,NA,NA
UNDERSAMPLING,03-Pima Indians Diabetes,amount,NA,NA,NA,NA
UNDERSAMPLING,03-Pima Indians Diabetes,radius1,NA,NA,NA,NA
UNDERSAMPLING,03-Pima Indians Diabetes,texture1,NA,NA,NA,NA
UNDERSAMPLING,03-Pima Indians Diabetes,perimeter1,NA,NA,NA,NA
UNDERSAMPLING,03-Pima Indians Diabetes,area1,NA,NA,NA,NA
UNDERSAMPLING,03-Pima Indians Diabetes,smoothness1,NA,NA,NA,NA
UNDERSAMPLING,03-Pima Indians Diabetes,compactness1,NA,NA,NA,NA
UNDERSAMPLING,03-Pima Indians Diabetes,concavity1,NA,NA,NA,NA
UNDERSAMPLING,03-Pima Indians Diabetes,concave_points1,NA,NA,NA,NA
UNDERSAMPLING,03-Pima Indians Diabetes,symmetry1,NA,NA,NA,NA
UNDERSAMPLING,03-Pima Indians Diabetes,fractal_dimension1,NA,NA,NA,NA
UNDERSAMPLING,03-Pima Indians Diabetes,radius2,NA,NA,NA,NA
UNDERSAMPLING,03-Pima Indians Diabetes,texture2,NA,NA,NA,NA
UNDERSAMPLING,03-Pima Indians Diabetes,perimeter2,NA,NA,NA,NA
UNDERSAMPLING,03-Pima Indians Diabetes,area2,NA,NA,NA,NA
UNDERSAMPLING,03-Pima Indians Diabetes,smoothness2,NA,NA,NA,NA
UNDERSAMPLING,03-Pima Indians Diabetes,compactness2,NA,NA,NA,NA
UNDERSAMPLING,03-Pima Indians Diabetes,concavity2,NA,NA,NA,NA
UNDERSAMPLING,03-Pima Indians Diabetes,concave_points2,NA,NA,NA,NA
UNDERSAMPLING,03-Pima Indians Diabetes,symmetry2,NA,NA,NA,NA
UNDERSAMPLING,03-Pima Indians Diabetes,fractal_dimension2,NA,NA,NA,NA
UNDERSAMPLING,03-Pima Indians Diabetes,radius3,NA,NA,NA,NA
UNDERSAMPLING,03-Pima Indians Diabetes,texture3,NA,NA,NA,NA
UNDERSAMPLING,03-Pima Indians Diabetes,perimeter3,NA,NA,NA,NA
UNDERSAMPLING,03-Pima Indians Diabetes,area3,NA,NA,NA,NA
UNDERSAMPLING,03-Pima Indians Diabetes,smoothness3,NA,NA,NA,NA
UNDERSAMPLING,03-Pima Indians Diabetes,compactness3,NA,NA,NA,NA
UNDERSAMPLING,03-Pima Indians Diabetes,concavity3,NA,NA,NA,NA
UNDERSAMPLING,03-Pima Indians Diabetes,concave_points3,NA,NA,NA,NA
UNDERSAMPLING,03-Pima Indians Diabetes,symmetry3,NA,NA,NA,NA
UNDERSAMPLING,03-Pima Indians Diabetes,fractal_dimension3,NA,NA,NA,NA
UNDERSAMPLING,03-Pima Indians Diabetes,pregnancies,4.139925373134329,3.5023371627953037,0,17
UNDERSAMPLING,03-Pima Indians Diabetes,glucose,125.6231343283582,32.947987136179464,0,199
UNDERSAMPLING,03-Pima Indians Diabetes,bloodpressure,69.3768656716418,20.018676939780644,0,114
UNDERSAMPLING,03-Pima Indians Diabetes,skinthickness,21.253731343283583,16.38288898429132,0,99
UNDERSAMPLING,03-Pima Indians Diabetes,insulin,85.01119402985074,123.11363896318939,0,846
UNDERSAMPLING,03-Pima Indians Diabetes,bmi,32.78861940298508,7.923378465950509,0,67.1
UNDERSAMPLING,03-Pima Indians Diabetes,diabetespedigreefunction,0.4834850746268657,0.34124087987017887,0.078,2.42
UNDERSAMPLING,03-Pima Indians Diabetes,age,33.91044776119403,11.725338126964976,21,81
UNDERSAMPLING,03-Pima Indians Diabetes,attribute01,NA,NA,NA,NA
UNDERSAMPLING,03-Pima Indians Diabetes,attribute02,NA,NA,NA,NA
UNDERSAMPLING,03-Pima Indians Diabetes,attribute03,NA,NA,NA,NA
UNDERSAMPLING,03-Pima Indians Diabetes,attribute04,NA,NA,NA,NA
UNDERSAMPLING,03-Pima Indians Diabetes,attribute05,NA,NA,NA,NA
UNDERSAMPLING,03-Pima Indians Diabetes,attribute06,NA,NA,NA,NA
UNDERSAMPLING,03-Pima Indians Diabetes,attribute07,NA,NA,NA,NA
UNDERSAMPLING,03-Pima Indians Diabetes,attribute08,NA,NA,NA,NA
UNDERSAMPLING,03-Pima Indians Diabetes,attribute09,NA,NA,NA,NA
UNDERSAMPLING,03-Pima Indians Diabetes,attribute10,NA,NA,NA,NA
UNDERSAMPLING,03-Pima Indians Diabetes,attribute11,NA,NA,NA,NA
UNDERSAMPLING,03-Pima Indians Diabetes,attribute12,NA,NA,NA,NA
UNDERSAMPLING,03-Pima Indians Diabetes,attribute13,NA,NA,NA,NA
UNDERSAMPLING,03-Pima Indians Diabetes,attribute14,NA,NA,NA,NA
UNDERSAMPLING,03-Pima Indians Diabetes,attribute15,NA,NA,NA,NA
UNDERSAMPLING,03-Pima Indians Diabetes,attribute16,NA,NA,NA,NA
UNDERSAMPLING,03-Pima Indians Diabetes,attribute17,NA,NA,NA,NA
UNDERSAMPLING,03-Pima Indians Diabetes,attribute18,NA,NA,NA,NA
UNDERSAMPLING,03-Pima Indians Diabetes,attribute19,NA,NA,NA,NA
UNDERSAMPLING,03-Pima Indians Diabetes,attribute20,NA,NA,NA,NA
UNDERSAMPLING,03-Pima Indians Diabetes,attribute21,NA,NA,NA,NA
UNDERSAMPLING,03-Pima Indians Diabetes,attribute22,NA,NA,NA,NA
UNDERSAMPLING,03-Pima Indians Diabetes,attribute23,NA,NA,NA,NA
UNDERSAMPLING,03-Pima Indians Diabetes,attribute24,NA,NA,NA,NA
UNDERSAMPLING,03-Pima Indians Diabetes,attribute25,NA,NA,NA,NA
UNDERSAMPLING,03-Pima Indians Diabetes,attribute26,NA,NA,NA,NA
UNDERSAMPLING,03-Pima Indians Diabetes,attribute27,NA,NA,NA,NA
UNDERSAMPLING,03-Pima Indians Diabetes,attribute28,NA,NA,NA,NA
UNDERSAMPLING,03-Pima Indians Diabetes,attribute29,NA,NA,NA,NA
UNDERSAMPLING,03-Pima Indians Diabetes,attribute30,NA,NA,NA,NA
UNDERSAMPLING,03-Pima Indians Diabetes,attribute31,NA,NA,NA,NA
UNDERSAMPLING,03-Pima Indians Diabetes,attribute32,NA,NA,NA,NA
UNDERSAMPLING,03-Pima Indians Diabetes,attribute33,NA,NA,NA,NA
UNDERSAMPLING,03-Pima Indians Diabetes,attribute34,NA,NA,NA,NA
UNDERSAMPLING,03-Pima Indians Diabetes,aa,NA,NA,NA,NA
UNDERSAMPLING,03-Pima Indians Diabetes,ao,NA,NA,NA,NA
UNDERSAMPLING,03-Pima Indians Diabetes,dcl,NA,NA,NA,NA
UNDERSAMPLING,03-Pima Indians Diabetes,iy,NA,NA,NA,NA
UNDERSAMPLING,03-Pima Indians Diabetes,sh,NA,NA,NA,NA
UNDERSAMPLING,03-Pima Indians Diabetes,0,NA,NA,NA,NA
UNDERSAMPLING,03-Pima Indians Diabetes,1,NA,NA,NA,NA
UNDERSAMPLING,03-Pima Indians Diabetes,2,NA,NA,NA,NA
UNDERSAMPLING,03-Pima Indians Diabetes,3,NA,NA,NA,NA
UNDERSAMPLING,03-Pima Indians Diabetes,4,NA,NA,NA,NA
UNDERSAMPLING,03-Pima Indians Diabetes,5,NA,NA,NA,NA
UNDERSAMPLING,03-Pima Indians Diabetes,6,NA,NA,NA,NA
UNDERSAMPLING,03-Pima Indians Diabetes,7,NA,NA,NA,NA
UNDERSAMPLING,03-Pima Indians Diabetes,8,NA,NA,NA,NA
UNDERSAMPLING,03-Pima Indians Diabetes,9,NA,NA,NA,NA
UNDERSAMPLING,03-Pima Indians Diabetes,10,NA,NA,NA,NA
UNDERSAMPLING,03-Pima Indians Diabetes,11,NA,NA,NA,NA
UNDERSAMPLING,03-Pima Indians Diabetes,12,NA,NA,NA,NA
UNDERSAMPLING,03-Pima Indians Diabetes,13,NA,NA,NA,NA
UNDERSAMPLING,03-Pima Indians Diabetes,14,NA,NA,NA,NA
UNDERSAMPLING,03-Pima Indians Diabetes,15,NA,NA,NA,NA
UNDERSAMPLING,03-Pima Indians Diabetes,16,NA,NA,NA,NA
UNDERSAMPLING,03-Pima Indians Diabetes,17,NA,NA,NA,NA
UNDERSAMPLING,03-Pima Indians Diabetes,18,NA,NA,NA,NA
UNDERSAMPLING,03-Pima Indians Diabetes,19,NA,NA,NA,NA
UNDERSAMPLING,03-Pima Indians Diabetes,20,NA,NA,NA,NA
UNDERSAMPLING,03-Pima Indians Diabetes,21,NA,NA,NA,NA
UNDERSAMPLING,03-Pima Indians Diabetes,22,NA,NA,NA,NA
UNDERSAMPLING,03-Pima Indians Diabetes,23,NA,NA,NA,NA
UNDERSAMPLING,03-Pima Indians Diabetes,24,NA,NA,NA,NA
UNDERSAMPLING,03-Pima Indians Diabetes,25,NA,NA,NA,NA
UNDERSAMPLING,03-Pima Indians Diabetes,26,NA,NA,NA,NA
UNDERSAMPLING,03-Pima Indians Diabetes,27,NA,NA,NA,NA
UNDERSAMPLING,03-Pima Indians Diabetes,28,NA,NA,NA,NA
UNDERSAMPLING,03-Pima Indians Diabetes,29,NA,NA,NA,NA
UNDERSAMPLING,03-Pima Indians Diabetes,30,NA,NA,NA,NA
UNDERSAMPLING,03-Pima Indians Diabetes,31,NA,NA,NA,NA
UNDERSAMPLING,03-Pima Indians Diabetes,32,NA,NA,NA,NA
UNDERSAMPLING,03-Pima Indians Diabetes,33,NA,NA,NA,NA
UNDERSAMPLING,03-Pima Indians Diabetes,34,NA,NA,NA,NA
UNDERSAMPLING,03-Pima Indians Diabetes,35,NA,NA,NA,NA
UNDERSAMPLING,03-Pima Indians Diabetes,36,NA,NA,NA,NA
UNDERSAMPLING,03-Pima Indians Diabetes,37,NA,NA,NA,NA
UNDERSAMPLING,03-Pima Indians Diabetes,38,NA,NA,NA,NA
UNDERSAMPLING,03-Pima Indians Diabetes,39,NA,NA,NA,NA
UNDERSAMPLING,03-Pima Indians Diabetes,40,NA,NA,NA,NA
UNDERSAMPLING,03-Pima Indians Diabetes,41,NA,NA,NA,NA
UNDERSAMPLING,03-Pima Indians Diabetes,42,NA,NA,NA,NA
UNDERSAMPLING,03-Pima Indians Diabetes,43,NA,NA,NA,NA
UNDERSAMPLING,03-Pima Indians Diabetes,44,NA,NA,NA,NA
UNDERSAMPLING,03-Pima Indians Diabetes,45,NA,NA,NA,NA
UNDERSAMPLING,03-Pima Indians Diabetes,46,NA,NA,NA,NA
UNDERSAMPLING,03-Pima Indians Diabetes,48,NA,NA,NA,NA
UNDERSAMPLING,03-Pima Indians Diabetes,49,NA,NA,NA,NA
UNDERSAMPLING,04-Ionosphere,time,NA,NA,NA,NA
UNDERSAMPLING,04-Ionosphere,v1,NA,NA,NA,NA
UNDERSAMPLING,04-Ionosphere,v2,NA,NA,NA,NA
UNDERSAMPLING,04-Ionosphere,v3,NA,NA,NA,NA
UNDERSAMPLING,04-Ionosphere,v4,NA,NA,NA,NA
UNDERSAMPLING,04-Ionosphere,v5,NA,NA,NA,NA
UNDERSAMPLING,04-Ionosphere,v6,NA,NA,NA,NA
UNDERSAMPLING,04-Ionosphere,v7,NA,NA,NA,NA
UNDERSAMPLING,04-Ionosphere,v8,NA,NA,NA,NA
UNDERSAMPLING,04-Ionosphere,v9,NA,NA,NA,NA
UNDERSAMPLING,04-Ionosphere,v10,NA,NA,NA,NA
UNDERSAMPLING,04-Ionosphere,v11,NA,NA,NA,NA
UNDERSAMPLING,04-Ionosphere,v12,NA,NA,NA,NA
UNDERSAMPLING,04-Ionosphere,v13,NA,NA,NA,NA
UNDERSAMPLING,04-Ionosphere,v14,NA,NA,NA,NA
UNDERSAMPLING,04-Ionosphere,v15,NA,NA,NA,NA
UNDERSAMPLING,04-Ionosphere,v16,NA,NA,NA,NA
UNDERSAMPLING,04-Ionosphere,v17,NA,NA,NA,NA
UNDERSAMPLING,04-Ionosphere,v18,NA,NA,NA,NA
UNDERSAMPLING,04-Ionosphere,v19,NA,NA,NA,NA
UNDERSAMPLING,04-Ionosphere,v20,NA,NA,NA,NA
UNDERSAMPLING,04-Ionosphere,v21,NA,NA,NA,NA
UNDERSAMPLING,04-Ionosphere,v22,NA,NA,NA,NA
UNDERSAMPLING,04-Ionosphere,v23,NA,NA,NA,NA
UNDERSAMPLING,04-Ionosphere,v24,NA,NA,NA,NA
UNDERSAMPLING,04-Ionosphere,v25,NA,NA,NA,NA
UNDERSAMPLING,04-Ionosphere,v26,NA,NA,NA,NA
UNDERSAMPLING,04-Ionosphere,v27,NA,NA,NA,NA
UNDERSAMPLING,04-Ionosphere,v28,NA,NA,NA,NA
UNDERSAMPLING,04-Ionosphere,amount,NA,NA,NA,NA
UNDERSAMPLING,04-Ionosphere,radius1,NA,NA,NA,NA
UNDERSAMPLING,04-Ionosphere,texture1,NA,NA,NA,NA
UNDERSAMPLING,04-Ionosphere,perimeter1,NA,NA,NA,NA
UNDERSAMPLING,04-Ionosphere,area1,NA,NA,NA,NA
UNDERSAMPLING,04-Ionosphere,smoothness1,NA,NA,NA,NA
UNDERSAMPLING,04-Ionosphere,compactness1,NA,NA,NA,NA
UNDERSAMPLING,04-Ionosphere,concavity1,NA,NA,NA,NA
UNDERSAMPLING,04-Ionosphere,concave_points1,NA,NA,NA,NA
UNDERSAMPLING,04-Ionosphere,symmetry1,NA,NA,NA,NA
UNDERSAMPLING,04-Ionosphere,fractal_dimension1,NA,NA,NA,NA
UNDERSAMPLING,04-Ionosphere,radius2,NA,NA,NA,NA
UNDERSAMPLING,04-Ionosphere,texture2,NA,NA,NA,NA
UNDERSAMPLING,04-Ionosphere,perimeter2,NA,NA,NA,NA
UNDERSAMPLING,04-Ionosphere,area2,NA,NA,NA,NA
UNDERSAMPLING,04-Ionosphere,smoothness2,NA,NA,NA,NA
UNDERSAMPLING,04-Ionosphere,compactness2,NA,NA,NA,NA
UNDERSAMPLING,04-Ionosphere,concavity2,NA,NA,NA,NA
UNDERSAMPLING,04-Ionosphere,concave_points2,NA,NA,NA,NA
UNDERSAMPLING,04-Ionosphere,symmetry2,NA,NA,NA,NA
UNDERSAMPLING,04-Ionosphere,fractal_dimension2,NA,NA,NA,NA
UNDERSAMPLING,04-Ionosphere,radius3,NA,NA,NA,NA
UNDERSAMPLING,04-Ionosphere,texture3,NA,NA,NA,NA
UNDERSAMPLING,04-Ionosphere,perimeter3,NA,NA,NA,NA
UNDERSAMPLING,04-Ionosphere,area3,NA,NA,NA,NA
UNDERSAMPLING,04-Ionosphere,smoothness3,NA,NA,NA,NA
UNDERSAMPLING,04-Ionosphere,compactness3,NA,NA,NA,NA
UNDERSAMPLING,04-Ionosphere,concavity3,NA,NA,NA,NA
UNDERSAMPLING,04-Ionosphere,concave_points3,NA,NA,NA,NA
UNDERSAMPLING,04-Ionosphere,symmetry3,NA,NA,NA,NA
UNDERSAMPLING,04-Ionosphere,fractal_dimension3,NA,NA,NA,NA
UNDERSAMPLING,04-Ionosphere,pregnancies,NA,NA,NA,NA
UNDERSAMPLING,04-Ionosphere,glucose,NA,NA,NA,NA
UNDERSAMPLING,04-Ionosphere,bloodpressure,NA,NA,NA,NA
UNDERSAMPLING,04-Ionosphere,skinthickness,NA,NA,NA,NA
UNDERSAMPLING,04-Ionosphere,insulin,NA,NA,NA,NA
UNDERSAMPLING,04-Ionosphere,bmi,NA,NA,NA,NA
UNDERSAMPLING,04-Ionosphere,diabetespedigreefunction,NA,NA,NA,NA
UNDERSAMPLING,04-Ionosphere,age,NA,NA,NA,NA
UNDERSAMPLING,04-Ionosphere,attribute01,0.8492063492063492,0.35855976441971593,0,1
UNDERSAMPLING,04-Ionosphere,attribute02,0,0,0,0
UNDERSAMPLING,04-Ionosphere,attribute03,0.5659575,0.5552772052180432,-1,1
UNDERSAMPLING,04-Ionosphere,attribute04,0.03447484126984127,0.503278291098682,-1,1
UNDERSAMPLING,04-Ionosphere,attribute05,0.522969880952381,0.5810515394181012,-1,1
UNDERSAMPLING,04-Ionosphere,attribute06,0.10375202380952381,0.5135301767228984,-1,1
UNDERSAMPLING,04-Ionosphere,attribute07,0.4833643650793651,0.5388643699995146,-1,1
UNDERSAMPLING,04-Ionosphere,attribute08,0.09891857142857143,0.5718907007834386,-1,1
UNDERSAMPLING,04-Ionosphere,attribute09,0.4599084523809524,0.5420618521884691,-1,1
UNDERSAMPLING,04-Ionosphere,attribute10,0.1777431746031746,0.5245799889650301,-1,1
UNDERSAMPLING,04-Ionosphere,attribute11,0.4352113888888889,0.599630551202583,-1,1
UNDERSAMPLING,04-Ionosphere,attribute12,0.1308211111111111,0.5343597233719127,-1,1
UNDERSAMPLING,04-Ionosphere,attribute13,0.3507811507936508,0.6533803346634831,-1,1
UNDERSAMPLING,04-Ionosphere,attribute14,0.06234456349206349,0.5372011833422101,-1,1
UNDERSAMPLING,04-Ionosphere,attribute15,0.28483996031746034,0.6768551025907876,-1,1
UNDERSAMPLING,04-Ionosphere,attribute16,0.046552777777777776,0.4922916791662408,-1,1
UNDERSAMPLING,04-Ionosphere,attribute17,0.35499960317460316,0.6337864889735498,-1,1
UNDERSAMPLING,04-Ionosphere,attribute18,-0.027398214285714286,0.5331948719514138,-1,1
UNDERSAMPLING,04-Ionosphere,attribute19,0.3337411111111111,0.6470245413724295,-1,1
UNDERSAMPLING,04-Ionosphere,attribute20,-0.04873126984126984,0.5616482579186748,-1,1
UNDERSAMPLING,04-Ionosphere,attribute21,0.2960048015873016,0.6259671310092444,-1,1
UNDERSAMPLING,04-Ionosphere,attribute22,0.0022524206349206354,0.5626868015993597,-1,1
UNDERSAMPLING,04-Ionosphere,attribute23,0.3349145238095238,0.6249822341559232,-1,1
UNDERSAMPLING,04-Ionosphere,attribute24,-0.07764595238095238,0.5724228618477966,-1,1
UNDERSAMPLING,04-Ionosphere,attribute25,0.379603373015873,0.5967455425872411,-1,1
UNDERSAMPLING,04-Ionosphere,attribute26,-0.0842465873015873,0.5491187297563102,-1,1
UNDERSAMPLING,04-Ionosphere,attribute27,0.576173373015873,0.5194076287304589,-1,1
UNDERSAMPLING,04-Ionosphere,attribute28,-0.08579055555555555,0.6081650583515056,-1,1
UNDERSAMPLING,04-Ionosphere,attribute29,0.35379773809523807,0.6062028964790949,-1,1
UNDERSAMPLING,04-Ionosphere,attribute30,-0.030913888888888887,0.5457669290579471,-1,1
UNDERSAMPLING,04-Ionosphere,attribute31,0.3165351984126984,0.6066797582593586,-1,1
UNDERSAMPLING,04-Ionosphere,attribute32,5.877777777777783e-4,0.5529074506510835,-1,1
UNDERSAMPLING,04-Ionosphere,attribute33,0.3171926984126984,0.546919971989337,-1,1
UNDERSAMPLING,04-Ionosphere,attribute34,0.0338934126984127,0.4925023947864404,-1,1
UNDERSAMPLING,04-Ionosphere,aa,NA,NA,NA,NA
UNDERSAMPLING,04-Ionosphere,ao,NA,NA,NA,NA
UNDERSAMPLING,04-Ionosphere,dcl,NA,NA,NA,NA
UNDERSAMPLING,04-Ionosphere,iy,NA,NA,NA,NA
UNDERSAMPLING,04-Ionosphere,sh,NA,NA,NA,NA
UNDERSAMPLING,04-Ionosphere,0,NA,NA,NA,NA
UNDERSAMPLING,04-Ionosphere,1,NA,NA,NA,NA
UNDERSAMPLING,04-Ionosphere,2,NA,NA,NA,NA
UNDERSAMPLING,04-Ionosphere,3,NA,NA,NA,NA
UNDERSAMPLING,04-Ionosphere,4,NA,NA,NA,NA
UNDERSAMPLING,04-Ionosphere,5,NA,NA,NA,NA
UNDERSAMPLING,04-Ionosphere,6,NA,NA,NA,NA
UNDERSAMPLING,04-Ionosphere,7,NA,NA,NA,NA
UNDERSAMPLING,04-Ionosphere,8,NA,NA,NA,NA
UNDERSAMPLING,04-Ionosphere,9,NA,NA,NA,NA
UNDERSAMPLING,04-Ionosphere,10,NA,NA,NA,NA
UNDERSAMPLING,04-Ionosphere,11,NA,NA,NA,NA
UNDERSAMPLING,04-Ionosphere,12,NA,NA,NA,NA
UNDERSAMPLING,04-Ionosphere,13,NA,NA,NA,NA
UNDERSAMPLING,04-Ionosphere,14,NA,NA,NA,NA
UNDERSAMPLING,04-Ionosphere,15,NA,NA,NA,NA
UNDERSAMPLING,04-Ionosphere,16,NA,NA,NA,NA
UNDERSAMPLING,04-Ionosphere,17,NA,NA,NA,NA
UNDERSAMPLING,04-Ionosphere,18,NA,NA,NA,NA
UNDERSAMPLING,04-Ionosphere,19,NA,NA,NA,NA
UNDERSAMPLING,04-Ionosphere,20,NA,NA,NA,NA
UNDERSAMPLING,04-Ionosphere,21,NA,NA,NA,NA
UNDERSAMPLING,04-Ionosphere,22,NA,NA,NA,NA
UNDERSAMPLING,04-Ionosphere,23,NA,NA,NA,NA
UNDERSAMPLING,04-Ionosphere,24,NA,NA,NA,NA
UNDERSAMPLING,04-Ionosphere,25,NA,NA,NA,NA
UNDERSAMPLING,04-Ionosphere,26,NA,NA,NA,NA
UNDERSAMPLING,04-Ionosphere,27,NA,NA,NA,NA
UNDERSAMPLING,04-Ionosphere,28,NA,NA,NA,NA
UNDERSAMPLING,04-Ionosphere,29,NA,NA,NA,NA
UNDERSAMPLING,04-Ionosphere,30,NA,NA,NA,NA
UNDERSAMPLING,04-Ionosphere,31,NA,NA,NA,NA
UNDERSAMPLING,04-Ionosphere,32,NA,NA,NA,NA
UNDERSAMPLING,04-Ionosphere,33,NA,NA,NA,NA
UNDERSAMPLING,04-Ionosphere,34,NA,NA,NA,NA
UNDERSAMPLING,04-Ionosphere,35,NA,NA,NA,NA
UNDERSAMPLING,04-Ionosphere,36,NA,NA,NA,NA
UNDERSAMPLING,04-Ionosphere,37,NA,NA,NA,NA
UNDERSAMPLING,04-Ionosphere,38,NA,NA,NA,NA
UNDERSAMPLING,04-Ionosphere,39,NA,NA,NA,NA
UNDERSAMPLING,04-Ionosphere,40,NA,NA,NA,NA
UNDERSAMPLING,04-Ionosphere,41,NA,NA,NA,NA
UNDERSAMPLING,04-Ionosphere,42,NA,NA,NA,NA
UNDERSAMPLING,04-Ionosphere,43,NA,NA,NA,NA
UNDERSAMPLING,04-Ionosphere,44,NA,NA,NA,NA
UNDERSAMPLING,04-Ionosphere,45,NA,NA,NA,NA
UNDERSAMPLING,04-Ionosphere,46,NA,NA,NA,NA
UNDERSAMPLING,04-Ionosphere,48,NA,NA,NA,NA
UNDERSAMPLING,04-Ionosphere,49,NA,NA,NA,NA
UNDERSAMPLING,05-phoneme,time,NA,NA,NA,NA
UNDERSAMPLING,05-phoneme,v1,NA,NA,NA,NA
UNDERSAMPLING,05-phoneme,v2,NA,NA,NA,NA
UNDERSAMPLING,05-phoneme,v3,NA,NA,NA,NA
UNDERSAMPLING,05-phoneme,v4,NA,NA,NA,NA
UNDERSAMPLING,05-phoneme,v5,NA,NA,NA,NA
UNDERSAMPLING,05-phoneme,v6,NA,NA,NA,NA
UNDERSAMPLING,05-phoneme,v7,NA,NA,NA,NA
UNDERSAMPLING,05-phoneme,v8,NA,NA,NA,NA
UNDERSAMPLING,05-phoneme,v9,NA,NA,NA,NA
UNDERSAMPLING,05-phoneme,v10,NA,NA,NA,NA
UNDERSAMPLING,05-phoneme,v11,NA,NA,NA,NA
UNDERSAMPLING,05-phoneme,v12,NA,NA,NA,NA
UNDERSAMPLING,05-phoneme,v13,NA,NA,NA,NA
UNDERSAMPLING,05-phoneme,v14,NA,NA,NA,NA
UNDERSAMPLING,05-phoneme,v15,NA,NA,NA,NA
UNDERSAMPLING,05-phoneme,v16,NA,NA,NA,NA
UNDERSAMPLING,05-phoneme,v17,NA,NA,NA,NA
UNDERSAMPLING,05-phoneme,v18,NA,NA,NA,NA
UNDERSAMPLING,05-phoneme,v19,NA,NA,NA,NA
UNDERSAMPLING,05-phoneme,v20,NA,NA,NA,NA
UNDERSAMPLING,05-phoneme,v21,NA,NA,NA,NA
UNDERSAMPLING,05-phoneme,v22,NA,NA,NA,NA
UNDERSAMPLING,05-phoneme,v23,NA,NA,NA,NA
UNDERSAMPLING,05-phoneme,v24,NA,NA,NA,NA
UNDERSAMPLING,05-phoneme,v25,NA,NA,NA,NA
UNDERSAMPLING,05-phoneme,v26,NA,NA,NA,NA
UNDERSAMPLING,05-phoneme,v27,NA,NA,NA,NA
UNDERSAMPLING,05-phoneme,v28,NA,NA,NA,NA
UNDERSAMPLING,05-phoneme,amount,NA,NA,NA,NA
UNDERSAMPLING,05-phoneme,radius1,NA,NA,NA,NA
UNDERSAMPLING,05-phoneme,texture1,NA,NA,NA,NA
UNDERSAMPLING,05-phoneme,perimeter1,NA,NA,NA,NA
UNDERSAMPLING,05-phoneme,area1,NA,NA,NA,NA
UNDERSAMPLING,05-phoneme,smoothness1,NA,NA,NA,NA
UNDERSAMPLING,05-phoneme,compactness1,NA,NA,NA,NA
UNDERSAMPLING,05-phoneme,concavity1,NA,NA,NA,NA
UNDERSAMPLING,05-phoneme,concave_points1,NA,NA,NA,NA
UNDERSAMPLING,05-phoneme,symmetry1,NA,NA,NA,NA
UNDERSAMPLING,05-phoneme,fractal_dimension1,NA,NA,NA,NA
UNDERSAMPLING,05-phoneme,radius2,NA,NA,NA,NA
UNDERSAMPLING,05-phoneme,texture2,NA,NA,NA,NA
UNDERSAMPLING,05-phoneme,perimeter2,NA,NA,NA,NA
UNDERSAMPLING,05-phoneme,area2,NA,NA,NA,NA
UNDERSAMPLING,05-phoneme,smoothness2,NA,NA,NA,NA
UNDERSAMPLING,05-phoneme,compactness2,NA,NA,NA,NA
UNDERSAMPLING,05-phoneme,concavity2,NA,NA,NA,NA
UNDERSAMPLING,05-phoneme,concave_points2,NA,NA,NA,NA
UNDERSAMPLING,05-phoneme,symmetry2,NA,NA,NA,NA
UNDERSAMPLING,05-phoneme,fractal_dimension2,NA,NA,NA,NA
UNDERSAMPLING,05-phoneme,radius3,NA,NA,NA,NA
UNDERSAMPLING,05-phoneme,texture3,NA,NA,NA,NA
UNDERSAMPLING,05-phoneme,perimeter3,NA,NA,NA,NA
UNDERSAMPLING,05-phoneme,area3,NA,NA,NA,NA
UNDERSAMPLING,05-phoneme,smoothness3,NA,NA,NA,NA
UNDERSAMPLING,05-phoneme,compactness3,NA,NA,NA,NA
UNDERSAMPLING,05-phoneme,concavity3,NA,NA,NA,NA
UNDERSAMPLING,05-phoneme,concave_points3,NA,NA,NA,NA
UNDERSAMPLING,05-phoneme,symmetry3,NA,NA,NA,NA
UNDERSAMPLING,05-phoneme,fractal_dimension3,NA,NA,NA,NA
UNDERSAMPLING,05-phoneme,pregnancies,NA,NA,NA,NA
UNDERSAMPLING,05-phoneme,glucose,NA,NA,NA,NA
UNDERSAMPLING,05-phoneme,bloodpressure,NA,NA,NA,NA
UNDERSAMPLING,05-phoneme,skinthickness,NA,NA,NA,NA
UNDERSAMPLING,05-phoneme,insulin,NA,NA,NA,NA
UNDERSAMPLING,05-phoneme,bmi,NA,NA,NA,NA
UNDERSAMPLING,05-phoneme,diabetespedigreefunction,NA,NA,NA,NA
UNDERSAMPLING,05-phoneme,age,NA,NA,NA,NA
UNDERSAMPLING,05-phoneme,attribute01,NA,NA,NA,NA
UNDERSAMPLING,05-phoneme,attribute02,NA,NA,NA,NA
UNDERSAMPLING,05-phoneme,attribute03,NA,NA,NA,NA
UNDERSAMPLING,05-phoneme,attribute04,NA,NA,NA,NA
UNDERSAMPLING,05-phoneme,attribute05,NA,NA,NA,NA
UNDERSAMPLING,05-phoneme,attribute06,NA,NA,NA,NA
UNDERSAMPLING,05-phoneme,attribute07,NA,NA,NA,NA
UNDERSAMPLING,05-phoneme,attribute08,NA,NA,NA,NA
UNDERSAMPLING,05-phoneme,attribute09,NA,NA,NA,NA
UNDERSAMPLING,05-phoneme,attribute10,NA,NA,NA,NA
UNDERSAMPLING,05-phoneme,attribute11,NA,NA,NA,NA
UNDERSAMPLING,05-phoneme,attribute12,NA,NA,NA,NA
UNDERSAMPLING,05-phoneme,attribute13,NA,NA,NA,NA
UNDERSAMPLING,05-phoneme,attribute14,NA,NA,NA,NA
UNDERSAMPLING,05-phoneme,attribute15,NA,NA,NA,NA
UNDERSAMPLING,05-phoneme,attribute16,NA,NA,NA,NA
UNDERSAMPLING,05-phoneme,attribute17,NA,NA,NA,NA
UNDERSAMPLING,05-phoneme,attribute18,NA,NA,NA,NA
UNDERSAMPLING,05-phoneme,attribute19,NA,NA,NA,NA
UNDERSAMPLING,05-phoneme,attribute20,NA,NA,NA,NA
UNDERSAMPLING,05-phoneme,attribute21,NA,NA,NA,NA
UNDERSAMPLING,05-phoneme,attribute22,NA,NA,NA,NA
UNDERSAMPLING,05-phoneme,attribute23,NA,NA,NA,NA
UNDERSAMPLING,05-phoneme,attribute24,NA,NA,NA,NA
UNDERSAMPLING,05-phoneme,attribute25,NA,NA,NA,NA
UNDERSAMPLING,05-phoneme,attribute26,NA,NA,NA,NA
UNDERSAMPLING,05-phoneme,attribute27,NA,NA,NA,NA
UNDERSAMPLING,05-phoneme,attribute28,NA,NA,NA,NA
UNDERSAMPLING,05-phoneme,attribute29,NA,NA,NA,NA
UNDERSAMPLING,05-phoneme,attribute30,NA,NA,NA,NA
UNDERSAMPLING,05-phoneme,attribute31,NA,NA,NA,NA
UNDERSAMPLING,05-phoneme,attribute32,NA,NA,NA,NA
UNDERSAMPLING,05-phoneme,attribute33,NA,NA,NA,NA
UNDERSAMPLING,05-phoneme,attribute34,NA,NA,NA,NA
UNDERSAMPLING,05-phoneme,aa,0.7076923076923077,0.7667903485085407,-1.595,3.802
UNDERSAMPLING,05-phoneme,ao,1.163499054224464,0.8049256273286889,-1.327,3.902
UNDERSAMPLING,05-phoneme,dcl,0.9118486759142497,0.8947265849050583,-1.3,3.155
UNDERSAMPLING,05-phoneme,iy,0.5165825977301387,0.8411959281388085,-1.581,2.826
UNDERSAMPLING,05-phoneme,sh,0.11902427490542244,0.6476481964908081,-1.284,2.719
UNDERSAMPLING,05-phoneme,0,NA,NA,NA,NA
UNDERSAMPLING,05-phoneme,1,NA,NA,NA,NA
UNDERSAMPLING,05-phoneme,2,NA,NA,NA,NA
UNDERSAMPLING,05-phoneme,3,NA,NA,NA,NA
UNDERSAMPLING,05-phoneme,4,NA,NA,NA,NA
UNDERSAMPLING,05-phoneme,5,NA,NA,NA,NA
UNDERSAMPLING,05-phoneme,6,NA,NA,NA,NA
UNDERSAMPLING,05-phoneme,7,NA,NA,NA,NA
UNDERSAMPLING,05-phoneme,8,NA,NA,NA,NA
UNDERSAMPLING,05-phoneme,9,NA,NA,NA,NA
UNDERSAMPLING,05-phoneme,10,NA,NA,NA,NA
UNDERSAMPLING,05-phoneme,11,NA,NA,NA,NA
UNDERSAMPLING,05-phoneme,12,NA,NA,NA,NA
UNDERSAMPLING,05-phoneme,13,NA,NA,NA,NA
UNDERSAMPLING,05-phoneme,14,NA,NA,NA,NA
UNDERSAMPLING,05-phoneme,15,NA,NA,NA,NA
UNDERSAMPLING,05-phoneme,16,NA,NA,NA,NA
UNDERSAMPLING,05-phoneme,17,NA,NA,NA,NA
UNDERSAMPLING,05-phoneme,18,NA,NA,NA,NA
UNDERSAMPLING,05-phoneme,19,NA,NA,NA,NA
UNDERSAMPLING,05-phoneme,20,NA,NA,NA,NA
UNDERSAMPLING,05-phoneme,21,NA,NA,NA,NA
UNDERSAMPLING,05-phoneme,22,NA,NA,NA,NA
UNDERSAMPLING,05-phoneme,23,NA,NA,NA,NA
UNDERSAMPLING,05-phoneme,24,NA,NA,NA,NA
UNDERSAMPLING,05-phoneme,25,NA,NA,NA,NA
UNDERSAMPLING,05-phoneme,26,NA,NA,NA,NA
UNDERSAMPLING,05-phoneme,27,NA,NA,NA,NA
UNDERSAMPLING,05-phoneme,28,NA,NA,NA,NA
UNDERSAMPLING,05-phoneme,29,NA,NA,NA,NA
UNDERSAMPLING,05-phoneme,30,NA,NA,NA,NA
UNDERSAMPLING,05-phoneme,31,NA,NA,NA,NA
UNDERSAMPLING,05-phoneme,32,NA,NA,NA,NA
UNDERSAMPLING,05-phoneme,33,NA,NA,NA,NA
UNDERSAMPLING,05-phoneme,34,NA,NA,NA,NA
UNDERSAMPLING,05-phoneme,35,NA,NA,NA,NA
UNDERSAMPLING,05-phoneme,36,NA,NA,NA,NA
UNDERSAMPLING,05-phoneme,37,NA,NA,NA,NA
UNDERSAMPLING,05-phoneme,38,NA,NA,NA,NA
UNDERSAMPLING,05-phoneme,39,NA,NA,NA,NA
UNDERSAMPLING,05-phoneme,40,NA,NA,NA,NA
UNDERSAMPLING,05-phoneme,41,NA,NA,NA,NA
UNDERSAMPLING,05-phoneme,42,NA,NA,NA,NA
UNDERSAMPLING,05-phoneme,43,NA,NA,NA,NA
UNDERSAMPLING,05-phoneme,44,NA,NA,NA,NA
UNDERSAMPLING,05-phoneme,45,NA,NA,NA,NA
UNDERSAMPLING,05-phoneme,46,NA,NA,NA,NA
UNDERSAMPLING,05-phoneme,48,NA,NA,NA,NA
UNDERSAMPLING,05-phoneme,49,NA,NA,NA,NA
UNDERSAMPLING,06-The Mammography (Kevin Woods),time,NA,NA,NA,NA
UNDERSAMPLING,06-The Mammography (Kevin Woods),v1,NA,NA,NA,NA
UNDERSAMPLING,06-The Mammography (Kevin Woods),v2,NA,NA,NA,NA
UNDERSAMPLING,06-The Mammography (Kevin Woods),v3,NA,NA,NA,NA
UNDERSAMPLING,06-The Mammography (Kevin Woods),v4,NA,NA,NA,NA
UNDERSAMPLING,06-The Mammography (Kevin Woods),v5,NA,NA,NA,NA
UNDERSAMPLING,06-The Mammography (Kevin Woods),v6,NA,NA,NA,NA
UNDERSAMPLING,06-The Mammography (Kevin Woods),v7,NA,NA,NA,NA
UNDERSAMPLING,06-The Mammography (Kevin Woods),v8,NA,NA,NA,NA
UNDERSAMPLING,06-The Mammography (Kevin Woods),v9,NA,NA,NA,NA
UNDERSAMPLING,06-The Mammography (Kevin Woods),v10,NA,NA,NA,NA
UNDERSAMPLING,06-The Mammography (Kevin Woods),v11,NA,NA,NA,NA
UNDERSAMPLING,06-The Mammography (Kevin Woods),v12,NA,NA,NA,NA
UNDERSAMPLING,06-The Mammography (Kevin Woods),v13,NA,NA,NA,NA
UNDERSAMPLING,06-The Mammography (Kevin Woods),v14,NA,NA,NA,NA
UNDERSAMPLING,06-The Mammography (Kevin Woods),v15,NA,NA,NA,NA
UNDERSAMPLING,06-The Mammography (Kevin Woods),v16,NA,NA,NA,NA
UNDERSAMPLING,06-The Mammography (Kevin Woods),v17,NA,NA,NA,NA
UNDERSAMPLING,06-The Mammography (Kevin Woods),v18,NA,NA,NA,NA
UNDERSAMPLING,06-The Mammography (Kevin Woods),v19,NA,NA,NA,NA
UNDERSAMPLING,06-The Mammography (Kevin Woods),v20,NA,NA,NA,NA
UNDERSAMPLING,06-The Mammography (Kevin Woods),v21,NA,NA,NA,NA
UNDERSAMPLING,06-The Mammography (Kevin Woods),v22,NA,NA,NA,NA
UNDERSAMPLING,06-The Mammography (Kevin Woods),v23,NA,NA,NA,NA
UNDERSAMPLING,06-The Mammography (Kevin Woods),v24,NA,NA,NA,NA
UNDERSAMPLING,06-The Mammography (Kevin Woods),v25,NA,NA,NA,NA
UNDERSAMPLING,06-The Mammography (Kevin Woods),v26,NA,NA,NA,NA
UNDERSAMPLING,06-The Mammography (Kevin Woods),v27,NA,NA,NA,NA
UNDERSAMPLING,06-The Mammography (Kevin Woods),v28,NA,NA,NA,NA
UNDERSAMPLING,06-The Mammography (Kevin Woods),amount,NA,NA,NA,NA
UNDERSAMPLING,06-The Mammography (Kevin Woods),radius1,NA,NA,NA,NA
UNDERSAMPLING,06-The Mammography (Kevin Woods),texture1,NA,NA,NA,NA
UNDERSAMPLING,06-The Mammography (Kevin Woods),perimeter1,NA,NA,NA,NA
UNDERSAMPLING,06-The Mammography (Kevin Woods),area1,NA,NA,NA,NA
UNDERSAMPLING,06-The Mammography (Kevin Woods),smoothness1,NA,NA,NA,NA
UNDERSAMPLING,06-The Mammography (Kevin Woods),compactness1,NA,NA,NA,NA
UNDERSAMPLING,06-The Mammography (Kevin Woods),concavity1,NA,NA,NA,NA
UNDERSAMPLING,06-The Mammography (Kevin Woods),concave_points1,NA,NA,NA,NA
UNDERSAMPLING,06-The Mammography (Kevin Woods),symmetry1,NA,NA,NA,NA
UNDERSAMPLING,06-The Mammography (Kevin Woods),fractal_dimension1,NA,NA,NA,NA
UNDERSAMPLING,06-The Mammography (Kevin Woods),radius2,NA,NA,NA,NA
UNDERSAMPLING,06-The Mammography (Kevin Woods),texture2,NA,NA,NA,NA
UNDERSAMPLING,06-The Mammography (Kevin Woods),perimeter2,NA,NA,NA,NA
UNDERSAMPLING,06-The Mammography (Kevin Woods),area2,NA,NA,NA,NA
UNDERSAMPLING,06-The Mammography (Kevin Woods),smoothness2,NA,NA,NA,NA
UNDERSAMPLING,06-The Mammography (Kevin Woods),compactness2,NA,NA,NA,NA
UNDERSAMPLING,06-The Mammography (Kevin Woods),concavity2,NA,NA,NA,NA
UNDERSAMPLING,06-The Mammography (Kevin Woods),concave_points2,NA,NA,NA,NA
UNDERSAMPLING,06-The Mammography (Kevin Woods),symmetry2,NA,NA,NA,NA
UNDERSAMPLING,06-The Mammography (Kevin Woods),fractal_dimension2,NA,NA,NA,NA
UNDERSAMPLING,06-The Mammography (Kevin Woods),radius3,NA,NA,NA,NA
UNDERSAMPLING,06-The Mammography (Kevin Woods),texture3,NA,NA,NA,NA
UNDERSAMPLING,06-The Mammography (Kevin Woods),perimeter3,NA,NA,NA,NA
UNDERSAMPLING,06-The Mammography (Kevin Woods),area3,NA,NA,NA,NA
UNDERSAMPLING,06-The Mammography (Kevin Woods),smoothness3,NA,NA,NA,NA
UNDERSAMPLING,06-The Mammography (Kevin Woods),compactness3,NA,NA,NA,NA
UNDERSAMPLING,06-The Mammography (Kevin Woods),concavity3,NA,NA,NA,NA
UNDERSAMPLING,06-The Mammography (Kevin Woods),concave_points3,NA,NA,NA,NA
UNDERSAMPLING,06-The Mammography (Kevin Woods),symmetry3,NA,NA,NA,NA
UNDERSAMPLING,06-The Mammography (Kevin Woods),fractal_dimension3,NA,NA,NA,NA
UNDERSAMPLING,06-The Mammography (Kevin Woods),pregnancies,NA,NA,NA,NA
UNDERSAMPLING,06-The Mammography (Kevin Woods),glucose,NA,NA,NA,NA
UNDERSAMPLING,06-The Mammography (Kevin Woods),bloodpressure,NA,NA,NA,NA
UNDERSAMPLING,06-The Mammography (Kevin Woods),skinthickness,NA,NA,NA,NA
UNDERSAMPLING,06-The Mammography (Kevin Woods),insulin,NA,NA,NA,NA
UNDERSAMPLING,06-The Mammography (Kevin Woods),bmi,NA,NA,NA,NA
UNDERSAMPLING,06-The Mammography (Kevin Woods),diabetespedigreefunction,NA,NA,NA,NA
UNDERSAMPLING,06-The Mammography (Kevin Woods),age,NA,NA,NA,NA
UNDERSAMPLING,06-The Mammography (Kevin Woods),attribute01,NA,NA,NA,NA
UNDERSAMPLING,06-The Mammography (Kevin Woods),attribute02,NA,NA,NA,NA
UNDERSAMPLING,06-The Mammography (Kevin Woods),attribute03,NA,NA,NA,NA
UNDERSAMPLING,06-The Mammography (Kevin Woods),attribute04,NA,NA,NA,NA
UNDERSAMPLING,06-The Mammography (Kevin Woods),attribute05,NA,NA,NA,NA
UNDERSAMPLING,06-The Mammography (Kevin Woods),attribute06,NA,NA,NA,NA
UNDERSAMPLING,06-The Mammography (Kevin Woods),attribute07,NA,NA,NA,NA
UNDERSAMPLING,06-The Mammography (Kevin Woods),attribute08,NA,NA,NA,NA
UNDERSAMPLING,06-The Mammography (Kevin Woods),attribute09,NA,NA,NA,NA
UNDERSAMPLING,06-The Mammography (Kevin Woods),attribute10,NA,NA,NA,NA
UNDERSAMPLING,06-The Mammography (Kevin Woods),attribute11,NA,NA,NA,NA
UNDERSAMPLING,06-The Mammography (Kevin Woods),attribute12,NA,NA,NA,NA
UNDERSAMPLING,06-The Mammography (Kevin Woods),attribute13,NA,NA,NA,NA
UNDERSAMPLING,06-The Mammography (Kevin Woods),attribute14,NA,NA,NA,NA
UNDERSAMPLING,06-The Mammography (Kevin Woods),attribute15,NA,NA,NA,NA
UNDERSAMPLING,06-The Mammography (Kevin Woods),attribute16,NA,NA,NA,NA
UNDERSAMPLING,06-The Mammography (Kevin Woods),attribute17,NA,NA,NA,NA
UNDERSAMPLING,06-The Mammography (Kevin Woods),attribute18,NA,NA,NA,NA
UNDERSAMPLING,06-The Mammography (Kevin Woods),attribute19,NA,NA,NA,NA
UNDERSAMPLING,06-The Mammography (Kevin Woods),attribute20,NA,NA,NA,NA
UNDERSAMPLING,06-The Mammography (Kevin Woods),attribute21,NA,NA,NA,NA
UNDERSAMPLING,06-The Mammography (Kevin Woods),attribute22,NA,NA,NA,NA
UNDERSAMPLING,06-The Mammography (Kevin Woods),attribute23,NA,NA,NA,NA
UNDERSAMPLING,06-The Mammography (Kevin Woods),attribute24,NA,NA,NA,NA
UNDERSAMPLING,06-The Mammography (Kevin Woods),attribute25,NA,NA,NA,NA
UNDERSAMPLING,06-The Mammography (Kevin Woods),attribute26,NA,NA,NA,NA
UNDERSAMPLING,06-The Mammography (Kevin Woods),attribute27,NA,NA,NA,NA
UNDERSAMPLING,06-The Mammography (Kevin Woods),attribute28,NA,NA,NA,NA
UNDERSAMPLING,06-The Mammography (Kevin Woods),attribute29,NA,NA,NA,NA
UNDERSAMPLING,06-The Mammography (Kevin Woods),attribute30,NA,NA,NA,NA
UNDERSAMPLING,06-The Mammography (Kevin Woods),attribute31,NA,NA,NA,NA
UNDERSAMPLING,06-The Mammography (Kevin Woods),attribute32,NA,NA,NA,NA
UNDERSAMPLING,06-The Mammography (Kevin Woods),attribute33,NA,NA,NA,NA
UNDERSAMPLING,06-The Mammography (Kevin Woods),attribute34,NA,NA,NA,NA
UNDERSAMPLING,06-The Mammography (Kevin Woods),aa,NA,NA,NA,NA
UNDERSAMPLING,06-The Mammography (Kevin Woods),ao,NA,NA,NA,NA
UNDERSAMPLING,06-The Mammography (Kevin Woods),dcl,NA,NA,NA,NA
UNDERSAMPLING,06-The Mammography (Kevin Woods),iy,NA,NA,NA,NA
UNDERSAMPLING,06-The Mammography (Kevin Woods),sh,NA,NA,NA,NA
UNDERSAMPLING,06-The Mammography (Kevin Woods),0,0.3712025709319231,1.143906802500983,-0.78441482,9.2051135
UNDERSAMPLING,06-The Mammography (Kevin Woods),1,-0.07158623800846155,0.7734893614809507,-0.47019533,5.0681547
UNDERSAMPLING,06-The Mammography (Kevin Woods),2,-0.15451373442307692,0.6916507598673369,-0.59163147,9.4164747
UNDERSAMPLING,06-The Mammography (Kevin Woods),3,0.7886527938192308,1.4971374702162679,-0.85955255,9.591164
UNDERSAMPLING,06-The Mammography (Kevin Woods),4,1.4948075928403846,2.9562812724571654,-0.37786573,23.617122
UNDERSAMPLING,06-The Mammography (Kevin Woods),5,0.5337111160384616,1.020565724776774,-0.94572324,1.8880852
UNDERSAMPLING,06-The Mammography (Kevin Woods),6,NA,NA,NA,NA
UNDERSAMPLING,06-The Mammography (Kevin Woods),7,NA,NA,NA,NA
UNDERSAMPLING,06-The Mammography (Kevin Woods),8,NA,NA,NA,NA
UNDERSAMPLING,06-The Mammography (Kevin Woods),9,NA,NA,NA,NA
UNDERSAMPLING,06-The Mammography (Kevin Woods),10,NA,NA,NA,NA
UNDERSAMPLING,06-The Mammography (Kevin Woods),11,NA,NA,NA,NA
UNDERSAMPLING,06-The Mammography (Kevin Woods),12,NA,NA,NA,NA
UNDERSAMPLING,06-The Mammography (Kevin Woods),13,NA,NA,NA,NA
UNDERSAMPLING,06-The Mammography (Kevin Woods),14,NA,NA,NA,NA
UNDERSAMPLING,06-The Mammography (Kevin Woods),15,NA,NA,NA,NA
UNDERSAMPLING,06-The Mammography (Kevin Woods),16,NA,NA,NA,NA
UNDERSAMPLING,06-The Mammography (Kevin Woods),17,NA,NA,NA,NA
UNDERSAMPLING,06-The Mammography (Kevin Woods),18,NA,NA,NA,NA
UNDERSAMPLING,06-The Mammography (Kevin Woods),19,NA,NA,NA,NA
UNDERSAMPLING,06-The Mammography (Kevin Woods),20,NA,NA,NA,NA
UNDERSAMPLING,06-The Mammography (Kevin Woods),21,NA,NA,NA,NA
UNDERSAMPLING,06-The Mammography (Kevin Woods),22,NA,NA,NA,NA
UNDERSAMPLING,06-The Mammography (Kevin Woods),23,NA,NA,NA,NA
UNDERSAMPLING,06-The Mammography (Kevin Woods),24,NA,NA,NA,NA
UNDERSAMPLING,06-The Mammography (Kevin Woods),25,NA,NA,NA,NA
UNDERSAMPLING,06-The Mammography (Kevin Woods),26,NA,NA,NA,NA
UNDERSAMPLING,06-The Mammography (Kevin Woods),27,NA,NA,NA,NA
UNDERSAMPLING,06-The Mammography (Kevin Woods),28,NA,NA,NA,NA
UNDERSAMPLING,06-The Mammography (Kevin Woods),29,NA,NA,NA,NA
UNDERSAMPLING,06-The Mammography (Kevin Woods),30,NA,NA,NA,NA
UNDERSAMPLING,06-The Mammography (Kevin Woods),31,NA,NA,NA,NA
UNDERSAMPLING,06-The Mammography (Kevin Woods),32,NA,NA,NA,NA
UNDERSAMPLING,06-The Mammography (Kevin Woods),33,NA,NA,NA,NA
UNDERSAMPLING,06-The Mammography (Kevin Woods),34,NA,NA,NA,NA
UNDERSAMPLING,06-The Mammography (Kevin Woods),35,NA,NA,NA,NA
UNDERSAMPLING,06-The Mammography (Kevin Woods),36,NA,NA,NA,NA
UNDERSAMPLING,06-The Mammography (Kevin Woods),37,NA,NA,NA,NA
UNDERSAMPLING,06-The Mammography (Kevin Woods),38,NA,NA,NA,NA
UNDERSAMPLING,06-The Mammography (Kevin Woods),39,NA,NA,NA,NA
UNDERSAMPLING,06-The Mammography (Kevin Woods),40,NA,NA,NA,NA
UNDERSAMPLING,06-The Mammography (Kevin Woods),41,NA,NA,NA,NA
UNDERSAMPLING,06-The Mammography (Kevin Woods),42,NA,NA,NA,NA
UNDERSAMPLING,06-The Mammography (Kevin Woods),43,NA,NA,NA,NA
UNDERSAMPLING,06-The Mammography (Kevin Woods),44,NA,NA,NA,NA
UNDERSAMPLING,06-The Mammography (Kevin Woods),45,NA,NA,NA,NA
UNDERSAMPLING,06-The Mammography (Kevin Woods),46,NA,NA,NA,NA
UNDERSAMPLING,06-The Mammography (Kevin Woods),48,NA,NA,NA,NA
UNDERSAMPLING,06-The Mammography (Kevin Woods),49,NA,NA,NA,NA
UNDERSAMPLING,07-Oil Spill Imbalanced Classification,time,NA,NA,NA,NA
UNDERSAMPLING,07-Oil Spill Imbalanced Classification,v1,NA,NA,NA,NA
UNDERSAMPLING,07-Oil Spill Imbalanced Classification,v2,NA,NA,NA,NA
UNDERSAMPLING,07-Oil Spill Imbalanced Classification,v3,NA,NA,NA,NA
UNDERSAMPLING,07-Oil Spill Imbalanced Classification,v4,NA,NA,NA,NA
UNDERSAMPLING,07-Oil Spill Imbalanced Classification,v5,NA,NA,NA,NA
UNDERSAMPLING,07-Oil Spill Imbalanced Classification,v6,NA,NA,NA,NA
UNDERSAMPLING,07-Oil Spill Imbalanced Classification,v7,NA,NA,NA,NA
UNDERSAMPLING,07-Oil Spill Imbalanced Classification,v8,NA,NA,NA,NA
UNDERSAMPLING,07-Oil Spill Imbalanced Classification,v9,NA,NA,NA,NA
UNDERSAMPLING,07-Oil Spill Imbalanced Classification,v10,NA,NA,NA,NA
UNDERSAMPLING,07-Oil Spill Imbalanced Classification,v11,NA,NA,NA,NA
UNDERSAMPLING,07-Oil Spill Imbalanced Classification,v12,NA,NA,NA,NA
UNDERSAMPLING,07-Oil Spill Imbalanced Classification,v13,NA,NA,NA,NA
UNDERSAMPLING,07-Oil Spill Imbalanced Classification,v14,NA,NA,NA,NA
UNDERSAMPLING,07-Oil Spill Imbalanced Classification,v15,NA,NA,NA,NA
UNDERSAMPLING,07-Oil Spill Imbalanced Classification,v16,NA,NA,NA,NA
UNDERSAMPLING,07-Oil Spill Imbalanced Classification,v17,NA,NA,NA,NA
UNDERSAMPLING,07-Oil Spill Imbalanced Classification,v18,NA,NA,NA,NA
UNDERSAMPLING,07-Oil Spill Imbalanced Classification,v19,NA,NA,NA,NA
UNDERSAMPLING,07-Oil Spill Imbalanced Classification,v20,NA,NA,NA,NA
UNDERSAMPLING,07-Oil Spill Imbalanced Classification,v21,NA,NA,NA,NA
UNDERSAMPLING,07-Oil Spill Imbalanced Classification,v22,NA,NA,NA,NA
UNDERSAMPLING,07-Oil Spill Imbalanced Classification,v23,NA,NA,NA,NA
UNDERSAMPLING,07-Oil Spill Imbalanced Classification,v24,NA,NA,NA,NA
UNDERSAMPLING,07-Oil Spill Imbalanced Classification,v25,NA,NA,NA,NA
UNDERSAMPLING,07-Oil Spill Imbalanced Classification,v26,NA,NA,NA,NA
UNDERSAMPLING,07-Oil Spill Imbalanced Classification,v27,NA,NA,NA,NA
UNDERSAMPLING,07-Oil Spill Imbalanced Classification,v28,NA,NA,NA,NA
UNDERSAMPLING,07-Oil Spill Imbalanced Classification,amount,NA,NA,NA,NA
UNDERSAMPLING,07-Oil Spill Imbalanced Classification,radius1,NA,NA,NA,NA
UNDERSAMPLING,07-Oil Spill Imbalanced Classification,texture1,NA,NA,NA,NA
UNDERSAMPLING,07-Oil Spill Imbalanced Classification,perimeter1,NA,NA,NA,NA
UNDERSAMPLING,07-Oil Spill Imbalanced Classification,area1,NA,NA,NA,NA
UNDERSAMPLING,07-Oil Spill Imbalanced Classification,smoothness1,NA,NA,NA,NA
UNDERSAMPLING,07-Oil Spill Imbalanced Classification,compactness1,NA,NA,NA,NA
UNDERSAMPLING,07-Oil Spill Imbalanced Classification,concavity1,NA,NA,NA,NA
UNDERSAMPLING,07-Oil Spill Imbalanced Classification,concave_points1,NA,NA,NA,NA
UNDERSAMPLING,07-Oil Spill Imbalanced Classification,symmetry1,NA,NA,NA,NA
UNDERSAMPLING,07-Oil Spill Imbalanced Classification,fractal_dimension1,NA,NA,NA,NA
UNDERSAMPLING,07-Oil Spill Imbalanced Classification,radius2,NA,NA,NA,NA
UNDERSAMPLING,07-Oil Spill Imbalanced Classification,texture2,NA,NA,NA,NA
UNDERSAMPLING,07-Oil Spill Imbalanced Classification,perimeter2,NA,NA,NA,NA
UNDERSAMPLING,07-Oil Spill Imbalanced Classification,area2,NA,NA,NA,NA
UNDERSAMPLING,07-Oil Spill Imbalanced Classification,smoothness2,NA,NA,NA,NA
UNDERSAMPLING,07-Oil Spill Imbalanced Classification,compactness2,NA,NA,NA,NA
UNDERSAMPLING,07-Oil Spill Imbalanced Classification,concavity2,NA,NA,NA,NA
UNDERSAMPLING,07-Oil Spill Imbalanced Classification,concave_points2,NA,NA,NA,NA
UNDERSAMPLING,07-Oil Spill Imbalanced Classification,symmetry2,NA,NA,NA,NA
UNDERSAMPLING,07-Oil Spill Imbalanced Classification,fractal_dimension2,NA,NA,NA,NA
UNDERSAMPLING,07-Oil Spill Imbalanced Classification,radius3,NA,NA,NA,NA
UNDERSAMPLING,07-Oil Spill Imbalanced Classification,texture3,NA,NA,NA,NA
UNDERSAMPLING,07-Oil Spill Imbalanced Classification,perimeter3,NA,NA,NA,NA
UNDERSAMPLING,07-Oil Spill Imbalanced Classification,area3,NA,NA,NA,NA
UNDERSAMPLING,07-Oil Spill Imbalanced Classification,smoothness3,NA,NA,NA,NA
UNDERSAMPLING,07-Oil Spill Imbalanced Classification,compactness3,NA,NA,NA,NA
UNDERSAMPLING,07-Oil Spill Imbalanced Classification,concavity3,NA,NA,NA,NA
UNDERSAMPLING,07-Oil Spill Imbalanced Classification,concave_points3,NA,NA,NA,NA
UNDERSAMPLING,07-Oil Spill Imbalanced Classification,symmetry3,NA,NA,NA,NA
UNDERSAMPLING,07-Oil Spill Imbalanced Classification,fractal_dimension3,NA,NA,NA,NA
UNDERSAMPLING,07-Oil Spill Imbalanced Classification,pregnancies,NA,NA,NA,NA
UNDERSAMPLING,07-Oil Spill Imbalanced Classification,glucose,NA,NA,NA,NA
UNDERSAMPLING,07-Oil Spill Imbalanced Classification,bloodpressure,NA,NA,NA,NA
UNDERSAMPLING,07-Oil Spill Imbalanced Classification,skinthickness,NA,NA,NA,NA
UNDERSAMPLING,07-Oil Spill Imbalanced Classification,insulin,NA,NA,NA,NA
UNDERSAMPLING,07-Oil Spill Imbalanced Classification,bmi,NA,NA,NA,NA
UNDERSAMPLING,07-Oil Spill Imbalanced Classification,diabetespedigreefunction,NA,NA,NA,NA
UNDERSAMPLING,07-Oil Spill Imbalanced Classification,age,NA,NA,NA,NA
UNDERSAMPLING,07-Oil Spill Imbalanced Classification,attribute01,NA,NA,NA,NA
UNDERSAMPLING,07-Oil Spill Imbalanced Classification,attribute02,NA,NA,NA,NA
UNDERSAMPLING,07-Oil Spill Imbalanced Classification,attribute03,NA,NA,NA,NA
UNDERSAMPLING,07-Oil Spill Imbalanced Classification,attribute04,NA,NA,NA,NA
UNDERSAMPLING,07-Oil Spill Imbalanced Classification,attribute05,NA,NA,NA,NA
UNDERSAMPLING,07-Oil Spill Imbalanced Classification,attribute06,NA,NA,NA,NA
UNDERSAMPLING,07-Oil Spill Imbalanced Classification,attribute07,NA,NA,NA,NA
UNDERSAMPLING,07-Oil Spill Imbalanced Classification,attribute08,NA,NA,NA,NA
UNDERSAMPLING,07-Oil Spill Imbalanced Classification,attribute09,NA,NA,NA,NA
UNDERSAMPLING,07-Oil Spill Imbalanced Classification,attribute10,NA,NA,NA,NA
UNDERSAMPLING,07-Oil Spill Imbalanced Classification,attribute11,NA,NA,NA,NA
UNDERSAMPLING,07-Oil Spill Imbalanced Classification,attribute12,NA,NA,NA,NA
UNDERSAMPLING,07-Oil Spill Imbalanced Classification,attribute13,NA,NA,NA,NA
UNDERSAMPLING,07-Oil Spill Imbalanced Classification,attribute14,NA,NA,NA,NA
UNDERSAMPLING,07-Oil Spill Imbalanced Classification,attribute15,NA,NA,NA,NA
UNDERSAMPLING,07-Oil Spill Imbalanced Classification,attribute16,NA,NA,NA,NA
UNDERSAMPLING,07-Oil Spill Imbalanced Classification,attribute17,NA,NA,NA,NA
UNDERSAMPLING,07-Oil Spill Imbalanced Classification,attribute18,NA,NA,NA,NA
UNDERSAMPLING,07-Oil Spill Imbalanced Classification,attribute19,NA,NA,NA,NA
UNDERSAMPLING,07-Oil Spill Imbalanced Classification,attribute20,NA,NA,NA,NA
UNDERSAMPLING,07-Oil Spill Imbalanced Classification,attribute21,NA,NA,NA,NA
UNDERSAMPLING,07-Oil Spill Imbalanced Classification,attribute22,NA,NA,NA,NA
UNDERSAMPLING,07-Oil Spill Imbalanced Classification,attribute23,NA,NA,NA,NA
UNDERSAMPLING,07-Oil Spill Imbalanced Classification,attribute24,NA,NA,NA,NA
UNDERSAMPLING,07-Oil Spill Imbalanced Classification,attribute25,NA,NA,NA,NA
UNDERSAMPLING,07-Oil Spill Imbalanced Classification,attribute26,NA,NA,NA,NA
UNDERSAMPLING,07-Oil Spill Imbalanced Classification,attribute27,NA,NA,NA,NA
UNDERSAMPLING,07-Oil Spill Imbalanced Classification,attribute28,NA,NA,NA,NA
UNDERSAMPLING,07-Oil Spill Imbalanced Classification,attribute29,NA,NA,NA,NA
UNDERSAMPLING,07-Oil Spill Imbalanced Classification,attribute30,NA,NA,NA,NA
UNDERSAMPLING,07-Oil Spill Imbalanced Classification,attribute31,NA,NA,NA,NA
UNDERSAMPLING,07-Oil Spill Imbalanced Classification,attribute32,NA,NA,NA,NA
UNDERSAMPLING,07-Oil Spill Imbalanced Classification,attribute33,NA,NA,NA,NA
UNDERSAMPLING,07-Oil Spill Imbalanced Classification,attribute34,NA,NA,NA,NA
UNDERSAMPLING,07-Oil Spill Imbalanced Classification,aa,NA,NA,NA,NA
UNDERSAMPLING,07-Oil Spill Imbalanced Classification,ao,NA,NA,NA,NA
UNDERSAMPLING,07-Oil Spill Imbalanced Classification,dcl,NA,NA,NA,NA
UNDERSAMPLING,07-Oil Spill Imbalanced Classification,iy,NA,NA,NA,NA
UNDERSAMPLING,07-Oil Spill Imbalanced Classification,sh,NA,NA,NA,NA
UNDERSAMPLING,07-Oil Spill Imbalanced Classification,0,NA,NA,NA,NA
UNDERSAMPLING,07-Oil Spill Imbalanced Classification,1,50.36585365853659,57.40316853540618,1,245
UNDERSAMPLING,07-Oil Spill Imbalanced Classification,2,378.390243902439,1163.0536940366449,10,9264
UNDERSAMPLING,07-Oil Spill Imbalanced Classification,3,610.5582926829268,528.9661907742633,7.7,1776.55
UNDERSAMPLING,07-Oil Spill Imbalanced Classification,4,838.5242682926829,579.4335405217381,172.78,2674.16
UNDERSAMPLING,07-Oil Spill Imbalanced Classification,5,75.7439024390244,44.53735038868708,2,176
UNDERSAMPLING,07-Oil Spill Imbalanced Classification,6,976897.7195121951,2118148.258336683,73125,13027500
UNDERSAMPLING,07-Oil Spill Imbalanced Classification,7,43.495975609756094,12.850800413151589,22.79,82.64
UNDERSAMPLING,07-Oil Spill Imbalanced Classification,8,9.328536585365853,4.10055194175614,3.66,23.47
UNDERSAMPLING,07-Oil Spill Imbalanced Classification,9,4732.713414634146,6296.425110080709,741,32401.5
UNDERSAMPLING,07-Oil Spill Imbalanced Classification,10,0.2225609756097561,0.09265375577004796,0.08,0.67
UNDERSAMPLING,07-Oil Spill Imbalanced Classification,11,128.0878048780488,79.12571867361318,41,496.7
UNDERSAMPLING,07-Oil Spill Imbalanced Classification,12,0.2524390243902439,0.08711509310073665,0.11,0.57
UNDERSAMPLING,07-Oil Spill Imbalanced Classification,13,0.31939024390243903,0.12539663059816192,0.14,0.79
UNDERSAMPLING,07-Oil Spill Imbalanced Classification,14,0.4948780487804878,0.20784754563921246,0.2,1.02
UNDERSAMPLING,07-Oil Spill Imbalanced Classification,15,0.1876829268292683,0.0807724861553919,0.07,0.5
UNDERSAMPLING,07-Oil Spill Imbalanced Classification,16,0.3078048780487805,0.19120168648362512,0.04,0.87
UNDERSAMPLING,07-Oil Spill Imbalanced Classification,17,70.835,101.87118758450076,11.13,747.64
UNDERSAMPLING,07-Oil Spill Imbalanced Classification,18,22.41390243902439,16.32432266615932,2.78,82.87
UNDERSAMPLING,07-Oil Spill Imbalanced Classification,19,0.9004878048780488,0.5907076786176374,0.15,2.27
UNDERSAMPLING,07-Oil Spill Imbalanced Classification,20,0.22121951219512195,0.07050768706716722,0.1,0.45
UNDERSAMPLING,07-Oil Spill Imbalanced Classification,21,0.2868292682926829,0.10159077979914681,0.13,0.69
UNDERSAMPLING,07-Oil Spill Imbalanced Classification,22,78.46987804878049,24.355575146682227,47.66,126.08
UNDERSAMPLING,07-Oil Spill Imbalanced Classification,23,0,0,0,0
UNDERSAMPLING,07-Oil Spill Imbalanced Classification,24,0.6351219512195122,0.3084859238137252,0.18,1.2
UNDERSAMPLING,07-Oil Spill Imbalanced Classification,25,578.6015853658537,670.8931019014408,132.78,2036.8
UNDERSAMPLING,07-Oil Spill Imbalanced Classification,26,0.45109756097560977,0.6950033414922088,-0.71,1.83
UNDERSAMPLING,07-Oil Spill Imbalanced Classification,27,6.462195121951219,3.763394850525728,2.96,14.78
UNDERSAMPLING,07-Oil Spill Imbalanced Classification,28,0.771219512195122,0.7921659482022168,-0.79,3.96
UNDERSAMPLING,07-Oil Spill Imbalanced Classification,29,4.536341463414634,3.4394255593426584,1.45,25.31
UNDERSAMPLING,07-Oil Spill Imbalanced Classification,30,-3.0876829268292685,1.5849191269475447,-7.76,-0.65
UNDERSAMPLING,07-Oil Spill Imbalanced Classification,31,-0.41353658536585364,0.21323129475932828,-1.07,-0.07
UNDERSAMPLING,07-Oil Spill Imbalanced Classification,32,1.822439024390244,0.6522999404303638,1.09,2.95
UNDERSAMPLING,07-Oil Spill Imbalanced Classification,33,0,0,0,0
UNDERSAMPLING,07-Oil Spill Imbalanced Classification,34,1.8223170731707317,0.6524375922673935,1.09,2.95
UNDERSAMPLING,07-Oil Spill Imbalanced Classification,35,46.36585365853659,69.46595439229667,6,465
UNDERSAMPLING,07-Oil Spill Imbalanced Classification,36,2540.8536585365855,3613.1509456563754,360,24030
UNDERSAMPLING,07-Oil Spill Imbalanced Classification,37,0.0052439024390243906,0.0054942415996929415,0,0.02
UNDERSAMPLING,07-Oil Spill Imbalanced Classification,38,31.931341463414633,25.065350525051343,6.64,138.68
UNDERSAMPLING,07-Oil Spill Imbalanced Classification,39,95.9390243902439,22.680468325871917,64,143
UNDERSAMPLING,07-Oil Spill Imbalanced Classification,40,64.41463414634147,13.393338328919109,39,86
UNDERSAMPLING,07-Oil Spill Imbalanced Classification,41,1203.3339024390243,1279.4477956879507,0,6041.52
UNDERSAMPLING,07-Oil Spill Imbalanced Classification,42,426.0859756097561,515.4355650018628,0,3059.41
UNDERSAMPLING,07-Oil Spill Imbalanced Classification,43,262.98,334.91002801010364,0,2043.9
UNDERSAMPLING,07-Oil Spill Imbalanced Classification,44,96.6540243902439,96.7604925864872,0,477.23
UNDERSAMPLING,07-Oil Spill Imbalanced Classification,45,5.117560975609756,4.401687263747961,0,20.29
UNDERSAMPLING,07-Oil Spill Imbalanced Classification,46,0.2073170731707317,0.40787933576538826,0,1
UNDERSAMPLING,07-Oil Spill Imbalanced Classification,48,60.90487804878049,11.192705654196732,36.06,66.39
UNDERSAMPLING,07-Oil Spill Imbalanced Classification,49,8.333414634146342,3.07238646115634,5.94,15.33
ROSE,01-Credit Card Fraud Detection,time,87838.75889282834,59173.170776466504,-128187.98152094445,303125.05919732014
ROSE,01-Credit Card Fraud Detection,v1,-2.404132567880015,6.748959258510039,-57.71210379735011,22.199043969400194
ROSE,01-Credit Card Fraud Detection,v2,1.8242804922780067,4.491128847528375,-71.99181762375893,32.27058770244159
ROSE,01-Credit Card Fraud Detection,v3,-3.5384049503543795,7.431769720603491,-49.26692153544403,21.921635131571087
ROSE,01-Credit Card Fraud Detection,v4,2.264688861316343,3.6389008096364717,-8.186175303965047,19.51587873834452
ROSE,01-Credit Card Fraud Detection,v5,-1.5882773884121415,5.213041278919877,-41.8894941127838,35.87359749669868
ROSE,01-Credit Card Fraud Detection,v6,-0.7091026809210053,2.1223989532458583,-26.887148348615547,25.04103408720468
ROSE,01-Credit Card Fraud Detection,v7,-2.7926665732799374,7.126580559132013,-60.92424514273908,43.441172075947776
ROSE,01-Credit Card Fraud Detection,v8,0.29379086660168713,6.187380939675932,-59.490009360812024,36.64545278834643
ROSE,01-Credit Card Fraud Detection,v9,-1.2842864685687374,2.74242415164744,-19.204566656208566,17.174241464914097
ROSE,01-Credit Card Fraud Detection,v10,-2.843444442146128,5.3137646145840565,-37.8581598678852,24.09069340324311
ROSE,01-Credit Card Fraud Detection,v11,1.8970725134339876,3.1844099180371024,-8.284981773500208,18.282377177618415
ROSE,01-Credit Card Fraud Detection,v12,-3.1298404874795343,5.285957561894069,-32.32687686009765,15.688241253705726
ROSE,01-Credit Card Fraud Detection,v13,-0.05363217354365843,1.3014452739627431,-6.288218508196615,5.293888262077305
ROSE,01-Credit Card Fraud Detection,v14,-3.4829543282844115,5.246785003973544,-30.606759005668103,16.565649366596034
ROSE,01-Credit Card Fraud Detection,v15,-0.04314232174580306,1.2168954638016878,-6.855792395671125,6.1683490869716024
ROSE,01-Credit Card Fraud Detection,v16,-2.0663989601107398,4.098721351556036,-24.835815638531663,12.938403776381298
ROSE,01-Credit Card Fraud Detection,v17,-3.342970844093692,7.120352449252976,-42.40116187663796,25.998194058143238
ROSE,01-Credit Card Fraud Detection,v18,-1.1190492171960622,2.909887577880995,-16.855807572700023,12.11074075766874
ROSE,01-Credit Card Fraud Detection,v19,0.3455499461979497,1.5788899463532784,-7.337575378819676,8.690679873602996
ROSE,01-Credit Card Fraud Detection,v20,0.18703592657406737,1.3800291070531738,-25.57181754489047,26.452452123676167
ROSE,01-Credit Card Fraud Detection,v21,0.3605730874985435,3.5238580731873235,-32.33891223599039,37.45506283650496
ROSE,01-Credit Card Fraud Detection,v22,0.0063127357039520935,1.4673571133085288,-12.834709256553554,11.43215807131236
ROSE,01-Credit Card Fraud Detection,v23,-0.016326760263870362,1.5031695111532968,-45.17596403993979,21.153310609716915
ROSE,01-Credit Card Fraud Detection,v24,-0.05320058831687371,0.6903618381873969,-3.4715928046563667,4.626669731694941
ROSE,01-Credit Card Fraud Detection,v25,0.02160689533716551,0.8416220553155771,-10.918346084763291,7.975182990502173
ROSE,01-Credit Card Fraud Detection,v26,0.02710723138545513,0.5890765785774639,-2.3604776708925614,3.8277668736718096
ROSE,01-Credit Card Fraud Detection,v27,0.08542945149409649,1.285673797043335,-23.072795544675415,10.894440706302321
ROSE,01-Credit Card Fraud Detection,v28,0.03656805629479713,0.5728907033053142,-11.697015185923348,33.684542927156585
ROSE,01-Credit Card Fraud Detection,amount,104.87269218561781,307.69889552287543,-938.1492305399877,13091.502075340944
ROSE,01-Credit Card Fraud Detection,radius1,NA,NA,NA,NA
ROSE,01-Credit Card Fraud Detection,texture1,NA,NA,NA,NA
ROSE,01-Credit Card Fraud Detection,perimeter1,NA,NA,NA,NA
ROSE,01-Credit Card Fraud Detection,area1,NA,NA,NA,NA
ROSE,01-Credit Card Fraud Detection,smoothness1,NA,NA,NA,NA
ROSE,01-Credit Card Fraud Detection,compactness1,NA,NA,NA,NA
ROSE,01-Credit Card Fraud Detection,concavity1,NA,NA,NA,NA
ROSE,01-Credit Card Fraud Detection,concave_points1,NA,NA,NA,NA
ROSE,01-Credit Card Fraud Detection,symmetry1,NA,NA,NA,NA
ROSE,01-Credit Card Fraud Detection,fractal_dimension1,NA,NA,NA,NA
ROSE,01-Credit Card Fraud Detection,radius2,NA,NA,NA,NA
ROSE,01-Credit Card Fraud Detection,texture2,NA,NA,NA,NA
ROSE,01-Credit Card Fraud Detection,perimeter2,NA,NA,NA,NA
ROSE,01-Credit Card Fraud Detection,area2,NA,NA,NA,NA
ROSE,01-Credit Card Fraud Detection,smoothness2,NA,NA,NA,NA
ROSE,01-Credit Card Fraud Detection,compactness2,NA,NA,NA,NA
ROSE,01-Credit Card Fraud Detection,concavity2,NA,NA,NA,NA
ROSE,01-Credit Card Fraud Detection,concave_points2,NA,NA,NA,NA
ROSE,01-Credit Card Fraud Detection,symmetry2,NA,NA,NA,NA
ROSE,01-Credit Card Fraud Detection,fractal_dimension2,NA,NA,NA,NA
ROSE,01-Credit Card Fraud Detection,radius3,NA,NA,NA,NA
ROSE,01-Credit Card Fraud Detection,texture3,NA,NA,NA,NA
ROSE,01-Credit Card Fraud Detection,perimeter3,NA,NA,NA,NA
ROSE,01-Credit Card Fraud Detection,area3,NA,NA,NA,NA
ROSE,01-Credit Card Fraud Detection,smoothness3,NA,NA,NA,NA
ROSE,01-Credit Card Fraud Detection,compactness3,NA,NA,NA,NA
ROSE,01-Credit Card Fraud Detection,concavity3,NA,NA,NA,NA
ROSE,01-Credit Card Fraud Detection,concave_points3,NA,NA,NA,NA
ROSE,01-Credit Card Fraud Detection,symmetry3,NA,NA,NA,NA
ROSE,01-Credit Card Fraud Detection,fractal_dimension3,NA,NA,NA,NA
ROSE,01-Credit Card Fraud Detection,pregnancies,NA,NA,NA,NA
ROSE,01-Credit Card Fraud Detection,glucose,NA,NA,NA,NA
ROSE,01-Credit Card Fraud Detection,bloodpressure,NA,NA,NA,NA
ROSE,01-Credit Card Fraud Detection,skinthickness,NA,NA,NA,NA
ROSE,01-Credit Card Fraud Detection,insulin,NA,NA,NA,NA
ROSE,01-Credit Card Fraud Detection,bmi,NA,NA,NA,NA
ROSE,01-Credit Card Fraud Detection,diabetespedigreefunction,NA,NA,NA,NA
ROSE,01-Credit Card Fraud Detection,age,NA,NA,NA,NA
ROSE,01-Credit Card Fraud Detection,attribute01,NA,NA,NA,NA
ROSE,01-Credit Card Fraud Detection,attribute02,NA,NA,NA,NA
ROSE,01-Credit Card Fraud Detection,attribute03,NA,NA,NA,NA
ROSE,01-Credit Card Fraud Detection,attribute04,NA,NA,NA,NA
ROSE,01-Credit Card Fraud Detection,attribute05,NA,NA,NA,NA
ROSE,01-Credit Card Fraud Detection,attribute06,NA,NA,NA,NA
ROSE,01-Credit Card Fraud Detection,attribute07,NA,NA,NA,NA
ROSE,01-Credit Card Fraud Detection,attribute08,NA,NA,NA,NA
ROSE,01-Credit Card Fraud Detection,attribute09,NA,NA,NA,NA
ROSE,01-Credit Card Fraud Detection,attribute10,NA,NA,NA,NA
ROSE,01-Credit Card Fraud Detection,attribute11,NA,NA,NA,NA
ROSE,01-Credit Card Fraud Detection,attribute12,NA,NA,NA,NA
ROSE,01-Credit Card Fraud Detection,attribute13,NA,NA,NA,NA
ROSE,01-Credit Card Fraud Detection,attribute14,NA,NA,NA,NA
ROSE,01-Credit Card Fraud Detection,attribute15,NA,NA,NA,NA
ROSE,01-Credit Card Fraud Detection,attribute16,NA,NA,NA,NA
ROSE,01-Credit Card Fraud Detection,attribute17,NA,NA,NA,NA
ROSE,01-Credit Card Fraud Detection,attribute18,NA,NA,NA,NA
ROSE,01-Credit Card Fraud Detection,attribute19,NA,NA,NA,NA
ROSE,01-Credit Card Fraud Detection,attribute20,NA,NA,NA,NA
ROSE,01-Credit Card Fraud Detection,attribute21,NA,NA,NA,NA
ROSE,01-Credit Card Fraud Detection,attribute22,NA,NA,NA,NA
ROSE,01-Credit Card Fraud Detection,attribute23,NA,NA,NA,NA
ROSE,01-Credit Card Fraud Detection,attribute24,NA,NA,NA,NA
ROSE,01-Credit Card Fraud Detection,attribute25,NA,NA,NA,NA
ROSE,01-Credit Card Fraud Detection,attribute26,NA,NA,NA,NA
ROSE,01-Credit Card Fraud Detection,attribute27,NA,NA,NA,NA
ROSE,01-Credit Card Fraud Detection,attribute28,NA,NA,NA,NA
ROSE,01-Credit Card Fraud Detection,attribute29,NA,NA,NA,NA
ROSE,01-Credit Card Fraud Detection,attribute30,NA,NA,NA,NA
ROSE,01-Credit Card Fraud Detection,attribute31,NA,NA,NA,NA
ROSE,01-Credit Card Fraud Detection,attribute32,NA,NA,NA,NA
ROSE,01-Credit Card Fraud Detection,attribute33,NA,NA,NA,NA
ROSE,01-Credit Card Fraud Detection,attribute34,NA,NA,NA,NA
ROSE,01-Credit Card Fraud Detection,aa,NA,NA,NA,NA
ROSE,01-Credit Card Fraud Detection,ao,NA,NA,NA,NA
ROSE,01-Credit Card Fraud Detection,dcl,NA,NA,NA,NA
ROSE,01-Credit Card Fraud Detection,iy,NA,NA,NA,NA
ROSE,01-Credit Card Fraud Detection,sh,NA,NA,NA,NA
ROSE,01-Credit Card Fraud Detection,0,NA,NA,NA,NA
ROSE,01-Credit Card Fraud Detection,1,NA,NA,NA,NA
ROSE,01-Credit Card Fraud Detection,2,NA,NA,NA,NA
ROSE,01-Credit Card Fraud Detection,3,NA,NA,NA,NA
ROSE,01-Credit Card Fraud Detection,4,NA,NA,NA,NA
ROSE,01-Credit Card Fraud Detection,5,NA,NA,NA,NA
ROSE,01-Credit Card Fraud Detection,6,NA,NA,NA,NA
ROSE,01-Credit Card Fraud Detection,7,NA,NA,NA,NA
ROSE,01-Credit Card Fraud Detection,8,NA,NA,NA,NA
ROSE,01-Credit Card Fraud Detection,9,NA,NA,NA,NA
ROSE,01-Credit Card Fraud Detection,10,NA,NA,NA,NA
ROSE,01-Credit Card Fraud Detection,11,NA,NA,NA,NA
ROSE,01-Credit Card Fraud Detection,12,NA,NA,NA,NA
ROSE,01-Credit Card Fraud Detection,13,NA,NA,NA,NA
ROSE,01-Credit Card Fraud Detection,14,NA,NA,NA,NA
ROSE,01-Credit Card Fraud Detection,15,NA,NA,NA,NA
ROSE,01-Credit Card Fraud Detection,16,NA,NA,NA,NA
ROSE,01-Credit Card Fraud Detection,17,NA,NA,NA,NA
ROSE,01-Credit Card Fraud Detection,18,NA,NA,NA,NA
ROSE,01-Credit Card Fraud Detection,19,NA,NA,NA,NA
ROSE,01-Credit Card Fraud Detection,20,NA,NA,NA,NA
ROSE,01-Credit Card Fraud Detection,21,NA,NA,NA,NA
ROSE,01-Credit Card Fraud Detection,22,NA,NA,NA,NA
ROSE,01-Credit Card Fraud Detection,23,NA,NA,NA,NA
ROSE,01-Credit Card Fraud Detection,24,NA,NA,NA,NA
ROSE,01-Credit Card Fraud Detection,25,NA,NA,NA,NA
ROSE,01-Credit Card Fraud Detection,26,NA,NA,NA,NA
ROSE,01-Credit Card Fraud Detection,27,NA,NA,NA,NA
ROSE,01-Credit Card Fraud Detection,28,NA,NA,NA,NA
ROSE,01-Credit Card Fraud Detection,29,NA,NA,NA,NA
ROSE,01-Credit Card Fraud Detection,30,NA,NA,NA,NA
ROSE,01-Credit Card Fraud Detection,31,NA,NA,NA,NA
ROSE,01-Credit Card Fraud Detection,32,NA,NA,NA,NA
ROSE,01-Credit Card Fraud Detection,33,NA,NA,NA,NA
ROSE,01-Credit Card Fraud Detection,34,NA,NA,NA,NA
ROSE,01-Credit Card Fraud Detection,35,NA,NA,NA,NA
ROSE,01-Credit Card Fraud Detection,36,NA,NA,NA,NA
ROSE,01-Credit Card Fraud Detection,37,NA,NA,NA,NA
ROSE,01-Credit Card Fraud Detection,38,NA,NA,NA,NA
ROSE,01-Credit Card Fraud Detection,39,NA,NA,NA,NA
ROSE,01-Credit Card Fraud Detection,40,NA,NA,NA,NA
ROSE,01-Credit Card Fraud Detection,41,NA,NA,NA,NA
ROSE,01-Credit Card Fraud Detection,42,NA,NA,NA,NA
ROSE,01-Credit Card Fraud Detection,43,NA,NA,NA,NA
ROSE,01-Credit Card Fraud Detection,44,NA,NA,NA,NA
ROSE,01-Credit Card Fraud Detection,45,NA,NA,NA,NA
ROSE,01-Credit Card Fraud Detection,46,NA,NA,NA,NA
ROSE,01-Credit Card Fraud Detection,48,NA,NA,NA,NA
ROSE,01-Credit Card Fraud Detection,49,NA,NA,NA,NA
ROSE,02-Breast Cancer Wisconsin (Diagnostic),time,NA,NA,NA,NA
ROSE,02-Breast Cancer Wisconsin (Diagnostic),v1,NA,NA,NA,NA
ROSE,02-Breast Cancer Wisconsin (Diagnostic),v2,NA,NA,NA,NA
ROSE,02-Breast Cancer Wisconsin (Diagnostic),v3,NA,NA,NA,NA
ROSE,02-Breast Cancer Wisconsin (Diagnostic),v4,NA,NA,NA,NA
ROSE,02-Breast Cancer Wisconsin (Diagnostic),v5,NA,NA,NA,NA
ROSE,02-Breast Cancer Wisconsin (Diagnostic),v6,NA,NA,NA,NA
ROSE,02-Breast Cancer Wisconsin (Diagnostic),v7,NA,NA,NA,NA
ROSE,02-Breast Cancer Wisconsin (Diagnostic),v8,NA,NA,NA,NA
ROSE,02-Breast Cancer Wisconsin (Diagnostic),v9,NA,NA,NA,NA
ROSE,02-Breast Cancer Wisconsin (Diagnostic),v10,NA,NA,NA,NA
ROSE,02-Breast Cancer Wisconsin (Diagnostic),v11,NA,NA,NA,NA
ROSE,02-Breast Cancer Wisconsin (Diagnostic),v12,NA,NA,NA,NA
ROSE,02-Breast Cancer Wisconsin (Diagnostic),v13,NA,NA,NA,NA
ROSE,02-Breast Cancer Wisconsin (Diagnostic),v14,NA,NA,NA,NA
ROSE,02-Breast Cancer Wisconsin (Diagnostic),v15,NA,NA,NA,NA
ROSE,02-Breast Cancer Wisconsin (Diagnostic),v16,NA,NA,NA,NA
ROSE,02-Breast Cancer Wisconsin (Diagnostic),v17,NA,NA,NA,NA
ROSE,02-Breast Cancer Wisconsin (Diagnostic),v18,NA,NA,NA,NA
ROSE,02-Breast Cancer Wisconsin (Diagnostic),v19,NA,NA,NA,NA
ROSE,02-Breast Cancer Wisconsin (Diagnostic),v20,NA,NA,NA,NA
ROSE,02-Breast Cancer Wisconsin (Diagnostic),v21,NA,NA,NA,NA
ROSE,02-Breast Cancer Wisconsin (Diagnostic),v22,NA,NA,NA,NA
ROSE,02-Breast Cancer Wisconsin (Diagnostic),v23,NA,NA,NA,NA
ROSE,02-Breast Cancer Wisconsin (Diagnostic),v24,NA,NA,NA,NA
ROSE,02-Breast Cancer Wisconsin (Diagnostic),v25,NA,NA,NA,NA
ROSE,02-Breast Cancer Wisconsin (Diagnostic),v26,NA,NA,NA,NA
ROSE,02-Breast Cancer Wisconsin (Diagnostic),v27,NA,NA,NA,NA
ROSE,02-Breast Cancer Wisconsin (Diagnostic),v28,NA,NA,NA,NA
ROSE,02-Breast Cancer Wisconsin (Diagnostic),amount,NA,NA,NA,NA
ROSE,02-Breast Cancer Wisconsin (Diagnostic),radius1,14.594337636310973,4.166526772150776,5.635755227051215,28.963058307160374
ROSE,02-Breast Cancer Wisconsin (Diagnostic),texture1,19.385599668739655,5.041108007856958,4.550941891476351,36.33164138612296
ROSE,02-Breast Cancer Wisconsin (Diagnostic),perimeter1,94.69626613910042,28.443039722030697,37.36035579059751,209.95080056398774
ROSE,02-Breast Cancer Wisconsin (Diagnostic),area1,708.4232591055221,446.26240714291055,-132.6977922676407,2838.6229672312807
ROSE,02-Breast Cancer Wisconsin (Diagnostic),smoothness1,0.09692999681808442,0.017246298532749605,0.05022640294584306,0.14988402874856527
ROSE,02-Breast Cancer Wisconsin (Diagnostic),compactness1,0.10789026317989502,0.06715758700230566,-0.03364170227254975,0.39038518416940493
ROSE,02-Breast Cancer Wisconsin (Diagnostic),concavity1,0.10135746293156085,0.09946673204615399,-0.07102197546414057,0.5278005511147569
ROSE,02-Breast Cancer Wisconsin (Diagnostic),concave_points1,0.05373555524471974,0.04592909258170806,-0.03189544325439069,0.24973385307325052
ROSE,02-Breast Cancer Wisconsin (Diagnostic),symmetry1,0.18255328512426805,0.033601075571136646,0.08658701354488793,0.3343249706642159
ROSE,02-Breast Cancer Wisconsin (Diagnostic),fractal_dimension1,0.06218057814092756,0.008663458081736826,0.038973496650903425,0.0962733500525893
ROSE,02-Breast Cancer Wisconsin (Diagnostic),radius2,0.4321471470996111,0.3638794016230457,-0.3043119237853058,3.072001755070577
ROSE,02-Breast Cancer Wisconsin (Diagnostic),texture2,1.165773708469126,0.6882947975399322,-0.2878768920948651,4.449759161222605
ROSE,02-Breast Cancer Wisconsin (Diagnostic),perimeter2,3.035997649564521,2.696993672272716,-2.6755525457164504,23.267424179191924
ROSE,02-Breast Cancer Wisconsin (Diagnostic),area2,46.70522943501878,61.015733664155064,-98.69650413563579,512.570486431015
ROSE,02-Breast Cancer Wisconsin (Diagnostic),smoothness2,0.006947653604173534,0.0038641699898257454,-0.0016063470403030675,0.024597873684341895
ROSE,02-Breast Cancer Wisconsin (Diagnostic),compactness2,0.02508370922514101,0.021137644442749213,-0.023602907065712168,0.10316512926835703
ROSE,02-Breast Cancer Wisconsin (Diagnostic),concavity2,0.030860444971359438,0.036103892932976375,-0.0579094215224358,0.3350870217130243
ROSE,02-Breast Cancer Wisconsin (Diagnostic),concave_points2,0.011639729903248124,0.0073247797852196116,-0.005359783783171106,0.03891553991892838
ROSE,02-Breast Cancer Wisconsin (Diagnostic),symmetry2,0.019799664823496054,0.010758236669597562,-0.008946507284137652,0.07947669094060243
ROSE,02-Breast Cancer Wisconsin (Diagnostic),fractal_dimension2,0.0035349067908435525,0.0029239659655396267,-0.005697153101414098,0.024473664332644356
ROSE,02-Breast Cancer Wisconsin (Diagnostic),radius3,16.949329986207,5.612287162615315,3.1557793207211287,40.13701122601851
ROSE,02-Breast Cancer Wisconsin (Diagnostic),texture3,26.177849992175123,7.354975338549782,5.477500959112229,50.37342560926281
ROSE,02-Breast Cancer Wisconsin (Diagnostic),perimeter3,111.24064463631316,39.77106492371697,40.213107622919964,252.5565632636606
ROSE,02-Breast Cancer Wisconsin (Diagnostic),area3,961.9933657859507,714.8374458105636,-1153.8123106124651,5021.384629326072
ROSE,02-Breast Cancer Wisconsin (Diagnostic),smoothness3,0.13477109128132864,0.028100015332041782,0.057835166722339,0.2527965574849599
ROSE,02-Breast Cancer Wisconsin (Diagnostic),compactness3,0.26649350807919,0.1904328953977469,-0.17577651317168505,1.04863921911172
ROSE,02-Breast Cancer Wisconsin (Diagnostic),concavity3,0.2997607724817578,0.25790623939474067,-0.1892612415979516,1.4689235923526192
ROSE,02-Breast Cancer Wisconsin (Diagnostic),concave_points3,0.12379758674488714,0.07462990711323696,-0.048830750262429015,0.3511518852374915
ROSE,02-Breast Cancer Wisconsin (Diagnostic),symmetry3,0.2940600274285888,0.07483295511653065,0.11997841038553944,0.5696427252821881
ROSE,02-Breast Cancer Wisconsin (Diagnostic),fractal_dimension3,0.08351335042273592,0.022599435331137493,0.018795438192519984,0.2191335196393923
ROSE,02-Breast Cancer Wisconsin (Diagnostic),pregnancies,NA,NA,NA,NA
ROSE,02-Breast Cancer Wisconsin (Diagnostic),glucose,NA,NA,NA,NA
ROSE,02-Breast Cancer Wisconsin (Diagnostic),bloodpressure,NA,NA,NA,NA
ROSE,02-Breast Cancer Wisconsin (Diagnostic),skinthickness,NA,NA,NA,NA
ROSE,02-Breast Cancer Wisconsin (Diagnostic),insulin,NA,NA,NA,NA
ROSE,02-Breast Cancer Wisconsin (Diagnostic),bmi,NA,NA,NA,NA
ROSE,02-Breast Cancer Wisconsin (Diagnostic),diabetespedigreefunction,NA,NA,NA,NA
ROSE,02-Breast Cancer Wisconsin (Diagnostic),age,NA,NA,NA,NA
ROSE,02-Breast Cancer Wisconsin (Diagnostic),attribute01,NA,NA,NA,NA
ROSE,02-Breast Cancer Wisconsin (Diagnostic),attribute02,NA,NA,NA,NA
ROSE,02-Breast Cancer Wisconsin (Diagnostic),attribute03,NA,NA,NA,NA
ROSE,02-Breast Cancer Wisconsin (Diagnostic),attribute04,NA,NA,NA,NA
ROSE,02-Breast Cancer Wisconsin (Diagnostic),attribute05,NA,NA,NA,NA
ROSE,02-Breast Cancer Wisconsin (Diagnostic),attribute06,NA,NA,NA,NA
ROSE,02-Breast Cancer Wisconsin (Diagnostic),attribute07,NA,NA,NA,NA
ROSE,02-Breast Cancer Wisconsin (Diagnostic),attribute08,NA,NA,NA,NA
ROSE,02-Breast Cancer Wisconsin (Diagnostic),attribute09,NA,NA,NA,NA
ROSE,02-Breast Cancer Wisconsin (Diagnostic),attribute10,NA,NA,NA,NA
ROSE,02-Breast Cancer Wisconsin (Diagnostic),attribute11,NA,NA,NA,NA
ROSE,02-Breast Cancer Wisconsin (Diagnostic),attribute12,NA,NA,NA,NA
ROSE,02-Breast Cancer Wisconsin (Diagnostic),attribute13,NA,NA,NA,NA
ROSE,02-Breast Cancer Wisconsin (Diagnostic),attribute14,NA,NA,NA,NA
ROSE,02-Breast Cancer Wisconsin (Diagnostic),attribute15,NA,NA,NA,NA
ROSE,02-Breast Cancer Wisconsin (Diagnostic),attribute16,NA,NA,NA,NA
ROSE,02-Breast Cancer Wisconsin (Diagnostic),attribute17,NA,NA,NA,NA
ROSE,02-Breast Cancer Wisconsin (Diagnostic),attribute18,NA,NA,NA,NA
ROSE,02-Breast Cancer Wisconsin (Diagnostic),attribute19,NA,NA,NA,NA
ROSE,02-Breast Cancer Wisconsin (Diagnostic),attribute20,NA,NA,NA,NA
ROSE,02-Breast Cancer Wisconsin (Diagnostic),attribute21,NA,NA,NA,NA
ROSE,02-Breast Cancer Wisconsin (Diagnostic),attribute22,NA,NA,NA,NA
ROSE,02-Breast Cancer Wisconsin (Diagnostic),attribute23,NA,NA,NA,NA
ROSE,02-Breast Cancer Wisconsin (Diagnostic),attribute24,NA,NA,NA,NA
ROSE,02-Breast Cancer Wisconsin (Diagnostic),attribute25,NA,NA,NA,NA
ROSE,02-Breast Cancer Wisconsin (Diagnostic),attribute26,NA,NA,NA,NA
ROSE,02-Breast Cancer Wisconsin (Diagnostic),attribute27,NA,NA,NA,NA
ROSE,02-Breast Cancer Wisconsin (Diagnostic),attribute28,NA,NA,NA,NA
ROSE,02-Breast Cancer Wisconsin (Diagnostic),attribute29,NA,NA,NA,NA
ROSE,02-Breast Cancer Wisconsin (Diagnostic),attribute30,NA,NA,NA,NA
ROSE,02-Breast Cancer Wisconsin (Diagnostic),attribute31,NA,NA,NA,NA
ROSE,02-Breast Cancer Wisconsin (Diagnostic),attribute32,NA,NA,NA,NA
ROSE,02-Breast Cancer Wisconsin (Diagnostic),attribute33,NA,NA,NA,NA
ROSE,02-Breast Cancer Wisconsin (Diagnostic),attribute34,NA,NA,NA,NA
ROSE,02-Breast Cancer Wisconsin (Diagnostic),aa,NA,NA,NA,NA
ROSE,02-Breast Cancer Wisconsin (Diagnostic),ao,NA,NA,NA,NA
ROSE,02-Breast Cancer Wisconsin (Diagnostic),dcl,NA,NA,NA,NA
ROSE,02-Breast Cancer Wisconsin (Diagnostic),iy,NA,NA,NA,NA
ROSE,02-Breast Cancer Wisconsin (Diagnostic),sh,NA,NA,NA,NA
ROSE,02-Breast Cancer Wisconsin (Diagnostic),0,NA,NA,NA,NA
ROSE,02-Breast Cancer Wisconsin (Diagnostic),1,NA,NA,NA,NA
ROSE,02-Breast Cancer Wisconsin (Diagnostic),2,NA,NA,NA,NA
ROSE,02-Breast Cancer Wisconsin (Diagnostic),3,NA,NA,NA,NA
ROSE,02-Breast Cancer Wisconsin (Diagnostic),4,NA,NA,NA,NA
ROSE,02-Breast Cancer Wisconsin (Diagnostic),5,NA,NA,NA,NA
ROSE,02-Breast Cancer Wisconsin (Diagnostic),6,NA,NA,NA,NA
ROSE,02-Breast Cancer Wisconsin (Diagnostic),7,NA,NA,NA,NA
ROSE,02-Breast Cancer Wisconsin (Diagnostic),8,NA,NA,NA,NA
ROSE,02-Breast Cancer Wisconsin (Diagnostic),9,NA,NA,NA,NA
ROSE,02-Breast Cancer Wisconsin (Diagnostic),10,NA,NA,NA,NA
ROSE,02-Breast Cancer Wisconsin (Diagnostic),11,NA,NA,NA,NA
ROSE,02-Breast Cancer Wisconsin (Diagnostic),12,NA,NA,NA,NA
ROSE,02-Breast Cancer Wisconsin (Diagnostic),13,NA,NA,NA,NA
ROSE,02-Breast Cancer Wisconsin (Diagnostic),14,NA,NA,NA,NA
ROSE,02-Breast Cancer Wisconsin (Diagnostic),15,NA,NA,NA,NA
ROSE,02-Breast Cancer Wisconsin (Diagnostic),16,NA,NA,NA,NA
ROSE,02-Breast Cancer Wisconsin (Diagnostic),17,NA,NA,NA,NA
ROSE,02-Breast Cancer Wisconsin (Diagnostic),18,NA,NA,NA,NA
ROSE,02-Breast Cancer Wisconsin (Diagnostic),19,NA,NA,NA,NA
ROSE,02-Breast Cancer Wisconsin (Diagnostic),20,NA,NA,NA,NA
ROSE,02-Breast Cancer Wisconsin (Diagnostic),21,NA,NA,NA,NA
ROSE,02-Breast Cancer Wisconsin (Diagnostic),22,NA,NA,NA,NA
ROSE,02-Breast Cancer Wisconsin (Diagnostic),23,NA,NA,NA,NA
ROSE,02-Breast Cancer Wisconsin (Diagnostic),24,NA,NA,NA,NA
ROSE,02-Breast Cancer Wisconsin (Diagnostic),25,NA,NA,NA,NA
ROSE,02-Breast Cancer Wisconsin (Diagnostic),26,NA,NA,NA,NA
ROSE,02-Breast Cancer Wisconsin (Diagnostic),27,NA,NA,NA,NA
ROSE,02-Breast Cancer Wisconsin (Diagnostic),28,NA,NA,NA,NA
ROSE,02-Breast Cancer Wisconsin (Diagnostic),29,NA,NA,NA,NA
ROSE,02-Breast Cancer Wisconsin (Diagnostic),30,NA,NA,NA,NA
ROSE,02-Breast Cancer Wisconsin (Diagnostic),31,NA,NA,NA,NA
ROSE,02-Breast Cancer Wisconsin (Diagnostic),32,NA,NA,NA,NA
ROSE,02-Breast Cancer Wisconsin (Diagnostic),33,NA,NA,NA,NA
ROSE,02-Breast Cancer Wisconsin (Diagnostic),34,NA,NA,NA,NA
ROSE,02-Breast Cancer Wisconsin (Diagnostic),35,NA,NA,NA,NA
ROSE,02-Breast Cancer Wisconsin (Diagnostic),36,NA,NA,NA,NA
ROSE,02-Breast Cancer Wisconsin (Diagnostic),37,NA,NA,NA,NA
ROSE,02-Breast Cancer Wisconsin (Diagnostic),38,NA,NA,NA,NA
ROSE,02-Breast Cancer Wisconsin (Diagnostic),39,NA,NA,NA,NA
ROSE,02-Breast Cancer Wisconsin (Diagnostic),40,NA,NA,NA,NA
ROSE,02-Breast Cancer Wisconsin (Diagnostic),41,NA,NA,NA,NA
ROSE,02-Breast Cancer Wisconsin (Diagnostic),42,NA,NA,NA,NA
ROSE,02-Breast Cancer Wisconsin (Diagnostic),43,NA,NA,NA,NA
ROSE,02-Breast Cancer Wisconsin (Diagnostic),44,NA,NA,NA,NA
ROSE,02-Breast Cancer Wisconsin (Diagnostic),45,NA,NA,NA,NA
ROSE,02-Breast Cancer Wisconsin (Diagnostic),46,NA,NA,NA,NA
ROSE,02-Breast Cancer Wisconsin (Diagnostic),48,NA,NA,NA,NA
ROSE,02-Breast Cancer Wisconsin (Diagnostic),49,NA,NA,NA,NA
ROSE,03-Pima Indians Diabetes,time,NA,NA,NA,NA
ROSE,03-Pima Indians Diabetes,v1,NA,NA,NA,NA
ROSE,03-Pima Indians Diabetes,v2,NA,NA,NA,NA
ROSE,03-Pima Indians Diabetes,v3,NA,NA,NA,NA
ROSE,03-Pima Indians Diabetes,v4,NA,NA,NA,NA
ROSE,03-Pima Indians Diabetes,v5,NA,NA,NA,NA
ROSE,03-Pima Indians Diabetes,v6,NA,NA,NA,NA
ROSE,03-Pima Indians Diabetes,v7,NA,NA,NA,NA
ROSE,03-Pima Indians Diabetes,v8,NA,NA,NA,NA
ROSE,03-Pima Indians Diabetes,v9,NA,NA,NA,NA
ROSE,03-Pima Indians Diabetes,v10,NA,NA,NA,NA
ROSE,03-Pima Indians Diabetes,v11,NA,NA,NA,NA
ROSE,03-Pima Indians Diabetes,v12,NA,NA,NA,NA
ROSE,03-Pima Indians Diabetes,v13,NA,NA,NA,NA
ROSE,03-Pima Indians Diabetes,v14,NA,NA,NA,NA
ROSE,03-Pima Indians Diabetes,v15,NA,NA,NA,NA
ROSE,03-Pima Indians Diabetes,v16,NA,NA,NA,NA
ROSE,03-Pima Indians Diabetes,v17,NA,NA,NA,NA
ROSE,03-Pima Indians Diabetes,v18,NA,NA,NA,NA
ROSE,03-Pima Indians Diabetes,v19,NA,NA,NA,NA
ROSE,03-Pima Indians Diabetes,v20,NA,NA,NA,NA
ROSE,03-Pima Indians Diabetes,v21,NA,NA,NA,NA
ROSE,03-Pima Indians Diabetes,v22,NA,NA,NA,NA
ROSE,03-Pima Indians Diabetes,v23,NA,NA,NA,NA
ROSE,03-Pima Indians Diabetes,v24,NA,NA,NA,NA
ROSE,03-Pima Indians Diabetes,v25,NA,NA,NA,NA
ROSE,03-Pima Indians Diabetes,v26,NA,NA,NA,NA
ROSE,03-Pima Indians Diabetes,v27,NA,NA,NA,NA
ROSE,03-Pima Indians Diabetes,v28,NA,NA,NA,NA
ROSE,03-Pima Indians Diabetes,amount,NA,NA,NA,NA
ROSE,03-Pima Indians Diabetes,radius1,NA,NA,NA,NA
ROSE,03-Pima Indians Diabetes,texture1,NA,NA,NA,NA
ROSE,03-Pima Indians Diabetes,perimeter1,NA,NA,NA,NA
ROSE,03-Pima Indians Diabetes,area1,NA,NA,NA,NA
ROSE,03-Pima Indians Diabetes,smoothness1,NA,NA,NA,NA
ROSE,03-Pima Indians Diabetes,compactness1,NA,NA,NA,NA
ROSE,03-Pima Indians Diabetes,concavity1,NA,NA,NA,NA
ROSE,03-Pima Indians Diabetes,concave_points1,NA,NA,NA,NA
ROSE,03-Pima Indians Diabetes,symmetry1,NA,NA,NA,NA
ROSE,03-Pima Indians Diabetes,fractal_dimension1,NA,NA,NA,NA
ROSE,03-Pima Indians Diabetes,radius2,NA,NA,NA,NA
ROSE,03-Pima Indians Diabetes,texture2,NA,NA,NA,NA
ROSE,03-Pima Indians Diabetes,perimeter2,NA,NA,NA,NA
ROSE,03-Pima Indians Diabetes,area2,NA,NA,NA,NA
ROSE,03-Pima Indians Diabetes,smoothness2,NA,NA,NA,NA
ROSE,03-Pima Indians Diabetes,compactness2,NA,NA,NA,NA
ROSE,03-Pima Indians Diabetes,concavity2,NA,NA,NA,NA
ROSE,03-Pima Indians Diabetes,concave_points2,NA,NA,NA,NA
ROSE,03-Pima Indians Diabetes,symmetry2,NA,NA,NA,NA
ROSE,03-Pima Indians Diabetes,fractal_dimension2,NA,NA,NA,NA
ROSE,03-Pima Indians Diabetes,radius3,NA,NA,NA,NA
ROSE,03-Pima Indians Diabetes,texture3,NA,NA,NA,NA
ROSE,03-Pima Indians Diabetes,perimeter3,NA,NA,NA,NA
ROSE,03-Pima Indians Diabetes,area3,NA,NA,NA,NA
ROSE,03-Pima Indians Diabetes,smoothness3,NA,NA,NA,NA
ROSE,03-Pima Indians Diabetes,compactness3,NA,NA,NA,NA
ROSE,03-Pima Indians Diabetes,concavity3,NA,NA,NA,NA
ROSE,03-Pima Indians Diabetes,concave_points3,NA,NA,NA,NA
ROSE,03-Pima Indians Diabetes,symmetry3,NA,NA,NA,NA
ROSE,03-Pima Indians Diabetes,fractal_dimension3,NA,NA,NA,NA
ROSE,03-Pima Indians Diabetes,pregnancies,4.206289769128808,4.205632061249701,-6.0106568768652915,18.334235449027695
ROSE,03-Pima Indians Diabetes,glucose,126.72436556848639,35.819955312588085,-11.76406239340609,238.78482327385524
ROSE,03-Pima Indians Diabetes,bloodpressure,69.44673101185916,24.688948366426654,-26.020072696436646,126.32761886260144
ROSE,03-Pima Indians Diabetes,skinthickness,20.553256592027427,19.563949347651278,-24.06645944981505,96.33319275428508
ROSE,03-Pima Indians Diabetes,insulin,83.9817686146901,138.5373006720449,-205.1008873297483,927.0788729522899
ROSE,03-Pima Indians Diabetes,bmi,32.94563038745653,9.316692894514874,-12.483093945338496,65.94025264449107
ROSE,03-Pima Indians Diabetes,diabetespedigreefunction,0.480814082441973,0.3904532382250184,-0.41715714590326924,2.459558496747891
ROSE,03-Pima Indians Diabetes,age,34.10165458657001,13.421847567543749,5.306183733775473,79.12882459018891
ROSE,03-Pima Indians Diabetes,attribute01,NA,NA,NA,NA
ROSE,03-Pima Indians Diabetes,attribute02,NA,NA,NA,NA
ROSE,03-Pima Indians Diabetes,attribute03,NA,NA,NA,NA
ROSE,03-Pima Indians Diabetes,attribute04,NA,NA,NA,NA
ROSE,03-Pima Indians Diabetes,attribute05,NA,NA,NA,NA
ROSE,03-Pima Indians Diabetes,attribute06,NA,NA,NA,NA
ROSE,03-Pima Indians Diabetes,attribute07,NA,NA,NA,NA
ROSE,03-Pima Indians Diabetes,attribute08,NA,NA,NA,NA
ROSE,03-Pima Indians Diabetes,attribute09,NA,NA,NA,NA
ROSE,03-Pima Indians Diabetes,attribute10,NA,NA,NA,NA
ROSE,03-Pima Indians Diabetes,attribute11,NA,NA,NA,NA
ROSE,03-Pima Indians Diabetes,attribute12,NA,NA,NA,NA
ROSE,03-Pima Indians Diabetes,attribute13,NA,NA,NA,NA
ROSE,03-Pima Indians Diabetes,attribute14,NA,NA,NA,NA
ROSE,03-Pima Indians Diabetes,attribute15,NA,NA,NA,NA
ROSE,03-Pima Indians Diabetes,attribute16,NA,NA,NA,NA
ROSE,03-Pima Indians Diabetes,attribute17,NA,NA,NA,NA
ROSE,03-Pima Indians Diabetes,attribute18,NA,NA,NA,NA
ROSE,03-Pima Indians Diabetes,attribute19,NA,NA,NA,NA
ROSE,03-Pima Indians Diabetes,attribute20,NA,NA,NA,NA
ROSE,03-Pima Indians Diabetes,attribute21,NA,NA,NA,NA
ROSE,03-Pima Indians Diabetes,attribute22,NA,NA,NA,NA
ROSE,03-Pima Indians Diabetes,attribute23,NA,NA,NA,NA
ROSE,03-Pima Indians Diabetes,attribute24,NA,NA,NA,NA
ROSE,03-Pima Indians Diabetes,attribute25,NA,NA,NA,NA
ROSE,03-Pima Indians Diabetes,attribute26,NA,NA,NA,NA
ROSE,03-Pima Indians Diabetes,attribute27,NA,NA,NA,NA
ROSE,03-Pima Indians Diabetes,attribute28,NA,NA,NA,NA
ROSE,03-Pima Indians Diabetes,attribute29,NA,NA,NA,NA
ROSE,03-Pima Indians Diabetes,attribute30,NA,NA,NA,NA
ROSE,03-Pima Indians Diabetes,attribute31,NA,NA,NA,NA
ROSE,03-Pima Indians Diabetes,attribute32,NA,NA,NA,NA
ROSE,03-Pima Indians Diabetes,attribute33,NA,NA,NA,NA
ROSE,03-Pima Indians Diabetes,attribute34,NA,NA,NA,NA
ROSE,03-Pima Indians Diabetes,aa,NA,NA,NA,NA
ROSE,03-Pima Indians Diabetes,ao,NA,NA,NA,NA
ROSE,03-Pima Indians Diabetes,dcl,NA,NA,NA,NA
ROSE,03-Pima Indians Diabetes,iy,NA,NA,NA,NA
ROSE,03-Pima Indians Diabetes,sh,NA,NA,NA,NA
ROSE,03-Pima Indians Diabetes,0,NA,NA,NA,NA
ROSE,03-Pima Indians Diabetes,1,NA,NA,NA,NA
ROSE,03-Pima Indians Diabetes,2,NA,NA,NA,NA
ROSE,03-Pima Indians Diabetes,3,NA,NA,NA,NA
ROSE,03-Pima Indians Diabetes,4,NA,NA,NA,NA
ROSE,03-Pima Indians Diabetes,5,NA,NA,NA,NA
ROSE,03-Pima Indians Diabetes,6,NA,NA,NA,NA
ROSE,03-Pima Indians Diabetes,7,NA,NA,NA,NA
ROSE,03-Pima Indians Diabetes,8,NA,NA,NA,NA
ROSE,03-Pima Indians Diabetes,9,NA,NA,NA,NA
ROSE,03-Pima Indians Diabetes,10,NA,NA,NA,NA
ROSE,03-Pima Indians Diabetes,11,NA,NA,NA,NA
ROSE,03-Pima Indians Diabetes,12,NA,NA,NA,NA
ROSE,03-Pima Indians Diabetes,13,NA,NA,NA,NA
ROSE,03-Pima Indians Diabetes,14,NA,NA,NA,NA
ROSE,03-Pima Indians Diabetes,15,NA,NA,NA,NA
ROSE,03-Pima Indians Diabetes,16,NA,NA,NA,NA
ROSE,03-Pima Indians Diabetes,17,NA,NA,NA,NA
ROSE,03-Pima Indians Diabetes,18,NA,NA,NA,NA
ROSE,03-Pima Indians Diabetes,19,NA,NA,NA,NA
ROSE,03-Pima Indians Diabetes,20,NA,NA,NA,NA
ROSE,03-Pima Indians Diabetes,21,NA,NA,NA,NA
ROSE,03-Pima Indians Diabetes,22,NA,NA,NA,NA
ROSE,03-Pima Indians Diabetes,23,NA,NA,NA,NA
ROSE,03-Pima Indians Diabetes,24,NA,NA,NA,NA
ROSE,03-Pima Indians Diabetes,25,NA,NA,NA,NA
ROSE,03-Pima Indians Diabetes,26,NA,NA,NA,NA
ROSE,03-Pima Indians Diabetes,27,NA,NA,NA,NA
ROSE,03-Pima Indians Diabetes,28,NA,NA,NA,NA
ROSE,03-Pima Indians Diabetes,29,NA,NA,NA,NA
ROSE,03-Pima Indians Diabetes,30,NA,NA,NA,NA
ROSE,03-Pima Indians Diabetes,31,NA,NA,NA,NA
ROSE,03-Pima Indians Diabetes,32,NA,NA,NA,NA
ROSE,03-Pima Indians Diabetes,33,NA,NA,NA,NA
ROSE,03-Pima Indians Diabetes,34,NA,NA,NA,NA
ROSE,03-Pima Indians Diabetes,35,NA,NA,NA,NA
ROSE,03-Pima Indians Diabetes,36,NA,NA,NA,NA
ROSE,03-Pima Indians Diabetes,37,NA,NA,NA,NA
ROSE,03-Pima Indians Diabetes,38,NA,NA,NA,NA
ROSE,03-Pima Indians Diabetes,39,NA,NA,NA,NA
ROSE,03-Pima Indians Diabetes,40,NA,NA,NA,NA
ROSE,03-Pima Indians Diabetes,41,NA,NA,NA,NA
ROSE,03-Pima Indians Diabetes,42,NA,NA,NA,NA
ROSE,03-Pima Indians Diabetes,43,NA,NA,NA,NA
ROSE,03-Pima Indians Diabetes,44,NA,NA,NA,NA
ROSE,03-Pima Indians Diabetes,45,NA,NA,NA,NA
ROSE,03-Pima Indians Diabetes,46,NA,NA,NA,NA
ROSE,03-Pima Indians Diabetes,48,NA,NA,NA,NA
ROSE,03-Pima Indians Diabetes,49,NA,NA,NA,NA
ROSE,04-Ionosphere,time,NA,NA,NA,NA
ROSE,04-Ionosphere,v1,NA,NA,NA,NA
ROSE,04-Ionosphere,v2,NA,NA,NA,NA
ROSE,04-Ionosphere,v3,NA,NA,NA,NA
ROSE,04-Ionosphere,v4,NA,NA,NA,NA
ROSE,04-Ionosphere,v5,NA,NA,NA,NA
ROSE,04-Ionosphere,v6,NA,NA,NA,NA
ROSE,04-Ionosphere,v7,NA,NA,NA,NA
ROSE,04-Ionosphere,v8,NA,NA,NA,NA
ROSE,04-Ionosphere,v9,NA,NA,NA,NA
ROSE,04-Ionosphere,v10,NA,NA,NA,NA
ROSE,04-Ionosphere,v11,NA,NA,NA,NA
ROSE,04-Ionosphere,v12,NA,NA,NA,NA
ROSE,04-Ionosphere,v13,NA,NA,NA,NA
ROSE,04-Ionosphere,v14,NA,NA,NA,NA
ROSE,04-Ionosphere,v15,NA,NA,NA,NA
ROSE,04-Ionosphere,v16,NA,NA,NA,NA
ROSE,04-Ionosphere,v17,NA,NA,NA,NA
ROSE,04-Ionosphere,v18,NA,NA,NA,NA
ROSE,04-Ionosphere,v19,NA,NA,NA,NA
ROSE,04-Ionosphere,v20,NA,NA,NA,NA
ROSE,04-Ionosphere,v21,NA,NA,NA,NA
ROSE,04-Ionosphere,v22,NA,NA,NA,NA
ROSE,04-Ionosphere,v23,NA,NA,NA,NA
ROSE,04-Ionosphere,v24,NA,NA,NA,NA
ROSE,04-Ionosphere,v25,NA,NA,NA,NA
ROSE,04-Ionosphere,v26,NA,NA,NA,NA
ROSE,04-Ionosphere,v27,NA,NA,NA,NA
ROSE,04-Ionosphere,v28,NA,NA,NA,NA
ROSE,04-Ionosphere,amount,NA,NA,NA,NA
ROSE,04-Ionosphere,radius1,NA,NA,NA,NA
ROSE,04-Ionosphere,texture1,NA,NA,NA,NA
ROSE,04-Ionosphere,perimeter1,NA,NA,NA,NA
ROSE,04-Ionosphere,area1,NA,NA,NA,NA
ROSE,04-Ionosphere,smoothness1,NA,NA,NA,NA
ROSE,04-Ionosphere,compactness1,NA,NA,NA,NA
ROSE,04-Ionosphere,concavity1,NA,NA,NA,NA
ROSE,04-Ionosphere,concave_points1,NA,NA,NA,NA
ROSE,04-Ionosphere,symmetry1,NA,NA,NA,NA
ROSE,04-Ionosphere,fractal_dimension1,NA,NA,NA,NA
ROSE,04-Ionosphere,radius2,NA,NA,NA,NA
ROSE,04-Ionosphere,texture2,NA,NA,NA,NA
ROSE,04-Ionosphere,perimeter2,NA,NA,NA,NA
ROSE,04-Ionosphere,area2,NA,NA,NA,NA
ROSE,04-Ionosphere,smoothness2,NA,NA,NA,NA
ROSE,04-Ionosphere,compactness2,NA,NA,NA,NA
ROSE,04-Ionosphere,concavity2,NA,NA,NA,NA
ROSE,04-Ionosphere,concave_points2,NA,NA,NA,NA
ROSE,04-Ionosphere,symmetry2,NA,NA,NA,NA
ROSE,04-Ionosphere,fractal_dimension2,NA,NA,NA,NA
ROSE,04-Ionosphere,radius3,NA,NA,NA,NA
ROSE,04-Ionosphere,texture3,NA,NA,NA,NA
ROSE,04-Ionosphere,perimeter3,NA,NA,NA,NA
ROSE,04-Ionosphere,area3,NA,NA,NA,NA
ROSE,04-Ionosphere,smoothness3,NA,NA,NA,NA
ROSE,04-Ionosphere,compactness3,NA,NA,NA,NA
ROSE,04-Ionosphere,concavity3,NA,NA,NA,NA
ROSE,04-Ionosphere,concave_points3,NA,NA,NA,NA
ROSE,04-Ionosphere,symmetry3,NA,NA,NA,NA
ROSE,04-Ionosphere,fractal_dimension3,NA,NA,NA,NA
ROSE,04-Ionosphere,pregnancies,NA,NA,NA,NA
ROSE,04-Ionosphere,glucose,NA,NA,NA,NA
ROSE,04-Ionosphere,bloodpressure,NA,NA,NA,NA
ROSE,04-Ionosphere,skinthickness,NA,NA,NA,NA
ROSE,04-Ionosphere,insulin,NA,NA,NA,NA
ROSE,04-Ionosphere,bmi,NA,NA,NA,NA
ROSE,04-Ionosphere,diabetespedigreefunction,NA,NA,NA,NA
ROSE,04-Ionosphere,age,NA,NA,NA,NA
ROSE,04-Ionosphere,attribute01,0.8538474591391788,0.4122959365745795,-0.6186213066352472,2.1206762786562914
ROSE,04-Ionosphere,attribute02,0,0,0,0
ROSE,04-Ionosphere,attribute03,0.6186779487605686,0.6544180378335905,-2.779693147699514,2.309614562438108
ROSE,04-Ionosphere,attribute04,0.022136928465042498,0.6223121885024668,-2.0085634706789826,1.7735128131191658
ROSE,04-Ionosphere,attribute05,0.48641452177338923,0.6860450607278376,-1.9570292866471177,1.933166545535118
ROSE,04-Ionosphere,attribute06,0.07635798340495706,0.6129548865918398,-2.2278506022237945,2.014693914241559
ROSE,04-Ionosphere,attribute07,0.46186325061511546,0.6520812533477055,-1.9624799926888157,2.294194070271624
ROSE,04-Ionosphere,attribute08,0.06953710415572237,0.6863314445464863,-1.8601805817058872,1.8428702767734735
ROSE,04-Ionosphere,attribute09,0.4595420888139736,0.6347874926219956,-1.6800209786695655,2.084259349635123
ROSE,04-Ionosphere,attribute10,0.21426860760948746,0.6878026392131285,-2.670308632453815,1.9209516237874438
ROSE,04-Ionosphere,attribute11,0.3922477639269069,0.7864099630634478,-1.7525188475148896,2.2543448539023863
ROSE,04-Ionosphere,attribute12,0.13037663899494353,0.6471773431757458,-2.0978324349438138,2.2216109024009913
ROSE,04-Ionosphere,attribute13,0.33601994021300574,0.7542529004155667,-1.9699822563637033,2.2969799586307467
ROSE,04-Ionosphere,attribute14,0.10764207198662003,0.663345344064507,-2.134836640203134,2.041179779958653
ROSE,04-Ionosphere,attribute15,0.31836723244391685,0.8464531598162907,-2.3274543355055597,1.9706430300222393
ROSE,04-Ionosphere,attribute16,0.07171337891251618,0.624325328987245,-2.096019669893628,1.8405105190941122
ROSE,04-Ionosphere,attribute17,0.32253088326252316,0.7630130406636305,-1.5969196142057527,2.2732258377124843
ROSE,04-Ionosphere,attribute18,0.013078421236779141,0.6860282097093178,-2.2056948962227483,1.805174878338595
ROSE,04-Ionosphere,attribute19,0.356503658481386,0.7854819853498438,-1.9894357956375435,1.999428274944988
ROSE,04-Ionosphere,attribute20,-0.056561007626951106,0.755423316873528,-2.4273653701197206,2.3209173831312615
ROSE,04-Ionosphere,attribute21,0.23575334551707058,0.7765845054292223,-2.061464972556566,2.3983942812061687
ROSE,04-Ionosphere,attribute22,-0.0061589508371639725,0.6739380271449612,-2.272191728148333,1.8972312883257336
ROSE,04-Ionosphere,attribute23,0.31492344512012843,0.8312733010391309,-2.1493290198591306,2.470032775801099
ROSE,04-Ionosphere,attribute24,-0.04427678473990382,0.68906931755060985,-2.604876254936107,1.9296089054845338
ROSE,04-Ionosphere,attribute25,0.34695686692254446,0.7750934921291206,-2.261367809582091,2.0664325921383915
ROSE,04-Ionosphere,attribute26,-0.06988337329769301,0.6670019989915709,-2.2190289531860445,1.9121397506468307
ROSE,04-Ionosphere,attribute27,0.6038534293145984,0.6142847679912559,-1.108989803122948,2.307825274362161
ROSE,04-Ionosphere,attribute28,-0.05594553164852345,0.7319832270950486,-2.646796601815216,1.9888126408465443
ROSE,04-Ionosphere,attribute29,0.3949781423282622,0.7536423937093929,-1.5854234279248074,2.532892837028184
ROSE,04-Ionosphere,attribute30,0.030006589092848316,0.7450173682213406,-1.8448195065797093,2.146428528200564
ROSE,04-Ionosphere,attribute31,0.29817035226168503,0.6999717354797257,-1.742785192879559,1.9816058507097638
ROSE,04-Ionosphere,attribute32,0.0040473901414160365,0.6604477703889281,-2.0213318396059967,1.9164089567958276
ROSE,04-Ionosphere,attribute33,0.3093404170010071,0.6584734890799455,-1.7711101254099202,1.9128723244352726
ROSE,04-Ionosphere,attribute34,0.004530927033177587,0.6070995041648045,-1.801665966375814,1.9233740929642367
ROSE,04-Ionosphere,aa,NA,NA,NA,NA
ROSE,04-Ionosphere,ao,NA,NA,NA,NA
ROSE,04-Ionosphere,dcl,NA,NA,NA,NA
ROSE,04-Ionosphere,iy,NA,NA,NA,NA
ROSE,04-Ionosphere,sh,NA,NA,NA,NA
ROSE,04-Ionosphere,0,NA,NA,NA,NA
ROSE,04-Ionosphere,1,NA,NA,NA,NA
ROSE,04-Ionosphere,2,NA,NA,NA,NA
ROSE,04-Ionosphere,3,NA,NA,NA,NA
ROSE,04-Ionosphere,4,NA,NA,NA,NA
ROSE,04-Ionosphere,5,NA,NA,NA,NA
ROSE,04-Ionosphere,6,NA,NA,NA,NA
ROSE,04-Ionosphere,7,NA,NA,NA,NA
ROSE,04-Ionosphere,8,NA,NA,NA,NA
ROSE,04-Ionosphere,9,NA,NA,NA,NA
ROSE,04-Ionosphere,10,NA,NA,NA,NA
ROSE,04-Ionosphere,11,NA,NA,NA,NA
ROSE,04-Ionosphere,12,NA,NA,NA,NA
ROSE,04-Ionosphere,13,NA,NA,NA,NA
ROSE,04-Ionosphere,14,NA,NA,NA,NA
ROSE,04-Ionosphere,15,NA,NA,NA,NA
ROSE,04-Ionosphere,16,NA,NA,NA,NA
ROSE,04-Ionosphere,17,NA,NA,NA,NA
ROSE,04-Ionosphere,18,NA,NA,NA,NA
ROSE,04-Ionosphere,19,NA,NA,NA,NA
ROSE,04-Ionosphere,20,NA,NA,NA,NA
ROSE,04-Ionosphere,21,NA,NA,NA,NA
ROSE,04-Ionosphere,22,NA,NA,NA,NA
ROSE,04-Ionosphere,23,NA,NA,NA,NA
ROSE,04-Ionosphere,24,NA,NA,NA,NA
ROSE,04-Ionosphere,25,NA,NA,NA,NA
ROSE,04-Ionosphere,26,NA,NA,NA,NA
ROSE,04-Ionosphere,27,NA,NA,NA,NA
ROSE,04-Ionosphere,28,NA,NA,NA,NA
ROSE,04-Ionosphere,29,NA,NA,NA,NA
ROSE,04-Ionosphere,30,NA,NA,NA,NA
ROSE,04-Ionosphere,31,NA,NA,NA,NA
ROSE,04-Ionosphere,32,NA,NA,NA,NA
ROSE,04-Ionosphere,33,NA,NA,NA,NA
ROSE,04-Ionosphere,34,NA,NA,NA,NA
ROSE,04-Ionosphere,35,NA,NA,NA,NA
ROSE,04-Ionosphere,36,NA,NA,NA,NA
ROSE,04-Ionosphere,37,NA,NA,NA,NA
ROSE,04-Ionosphere,38,NA,NA,NA,NA
ROSE,04-Ionosphere,39,NA,NA,NA,NA
ROSE,04-Ionosphere,40,NA,NA,NA,NA
ROSE,04-Ionosphere,41,NA,NA,NA,NA
ROSE,04-Ionosphere,42,NA,NA,NA,NA
ROSE,04-Ionosphere,43,NA,NA,NA,NA
ROSE,04-Ionosphere,44,NA,NA,NA,NA
ROSE,04-Ionosphere,45,NA,NA,NA,NA
ROSE,04-Ionosphere,46,NA,NA,NA,NA
ROSE,04-Ionosphere,48,NA,NA,NA,NA
ROSE,04-Ionosphere,49,NA,NA,NA,NA
ROSE,05-phoneme,time,NA,NA,NA,NA
ROSE,05-phoneme,v1,NA,NA,NA,NA
ROSE,05-phoneme,v2,NA,NA,NA,NA
ROSE,05-phoneme,v3,NA,NA,NA,NA
ROSE,05-phoneme,v4,NA,NA,NA,NA
ROSE,05-phoneme,v5,NA,NA,NA,NA
ROSE,05-phoneme,v6,NA,NA,NA,NA
ROSE,05-phoneme,v7,NA,NA,NA,NA
ROSE,05-phoneme,v8,NA,NA,NA,NA
ROSE,05-phoneme,v9,NA,NA,NA,NA
ROSE,05-phoneme,v10,NA,NA,NA,NA
ROSE,05-phoneme,v11,NA,NA,NA,NA
ROSE,05-phoneme,v12,NA,NA,NA,NA
ROSE,05-phoneme,v13,NA,NA,NA,NA
ROSE,05-phoneme,v14,NA,NA,NA,NA
ROSE,05-phoneme,v15,NA,NA,NA,NA
ROSE,05-phoneme,v16,NA,NA,NA,NA
ROSE,05-phoneme,v17,NA,NA,NA,NA
ROSE,05-phoneme,v18,NA,NA,NA,NA
ROSE,05-phoneme,v19,NA,NA,NA,NA
ROSE,05-phoneme,v20,NA,NA,NA,NA
ROSE,05-phoneme,v21,NA,NA,NA,NA
ROSE,05-phoneme,v22,NA,NA,NA,NA
ROSE,05-phoneme,v23,NA,NA,NA,NA
ROSE,05-phoneme,v24,NA,NA,NA,NA
ROSE,05-phoneme,v25,NA,NA,NA,NA
ROSE,05-phoneme,v26,NA,NA,NA,NA
ROSE,05-phoneme,v27,NA,NA,NA,NA
ROSE,05-phoneme,v28,NA,NA,NA,NA
ROSE,05-phoneme,amount,NA,NA,NA,NA
ROSE,05-phoneme,radius1,NA,NA,NA,NA
ROSE,05-phoneme,texture1,NA,NA,NA,NA
ROSE,05-phoneme,perimeter1,NA,NA,NA,NA
ROSE,05-phoneme,area1,NA,NA,NA,NA
ROSE,05-phoneme,smoothness1,NA,NA,NA,NA
ROSE,05-phoneme,compactness1,NA,NA,NA,NA
ROSE,05-phoneme,concavity1,NA,NA,NA,NA
ROSE,05-phoneme,concave_points1,NA,NA,NA,NA
ROSE,05-phoneme,symmetry1,NA,NA,NA,NA
ROSE,05-phoneme,fractal_dimension1,NA,NA,NA,NA
ROSE,05-phoneme,radius2,NA,NA,NA,NA
ROSE,05-phoneme,texture2,NA,NA,NA,NA
ROSE,05-phoneme,perimeter2,NA,NA,NA,NA
ROSE,05-phoneme,area2,NA,NA,NA,NA
ROSE,05-phoneme,smoothness2,NA,NA,NA,NA
ROSE,05-phoneme,compactness2,NA,NA,NA,NA
ROSE,05-phoneme,concavity2,NA,NA,NA,NA
ROSE,05-phoneme,concave_points2,NA,NA,NA,NA
ROSE,05-phoneme,symmetry2,NA,NA,NA,NA
ROSE,05-phoneme,fractal_dimension2,NA,NA,NA,NA
ROSE,05-phoneme,radius3,NA,NA,NA,NA
ROSE,05-phoneme,texture3,NA,NA,NA,NA
ROSE,05-phoneme,perimeter3,NA,NA,NA,NA
ROSE,05-phoneme,area3,NA,NA,NA,NA
ROSE,05-phoneme,smoothness3,NA,NA,NA,NA
ROSE,05-phoneme,compactness3,NA,NA,NA,NA
ROSE,05-phoneme,concavity3,NA,NA,NA,NA
ROSE,05-phoneme,concave_points3,NA,NA,NA,NA
ROSE,05-phoneme,symmetry3,NA,NA,NA,NA
ROSE,05-phoneme,fractal_dimension3,NA,NA,NA,NA
ROSE,05-phoneme,pregnancies,NA,NA,NA,NA
ROSE,05-phoneme,glucose,NA,NA,NA,NA
ROSE,05-phoneme,bloodpressure,NA,NA,NA,NA
ROSE,05-phoneme,skinthickness,NA,NA,NA,NA
ROSE,05-phoneme,insulin,NA,NA,NA,NA
ROSE,05-phoneme,bmi,NA,NA,NA,NA
ROSE,05-phoneme,diabetespedigreefunction,NA,NA,NA,NA
ROSE,05-phoneme,age,NA,NA,NA,NA
ROSE,05-phoneme,attribute01,NA,NA,NA,NA
ROSE,05-phoneme,attribute02,NA,NA,NA,NA
ROSE,05-phoneme,attribute03,NA,NA,NA,NA
ROSE,05-phoneme,attribute04,NA,NA,NA,NA
ROSE,05-phoneme,attribute05,NA,NA,NA,NA
ROSE,05-phoneme,attribute06,NA,NA,NA,NA
ROSE,05-phoneme,attribute07,NA,NA,NA,NA
ROSE,05-phoneme,attribute08,NA,NA,NA,NA
ROSE,05-phoneme,attribute09,NA,NA,NA,NA
ROSE,05-phoneme,attribute10,NA,NA,NA,NA
ROSE,05-phoneme,attribute11,NA,NA,NA,NA
ROSE,05-phoneme,attribute12,NA,NA,NA,NA
ROSE,05-phoneme,attribute13,NA,NA,NA,NA
ROSE,05-phoneme,attribute14,NA,NA,NA,NA
ROSE,05-phoneme,attribute15,NA,NA,NA,NA
ROSE,05-phoneme,attribute16,NA,NA,NA,NA
ROSE,05-phoneme,attribute17,NA,NA,NA,NA
ROSE,05-phoneme,attribute18,NA,NA,NA,NA
ROSE,05-phoneme,attribute19,NA,NA,NA,NA
ROSE,05-phoneme,attribute20,NA,NA,NA,NA
ROSE,05-phoneme,attribute21,NA,NA,NA,NA
ROSE,05-phoneme,attribute22,NA,NA,NA,NA
ROSE,05-phoneme,attribute23,NA,NA,NA,NA
ROSE,05-phoneme,attribute24,NA,NA,NA,NA
ROSE,05-phoneme,attribute25,NA,NA,NA,NA
ROSE,05-phoneme,attribute26,NA,NA,NA,NA
ROSE,05-phoneme,attribute27,NA,NA,NA,NA
ROSE,05-phoneme,attribute28,NA,NA,NA,NA
ROSE,05-phoneme,attribute29,NA,NA,NA,NA
ROSE,05-phoneme,attribute30,NA,NA,NA,NA
ROSE,05-phoneme,attribute31,NA,NA,NA,NA
ROSE,05-phoneme,attribute32,NA,NA,NA,NA
ROSE,05-phoneme,attribute33,NA,NA,NA,NA
ROSE,05-phoneme,attribute34,NA,NA,NA,NA
ROSE,05-phoneme,aa,0.7125685117887874,0.823290656731938,-2.04446685707404,4.694388270821384
ROSE,05-phoneme,ao,1.1766728574105694,0.8761583356231549,-1.7874449156954455,4.831085135312623
ROSE,05-phoneme,dcl,0.864279101068728,0.9694744973890733,-2.1285946196529775,3.560169997276556
ROSE,05-phoneme,iy,0.5341754961382964,0.8945787828684266,-1.7994142168453013,3.1436947812119835
ROSE,05-phoneme,sh,0.1103414505894808,0.6985442190602928,-1.8094086263027453,2.682191427787714
ROSE,05-phoneme,0,NA,NA,NA,NA
ROSE,05-phoneme,1,NA,NA,NA,NA
ROSE,05-phoneme,2,NA,NA,NA,NA
ROSE,05-phoneme,3,NA,NA,NA,NA
ROSE,05-phoneme,4,NA,NA,NA,NA
ROSE,05-phoneme,5,NA,NA,NA,NA
ROSE,05-phoneme,6,NA,NA,NA,NA
ROSE,05-phoneme,7,NA,NA,NA,NA
ROSE,05-phoneme,8,NA,NA,NA,NA
ROSE,05-phoneme,9,NA,NA,NA,NA
ROSE,05-phoneme,10,NA,NA,NA,NA
ROSE,05-phoneme,11,NA,NA,NA,NA
ROSE,05-phoneme,12,NA,NA,NA,NA
ROSE,05-phoneme,13,NA,NA,NA,NA
ROSE,05-phoneme,14,NA,NA,NA,NA
ROSE,05-phoneme,15,NA,NA,NA,NA
ROSE,05-phoneme,16,NA,NA,NA,NA
ROSE,05-phoneme,17,NA,NA,NA,NA
ROSE,05-phoneme,18,NA,NA,NA,NA
ROSE,05-phoneme,19,NA,NA,NA,NA
ROSE,05-phoneme,20,NA,NA,NA,NA
ROSE,05-phoneme,21,NA,NA,NA,NA
ROSE,05-phoneme,22,NA,NA,NA,NA
ROSE,05-phoneme,23,NA,NA,NA,NA
ROSE,05-phoneme,24,NA,NA,NA,NA
ROSE,05-phoneme,25,NA,NA,NA,NA
ROSE,05-phoneme,26,NA,NA,NA,NA
ROSE,05-phoneme,27,NA,NA,NA,NA
ROSE,05-phoneme,28,NA,NA,NA,NA
ROSE,05-phoneme,29,NA,NA,NA,NA
ROSE,05-phoneme,30,NA,NA,NA,NA
ROSE,05-phoneme,31,NA,NA,NA,NA
ROSE,05-phoneme,32,NA,NA,NA,NA
ROSE,05-phoneme,33,NA,NA,NA,NA
ROSE,05-phoneme,34,NA,NA,NA,NA
ROSE,05-phoneme,35,NA,NA,NA,NA
ROSE,05-phoneme,36,NA,NA,NA,NA
ROSE,05-phoneme,37,NA,NA,NA,NA
ROSE,05-phoneme,38,NA,NA,NA,NA
ROSE,05-phoneme,39,NA,NA,NA,NA
ROSE,05-phoneme,40,NA,NA,NA,NA
ROSE,05-phoneme,41,NA,NA,NA,NA
ROSE,05-phoneme,42,NA,NA,NA,NA
ROSE,05-phoneme,43,NA,NA,NA,NA
ROSE,05-phoneme,44,NA,NA,NA,NA
ROSE,05-phoneme,45,NA,NA,NA,NA
ROSE,05-phoneme,46,NA,NA,NA,NA
ROSE,05-phoneme,48,NA,NA,NA,NA
ROSE,05-phoneme,49,NA,NA,NA,NA
ROSE,06-The Mammography (Kevin Woods),time,NA,NA,NA,NA
ROSE,06-The Mammography (Kevin Woods),v1,NA,NA,NA,NA
ROSE,06-The Mammography (Kevin Woods),v2,NA,NA,NA,NA
ROSE,06-The Mammography (Kevin Woods),v3,NA,NA,NA,NA
ROSE,06-The Mammography (Kevin Woods),v4,NA,NA,NA,NA
ROSE,06-The Mammography (Kevin Woods),v5,NA,NA,NA,NA
ROSE,06-The Mammography (Kevin Woods),v6,NA,NA,NA,NA
ROSE,06-The Mammography (Kevin Woods),v7,NA,NA,NA,NA
ROSE,06-The Mammography (Kevin Woods),v8,NA,NA,NA,NA
ROSE,06-The Mammography (Kevin Woods),v9,NA,NA,NA,NA
ROSE,06-The Mammography (Kevin Woods),v10,NA,NA,NA,NA
ROSE,06-The Mammography (Kevin Woods),v11,NA,NA,NA,NA
ROSE,06-The Mammography (Kevin Woods),v12,NA,NA,NA,NA
ROSE,06-The Mammography (Kevin Woods),v13,NA,NA,NA,NA
ROSE,06-The Mammography (Kevin Woods),v14,NA,NA,NA,NA
ROSE,06-The Mammography (Kevin Woods),v15,NA,NA,NA,NA
ROSE,06-The Mammography (Kevin Woods),v16,NA,NA,NA,NA
ROSE,06-The Mammography (Kevin Woods),v17,NA,NA,NA,NA
ROSE,06-The Mammography (Kevin Woods),v18,NA,NA,NA,NA
ROSE,06-The Mammography (Kevin Woods),v19,NA,NA,NA,NA
ROSE,06-The Mammography (Kevin Woods),v20,NA,NA,NA,NA
ROSE,06-The Mammography (Kevin Woods),v21,NA,NA,NA,NA
ROSE,06-The Mammography (Kevin Woods),v22,NA,NA,NA,NA
ROSE,06-The Mammography (Kevin Woods),v23,NA,NA,NA,NA
ROSE,06-The Mammography (Kevin Woods),v24,NA,NA,NA,NA
ROSE,06-The Mammography (Kevin Woods),v25,NA,NA,NA,NA
ROSE,06-The Mammography (Kevin Woods),v26,NA,NA,NA,NA
ROSE,06-The Mammography (Kevin Woods),v27,NA,NA,NA,NA
ROSE,06-The Mammography (Kevin Woods),v28,NA,NA,NA,NA
ROSE,06-The Mammography (Kevin Woods),amount,NA,NA,NA,NA
ROSE,06-The Mammography (Kevin Woods),radius1,NA,NA,NA,NA
ROSE,06-The Mammography (Kevin Woods),texture1,NA,NA,NA,NA
ROSE,06-The Mammography (Kevin Woods),perimeter1,NA,NA,NA,NA
ROSE,06-The Mammography (Kevin Woods),area1,NA,NA,NA,NA
ROSE,06-The Mammography (Kevin Woods),smoothness1,NA,NA,NA,NA
ROSE,06-The Mammography (Kevin Woods),compactness1,NA,NA,NA,NA
ROSE,06-The Mammography (Kevin Woods),concavity1,NA,NA,NA,NA
ROSE,06-The Mammography (Kevin Woods),concave_points1,NA,NA,NA,NA
ROSE,06-The Mammography (Kevin Woods),symmetry1,NA,NA,NA,NA
ROSE,06-The Mammography (Kevin Woods),fractal_dimension1,NA,NA,NA,NA
ROSE,06-The Mammography (Kevin Woods),radius2,NA,NA,NA,NA
ROSE,06-The Mammography (Kevin Woods),texture2,NA,NA,NA,NA
ROSE,06-The Mammography (Kevin Woods),perimeter2,NA,NA,NA,NA
ROSE,06-The Mammography (Kevin Woods),area2,NA,NA,NA,NA
ROSE,06-The Mammography (Kevin Woods),smoothness2,NA,NA,NA,NA
ROSE,06-The Mammography (Kevin Woods),compactness2,NA,NA,NA,NA
ROSE,06-The Mammography (Kevin Woods),concavity2,NA,NA,NA,NA
ROSE,06-The Mammography (Kevin Woods),concave_points2,NA,NA,NA,NA
ROSE,06-The Mammography (Kevin Woods),symmetry2,NA,NA,NA,NA
ROSE,06-The Mammography (Kevin Woods),fractal_dimension2,NA,NA,NA,NA
ROSE,06-The Mammography (Kevin Woods),radius3,NA,NA,NA,NA
ROSE,06-The Mammography (Kevin Woods),texture3,NA,NA,NA,NA
ROSE,06-The Mammography (Kevin Woods),perimeter3,NA,NA,NA,NA
ROSE,06-The Mammography (Kevin Woods),area3,NA,NA,NA,NA
ROSE,06-The Mammography (Kevin Woods),smoothness3,NA,NA,NA,NA
ROSE,06-The Mammography (Kevin Woods),compactness3,NA,NA,NA,NA
ROSE,06-The Mammography (Kevin Woods),concavity3,NA,NA,NA,NA
ROSE,06-The Mammography (Kevin Woods),concave_points3,NA,NA,NA,NA
ROSE,06-The Mammography (Kevin Woods),symmetry3,NA,NA,NA,NA
ROSE,06-The Mammography (Kevin Woods),fractal_dimension3,NA,NA,NA,NA
ROSE,06-The Mammography (Kevin Woods),pregnancies,NA,NA,NA,NA
ROSE,06-The Mammography (Kevin Woods),glucose,NA,NA,NA,NA
ROSE,06-The Mammography (Kevin Woods),bloodpressure,NA,NA,NA,NA
ROSE,06-The Mammography (Kevin Woods),skinthickness,NA,NA,NA,NA
ROSE,06-The Mammography (Kevin Woods),insulin,NA,NA,NA,NA
ROSE,06-The Mammography (Kevin Woods),bmi,NA,NA,NA,NA
ROSE,06-The Mammography (Kevin Woods),diabetespedigreefunction,NA,NA,NA,NA
ROSE,06-The Mammography (Kevin Woods),age,NA,NA,NA,NA
ROSE,06-The Mammography (Kevin Woods),attribute01,NA,NA,NA,NA
ROSE,06-The Mammography (Kevin Woods),attribute02,NA,NA,NA,NA
ROSE,06-The Mammography (Kevin Woods),attribute03,NA,NA,NA,NA
ROSE,06-The Mammography (Kevin Woods),attribute04,NA,NA,NA,NA
ROSE,06-The Mammography (Kevin Woods),attribute05,NA,NA,NA,NA
ROSE,06-The Mammography (Kevin Woods),attribute06,NA,NA,NA,NA
ROSE,06-The Mammography (Kevin Woods),attribute07,NA,NA,NA,NA
ROSE,06-The Mammography (Kevin Woods),attribute08,NA,NA,NA,NA
ROSE,06-The Mammography (Kevin Woods),attribute09,NA,NA,NA,NA
ROSE,06-The Mammography (Kevin Woods),attribute10,NA,NA,NA,NA
ROSE,06-The Mammography (Kevin Woods),attribute11,NA,NA,NA,NA
ROSE,06-The Mammography (Kevin Woods),attribute12,NA,NA,NA,NA
ROSE,06-The Mammography (Kevin Woods),attribute13,NA,NA,NA,NA
ROSE,06-The Mammography (Kevin Woods),attribute14,NA,NA,NA,NA
ROSE,06-The Mammography (Kevin Woods),attribute15,NA,NA,NA,NA
ROSE,06-The Mammography (Kevin Woods),attribute16,NA,NA,NA,NA
ROSE,06-The Mammography (Kevin Woods),attribute17,NA,NA,NA,NA
ROSE,06-The Mammography (Kevin Woods),attribute18,NA,NA,NA,NA
ROSE,06-The Mammography (Kevin Woods),attribute19,NA,NA,NA,NA
ROSE,06-The Mammography (Kevin Woods),attribute20,NA,NA,NA,NA
ROSE,06-The Mammography (Kevin Woods),attribute21,NA,NA,NA,NA
ROSE,06-The Mammography (Kevin Woods),attribute22,NA,NA,NA,NA
ROSE,06-The Mammography (Kevin Woods),attribute23,NA,NA,NA,NA
ROSE,06-The Mammography (Kevin Woods),attribute24,NA,NA,NA,NA
ROSE,06-The Mammography (Kevin Woods),attribute25,NA,NA,NA,NA
ROSE,06-The Mammography (Kevin Woods),attribute26,NA,NA,NA,NA
ROSE,06-The Mammography (Kevin Woods),attribute27,NA,NA,NA,NA
ROSE,06-The Mammography (Kevin Woods),attribute28,NA,NA,NA,NA
ROSE,06-The Mammography (Kevin Woods),attribute29,NA,NA,NA,NA
ROSE,06-The Mammography (Kevin Woods),attribute30,NA,NA,NA,NA
ROSE,06-The Mammography (Kevin Woods),attribute31,NA,NA,NA,NA
ROSE,06-The Mammography (Kevin Woods),attribute32,NA,NA,NA,NA
ROSE,06-The Mammography (Kevin Woods),attribute33,NA,NA,NA,NA
ROSE,06-The Mammography (Kevin Woods),attribute34,NA,NA,NA,NA
ROSE,06-The Mammography (Kevin Woods),aa,NA,NA,NA,NA
ROSE,06-The Mammography (Kevin Woods),ao,NA,NA,NA,NA
ROSE,06-The Mammography (Kevin Woods),dcl,NA,NA,NA,NA
ROSE,06-The Mammography (Kevin Woods),iy,NA,NA,NA,NA
ROSE,06-The Mammography (Kevin Woods),sh,NA,NA,NA,NA
ROSE,06-The Mammography (Kevin Woods),0,1.0965358607373337e-10,1.0000000020730546,-0.78441482,31.508443
ROSE,06-The Mammography (Kevin Woods),1,1.297594556552915e-9,1.0000000002552185,-0.47019533,5.0858491
ROSE,06-The Mammography (Kevin Woods),2,5.698113058629049e-10,1.0000000027226132,-0.59163147,29.477769
ROSE,06-The Mammography (Kevin Woods),3,-2.4357059682443605e-9,1.0000000019453175,-0.85955255,9.591164
ROSE,06-The Mammography (Kevin Woods),4,-1.1206796110172243e-9,0.9999999990706715,-0.37786573,23.617122
ROSE,06-The Mammography (Kevin Woods),5,1.4594831624406783e-9,0.9999999983377108,-0.94572324,1.9490273
ROSE,06-The Mammography (Kevin Woods),6,NA,NA,NA,NA
ROSE,06-The Mammography (Kevin Woods),7,NA,NA,NA,NA
ROSE,06-The Mammography (Kevin Woods),8,NA,NA,NA,NA
ROSE,06-The Mammography (Kevin Woods),9,NA,NA,NA,NA
ROSE,06-The Mammography (Kevin Woods),10,NA,NA,NA,NA
ROSE,06-The Mammography (Kevin Woods),11,NA,NA,NA,NA
ROSE,06-The Mammography (Kevin Woods),12,NA,NA,NA,NA
ROSE,06-The Mammography (Kevin Woods),13,NA,NA,NA,NA
ROSE,06-The Mammography (Kevin Woods),14,NA,NA,NA,NA
ROSE,06-The Mammography (Kevin Woods),15,NA,NA,NA,NA
ROSE,06-The Mammography (Kevin Woods),16,NA,NA,NA,NA
ROSE,06-The Mammography (Kevin Woods),17,NA,NA,NA,NA
ROSE,06-The Mammography (Kevin Woods),18,NA,NA,NA,NA
ROSE,06-The Mammography (Kevin Woods),19,NA,NA,NA,NA
ROSE,06-The Mammography (Kevin Woods),20,NA,NA,NA,NA
ROSE,06-The Mammography (Kevin Woods),21,NA,NA,NA,NA
ROSE,06-The Mammography (Kevin Woods),22,NA,NA,NA,NA
ROSE,06-The Mammography (Kevin Woods),23,NA,NA,NA,NA
ROSE,06-The Mammography (Kevin Woods),24,NA,NA,NA,NA
ROSE,06-The Mammography (Kevin Woods),25,NA,NA,NA,NA
ROSE,06-The Mammography (Kevin Woods),26,NA,NA,NA,NA
ROSE,06-The Mammography (Kevin Woods),27,NA,NA,NA,NA
ROSE,06-The Mammography (Kevin Woods),28,NA,NA,NA,NA
ROSE,06-The Mammography (Kevin Woods),29,NA,NA,NA,NA
ROSE,06-The Mammography (Kevin Woods),30,NA,NA,NA,NA
ROSE,06-The Mammography (Kevin Woods),31,NA,NA,NA,NA
ROSE,06-The Mammography (Kevin Woods),32,NA,NA,NA,NA
ROSE,06-The Mammography (Kevin Woods),33,NA,NA,NA,NA
ROSE,06-The Mammography (Kevin Woods),34,NA,NA,NA,NA
ROSE,06-The Mammography (Kevin Woods),35,NA,NA,NA,NA
ROSE,06-The Mammography (Kevin Woods),36,NA,NA,NA,NA
ROSE,06-The Mammography (Kevin Woods),37,NA,NA,NA,NA
ROSE,06-The Mammography (Kevin Woods),38,NA,NA,NA,NA
ROSE,06-The Mammography (Kevin Woods),39,NA,NA,NA,NA
ROSE,06-The Mammography (Kevin Woods),40,NA,NA,NA,NA
ROSE,06-The Mammography (Kevin Woods),41,NA,NA,NA,NA
ROSE,06-The Mammography (Kevin Woods),42,NA,NA,NA,NA
ROSE,06-The Mammography (Kevin Woods),43,NA,NA,NA,NA
ROSE,06-The Mammography (Kevin Woods),44,NA,NA,NA,NA
ROSE,06-The Mammography (Kevin Woods),45,NA,NA,NA,NA
ROSE,06-The Mammography (Kevin Woods),46,NA,NA,NA,NA
ROSE,06-The Mammography (Kevin Woods),48,NA,NA,NA,NA
ROSE,06-The Mammography (Kevin Woods),49,NA,NA,NA,NA
ROSE,07-Oil Spill Imbalanced Classification,time,NA,NA,NA,NA
ROSE,07-Oil Spill Imbalanced Classification,v1,NA,NA,NA,NA
ROSE,07-Oil Spill Imbalanced Classification,v2,NA,NA,NA,NA
ROSE,07-Oil Spill Imbalanced Classification,v3,NA,NA,NA,NA
ROSE,07-Oil Spill Imbalanced Classification,v4,NA,NA,NA,NA
ROSE,07-Oil Spill Imbalanced Classification,v5,NA,NA,NA,NA
ROSE,07-Oil Spill Imbalanced Classification,v6,NA,NA,NA,NA
ROSE,07-Oil Spill Imbalanced Classification,v7,NA,NA,NA,NA
ROSE,07-Oil Spill Imbalanced Classification,v8,NA,NA,NA,NA
ROSE,07-Oil Spill Imbalanced Classification,v9,NA,NA,NA,NA
ROSE,07-Oil Spill Imbalanced Classification,v10,NA,NA,NA,NA
ROSE,07-Oil Spill Imbalanced Classification,v11,NA,NA,NA,NA
ROSE,07-Oil Spill Imbalanced Classification,v12,NA,NA,NA,NA
ROSE,07-Oil Spill Imbalanced Classification,v13,NA,NA,NA,NA
ROSE,07-Oil Spill Imbalanced Classification,v14,NA,NA,NA,NA
ROSE,07-Oil Spill Imbalanced Classification,v15,NA,NA,NA,NA
ROSE,07-Oil Spill Imbalanced Classification,v16,NA,NA,NA,NA
ROSE,07-Oil Spill Imbalanced Classification,v17,NA,NA,NA,NA
ROSE,07-Oil Spill Imbalanced Classification,v18,NA,NA,NA,NA
ROSE,07-Oil Spill Imbalanced Classification,v19,NA,NA,NA,NA
ROSE,07-Oil Spill Imbalanced Classification,v20,NA,NA,NA,NA
ROSE,07-Oil Spill Imbalanced Classification,v21,NA,NA,NA,NA
ROSE,07-Oil Spill Imbalanced Classification,v22,NA,NA,NA,NA
ROSE,07-Oil Spill Imbalanced Classification,v23,NA,NA,NA,NA
ROSE,07-Oil Spill Imbalanced Classification,v24,NA,NA,NA,NA
ROSE,07-Oil Spill Imbalanced Classification,v25,NA,NA,NA,NA
ROSE,07-Oil Spill Imbalanced Classification,v26,NA,NA,NA,NA
ROSE,07-Oil Spill Imbalanced Classification,v27,NA,NA,NA,NA
ROSE,07-Oil Spill Imbalanced Classification,v28,NA,NA,NA,NA
ROSE,07-Oil Spill Imbalanced Classification,amount,NA,NA,NA,NA
ROSE,07-Oil Spill Imbalanced Classification,radius1,NA,NA,NA,NA
ROSE,07-Oil Spill Imbalanced Classification,texture1,NA,NA,NA,NA
ROSE,07-Oil Spill Imbalanced Classification,perimeter1,NA,NA,NA,NA
ROSE,07-Oil Spill Imbalanced Classification,area1,NA,NA,NA,NA
ROSE,07-Oil Spill Imbalanced Classification,smoothness1,NA,NA,NA,NA
ROSE,07-Oil Spill Imbalanced Classification,compactness1,NA,NA,NA,NA
ROSE,07-Oil Spill Imbalanced Classification,concavity1,NA,NA,NA,NA
ROSE,07-Oil Spill Imbalanced Classification,concave_points1,NA,NA,NA,NA
ROSE,07-Oil Spill Imbalanced Classification,symmetry1,NA,NA,NA,NA
ROSE,07-Oil Spill Imbalanced Classification,fractal_dimension1,NA,NA,NA,NA
ROSE,07-Oil Spill Imbalanced Classification,radius2,NA,NA,NA,NA
ROSE,07-Oil Spill Imbalanced Classification,texture2,NA,NA,NA,NA
ROSE,07-Oil Spill Imbalanced Classification,perimeter2,NA,NA,NA,NA
ROSE,07-Oil Spill Imbalanced Classification,area2,NA,NA,NA,NA
ROSE,07-Oil Spill Imbalanced Classification,smoothness2,NA,NA,NA,NA
ROSE,07-Oil Spill Imbalanced Classification,compactness2,NA,NA,NA,NA
ROSE,07-Oil Spill Imbalanced Classification,concavity2,NA,NA,NA,NA
ROSE,07-Oil Spill Imbalanced Classification,concave_points2,NA,NA,NA,NA
ROSE,07-Oil Spill Imbalanced Classification,symmetry2,NA,NA,NA,NA
ROSE,07-Oil Spill Imbalanced Classification,fractal_dimension2,NA,NA,NA,NA
ROSE,07-Oil Spill Imbalanced Classification,radius3,NA,NA,NA,NA
ROSE,07-Oil Spill Imbalanced Classification,texture3,NA,NA,NA,NA
ROSE,07-Oil Spill Imbalanced Classification,perimeter3,NA,NA,NA,NA
ROSE,07-Oil Spill Imbalanced Classification,area3,NA,NA,NA,NA
ROSE,07-Oil Spill Imbalanced Classification,smoothness3,NA,NA,NA,NA
ROSE,07-Oil Spill Imbalanced Classification,compactness3,NA,NA,NA,NA
ROSE,07-Oil Spill Imbalanced Classification,concavity3,NA,NA,NA,NA
ROSE,07-Oil Spill Imbalanced Classification,concave_points3,NA,NA,NA,NA
ROSE,07-Oil Spill Imbalanced Classification,symmetry3,NA,NA,NA,NA
ROSE,07-Oil Spill Imbalanced Classification,fractal_dimension3,NA,NA,NA,NA
ROSE,07-Oil Spill Imbalanced Classification,pregnancies,NA,NA,NA,NA
ROSE,07-Oil Spill Imbalanced Classification,glucose,NA,NA,NA,NA
ROSE,07-Oil Spill Imbalanced Classification,bloodpressure,NA,NA,NA,NA
ROSE,07-Oil Spill Imbalanced Classification,skinthickness,NA,NA,NA,NA
ROSE,07-Oil Spill Imbalanced Classification,insulin,NA,NA,NA,NA
ROSE,07-Oil Spill Imbalanced Classification,bmi,NA,NA,NA,NA
ROSE,07-Oil Spill Imbalanced Classification,diabetespedigreefunction,NA,NA,NA,NA
ROSE,07-Oil Spill Imbalanced Classification,age,NA,NA,NA,NA
ROSE,07-Oil Spill Imbalanced Classification,attribute01,NA,NA,NA,NA
ROSE,07-Oil Spill Imbalanced Classification,attribute02,NA,NA,NA,NA
ROSE,07-Oil Spill Imbalanced Classification,attribute03,NA,NA,NA,NA
ROSE,07-Oil Spill Imbalanced Classification,attribute04,NA,NA,NA,NA
ROSE,07-Oil Spill Imbalanced Classification,attribute05,NA,NA,NA,NA
ROSE,07-Oil Spill Imbalanced Classification,attribute06,NA,NA,NA,NA
ROSE,07-Oil Spill Imbalanced Classification,attribute07,NA,NA,NA,NA
ROSE,07-Oil Spill Imbalanced Classification,attribute08,NA,NA,NA,NA
ROSE,07-Oil Spill Imbalanced Classification,attribute09,NA,NA,NA,NA
ROSE,07-Oil Spill Imbalanced Classification,attribute10,NA,NA,NA,NA
ROSE,07-Oil Spill Imbalanced Classification,attribute11,NA,NA,NA,NA
ROSE,07-Oil Spill Imbalanced Classification,attribute12,NA,NA,NA,NA
ROSE,07-Oil Spill Imbalanced Classification,attribute13,NA,NA,NA,NA
ROSE,07-Oil Spill Imbalanced Classification,attribute14,NA,NA,NA,NA
ROSE,07-Oil Spill Imbalanced Classification,attribute15,NA,NA,NA,NA
ROSE,07-Oil Spill Imbalanced Classification,attribute16,NA,NA,NA,NA
ROSE,07-Oil Spill Imbalanced Classification,attribute17,NA,NA,NA,NA
ROSE,07-Oil Spill Imbalanced Classification,attribute18,NA,NA,NA,NA
ROSE,07-Oil Spill Imbalanced Classification,attribute19,NA,NA,NA,NA
ROSE,07-Oil Spill Imbalanced Classification,attribute20,NA,NA,NA,NA
ROSE,07-Oil Spill Imbalanced Classification,attribute21,NA,NA,NA,NA
ROSE,07-Oil Spill Imbalanced Classification,attribute22,NA,NA,NA,NA
ROSE,07-Oil Spill Imbalanced Classification,attribute23,NA,NA,NA,NA
ROSE,07-Oil Spill Imbalanced Classification,attribute24,NA,NA,NA,NA
ROSE,07-Oil Spill Imbalanced Classification,attribute25,NA,NA,NA,NA
ROSE,07-Oil Spill Imbalanced Classification,attribute26,NA,NA,NA,NA
ROSE,07-Oil Spill Imbalanced Classification,attribute27,NA,NA,NA,NA
ROSE,07-Oil Spill Imbalanced Classification,attribute28,NA,NA,NA,NA
ROSE,07-Oil Spill Imbalanced Classification,attribute29,NA,NA,NA,NA
ROSE,07-Oil Spill Imbalanced Classification,attribute30,NA,NA,NA,NA
ROSE,07-Oil Spill Imbalanced Classification,attribute31,NA,NA,NA,NA
ROSE,07-Oil Spill Imbalanced Classification,attribute32,NA,NA,NA,NA
ROSE,07-Oil Spill Imbalanced Classification,attribute33,NA,NA,NA,NA
ROSE,07-Oil Spill Imbalanced Classification,attribute34,NA,NA,NA,NA
ROSE,07-Oil Spill Imbalanced Classification,aa,NA,NA,NA,NA
ROSE,07-Oil Spill Imbalanced Classification,ao,NA,NA,NA,NA
ROSE,07-Oil Spill Imbalanced Classification,dcl,NA,NA,NA,NA
ROSE,07-Oil Spill Imbalanced Classification,iy,NA,NA,NA,NA
ROSE,07-Oil Spill Imbalanced Classification,sh,NA,NA,NA,NA
ROSE,07-Oil Spill Imbalanced Classification,0,NA,NA,NA,NA
ROSE,07-Oil Spill Imbalanced Classification,1,81.5880469583778,64.97672977711103,1,352
ROSE,07-Oil Spill Imbalanced Classification,2,332.8420490928495,1931.9385697837338,10,32389
ROSE,07-Oil Spill Imbalanced Classification,3,698.7070864461045,599.9655770035965,1.92,1893.08
ROSE,07-Oil Spill Imbalanced Classification,4,870.9922091782283,522.7993249327467,1,2724.57
ROSE,07-Oil Spill Imbalanced Classification,5,84.12166488794024,45.361771460621995,0,180
ROSE,07-Oil Spill Imbalanced Classification,6,769696.37886873,3831151.032065411,70312,71315000
ROSE,07-Oil Spill Imbalanced Classification,7,43.242721451440765,12.718403675446117,21.24,82.64
ROSE,07-Oil Spill Imbalanced Classification,8,9.127886872998932,3.588877883342868,0.83,24.69
ROSE,07-Oil Spill Imbalanced Classification,9,3940.7129135538953,8167.427624625614,667,160740
ROSE,07-Oil Spill Imbalanced Classification,10,0.22100320170757737,0.09031554956933839,0.02,0.74
ROSE,07-Oil Spill Imbalanced Classification,11,109.89274279615795,61.460846499254544,41,901.7
ROSE,07-Oil Spill Imbalanced Classification,12,0.25144076840981855,0.08813205759244074,0.02,0.66
ROSE,07-Oil Spill Imbalanced Classification,13,0.31121664887940237,0.12138628133017441,0.03,0.83
ROSE,07-Oil Spill Imbalanced Classification,14,0.4846638207043757,0.216858689818777,0.05,1.23
ROSE,07-Oil Spill Imbalanced Classification,15,0.1828922091782284,0.08294307409100292,0.01,0.65
ROSE,07-Oil Spill Imbalanced Classification,16,0.30193169690501603,0.20469490437407437,0.01,1.12
ROSE,07-Oil Spill Imbalanced Classification,17,77.4125613660619,304.3298416014422,4.82,6058.23
ROSE,07-Oil Spill Imbalanced Classification,18,31.151921024546425,152.69333379772343,1.96,4061.15
ROSE,07-Oil Spill Imbalanced Classification,19,0.9090394877267877,0.6754918558877505,0.13,2.6
ROSE,07-Oil Spill Imbalanced Classification,20,0.2288153681963714,0.0754104513567093,0.02,0.65
ROSE,07-Oil Spill Imbalanced Classification,21,0.2893169690501601,0.10536648932585166,0.02,0.77
ROSE,07-Oil Spill Imbalanced Classification,22,76.08562433297759,22.937472728965954,47.66,126.08
ROSE,07-Oil Spill Imbalanced Classification,23,0,0,0,0
ROSE,07-Oil Spill Imbalanced Classification,24,0.6421771611526147,0.2999450779342363,0.17,1.33
ROSE,07-Oil Spill Imbalanced Classification,25,559.9106937033084,612.4592796724448,132.78,2036.8
ROSE,07-Oil Spill Imbalanced Classification,26,0.5782924226254003,0.7021572892465724,-0.71,1.83
ROSE,07-Oil Spill Imbalanced Classification,27,7.4981963713980795,3.9679662883737534,2.96,14.78
ROSE,07-Oil Spill Imbalanced Classification,28,0.6083991462113127,0.8452216107514772,-1.79,5.72
ROSE,07-Oil Spill Imbalanced Classification,29,4.27110992529349,3.6194055925901356,1.44,39.42
ROSE,07-Oil Spill Imbalanced Classification,30,-2.828420490928495,1.6218324362287262,-7.81,1.28
ROSE,07-Oil Spill Imbalanced Classification,31,-0.4288687299893276,0.21561678785003197,-1.37,0
ROSE,07-Oil Spill Imbalanced Classification,32,1.824589114194237,0.6387222377670319,0,2.98
ROSE,07-Oil Spill Imbalanced Classification,33,0.002785485592315902,0.04898793984896036,0,0.87
ROSE,07-Oil Spill Imbalanced Classification,34,1.8217929562433297,0.6433975886550125,0,2.98
ROSE,07-Oil Spill Imbalanced Classification,35,43.086446104589115,95.16732900812177,3,1695
ROSE,07-Oil Spill Imbalanced Classification,36,2432.6894343649947,5219.377584980779,360,95310
ROSE,07-Oil Spill Imbalanced Classification,37,0.006894343649946638,0.00533719211579683,0,0.02
ROSE,07-Oil Spill Imbalanced Classification,38,31.241856990394876,31.584838120718697,5.05,441.23
ROSE,07-Oil Spill Imbalanced Classification,39,91.18996798292423,21.984410407388964,64,143
ROSE,07-Oil Spill Imbalanced Classification,40,60.54749199573106,13.838898193560837,39,86
ROSE,07-Oil Spill Imbalanced Classification,41,933.9286766275347,1001.6813309848327,0,11949.33
ROSE,07-Oil Spill Imbalanced Classification,42,427.5655816435432,715.3916483530088,0,11500
ROSE,07-Oil Spill Imbalanced Classification,43,255.43590181430096,534.3061935727848,0,9593.48
ROSE,07-Oil Spill Imbalanced Classification,44,106.11251867662753,135.6177079715048,0,1748.13
ROSE,07-Oil Spill Imbalanced Classification,45,5.014002134471718,5.0291509508385435,0,76.63
ROSE,07-Oil Spill Imbalanced Classification,46,0.128068303094984,0.3343443060496508,0,1
ROSE,07-Oil Spill Imbalanced Classification,48,61.694386339381005,10.412807175887123,35.95,66.45
ROSE,07-Oil Spill Imbalanced Classification,49,8.119722518676628,2.9088945399050434,5.81,15.44
