Metodo,Base,Estatistica,Variavel,Valor
RAW,01-Credit Card Fraud Detection,Media,time,94813.85957508066
RAW,01-Credit Card Fraud Detection,Media,v1,1.1665850680621618e-15
RAW,01-Credit Card Fraud Detection,Media,v2,3.119076064621981e-16
RAW,01-Credit Card Fraud Detection,Media,v3,-1.3633524919768066e-15
RAW,01-Credit Card Fraud Detection,Media,v4,2.1113268745476085e-15
RAW,01-Credit Card Fraud Detection,Media,v5,9.796568111432642e-16
RAW,01-Credit Card Fraud Detection,Media,v6,1.5100407990523834e-15
RAW,01-Credit Card Fraud Detection,Media,v7,-5.42158836862075e-16
RAW,01-Credit Card Fraud Detection,Media,v8,1.026905650640441e-16
RAW,01-Credit Card Fraud Detection,Media,v9,-2.4224546273782102e-15
RAW,01-Credit Card Fraud Detection,Media,v10,2.2260780757685486e-15
RAW,01-Credit Card Fraud Detection,Media,v11,1.7064239784843682e-15
RAW,01-Credit Card Fraud Detection,Media,v12,-1.2430601430478238e-15
RAW,01-Credit Card Fraud Detection,Media,v13,8.352921119946204e-16
RAW,01-Credit Card Fraud Detection,Media,v14,1.2286561824309816e-15
RAW,01-Credit Card Fraud Detection,Media,v15,4.843945738369545e-15
RAW,01-Credit Card Fraud Detection,Media,v16,1.4336660309784372e-15
RAW,01-Credit Card Fraud Detection,Media,v17,-3.777405945805621e-16
RAW,01-Credit Card Fraud Detection,Media,v18,9.760679213305696e-16
RAW,01-Credit Card Fraud Detection,Media,v19,1.0384977404347022e-15
RAW,01-Credit Card Fraud Detection,Media,v20,6.406692900993326e-16
RAW,01-Credit Card Fraud Detection,Media,v21,1.6862008387137017e-16
RAW,01-Credit Card Fraud Detection,Media,v22,-3.3804383531067893e-16
RAW,01-Credit Card Fraud Detection,Media,v23,2.673353408345847e-16
RAW,01-Credit Card Fraud Detection,Media,v24,4.4748661360575374e-15
RAW,01-Credit Card Fraud Detection,Media,v25,5.105997208289615e-16
RAW,01-Credit Card Fraud Detection,Media,v26,1.6846352169266018e-15
RAW,01-Credit Card Fraud Detection,Media,v27,-3.673406847200072e-16
RAW,01-Credit Card Fraud Detection,Media,v28,-1.23037983974108e-16
RAW,01-Credit Card Fraud Detection,Media,amount,88.34961925093134
RAW,01-Credit Card Fraud Detection,Media,radius1,NA
RAW,01-Credit Card Fraud Detection,Media,texture1,NA
RAW,01-Credit Card Fraud Detection,Media,perimeter1,NA
RAW,01-Credit Card Fraud Detection,Media,area1,NA
RAW,01-Credit Card Fraud Detection,Media,smoothness1,NA
RAW,01-Credit Card Fraud Detection,Media,compactness1,NA
RAW,01-Credit Card Fraud Detection,Media,concavity1,NA
RAW,01-Credit Card Fraud Detection,Media,concave_points1,NA
RAW,01-Credit Card Fraud Detection,Media,symmetry1,NA
RAW,01-Credit Card Fraud Detection,Media,fractal_dimension1,NA
RAW,01-Credit Card Fraud Detection,Media,radius2,NA
RAW,01-Credit Card Fraud Detection,Media,texture2,NA
RAW,01-Credit Card Fraud Detection,Media,perimeter2,NA
RAW,01-Credit Card Fraud Detection,Media,area2,NA
RAW,01-Credit Card Fraud Detection,Media,smoothness2,NA
RAW,01-Credit Card Fraud Detection,Media,compactness2,NA
RAW,01-Credit Card Fraud Detection,Media,concavity2,NA
RAW,01-Credit Card Fraud Detection,Media,concave_points2,NA
RAW,01-Credit Card Fraud Detection,Media,symmetry2,NA
RAW,01-Credit Card Fraud Detection,Media,fractal_dimension2,NA
RAW,01-Credit Card Fraud Detection,Media,radius3,NA
RAW,01-Credit Card Fraud Detection,Media,texture3,NA
RAW,01-Credit Card Fraud Detection,Media,perimeter3,NA
RAW,01-Credit Card Fraud Detection,Media,area3,NA
RAW,01-Credit Card Fraud Detection,Media,smoothness3,NA
RAW,01-Credit Card Fraud Detection,Media,compactness3,NA
RAW,01-Credit Card Fraud Detection,Media,concavity3,NA
RAW,01-Credit Card Fraud Detection,Media,concave_points3,NA
RAW,01-Credit Card Fraud Detection,Media,symmetry3,NA
RAW,01-Credit Card Fraud Detection,Media,fractal_dimension3,NA
RAW,01-Credit Card Fraud Detection,Media,pregnancies,NA
RAW,01-Credit Card Fraud Detection,Media,glucose,NA
RAW,01-Credit Card Fraud Detection,Media,bloodpressure,NA
RAW,01-Credit Card Fraud Detection,Media,skinthickness,NA
RAW,01-Credit Card Fraud Detection,Media,insulin,NA
RAW,01-Credit Card Fraud Detection,Media,bmi,NA
RAW,01-Credit Card Fraud Detection,Media,diabetespedigreefunction,NA
RAW,01-Credit Card Fraud Detection,Media,age,NA
RAW,01-Credit Card Fraud Detection,Media,attribute01,NA
RAW,01-Credit Card Fraud Detection,Media,attribute02,NA
RAW,01-Credit Card Fraud Detection,Media,attribute03,NA
RAW,01-Credit Card Fraud Detection,Media,attribute04,NA
RAW,01-Credit Card Fraud Detection,Media,attribute05,NA
RAW,01-Credit Card Fraud Detection,Media,attribute06,NA
RAW,01-Credit Card Fraud Detection,Media,attribute07,NA
RAW,01-Credit Card Fraud Detection,Media,attribute08,NA
RAW,01-Credit Card Fraud Detection,Media,attribute09,NA
RAW,01-Credit Card Fraud Detection,Media,attribute10,NA
RAW,01-Credit Card Fraud Detection,Media,attribute11,NA
RAW,01-Credit Card Fraud Detection,Media,attribute12,NA
RAW,01-Credit Card Fraud Detection,Media,attribute13,NA
RAW,01-Credit Card Fraud Detection,Media,attribute14,NA
RAW,01-Credit Card Fraud Detection,Media,attribute15,NA
RAW,01-Credit Card Fraud Detection,Media,attribute16,NA
RAW,01-Credit Card Fraud Detection,Media,attribute17,NA
RAW,01-Credit Card Fraud Detection,Media,attribute18,NA
RAW,01-Credit Card Fraud Detection,Media,attribute19,NA
RAW,01-Credit Card Fraud Detection,Media,attribute20,NA
RAW,01-Credit Card Fraud Detection,Media,attribute21,NA
RAW,01-Credit Card Fraud Detection,Media,attribute22,NA
RAW,01-Credit Card Fraud Detection,Media,attribute23,NA
RAW,01-Credit Card Fraud Detection,Media,attribute24,NA
RAW,01-Credit Card Fraud Detection,Media,attribute25,NA
RAW,01-Credit Card Fraud Detection,Media,attribute26,NA
RAW,01-Credit Card Fraud Detection,Media,attribute27,NA
RAW,01-Credit Card Fraud Detection,Media,attribute28,NA
RAW,01-Credit Card Fraud Detection,Media,attribute29,NA
RAW,01-Credit Card Fraud Detection,Media,attribute30,NA
RAW,01-Credit Card Fraud Detection,Media,attribute31,NA
RAW,01-Credit Card Fraud Detection,Media,attribute32,NA
RAW,01-Credit Card Fraud Detection,Media,attribute33,NA
RAW,01-Credit Card Fraud Detection,Media,attribute34,NA
RAW,01-Credit Card Fraud Detection,Media,aa,NA
RAW,01-Credit Card Fraud Detection,Media,ao,NA
RAW,01-Credit Card Fraud Detection,Media,dcl,NA
RAW,01-Credit Card Fraud Detection,Media,iy,NA
RAW,01-Credit Card Fraud Detection,Media,sh,NA
RAW,01-Credit Card Fraud Detection,Media,0,NA
RAW,01-Credit Card Fraud Detection,Media,1,NA
RAW,01-Credit Card Fraud Detection,Media,2,NA
RAW,01-Credit Card Fraud Detection,Media,3,NA
RAW,01-Credit Card Fraud Detection,Media,4,NA
RAW,01-Credit Card Fraud Detection,Media,5,NA
RAW,01-Credit Card Fraud Detection,Media,6,NA
RAW,01-Credit Card Fraud Detection,Media,7,NA
RAW,01-Credit Card Fraud Detection,Media,8,NA
RAW,01-Credit Card Fraud Detection,Media,9,NA
RAW,01-Credit Card Fraud Detection,Media,10,NA
RAW,01-Credit Card Fraud Detection,Media,11,NA
RAW,01-Credit Card Fraud Detection,Media,12,NA
RAW,01-Credit Card Fraud Detection,Media,13,NA
RAW,01-Credit Card Fraud Detection,Media,14,NA
RAW,01-Credit Card Fraud Detection,Media,15,NA
RAW,01-Credit Card Fraud Detection,Media,16,NA
RAW,01-Credit Card Fraud Detection,Media,17,NA
RAW,01-Credit Card Fraud Detection,Media,18,NA
RAW,01-Credit Card Fraud Detection,Media,19,NA
RAW,01-Credit Card Fraud Detection,Media,20,NA
RAW,01-Credit Card Fraud Detection,Media,21,NA
RAW,01-Credit Card Fraud Detection,Media,22,NA
RAW,01-Credit Card Fraud Detection,Media,23,NA
RAW,01-Credit Card Fraud Detection,Media,24,NA
RAW,01-Credit Card Fraud Detection,Media,25,NA
RAW,01-Credit Card Fraud Detection,Media,26,NA
RAW,01-Credit Card Fraud Detection,Media,27,NA
RAW,01-Credit Card Fraud Detection,Media,28,NA
RAW,01-Credit Card Fraud Detection,Media,29,NA
RAW,01-Credit Card Fraud Detection,Media,30,NA
RAW,01-Credit Card Fraud Detection,Media,31,NA
RAW,01-Credit Card Fraud Detection,Media,32,NA
RAW,01-Credit Card Fraud Detection,Media,33,NA
RAW,01-Credit Card Fraud Detection,Media,34,NA
RAW,01-Credit Card Fraud Detection,Media,35,NA
RAW,01-Credit Card Fraud Detection,Media,36,NA
RAW,01-Credit Card Fraud Detection,Media,37,NA
RAW,01-Credit Card Fraud Detection,Media,38,NA
RAW,01-Credit Card Fraud Detection,Media,39,NA
RAW,01-Credit Card Fraud Detection,Media,40,NA
RAW,01-Credit Card Fraud Detection,Media,41,NA
RAW,01-Credit Card Fraud Detection,Media,42,NA
RAW,01-Credit Card Fraud Detection,Media,43,NA
RAW,01-Credit Card Fraud Detection,Media,44,NA
RAW,01-Credit Card Fraud Detection,Media,45,NA
RAW,01-Credit Card Fraud Detection,Media,46,NA
RAW,01-Credit Card Fraud Detection,Media,48,NA
RAW,01-Credit Card Fraud Detection,Media,49,NA
RAW,01-Credit Card Fraud Detection,Desvio_Padrao,time,47488.14595456617
RAW,01-Credit Card Fraud Detection,Desvio_Padrao,v1,1.958695803857486
RAW,01-Credit Card Fraud Detection,Desvio_Padrao,v2,1.6513085794769975
RAW,01-Credit Card Fraud Detection,Desvio_Padrao,v3,1.5162550051777717
RAW,01-Credit Card Fraud Detection,Desvio_Padrao,v4,1.4158685749409203
RAW,01-Credit Card Fraud Detection,Desvio_Padrao,v5,1.3802467340314395
RAW,01-Credit Card Fraud Detection,Desvio_Padrao,v6,1.3322710897575754
RAW,01-Credit Card Fraud Detection,Desvio_Padrao,v7,1.237093598182666
RAW,01-Credit Card Fraud Detection,Desvio_Padrao,v8,1.1943529026692035
RAW,01-Credit Card Fraud Detection,Desvio_Padrao,v9,1.098632089224319
RAW,01-Credit Card Fraud Detection,Desvio_Padrao,v10,1.088849765402517
RAW,01-Credit Card Fraud Detection,Desvio_Padrao,v11,1.0207130277115586
RAW,01-Credit Card Fraud Detection,Desvio_Padrao,v12,0.9992013895301448
RAW,01-Credit Card Fraud Detection,Desvio_Padrao,v13,0.9952742301251534
RAW,01-Credit Card Fraud Detection,Desvio_Padrao,v14,0.9585956112570638
RAW,01-Credit Card Fraud Detection,Desvio_Padrao,v15,0.915316011610439
RAW,01-Credit Card Fraud Detection,Desvio_Padrao,v16,0.8762528873883704
RAW,01-Credit Card Fraud Detection,Desvio_Padrao,v17,0.8493370636743892
RAW,01-Credit Card Fraud Detection,Desvio_Padrao,v18,0.8381762095288414
RAW,01-Credit Card Fraud Detection,Desvio_Padrao,v19,0.8140405007685786
RAW,01-Credit Card Fraud Detection,Desvio_Padrao,v20,0.7709250248871168
RAW,01-Credit Card Fraud Detection,Desvio_Padrao,v21,0.734524014371313
RAW,01-Credit Card Fraud Detection,Desvio_Padrao,v22,0.7257015604409116
RAW,01-Credit Card Fraud Detection,Desvio_Padrao,v23,0.6244602955949903
RAW,01-Credit Card Fraud Detection,Desvio_Padrao,v24,0.6056470678271602
RAW,01-Credit Card Fraud Detection,Desvio_Padrao,v25,0.5212780705409424
RAW,01-Credit Card Fraud Detection,Desvio_Padrao,v26,0.4822270132610573
RAW,01-Credit Card Fraud Detection,Desvio_Padrao,v27,0.4036324949650307
RAW,01-Credit Card Fraud Detection,Desvio_Padrao,v28,0.3300832641602509
RAW,01-Credit Card Fraud Detection,Desvio_Padrao,amount,250.12010924018858
RAW,01-Credit Card Fraud Detection,Desvio_Padrao,radius1,NA
RAW,01-Credit Card Fraud Detection,Desvio_Padrao,texture1,NA
RAW,01-Credit Card Fraud Detection,Desvio_Padrao,perimeter1,NA
RAW,01-Credit Card Fraud Detection,Desvio_Padrao,area1,NA
RAW,01-Credit Card Fraud Detection,Desvio_Padrao,smoothness1,NA
RAW,01-Credit Card Fraud Detection,Desvio_Padrao,compactness1,NA
RAW,01-Credit Card Fraud Detection,Desvio_Padrao,concavity1,NA
RAW,01-Credit Card Fraud Detection,Desvio_Padrao,concave_points1,NA
RAW,01-Credit Card Fraud Detection,Desvio_Padrao,symmetry1,NA
RAW,01-Credit Card Fraud Detection,Desvio_Padrao,fractal_dimension1,NA
RAW,01-Credit Card Fraud Detection,Desvio_Padrao,radius2,NA
RAW,01-Credit Card Fraud Detection,Desvio_Padrao,texture2,NA
RAW,01-Credit Card Fraud Detection,Desvio_Padrao,perimeter2,NA
RAW,01-Credit Card Fraud Detection,Desvio_Padrao,area2,NA
RAW,01-Credit Card Fraud Detection,Desvio_Padrao,smoothness2,NA
RAW,01-Credit Card Fraud Detection,Desvio_Padrao,compactness2,NA
RAW,01-Credit Card Fraud Detection,Desvio_Padrao,concavity2,NA
RAW,01-Credit Card Fraud Detection,Desvio_Padrao,concave_points2,NA
RAW,01-Credit Card Fraud Detection,Desvio_Padrao,symmetry2,NA
RAW,01-Credit Card Fraud Detection,Desvio_Padrao,fractal_dimension2,NA
RAW,01-Credit Card Fraud Detection,Desvio_Padrao,radius3,NA
RAW,01-Credit Card Fraud Detection,Desvio_Padrao,texture3,NA
RAW,01-Credit Card Fraud Detection,Desvio_Padrao,perimeter3,NA
RAW,01-Credit Card Fraud Detection,Desvio_Padrao,area3,NA
RAW,01-Credit Card Fraud Detection,Desvio_Padrao,smoothness3,NA
RAW,01-Credit Card Fraud Detection,Desvio_Padrao,compactness3,NA
RAW,01-Credit Card Fraud Detection,Desvio_Padrao,concavity3,NA
RAW,01-Credit Card Fraud Detection,Desvio_Padrao,concave_points3,NA
RAW,01-Credit Card Fraud Detection,Desvio_Padrao,symmetry3,NA
RAW,01-Credit Card Fraud Detection,Desvio_Padrao,fractal_dimension3,NA
RAW,01-Credit Card Fraud Detection,Desvio_Padrao,pregnancies,NA
RAW,01-Credit Card Fraud Detection,Desvio_Padrao,glucose,NA
RAW,01-Credit Card Fraud Detection,Desvio_Padrao,bloodpressure,NA
RAW,01-Credit Card Fraud Detection,Desvio_Padrao,skinthickness,NA
RAW,01-Credit Card Fraud Detection,Desvio_Padrao,insulin,NA
RAW,01-Credit Card Fraud Detection,Desvio_Padrao,bmi,NA
RAW,01-Credit Card Fraud Detection,Desvio_Padrao,diabetespedigreefunction,NA
RAW,01-Credit Card Fraud Detection,Desvio_Padrao,age,NA
RAW,01-Credit Card Fraud Detection,Desvio_Padrao,attribute01,NA
RAW,01-Credit Card Fraud Detection,Desvio_Padrao,attribute02,NA
RAW,01-Credit Card Fraud Detection,Desvio_Padrao,attribute03,NA
RAW,01-Credit Card Fraud Detection,Desvio_Padrao,attribute04,NA
RAW,01-Credit Card Fraud Detection,Desvio_Padrao,attribute05,NA
RAW,01-Credit Card Fraud Detection,Desvio_Padrao,attribute06,NA
RAW,01-Credit Card Fraud Detection,Desvio_Padrao,attribute07,NA
RAW,01-Credit Card Fraud Detection,Desvio_Padrao,attribute08,NA
RAW,01-Credit Card Fraud Detection,Desvio_Padrao,attribute09,NA
RAW,01-Credit Card Fraud Detection,Desvio_Padrao,attribute10,NA
RAW,01-Credit Card Fraud Detection,Desvio_Padrao,attribute11,NA
RAW,01-Credit Card Fraud Detection,Desvio_Padrao,attribute12,NA
RAW,01-Credit Card Fraud Detection,Desvio_Padrao,attribute13,NA
RAW,01-Credit Card Fraud Detection,Desvio_Padrao,attribute14,NA
RAW,01-Credit Card Fraud Detection,Desvio_Padrao,attribute15,NA
RAW,01-Credit Card Fraud Detection,Desvio_Padrao,attribute16,NA
RAW,01-Credit Card Fraud Detection,Desvio_Padrao,attribute17,NA
RAW,01-Credit Card Fraud Detection,Desvio_Padrao,attribute18,NA
RAW,01-Credit Card Fraud Detection,Desvio_Padrao,attribute19,NA
RAW,01-Credit Card Fraud Detection,Desvio_Padrao,attribute20,NA
RAW,01-Credit Card Fraud Detection,Desvio_Padrao,attribute21,NA
RAW,01-Credit Card Fraud Detection,Desvio_Padrao,attribute22,NA
RAW,01-Credit Card Fraud Detection,Desvio_Padrao,attribute23,NA
RAW,01-Credit Card Fraud Detection,Desvio_Padrao,attribute24,NA
RAW,01-Credit Card Fraud Detection,Desvio_Padrao,attribute25,NA
RAW,01-Credit Card Fraud Detection,Desvio_Padrao,attribute26,NA
RAW,01-Credit Card Fraud Detection,Desvio_Padrao,attribute27,NA
RAW,01-Credit Card Fraud Detection,Desvio_Padrao,attribute28,NA
RAW,01-Credit Card Fraud Detection,Desvio_Padrao,attribute29,NA
RAW,01-Credit Card Fraud Detection,Desvio_Padrao,attribute30,NA
RAW,01-Credit Card Fraud Detection,Desvio_Padrao,attribute31,NA
RAW,01-Credit Card Fraud Detection,Desvio_Padrao,attribute32,NA
RAW,01-Credit Card Fraud Detection,Desvio_Padrao,attribute33,NA
RAW,01-Credit Card Fraud Detection,Desvio_Padrao,attribute34,NA
RAW,01-Credit Card Fraud Detection,Desvio_Padrao,aa,NA
RAW,01-Credit Card Fraud Detection,Desvio_Padrao,ao,NA
RAW,01-Credit Card Fraud Detection,Desvio_Padrao,dcl,NA
RAW,01-Credit Card Fraud Detection,Desvio_Padrao,iy,NA
RAW,01-Credit Card Fraud Detection,Desvio_Padrao,sh,NA
RAW,01-Credit Card Fraud Detection,Desvio_Padrao,0,NA
RAW,01-Credit Card Fraud Detection,Desvio_Padrao,1,NA
RAW,01-Credit Card Fraud Detection,Desvio_Padrao,2,NA
RAW,01-Credit Card Fraud Detection,Desvio_Padrao,3,NA
RAW,01-Credit Card Fraud Detection,Desvio_Padrao,4,NA
RAW,01-Credit Card Fraud Detection,Desvio_Padrao,5,NA
RAW,01-Credit Card Fraud Detection,Desvio_Padrao,6,NA
RAW,01-Credit Card Fraud Detection,Desvio_Padrao,7,NA
RAW,01-Credit Card Fraud Detection,Desvio_Padrao,8,NA
RAW,01-Credit Card Fraud Detection,Desvio_Padrao,9,NA
RAW,01-Credit Card Fraud Detection,Desvio_Padrao,10,NA
RAW,01-Credit Card Fraud Detection,Desvio_Padrao,11,NA
RAW,01-Credit Card Fraud Detection,Desvio_Padrao,12,NA
RAW,01-Credit Card Fraud Detection,Desvio_Padrao,13,NA
RAW,01-Credit Card Fraud Detection,Desvio_Padrao,14,NA
RAW,01-Credit Card Fraud Detection,Desvio_Padrao,15,NA
RAW,01-Credit Card Fraud Detection,Desvio_Padrao,16,NA
RAW,01-Credit Card Fraud Detection,Desvio_Padrao,17,NA
RAW,01-Credit Card Fraud Detection,Desvio_Padrao,18,NA
RAW,01-Credit Card Fraud Detection,Desvio_Padrao,19,NA
RAW,01-Credit Card Fraud Detection,Desvio_Padrao,20,NA
RAW,01-Credit Card Fraud Detection,Desvio_Padrao,21,NA
RAW,01-Credit Card Fraud Detection,Desvio_Padrao,22,NA
RAW,01-Credit Card Fraud Detection,Desvio_Padrao,23,NA
RAW,01-Credit Card Fraud Detection,Desvio_Padrao,24,NA
RAW,01-Credit Card Fraud Detection,Desvio_Padrao,25,NA
RAW,01-Credit Card Fraud Detection,Desvio_Padrao,26,NA
RAW,01-Credit Card Fraud Detection,Desvio_Padrao,27,NA
RAW,01-Credit Card Fraud Detection,Desvio_Padrao,28,NA
RAW,01-Credit Card Fraud Detection,Desvio_Padrao,29,NA
RAW,01-Credit Card Fraud Detection,Desvio_Padrao,30,NA
RAW,01-Credit Card Fraud Detection,Desvio_Padrao,31,NA
RAW,01-Credit Card Fraud Detection,Desvio_Padrao,32,NA
RAW,01-Credit Card Fraud Detection,Desvio_Padrao,33,NA
RAW,01-Credit Card Fraud Detection,Desvio_Padrao,34,NA
RAW,01-Credit Card Fraud Detection,Desvio_Padrao,35,NA
RAW,01-Credit Card Fraud Detection,Desvio_Padrao,36,NA
RAW,01-Credit Card Fraud Detection,Desvio_Padrao,37,NA
RAW,01-Credit Card Fraud Detection,Desvio_Padrao,38,NA
RAW,01-Credit Card Fraud Detection,Desvio_Padrao,39,NA
RAW,01-Credit Card Fraud Detection,Desvio_Padrao,40,NA
RAW,01-Credit Card Fraud Detection,Desvio_Padrao,41,NA
RAW,01-Credit Card Fraud Detection,Desvio_Padrao,42,NA
RAW,01-Credit Card Fraud Detection,Desvio_Padrao,43,NA
RAW,01-Credit Card Fraud Detection,Desvio_Padrao,44,NA
RAW,01-Credit Card Fraud Detection,Desvio_Padrao,45,NA
RAW,01-Credit Card Fraud Detection,Desvio_Padrao,46,NA
RAW,01-Credit Card Fraud Detection,Desvio_Padrao,48,NA
RAW,01-Credit Card Fraud Detection,Desvio_Padrao,49,NA
RAW,01-Credit Card Fraud Detection,Minimo,time,0
RAW,01-Credit Card Fraud Detection,Minimo,v1,-56.407509631329
RAW,01-Credit Card Fraud Detection,Minimo,v2,-72.7157275629303
RAW,01-Credit Card Fraud Detection,Minimo,v3,-48.3255893623954
RAW,01-Credit Card Fraud Detection,Minimo,v4,-5.68317119816995
RAW,01-Credit Card Fraud Detection,Minimo,v5,-113.743306711146
RAW,01-Credit Card Fraud Detection,Minimo,v6,-26.1605059358433
RAW,01-Credit Card Fraud Detection,Minimo,v7,-43.5572415712451
RAW,01-Credit Card Fraud Detection,Minimo,v8,-73.2167184552674
RAW,01-Credit Card Fraud Detection,Minimo,v9,-13.4340663182301
RAW,01-Credit Card Fraud Detection,Minimo,v10,-24.5882624372475
RAW,01-Credit Card Fraud Detection,Minimo,v11,-4.79747346479757
RAW,01-Credit Card Fraud Detection,Minimo,v12,-18.6837146333443
RAW,01-Credit Card Fraud Detection,Minimo,v13,-5.79188120632084
RAW,01-Credit Card Fraud Detection,Minimo,v14,-19.2143254902614
RAW,01-Credit Card Fraud Detection,Minimo,v15,-4.49894467676621
RAW,01-Credit Card Fraud Detection,Minimo,v16,-14.1298545174931
RAW,01-Credit Card Fraud Detection,Minimo,v17,-25.1627993693248
RAW,01-Credit Card Fraud Detection,Minimo,v18,-9.49874592104677
RAW,01-Credit Card Fraud Detection,Minimo,v19,-7.21352743017759
RAW,01-Credit Card Fraud Detection,Minimo,v20,-54.497720494566
RAW,01-Credit Card Fraud Detection,Minimo,v21,-34.8303821448146
RAW,01-Credit Card Fraud Detection,Minimo,v22,-10.933143697655
RAW,01-Credit Card Fraud Detection,Minimo,v23,-44.8077352037913
RAW,01-Credit Card Fraud Detection,Minimo,v24,-2.83662691870341
RAW,01-Credit Card Fraud Detection,Minimo,v25,-10.2953970749851
RAW,01-Credit Card Fraud Detection,Minimo,v26,-2.60455055280817
RAW,01-Credit Card Fraud Detection,Minimo,v27,-22.5656793207827
RAW,01-Credit Card Fraud Detection,Minimo,v28,-15.4300839055349
RAW,01-Credit Card Fraud Detection,Minimo,amount,0
RAW,01-Credit Card Fraud Detection,Minimo,radius1,NA
RAW,01-Credit Card Fraud Detection,Minimo,texture1,NA
RAW,01-Credit Card Fraud Detection,Minimo,perimeter1,NA
RAW,01-Credit Card Fraud Detection,Minimo,area1,NA
RAW,01-Credit Card Fraud Detection,Minimo,smoothness1,NA
RAW,01-Credit Card Fraud Detection,Minimo,compactness1,NA
RAW,01-Credit Card Fraud Detection,Minimo,concavity1,NA
RAW,01-Credit Card Fraud Detection,Minimo,concave_points1,NA
RAW,01-Credit Card Fraud Detection,Minimo,symmetry1,NA
RAW,01-Credit Card Fraud Detection,Minimo,fractal_dimension1,NA
RAW,01-Credit Card Fraud Detection,Minimo,radius2,NA
RAW,01-Credit Card Fraud Detection,Minimo,texture2,NA
RAW,01-Credit Card Fraud Detection,Minimo,perimeter2,NA
RAW,01-Credit Card Fraud Detection,Minimo,area2,NA
RAW,01-Credit Card Fraud Detection,Minimo,smoothness2,NA
RAW,01-Credit Card Fraud Detection,Minimo,compactness2,NA
RAW,01-Credit Card Fraud Detection,Minimo,concavity2,NA
RAW,01-Credit Card Fraud Detection,Minimo,concave_points2,NA
RAW,01-Credit Card Fraud Detection,Minimo,symmetry2,NA
RAW,01-Credit Card Fraud Detection,Minimo,fractal_dimension2,NA
RAW,01-Credit Card Fraud Detection,Minimo,radius3,NA
RAW,01-Credit Card Fraud Detection,Minimo,texture3,NA
RAW,01-Credit Card Fraud Detection,Minimo,perimeter3,NA
RAW,01-Credit Card Fraud Detection,Minimo,area3,NA
RAW,01-Credit Card Fraud Detection,Minimo,smoothness3,NA
RAW,01-Credit Card Fraud Detection,Minimo,compactness3,NA
RAW,01-Credit Card Fraud Detection,Minimo,concavity3,NA
RAW,01-Credit Card Fraud Detection,Minimo,concave_points3,NA
RAW,01-Credit Card Fraud Detection,Minimo,symmetry3,NA
RAW,01-Credit Card Fraud Detection,Minimo,fractal_dimension3,NA
RAW,01-Credit Card Fraud Detection,Minimo,pregnancies,NA
RAW,01-Credit Card Fraud Detection,Minimo,glucose,NA
RAW,01-Credit Card Fraud Detection,Minimo,bloodpressure,NA
RAW,01-Credit Card Fraud Detection,Minimo,skinthickness,NA
RAW,01-Credit Card Fraud Detection,Minimo,insulin,NA
RAW,01-Credit Card Fraud Detection,Minimo,bmi,NA
RAW,01-Credit Card Fraud Detection,Minimo,diabetespedigreefunction,NA
RAW,01-Credit Card Fraud Detection,Minimo,age,NA
RAW,01-Credit Card Fraud Detection,Minimo,attribute01,NA
RAW,01-Credit Card Fraud Detection,Minimo,attribute02,NA
RAW,01-Credit Card Fraud Detection,Minimo,attribute03,NA
RAW,01-Credit Card Fraud Detection,Minimo,attribute04,NA
RAW,01-Credit Card Fraud Detection,Minimo,attribute05,NA
RAW,01-Credit Card Fraud Detection,Minimo,attribute06,NA
RAW,01-Credit Card Fraud Detection,Minimo,attribute07,NA
RAW,01-Credit Card Fraud Detection,Minimo,attribute08,NA
RAW,01-Credit Card Fraud Detection,Minimo,attribute09,NA
RAW,01-Credit Card Fraud Detection,Minimo,attribute10,NA
RAW,01-Credit Card Fraud Detection,Minimo,attribute11,NA
RAW,01-Credit Card Fraud Detection,Minimo,attribute12,NA
RAW,01-Credit Card Fraud Detection,Minimo,attribute13,NA
RAW,01-Credit Card Fraud Detection,Minimo,attribute14,NA
RAW,01-Credit Card Fraud Detection,Minimo,attribute15,NA
RAW,01-Credit Card Fraud Detection,Minimo,attribute16,NA
RAW,01-Credit Card Fraud Detection,Minimo,attribute17,NA
RAW,01-Credit Card Fraud Detection,Minimo,attribute18,NA
RAW,01-Credit Card Fraud Detection,Minimo,attribute19,NA
RAW,01-Credit Card Fraud Detection,Minimo,attribute20,NA
RAW,01-Credit Card Fraud Detection,Minimo,attribute21,NA
RAW,01-Credit Card Fraud Detection,Minimo,attribute22,NA
RAW,01-Credit Card Fraud Detection,Minimo,attribute23,NA
RAW,01-Credit Card Fraud Detection,Minimo,attribute24,NA
RAW,01-Credit Card Fraud Detection,Minimo,attribute25,NA
RAW,01-Credit Card Fraud Detection,Minimo,attribute26,NA
RAW,01-Credit Card Fraud Detection,Minimo,attribute27,NA
RAW,01-Credit Card Fraud Detection,Minimo,attribute28,NA
RAW,01-Credit Card Fraud Detection,Minimo,attribute29,NA
RAW,01-Credit Card Fraud Detection,Minimo,attribute30,NA
RAW,01-Credit Card Fraud Detection,Minimo,attribute31,NA
RAW,01-Credit Card Fraud Detection,Minimo,attribute32,NA
RAW,01-Credit Card Fraud Detection,Minimo,attribute33,NA
RAW,01-Credit Card Fraud Detection,Minimo,attribute34,NA
RAW,01-Credit Card Fraud Detection,Minimo,aa,NA
RAW,01-Credit Card Fraud Detection,Minimo,ao,NA
RAW,01-Credit Card Fraud Detection,Minimo,dcl,NA
RAW,01-Credit Card Fraud Detection,Minimo,iy,NA
RAW,01-Credit Card Fraud Detection,Minimo,sh,NA
RAW,01-Credit Card Fraud Detection,Minimo,0,NA
RAW,01-Credit Card Fraud Detection,Minimo,1,NA
RAW,01-Credit Card Fraud Detection,Minimo,2,NA
RAW,01-Credit Card Fraud Detection,Minimo,3,NA
RAW,01-Credit Card Fraud Detection,Minimo,4,NA
RAW,01-Credit Card Fraud Detection,Minimo,5,NA
RAW,01-Credit Card Fraud Detection,Minimo,6,NA
RAW,01-Credit Card Fraud Detection,Minimo,7,NA
RAW,01-Credit Card Fraud Detection,Minimo,8,NA
RAW,01-Credit Card Fraud Detection,Minimo,9,NA
RAW,01-Credit Card Fraud Detection,Minimo,10,NA
RAW,01-Credit Card Fraud Detection,Minimo,11,NA
RAW,01-Credit Card Fraud Detection,Minimo,12,NA
RAW,01-Credit Card Fraud Detection,Minimo,13,NA
RAW,01-Credit Card Fraud Detection,Minimo,14,NA
RAW,01-Credit Card Fraud Detection,Minimo,15,NA
RAW,01-Credit Card Fraud Detection,Minimo,16,NA
RAW,01-Credit Card Fraud Detection,Minimo,17,NA
RAW,01-Credit Card Fraud Detection,Minimo,18,NA
RAW,01-Credit Card Fraud Detection,Minimo,19,NA
RAW,01-Credit Card Fraud Detection,Minimo,20,NA
RAW,01-Credit Card Fraud Detection,Minimo,21,NA
RAW,01-Credit Card Fraud Detection,Minimo,22,NA
RAW,01-Credit Card Fraud Detection,Minimo,23,NA
RAW,01-Credit Card Fraud Detection,Minimo,24,NA
RAW,01-Credit Card Fraud Detection,Minimo,25,NA
RAW,01-Credit Card Fraud Detection,Minimo,26,NA
RAW,01-Credit Card Fraud Detection,Minimo,27,NA
RAW,01-Credit Card Fraud Detection,Minimo,28,NA
RAW,01-Credit Card Fraud Detection,Minimo,29,NA
RAW,01-Credit Card Fraud Detection,Minimo,30,NA
RAW,01-Credit Card Fraud Detection,Minimo,31,NA
RAW,01-Credit Card Fraud Detection,Minimo,32,NA
RAW,01-Credit Card Fraud Detection,Minimo,33,NA
RAW,01-Credit Card Fraud Detection,Minimo,34,NA
RAW,01-Credit Card Fraud Detection,Minimo,35,NA
RAW,01-Credit Card Fraud Detection,Minimo,36,NA
RAW,01-Credit Card Fraud Detection,Minimo,37,NA
RAW,01-Credit Card Fraud Detection,Minimo,38,NA
RAW,01-Credit Card Fraud Detection,Minimo,39,NA
RAW,01-Credit Card Fraud Detection,Minimo,40,NA
RAW,01-Credit Card Fraud Detection,Minimo,41,NA
RAW,01-Credit Card Fraud Detection,Minimo,42,NA
RAW,01-Credit Card Fraud Detection,Minimo,43,NA
RAW,01-Credit Card Fraud Detection,Minimo,44,NA
RAW,01-Credit Card Fraud Detection,Minimo,45,NA
RAW,01-Credit Card Fraud Detection,Minimo,46,NA
RAW,01-Credit Card Fraud Detection,Minimo,48,NA
RAW,01-Credit Card Fraud Detection,Minimo,49,NA
RAW,01-Credit Card Fraud Detection,Maximo,time,172792
RAW,01-Credit Card Fraud Detection,Maximo,v1,2.45492999121121
RAW,01-Credit Card Fraud Detection,Maximo,v2,22.0577289904909
RAW,01-Credit Card Fraud Detection,Maximo,v3,9.38255843282114
RAW,01-Credit Card Fraud Detection,Maximo,v4,16.8753440335975
RAW,01-Credit Card Fraud Detection,Maximo,v5,34.8016658766686
RAW,01-Credit Card Fraud Detection,Maximo,v6,73.3016255459646
RAW,01-Credit Card Fraud Detection,Maximo,v7,120.589493945238
RAW,01-Credit Card Fraud Detection,Maximo,v8,20.0072083651213
RAW,01-Credit Card Fraud Detection,Maximo,v9,15.5949946071278
RAW,01-Credit Card Fraud Detection,Maximo,v10,23.7451361206545
RAW,01-Credit Card Fraud Detection,Maximo,v11,12.0189131816199
RAW,01-Credit Card Fraud Detection,Maximo,v12,7.8483920756446
RAW,01-Credit Card Fraud Detection,Maximo,v13,7.12688295859376
RAW,01-Credit Card Fraud Detection,Maximo,v14,10.5267660517847
RAW,01-Credit Card Fraud Detection,Maximo,v15,8.87774159774277
RAW,01-Credit Card Fraud Detection,Maximo,v16,17.3151115176278
RAW,01-Credit Card Fraud Detection,Maximo,v17,9.25352625047285
RAW,01-Credit Card Fraud Detection,Maximo,v18,5.04106918541184
RAW,01-Credit Card Fraud Detection,Maximo,v19,5.59197142733558
RAW,01-Credit Card Fraud Detection,Maximo,v20,39.4209042482199
RAW,01-Credit Card Fraud Detection,Maximo,v21,27.2028391573154
RAW,01-Credit Card Fraud Detection,Maximo,v22,10.5030900899454
RAW,01-Credit Card Fraud Detection,Maximo,v23,22.5284116897749
RAW,01-Credit Card Fraud Detection,Maximo,v24,4.58454913689817
RAW,01-Credit Card Fraud Detection,Maximo,v25,7.51958867870916
RAW,01-Credit Card Fraud Detection,Maximo,v26,3.5173456116238
RAW,01-Credit Card Fraud Detection,Maximo,v27,31.6121981061363
RAW,01-Credit Card Fraud Detection,Maximo,v28,33.8478078188831
RAW,01-Credit Card Fraud Detection,Maximo,amount,25691.16
RAW,01-Credit Card Fraud Detection,Maximo,radius1,NA
RAW,01-Credit Card Fraud Detection,Maximo,texture1,NA
RAW,01-Credit Card Fraud Detection,Maximo,perimeter1,NA
RAW,01-Credit Card Fraud Detection,Maximo,area1,NA
RAW,01-Credit Card Fraud Detection,Maximo,smoothness1,NA
RAW,01-Credit Card Fraud Detection,Maximo,compactness1,NA
RAW,01-Credit Card Fraud Detection,Maximo,concavity1,NA
RAW,01-Credit Card Fraud Detection,Maximo,concave_points1,NA
RAW,01-Credit Card Fraud Detection,Maximo,symmetry1,NA
RAW,01-Credit Card Fraud Detection,Maximo,fractal_dimension1,NA
RAW,01-Credit Card Fraud Detection,Maximo,radius2,NA
RAW,01-Credit Card Fraud Detection,Maximo,texture2,NA
RAW,01-Credit Card Fraud Detection,Maximo,perimeter2,NA
RAW,01-Credit Card Fraud Detection,Maximo,area2,NA
RAW,01-Credit Card Fraud Detection,Maximo,smoothness2,NA
RAW,01-Credit Card Fraud Detection,Maximo,compactness2,NA
RAW,01-Credit Card Fraud Detection,Maximo,concavity2,NA
RAW,01-Credit Card Fraud Detection,Maximo,concave_points2,NA
RAW,01-Credit Card Fraud Detection,Maximo,symmetry2,NA
RAW,01-Credit Card Fraud Detection,Maximo,fractal_dimension2,NA
RAW,01-Credit Card Fraud Detection,Maximo,radius3,NA
RAW,01-Credit Card Fraud Detection,Maximo,texture3,NA
RAW,01-Credit Card Fraud Detection,Maximo,perimeter3,NA
RAW,01-Credit Card Fraud Detection,Maximo,area3,NA
RAW,01-Credit Card Fraud Detection,Maximo,smoothness3,NA
RAW,01-Credit Card Fraud Detection,Maximo,compactness3,NA
RAW,01-Credit Card Fraud Detection,Maximo,concavity3,NA
RAW,01-Credit Card Fraud Detection,Maximo,concave_points3,NA
RAW,01-Credit Card Fraud Detection,Maximo,symmetry3,NA
RAW,01-Credit Card Fraud Detection,Maximo,fractal_dimension3,NA
RAW,01-Credit Card Fraud Detection,Maximo,pregnancies,NA
RAW,01-Credit Card Fraud Detection,Maximo,glucose,NA
RAW,01-Credit Card Fraud Detection,Maximo,bloodpressure,NA
RAW,01-Credit Card Fraud Detection,Maximo,skinthickness,NA
RAW,01-Credit Card Fraud Detection,Maximo,insulin,NA
RAW,01-Credit Card Fraud Detection,Maximo,bmi,NA
RAW,01-Credit Card Fraud Detection,Maximo,diabetespedigreefunction,NA
RAW,01-Credit Card Fraud Detection,Maximo,age,NA
RAW,01-Credit Card Fraud Detection,Maximo,attribute01,NA
RAW,01-Credit Card Fraud Detection,Maximo,attribute02,NA
RAW,01-Credit Card Fraud Detection,Maximo,attribute03,NA
RAW,01-Credit Card Fraud Detection,Maximo,attribute04,NA
RAW,01-Credit Card Fraud Detection,Maximo,attribute05,NA
RAW,01-Credit Card Fraud Detection,Maximo,attribute06,NA
RAW,01-Credit Card Fraud Detection,Maximo,attribute07,NA
RAW,01-Credit Card Fraud Detection,Maximo,attribute08,NA
RAW,01-Credit Card Fraud Detection,Maximo,attribute09,NA
RAW,01-Credit Card Fraud Detection,Maximo,attribute10,NA
RAW,01-Credit Card Fraud Detection,Maximo,attribute11,NA
RAW,01-Credit Card Fraud Detection,Maximo,attribute12,NA
RAW,01-Credit Card Fraud Detection,Maximo,attribute13,NA
RAW,01-Credit Card Fraud Detection,Maximo,attribute14,NA
RAW,01-Credit Card Fraud Detection,Maximo,attribute15,NA
RAW,01-Credit Card Fraud Detection,Maximo,attribute16,NA
RAW,01-Credit Card Fraud Detection,Maximo,attribute17,NA
RAW,01-Credit Card Fraud Detection,Maximo,attribute18,NA
RAW,01-Credit Card Fraud Detection,Maximo,attribute19,NA
RAW,01-Credit Card Fraud Detection,Maximo,attribute20,NA
RAW,01-Credit Card Fraud Detection,Maximo,attribute21,NA
RAW,01-Credit Card Fraud Detection,Maximo,attribute22,NA
RAW,01-Credit Card Fraud Detection,Maximo,attribute23,NA
RAW,01-Credit Card Fraud Detection,Maximo,attribute24,NA
RAW,01-Credit Card Fraud Detection,Maximo,attribute25,NA
RAW,01-Credit Card Fraud Detection,Maximo,attribute26,NA
RAW,01-Credit Card Fraud Detection,Maximo,attribute27,NA
RAW,01-Credit Card Fraud Detection,Maximo,attribute28,NA
RAW,01-Credit Card Fraud Detection,Maximo,attribute29,NA
RAW,01-Credit Card Fraud Detection,Maximo,attribute30,NA
RAW,01-Credit Card Fraud Detection,Maximo,attribute31,NA
RAW,01-Credit Card Fraud Detection,Maximo,attribute32,NA
RAW,01-Credit Card Fraud Detection,Maximo,attribute33,NA
RAW,01-Credit Card Fraud Detection,Maximo,attribute34,NA
RAW,01-Credit Card Fraud Detection,Maximo,aa,NA
RAW,01-Credit Card Fraud Detection,Maximo,ao,NA
RAW,01-Credit Card Fraud Detection,Maximo,dcl,NA
RAW,01-Credit Card Fraud Detection,Maximo,iy,NA
RAW,01-Credit Card Fraud Detection,Maximo,sh,NA
RAW,01-Credit Card Fraud Detection,Maximo,0,NA
RAW,01-Credit Card Fraud Detection,Maximo,1,NA
RAW,01-Credit Card Fraud Detection,Maximo,2,NA
RAW,01-Credit Card Fraud Detection,Maximo,3,NA
RAW,01-Credit Card Fraud Detection,Maximo,4,NA
RAW,01-Credit Card Fraud Detection,Maximo,5,NA
RAW,01-Credit Card Fraud Detection,Maximo,6,NA
RAW,01-Credit Card Fraud Detection,Maximo,7,NA
RAW,01-Credit Card Fraud Detection,Maximo,8,NA
RAW,01-Credit Card Fraud Detection,Maximo,9,NA
RAW,01-Credit Card Fraud Detection,Maximo,10,NA
RAW,01-Credit Card Fraud Detection,Maximo,11,NA
RAW,01-Credit Card Fraud Detection,Maximo,12,NA
RAW,01-Credit Card Fraud Detection,Maximo,13,NA
RAW,01-Credit Card Fraud Detection,Maximo,14,NA
RAW,01-Credit Card Fraud Detection,Maximo,15,NA
RAW,01-Credit Card Fraud Detection,Maximo,16,NA
RAW,01-Credit Card Fraud Detection,Maximo,17,NA
RAW,01-Credit Card Fraud Detection,Maximo,18,NA
RAW,01-Credit Card Fraud Detection,Maximo,19,NA
RAW,01-Credit Card Fraud Detection,Maximo,20,NA
RAW,01-Credit Card Fraud Detection,Maximo,21,NA
RAW,01-Credit Card Fraud Detection,Maximo,22,NA
RAW,01-Credit Card Fraud Detection,Maximo,23,NA
RAW,01-Credit Card Fraud Detection,Maximo,24,NA
RAW,01-Credit Card Fraud Detection,Maximo,25,NA
RAW,01-Credit Card Fraud Detection,Maximo,26,NA
RAW,01-Credit Card Fraud Detection,Maximo,27,NA
RAW,01-Credit Card Fraud Detection,Maximo,28,NA
RAW,01-Credit Card Fraud Detection,Maximo,29,NA
RAW,01-Credit Card Fraud Detection,Maximo,30,NA
RAW,01-Credit Card Fraud Detection,Maximo,31,NA
RAW,01-Credit Card Fraud Detection,Maximo,32,NA
RAW,01-Credit Card Fraud Detection,Maximo,33,NA
RAW,01-Credit Card Fraud Detection,Maximo,34,NA
RAW,01-Credit Card Fraud Detection,Maximo,35,NA
RAW,01-Credit Card Fraud Detection,Maximo,36,NA
RAW,01-Credit Card Fraud Detection,Maximo,37,NA
RAW,01-Credit Card Fraud Detection,Maximo,38,NA
RAW,01-Credit Card Fraud Detection,Maximo,39,NA
RAW,01-Credit Card Fraud Detection,Maximo,40,NA
RAW,01-Credit Card Fraud Detection,Maximo,41,NA
RAW,01-Credit Card Fraud Detection,Maximo,42,NA
RAW,01-Credit Card Fraud Detection,Maximo,43,NA
RAW,01-Credit Card Fraud Detection,Maximo,44,NA
RAW,01-Credit Card Fraud Detection,Maximo,45,NA
RAW,01-Credit Card Fraud Detection,Maximo,46,NA
RAW,01-Credit Card Fraud Detection,Maximo,48,NA
RAW,01-Credit Card Fraud Detection,Maximo,49,NA
RAW,02-Breast Cancer Wisconsin (Diagnostic),Media,time,NA
RAW,02-Breast Cancer Wisconsin (Diagnostic),Media,v1,NA
RAW,02-Breast Cancer Wisconsin (Diagnostic),Media,v2,NA
RAW,02-Breast Cancer Wisconsin (Diagnostic),Media,v3,NA
RAW,02-Breast Cancer Wisconsin (Diagnostic),Media,v4,NA
RAW,02-Breast Cancer Wisconsin (Diagnostic),Media,v5,NA
RAW,02-Breast Cancer Wisconsin (Diagnostic),Media,v6,NA
RAW,02-Breast Cancer Wisconsin (Diagnostic),Media,v7,NA
RAW,02-Breast Cancer Wisconsin (Diagnostic),Media,v8,NA
RAW,02-Breast Cancer Wisconsin (Diagnostic),Media,v9,NA
RAW,02-Breast Cancer Wisconsin (Diagnostic),Media,v10,NA
RAW,02-Breast Cancer Wisconsin (Diagnostic),Media,v11,NA
RAW,02-Breast Cancer Wisconsin (Diagnostic),Media,v12,NA
RAW,02-Breast Cancer Wisconsin (Diagnostic),Media,v13,NA
RAW,02-Breast Cancer Wisconsin (Diagnostic),Media,v14,NA
RAW,02-Breast Cancer Wisconsin (Diagnostic),Media,v15,NA
RAW,02-Breast Cancer Wisconsin (Diagnostic),Media,v16,NA
RAW,02-Breast Cancer Wisconsin (Diagnostic),Media,v17,NA
RAW,02-Breast Cancer Wisconsin (Diagnostic),Media,v18,NA
RAW,02-Breast Cancer Wisconsin (Diagnostic),Media,v19,NA
RAW,02-Breast Cancer Wisconsin (Diagnostic),Media,v20,NA
RAW,02-Breast Cancer Wisconsin (Diagnostic),Media,v21,NA
RAW,02-Breast Cancer Wisconsin (Diagnostic),Media,v22,NA
RAW,02-Breast Cancer Wisconsin (Diagnostic),Media,v23,NA
RAW,02-Breast Cancer Wisconsin (Diagnostic),Media,v24,NA
RAW,02-Breast Cancer Wisconsin (Diagnostic),Media,v25,NA
RAW,02-Breast Cancer Wisconsin (Diagnostic),Media,v26,NA
RAW,02-Breast Cancer Wisconsin (Diagnostic),Media,v27,NA
RAW,02-Breast Cancer Wisconsin (Diagnostic),Media,v28,NA
RAW,02-Breast Cancer Wisconsin (Diagnostic),Media,amount,NA
RAW,02-Breast Cancer Wisconsin (Diagnostic),Media,radius1,14.120491197183098
RAW,02-Breast Cancer Wisconsin (Diagnostic),Media,texture1,19.305334507042254
RAW,02-Breast Cancer Wisconsin (Diagnostic),Media,perimeter1,91.91475352112676
RAW,02-Breast Cancer Wisconsin (Diagnostic),Media,area1,654.2797535211267
RAW,02-Breast Cancer Wisconsin (Diagnostic),Media,smoothness1,0.09632147887323944
RAW,02-Breast Cancer Wisconsin (Diagnostic),Media,compactness1,0.10403595070422535
RAW,02-Breast Cancer Wisconsin (Diagnostic),Media,concavity1,0.08842730757042254
RAW,02-Breast Cancer Wisconsin (Diagnostic),Media,concave_points1,0.048746292253521124
RAW,02-Breast Cancer Wisconsin (Diagnostic),Media,symmetry1,0.1810549295774648
RAW,02-Breast Cancer Wisconsin (Diagnostic),Media,fractal_dimension1,0.06276959507042254
RAW,02-Breast Cancer Wisconsin (Diagnostic),Media,radius2,0.4039575704225352
RAW,02-Breast Cancer Wisconsin (Diagnostic),Media,texture2,1.2174019366197184
RAW,02-Breast Cancer Wisconsin (Diagnostic),Media,perimeter2,2.855983626760563
RAW,02-Breast Cancer Wisconsin (Diagnostic),Media,area2,40.13802464788733
RAW,02-Breast Cancer Wisconsin (Diagnostic),Media,smoothness2,0.007042109154929577
RAW,02-Breast Cancer Wisconsin (Diagnostic),Media,compactness2,0.025436656690140846
RAW,02-Breast Cancer Wisconsin (Diagnostic),Media,concavity2,0.03185527218309859
RAW,02-Breast Cancer Wisconsin (Diagnostic),Media,concave_points2,0.011788964788732394
RAW,02-Breast Cancer Wisconsin (Diagnostic),Media,symmetry2,0.020525595070422537
RAW,02-Breast Cancer Wisconsin (Diagnostic),Media,fractal_dimension2,0.003790681866197183
RAW,02-Breast Cancer Wisconsin (Diagnostic),Media,radius3,16.253149647887323
RAW,02-Breast Cancer Wisconsin (Diagnostic),Media,texture3,25.691919014084508
RAW,02-Breast Cancer Wisconsin (Diagnostic),Media,perimeter3,107.1250528169014
RAW,02-Breast Cancer Wisconsin (Diagnostic),Media,area3,878.5788732394366
RAW,02-Breast Cancer Wisconsin (Diagnostic),Media,smoothness3,0.13231607394366196
RAW,02-Breast Cancer Wisconsin (Diagnostic),Media,compactness3,0.25354086267605636
RAW,02-Breast Cancer Wisconsin (Diagnostic),Media,concavity3,0.27141434330985914
RAW,02-Breast Cancer Wisconsin (Diagnostic),Media,concave_points3,0.1143407411971831
RAW,02-Breast Cancer Wisconsin (Diagnostic),Media,symmetry3,0.2897762323943662
RAW,02-Breast Cancer Wisconsin (Diagnostic),Media,fractal_dimension3,0.08388427816901409
RAW,02-Breast Cancer Wisconsin (Diagnostic),Media,pregnancies,NA
RAW,02-Breast Cancer Wisconsin (Diagnostic),Media,glucose,NA
RAW,02-Breast Cancer Wisconsin (Diagnostic),Media,bloodpressure,NA
RAW,02-Breast Cancer Wisconsin (Diagnostic),Media,skinthickness,NA
RAW,02-Breast Cancer Wisconsin (Diagnostic),Media,insulin,NA
RAW,02-Breast Cancer Wisconsin (Diagnostic),Media,bmi,NA
RAW,02-Breast Cancer Wisconsin (Diagnostic),Media,diabetespedigreefunction,NA
RAW,02-Breast Cancer Wisconsin (Diagnostic),Media,age,NA
RAW,02-Breast Cancer Wisconsin (Diagnostic),Media,attribute01,NA
RAW,02-Breast Cancer Wisconsin (Diagnostic),Media,attribute02,NA
RAW,02-Breast Cancer Wisconsin (Diagnostic),Media,attribute03,NA
RAW,02-Breast Cancer Wisconsin (Diagnostic),Media,attribute04,NA
RAW,02-Breast Cancer Wisconsin (Diagnostic),Media,attribute05,NA
RAW,02-Breast Cancer Wisconsin (Diagnostic),Media,attribute06,NA
RAW,02-Breast Cancer Wisconsin (Diagnostic),Media,attribute07,NA
RAW,02-Breast Cancer Wisconsin (Diagnostic),Media,attribute08,NA
RAW,02-Breast Cancer Wisconsin (Diagnostic),Media,attribute09,NA
RAW,02-Breast Cancer Wisconsin (Diagnostic),Media,attribute10,NA
RAW,02-Breast Cancer Wisconsin (Diagnostic),Media,attribute11,NA
RAW,02-Breast Cancer Wisconsin (Diagnostic),Media,attribute12,NA
RAW,02-Breast Cancer Wisconsin (Diagnostic),Media,attribute13,NA
RAW,02-Breast Cancer Wisconsin (Diagnostic),Media,attribute14,NA
RAW,02-Breast Cancer Wisconsin (Diagnostic),Media,attribute15,NA
RAW,02-Breast Cancer Wisconsin (Diagnostic),Media,attribute16,NA
RAW,02-Breast Cancer Wisconsin (Diagnostic),Media,attribute17,NA
RAW,02-Breast Cancer Wisconsin (Diagnostic),Media,attribute18,NA
RAW,02-Breast Cancer Wisconsin (Diagnostic),Media,attribute19,NA
RAW,02-Breast Cancer Wisconsin (Diagnostic),Media,attribute20,NA
RAW,02-Breast Cancer Wisconsin (Diagnostic),Media,attribute21,NA
RAW,02-Breast Cancer Wisconsin (Diagnostic),Media,attribute22,NA
RAW,02-Breast Cancer Wisconsin (Diagnostic),Media,attribute23,NA
RAW,02-Breast Cancer Wisconsin (Diagnostic),Media,attribute24,NA
RAW,02-Breast Cancer Wisconsin (Diagnostic),Media,attribute25,NA
RAW,02-Breast Cancer Wisconsin (Diagnostic),Media,attribute26,NA
RAW,02-Breast Cancer Wisconsin (Diagnostic),Media,attribute27,NA
RAW,02-Breast Cancer Wisconsin (Diagnostic),Media,attribute28,NA
RAW,02-Breast Cancer Wisconsin (Diagnostic),Media,attribute29,NA
RAW,02-Breast Cancer Wisconsin (Diagnostic),Media,attribute30,NA
RAW,02-Breast Cancer Wisconsin (Diagnostic),Media,attribute31,NA
RAW,02-Breast Cancer Wisconsin (Diagnostic),Media,attribute32,NA
RAW,02-Breast Cancer Wisconsin (Diagnostic),Media,attribute33,NA
RAW,02-Breast Cancer Wisconsin (Diagnostic),Media,attribute34,NA
RAW,02-Breast Cancer Wisconsin (Diagnostic),Media,aa,NA
RAW,02-Breast Cancer Wisconsin (Diagnostic),Media,ao,NA
RAW,02-Breast Cancer Wisconsin (Diagnostic),Media,dcl,NA
RAW,02-Breast Cancer Wisconsin (Diagnostic),Media,iy,NA
RAW,02-Breast Cancer Wisconsin (Diagnostic),Media,sh,NA
RAW,02-Breast Cancer Wisconsin (Diagnostic),Media,0,NA
RAW,02-Breast Cancer Wisconsin (Diagnostic),Media,1,NA
RAW,02-Breast Cancer Wisconsin (Diagnostic),Media,2,NA
RAW,02-Breast Cancer Wisconsin (Diagnostic),Media,3,NA
RAW,02-Breast Cancer Wisconsin (Diagnostic),Media,4,NA
RAW,02-Breast Cancer Wisconsin (Diagnostic),Media,5,NA
RAW,02-Breast Cancer Wisconsin (Diagnostic),Media,6,NA
RAW,02-Breast Cancer Wisconsin (Diagnostic),Media,7,NA
RAW,02-Breast Cancer Wisconsin (Diagnostic),Media,8,NA
RAW,02-Breast Cancer Wisconsin (Diagnostic),Media,9,NA
RAW,02-Breast Cancer Wisconsin (Diagnostic),Media,10,NA
RAW,02-Breast Cancer Wisconsin (Diagnostic),Media,11,NA
RAW,02-Breast Cancer Wisconsin (Diagnostic),Media,12,NA
RAW,02-Breast Cancer Wisconsin (Diagnostic),Media,13,NA
RAW,02-Breast Cancer Wisconsin (Diagnostic),Media,14,NA
RAW,02-Breast Cancer Wisconsin (Diagnostic),Media,15,NA
RAW,02-Breast Cancer Wisconsin (Diagnostic),Media,16,NA
RAW,02-Breast Cancer Wisconsin (Diagnostic),Media,17,NA
RAW,02-Breast Cancer Wisconsin (Diagnostic),Media,18,NA
RAW,02-Breast Cancer Wisconsin (Diagnostic),Media,19,NA
RAW,02-Breast Cancer Wisconsin (Diagnostic),Media,20,NA
RAW,02-Breast Cancer Wisconsin (Diagnostic),Media,21,NA
RAW,02-Breast Cancer Wisconsin (Diagnostic),Media,22,NA
RAW,02-Breast Cancer Wisconsin (Diagnostic),Media,23,NA
RAW,02-Breast Cancer Wisconsin (Diagnostic),Media,24,NA
RAW,02-Breast Cancer Wisconsin (Diagnostic),Media,25,NA
RAW,02-Breast Cancer Wisconsin (Diagnostic),Media,26,NA
RAW,02-Breast Cancer Wisconsin (Diagnostic),Media,27,NA
RAW,02-Breast Cancer Wisconsin (Diagnostic),Media,28,NA
RAW,02-Breast Cancer Wisconsin (Diagnostic),Media,29,NA
RAW,02-Breast Cancer Wisconsin (Diagnostic),Media,30,NA
RAW,02-Breast Cancer Wisconsin (Diagnostic),Media,31,NA
RAW,02-Breast Cancer Wisconsin (Diagnostic),Media,32,NA
RAW,02-Breast Cancer Wisconsin (Diagnostic),Media,33,NA
RAW,02-Breast Cancer Wisconsin (Diagnostic),Media,34,NA
RAW,02-Breast Cancer Wisconsin (Diagnostic),Media,35,NA
RAW,02-Breast Cancer Wisconsin (Diagnostic),Media,36,NA
RAW,02-Breast Cancer Wisconsin (Diagnostic),Media,37,NA
RAW,02-Breast Cancer Wisconsin (Diagnostic),Media,38,NA
RAW,02-Breast Cancer Wisconsin (Diagnostic),Media,39,NA
RAW,02-Breast Cancer Wisconsin (Diagnostic),Media,40,NA
RAW,02-Breast Cancer Wisconsin (Diagnostic),Media,41,NA
RAW,02-Breast Cancer Wisconsin (Diagnostic),Media,42,NA
RAW,02-Breast Cancer Wisconsin (Diagnostic),Media,43,NA
RAW,02-Breast Cancer Wisconsin (Diagnostic),Media,44,NA
RAW,02-Breast Cancer Wisconsin (Diagnostic),Media,45,NA
RAW,02-Breast Cancer Wisconsin (Diagnostic),Media,46,NA
RAW,02-Breast Cancer Wisconsin (Diagnostic),Media,48,NA
RAW,02-Breast Cancer Wisconsin (Diagnostic),Media,49,NA
RAW,02-Breast Cancer Wisconsin (Diagnostic),Desvio_Padrao,time,NA
RAW,02-Breast Cancer Wisconsin (Diagnostic),Desvio_Padrao,v1,NA
RAW,02-Breast Cancer Wisconsin (Diagnostic),Desvio_Padrao,v2,NA
RAW,02-Breast Cancer Wisconsin (Diagnostic),Desvio_Padrao,v3,NA
RAW,02-Breast Cancer Wisconsin (Diagnostic),Desvio_Padrao,v4,NA
RAW,02-Breast Cancer Wisconsin (Diagnostic),Desvio_Padrao,v5,NA
RAW,02-Breast Cancer Wisconsin (Diagnostic),Desvio_Padrao,v6,NA
RAW,02-Breast Cancer Wisconsin (Diagnostic),Desvio_Padrao,v7,NA
RAW,02-Breast Cancer Wisconsin (Diagnostic),Desvio_Padrao,v8,NA
RAW,02-Breast Cancer Wisconsin (Diagnostic),Desvio_Padrao,v9,NA
RAW,02-Breast Cancer Wisconsin (Diagnostic),Desvio_Padrao,v10,NA
RAW,02-Breast Cancer Wisconsin (Diagnostic),Desvio_Padrao,v11,NA
RAW,02-Breast Cancer Wisconsin (Diagnostic),Desvio_Padrao,v12,NA
RAW,02-Breast Cancer Wisconsin (Diagnostic),Desvio_Padrao,v13,NA
RAW,02-Breast Cancer Wisconsin (Diagnostic),Desvio_Padrao,v14,NA
RAW,02-Breast Cancer Wisconsin (Diagnostic),Desvio_Padrao,v15,NA
RAW,02-Breast Cancer Wisconsin (Diagnostic),Desvio_Padrao,v16,NA
RAW,02-Breast Cancer Wisconsin (Diagnostic),Desvio_Padrao,v17,NA
RAW,02-Breast Cancer Wisconsin (Diagnostic),Desvio_Padrao,v18,NA
RAW,02-Breast Cancer Wisconsin (Diagnostic),Desvio_Padrao,v19,NA
RAW,02-Breast Cancer Wisconsin (Diagnostic),Desvio_Padrao,v20,NA
RAW,02-Breast Cancer Wisconsin (Diagnostic),Desvio_Padrao,v21,NA
RAW,02-Breast Cancer Wisconsin (Diagnostic),Desvio_Padrao,v22,NA
RAW,02-Breast Cancer Wisconsin (Diagnostic),Desvio_Padrao,v23,NA
RAW,02-Breast Cancer Wisconsin (Diagnostic),Desvio_Padrao,v24,NA
RAW,02-Breast Cancer Wisconsin (Diagnostic),Desvio_Padrao,v25,NA
RAW,02-Breast Cancer Wisconsin (Diagnostic),Desvio_Padrao,v26,NA
RAW,02-Breast Cancer Wisconsin (Diagnostic),Desvio_Padrao,v27,NA
RAW,02-Breast Cancer Wisconsin (Diagnostic),Desvio_Padrao,v28,NA
RAW,02-Breast Cancer Wisconsin (Diagnostic),Desvio_Padrao,amount,NA
RAW,02-Breast Cancer Wisconsin (Diagnostic),Desvio_Padrao,radius1,3.5234162139180856
RAW,02-Breast Cancer Wisconsin (Diagnostic),Desvio_Padrao,texture1,4.288506138123862
RAW,02-Breast Cancer Wisconsin (Diagnostic),Desvio_Padrao,perimeter1,24.285848078054798
RAW,02-Breast Cancer Wisconsin (Diagnostic),Desvio_Padrao,area1,351.92375115413023
RAW,02-Breast Cancer Wisconsin (Diagnostic),Desvio_Padrao,smoothness1,0.01404600813563377
RAW,02-Breast Cancer Wisconsin (Diagnostic),Desvio_Padrao,compactness1,0.05235523262166655
RAW,02-Breast Cancer Wisconsin (Diagnostic),Desvio_Padrao,concavity1,0.07929422163702372
RAW,02-Breast Cancer Wisconsin (Diagnostic),Desvio_Padrao,concave_points1,0.03861716558335444
RAW,02-Breast Cancer Wisconsin (Diagnostic),Desvio_Padrao,symmetry1,0.027319415291087102
RAW,02-Breast Cancer Wisconsin (Diagnostic),Desvio_Padrao,fractal_dimension1,0.0070348621181177415
RAW,02-Breast Cancer Wisconsin (Diagnostic),Desvio_Padrao,radius2,0.2760384768806728
RAW,02-Breast Cancer Wisconsin (Diagnostic),Desvio_Padrao,texture2,0.5519793190791918
RAW,02-Breast Cancer Wisconsin (Diagnostic),Desvio_Padrao,perimeter2,2.009288449982752
RAW,02-Breast Cancer Wisconsin (Diagnostic),Desvio_Padrao,area2,45.28240621601191
RAW,02-Breast Cancer Wisconsin (Diagnostic),Desvio_Padrao,smoothness2,0.003005043347849698
RAW,02-Breast Cancer Wisconsin (Diagnostic),Desvio_Padrao,compactness2,0.01789658224502674
RAW,02-Breast Cancer Wisconsin (Diagnostic),Desvio_Padrao,concavity2,0.030198722665969183
RAW,02-Breast Cancer Wisconsin (Diagnostic),Desvio_Padrao,concave_points2,0.006173349515916911
RAW,02-Breast Cancer Wisconsin (Diagnostic),Desvio_Padrao,symmetry2,0.008264041148696428
RAW,02-Breast Cancer Wisconsin (Diagnostic),Desvio_Padrao,fractal_dimension2,0.002646484413208044
RAW,02-Breast Cancer Wisconsin (Diagnostic),Desvio_Padrao,radius3,4.822319933594194
RAW,02-Breast Cancer Wisconsin (Diagnostic),Desvio_Padrao,texture3,6.1416615024817505
RAW,02-Breast Cancer Wisconsin (Diagnostic),Desvio_Padrao,perimeter3,33.474687127799776
RAW,02-Breast Cancer Wisconsin (Diagnostic),Desvio_Padrao,area3,567.8462669319659
RAW,02-Breast Cancer Wisconsin (Diagnostic),Desvio_Padrao,smoothness3,0.02281812861637881
RAW,02-Breast Cancer Wisconsin (Diagnostic),Desvio_Padrao,compactness3,0.1565231553395712
RAW,02-Breast Cancer Wisconsin (Diagnostic),Desvio_Padrao,concavity3,0.20798858995920191
RAW,02-Breast Cancer Wisconsin (Diagnostic),Desvio_Padrao,concave_points3,0.06548424840654654
RAW,02-Breast Cancer Wisconsin (Diagnostic),Desvio_Padrao,symmetry3,0.06150820838436844
RAW,02-Breast Cancer Wisconsin (Diagnostic),Desvio_Padrao,fractal_dimension3,0.018017382401831948
RAW,02-Breast Cancer Wisconsin (Diagnostic),Desvio_Padrao,pregnancies,NA
RAW,02-Breast Cancer Wisconsin (Diagnostic),Desvio_Padrao,glucose,NA
RAW,02-Breast Cancer Wisconsin (Diagnostic),Desvio_Padrao,bloodpressure,NA
RAW,02-Breast Cancer Wisconsin (Diagnostic),Desvio_Padrao,skinthickness,NA
RAW,02-Breast Cancer Wisconsin (Diagnostic),Desvio_Padrao,insulin,NA
RAW,02-Breast Cancer Wisconsin (Diagnostic),Desvio_Padrao,bmi,NA
RAW,02-Breast Cancer Wisconsin (Diagnostic),Desvio_Padrao,diabetespedigreefunction,NA
RAW,02-Breast Cancer Wisconsin (Diagnostic),Desvio_Padrao,age,NA
RAW,02-Breast Cancer Wisconsin (Diagnostic),Desvio_Padrao,attribute01,NA
RAW,02-Breast Cancer Wisconsin (Diagnostic),Desvio_Padrao,attribute02,NA
RAW,02-Breast Cancer Wisconsin (Diagnostic),Desvio_Padrao,attribute03,NA
RAW,02-Breast Cancer Wisconsin (Diagnostic),Desvio_Padrao,attribute04,NA
RAW,02-Breast Cancer Wisconsin (Diagnostic),Desvio_Padrao,attribute05,NA
RAW,02-Breast Cancer Wisconsin (Diagnostic),Desvio_Padrao,attribute06,NA
RAW,02-Breast Cancer Wisconsin (Diagnostic),Desvio_Padrao,attribute07,NA
RAW,02-Breast Cancer Wisconsin (Diagnostic),Desvio_Padrao,attribute08,NA
RAW,02-Breast Cancer Wisconsin (Diagnostic),Desvio_Padrao,attribute09,NA
RAW,02-Breast Cancer Wisconsin (Diagnostic),Desvio_Padrao,attribute10,NA
RAW,02-Breast Cancer Wisconsin (Diagnostic),Desvio_Padrao,attribute11,NA
RAW,02-Breast Cancer Wisconsin (Diagnostic),Desvio_Padrao,attribute12,NA
RAW,02-Breast Cancer Wisconsin (Diagnostic),Desvio_Padrao,attribute13,NA
RAW,02-Breast Cancer Wisconsin (Diagnostic),Desvio_Padrao,attribute14,NA
RAW,02-Breast Cancer Wisconsin (Diagnostic),Desvio_Padrao,attribute15,NA
RAW,02-Breast Cancer Wisconsin (Diagnostic),Desvio_Padrao,attribute16,NA
RAW,02-Breast Cancer Wisconsin (Diagnostic),Desvio_Padrao,attribute17,NA
RAW,02-Breast Cancer Wisconsin (Diagnostic),Desvio_Padrao,attribute18,NA
RAW,02-Breast Cancer Wisconsin (Diagnostic),Desvio_Padrao,attribute19,NA
RAW,02-Breast Cancer Wisconsin (Diagnostic),Desvio_Padrao,attribute20,NA
RAW,02-Breast Cancer Wisconsin (Diagnostic),Desvio_Padrao,attribute21,NA
RAW,02-Breast Cancer Wisconsin (Diagnostic),Desvio_Padrao,attribute22,NA
RAW,02-Breast Cancer Wisconsin (Diagnostic),Desvio_Padrao,attribute23,NA
RAW,02-Breast Cancer Wisconsin (Diagnostic),Desvio_Padrao,attribute24,NA
RAW,02-Breast Cancer Wisconsin (Diagnostic),Desvio_Padrao,attribute25,NA
RAW,02-Breast Cancer Wisconsin (Diagnostic),Desvio_Padrao,attribute26,NA
RAW,02-Breast Cancer Wisconsin (Diagnostic),Desvio_Padrao,attribute27,NA
RAW,02-Breast Cancer Wisconsin (Diagnostic),Desvio_Padrao,attribute28,NA
RAW,02-Breast Cancer Wisconsin (Diagnostic),Desvio_Padrao,attribute29,NA
RAW,02-Breast Cancer Wisconsin (Diagnostic),Desvio_Padrao,attribute30,NA
RAW,02-Breast Cancer Wisconsin (Diagnostic),Desvio_Padrao,attribute31,NA
RAW,02-Breast Cancer Wisconsin (Diagnostic),Desvio_Padrao,attribute32,NA
RAW,02-Breast Cancer Wisconsin (Diagnostic),Desvio_Padrao,attribute33,NA
RAW,02-Breast Cancer Wisconsin (Diagnostic),Desvio_Padrao,attribute34,NA
RAW,02-Breast Cancer Wisconsin (Diagnostic),Desvio_Padrao,aa,NA
RAW,02-Breast Cancer Wisconsin (Diagnostic),Desvio_Padrao,ao,NA
RAW,02-Breast Cancer Wisconsin (Diagnostic),Desvio_Padrao,dcl,NA
RAW,02-Breast Cancer Wisconsin (Diagnostic),Desvio_Padrao,iy,NA
RAW,02-Breast Cancer Wisconsin (Diagnostic),Desvio_Padrao,sh,NA
RAW,02-Breast Cancer Wisconsin (Diagnostic),Desvio_Padrao,0,NA
RAW,02-Breast Cancer Wisconsin (Diagnostic),Desvio_Padrao,1,NA
RAW,02-Breast Cancer Wisconsin (Diagnostic),Desvio_Padrao,2,NA
RAW,02-Breast Cancer Wisconsin (Diagnostic),Desvio_Padrao,3,NA
RAW,02-Breast Cancer Wisconsin (Diagnostic),Desvio_Padrao,4,NA
RAW,02-Breast Cancer Wisconsin (Diagnostic),Desvio_Padrao,5,NA
RAW,02-Breast Cancer Wisconsin (Diagnostic),Desvio_Padrao,6,NA
RAW,02-Breast Cancer Wisconsin (Diagnostic),Desvio_Padrao,7,NA
RAW,02-Breast Cancer Wisconsin (Diagnostic),Desvio_Padrao,8,NA
RAW,02-Breast Cancer Wisconsin (Diagnostic),Desvio_Padrao,9,NA
RAW,02-Breast Cancer Wisconsin (Diagnostic),Desvio_Padrao,10,NA
RAW,02-Breast Cancer Wisconsin (Diagnostic),Desvio_Padrao,11,NA
RAW,02-Breast Cancer Wisconsin (Diagnostic),Desvio_Padrao,12,NA
RAW,02-Breast Cancer Wisconsin (Diagnostic),Desvio_Padrao,13,NA
RAW,02-Breast Cancer Wisconsin (Diagnostic),Desvio_Padrao,14,NA
RAW,02-Breast Cancer Wisconsin (Diagnostic),Desvio_Padrao,15,NA
RAW,02-Breast Cancer Wisconsin (Diagnostic),Desvio_Padrao,16,NA
RAW,02-Breast Cancer Wisconsin (Diagnostic),Desvio_Padrao,17,NA
RAW,02-Breast Cancer Wisconsin (Diagnostic),Desvio_Padrao,18,NA
RAW,02-Breast Cancer Wisconsin (Diagnostic),Desvio_Padrao,19,NA
RAW,02-Breast Cancer Wisconsin (Diagnostic),Desvio_Padrao,20,NA
RAW,02-Breast Cancer Wisconsin (Diagnostic),Desvio_Padrao,21,NA
RAW,02-Breast Cancer Wisconsin (Diagnostic),Desvio_Padrao,22,NA
RAW,02-Breast Cancer Wisconsin (Diagnostic),Desvio_Padrao,23,NA
RAW,02-Breast Cancer Wisconsin (Diagnostic),Desvio_Padrao,24,NA
RAW,02-Breast Cancer Wisconsin (Diagnostic),Desvio_Padrao,25,NA
RAW,02-Breast Cancer Wisconsin (Diagnostic),Desvio_Padrao,26,NA
RAW,02-Breast Cancer Wisconsin (Diagnostic),Desvio_Padrao,27,NA
RAW,02-Breast Cancer Wisconsin (Diagnostic),Desvio_Padrao,28,NA
RAW,02-Breast Cancer Wisconsin (Diagnostic),Desvio_Padrao,29,NA
RAW,02-Breast Cancer Wisconsin (Diagnostic),Desvio_Padrao,30,NA
RAW,02-Breast Cancer Wisconsin (Diagnostic),Desvio_Padrao,31,NA
RAW,02-Breast Cancer Wisconsin (Diagnostic),Desvio_Padrao,32,NA
RAW,02-Breast Cancer Wisconsin (Diagnostic),Desvio_Padrao,33,NA
RAW,02-Breast Cancer Wisconsin (Diagnostic),Desvio_Padrao,34,NA
RAW,02-Breast Cancer Wisconsin (Diagnostic),Desvio_Padrao,35,NA
RAW,02-Breast Cancer Wisconsin (Diagnostic),Desvio_Padrao,36,NA
RAW,02-Breast Cancer Wisconsin (Diagnostic),Desvio_Padrao,37,NA
RAW,02-Breast Cancer Wisconsin (Diagnostic),Desvio_Padrao,38,NA
RAW,02-Breast Cancer Wisconsin (Diagnostic),Desvio_Padrao,39,NA
RAW,02-Breast Cancer Wisconsin (Diagnostic),Desvio_Padrao,40,NA
RAW,02-Breast Cancer Wisconsin (Diagnostic),Desvio_Padrao,41,NA
RAW,02-Breast Cancer Wisconsin (Diagnostic),Desvio_Padrao,42,NA
RAW,02-Breast Cancer Wisconsin (Diagnostic),Desvio_Padrao,43,NA
RAW,02-Breast Cancer Wisconsin (Diagnostic),Desvio_Padrao,44,NA
RAW,02-Breast Cancer Wisconsin (Diagnostic),Desvio_Padrao,45,NA
RAW,02-Breast Cancer Wisconsin (Diagnostic),Desvio_Padrao,46,NA
RAW,02-Breast Cancer Wisconsin (Diagnostic),Desvio_Padrao,48,NA
RAW,02-Breast Cancer Wisconsin (Diagnostic),Desvio_Padrao,49,NA
RAW,02-Breast Cancer Wisconsin (Diagnostic),Minimo,time,NA
RAW,02-Breast Cancer Wisconsin (Diagnostic),Minimo,v1,NA
RAW,02-Breast Cancer Wisconsin (Diagnostic),Minimo,v2,NA
RAW,02-Breast Cancer Wisconsin (Diagnostic),Minimo,v3,NA
RAW,02-Breast Cancer Wisconsin (Diagnostic),Minimo,v4,NA
RAW,02-Breast Cancer Wisconsin (Diagnostic),Minimo,v5,NA
RAW,02-Breast Cancer Wisconsin (Diagnostic),Minimo,v6,NA
RAW,02-Breast Cancer Wisconsin (Diagnostic),Minimo,v7,NA
RAW,02-Breast Cancer Wisconsin (Diagnostic),Minimo,v8,NA
RAW,02-Breast Cancer Wisconsin (Diagnostic),Minimo,v9,NA
RAW,02-Breast Cancer Wisconsin (Diagnostic),Minimo,v10,NA
RAW,02-Breast Cancer Wisconsin (Diagnostic),Minimo,v11,NA
RAW,02-Breast Cancer Wisconsin (Diagnostic),Minimo,v12,NA
RAW,02-Breast Cancer Wisconsin (Diagnostic),Minimo,v13,NA
RAW,02-Breast Cancer Wisconsin (Diagnostic),Minimo,v14,NA
RAW,02-Breast Cancer Wisconsin (Diagnostic),Minimo,v15,NA
RAW,02-Breast Cancer Wisconsin (Diagnostic),Minimo,v16,NA
RAW,02-Breast Cancer Wisconsin (Diagnostic),Minimo,v17,NA
RAW,02-Breast Cancer Wisconsin (Diagnostic),Minimo,v18,NA
RAW,02-Breast Cancer Wisconsin (Diagnostic),Minimo,v19,NA
RAW,02-Breast Cancer Wisconsin (Diagnostic),Minimo,v20,NA
RAW,02-Breast Cancer Wisconsin (Diagnostic),Minimo,v21,NA
RAW,02-Breast Cancer Wisconsin (Diagnostic),Minimo,v22,NA
RAW,02-Breast Cancer Wisconsin (Diagnostic),Minimo,v23,NA
RAW,02-Breast Cancer Wisconsin (Diagnostic),Minimo,v24,NA
RAW,02-Breast Cancer Wisconsin (Diagnostic),Minimo,v25,NA
RAW,02-Breast Cancer Wisconsin (Diagnostic),Minimo,v26,NA
RAW,02-Breast Cancer Wisconsin (Diagnostic),Minimo,v27,NA
RAW,02-Breast Cancer Wisconsin (Diagnostic),Minimo,v28,NA
RAW,02-Breast Cancer Wisconsin (Diagnostic),Minimo,amount,NA
RAW,02-Breast Cancer Wisconsin (Diagnostic),Minimo,radius1,6.981
RAW,02-Breast Cancer Wisconsin (Diagnostic),Minimo,texture1,9.71
RAW,02-Breast Cancer Wisconsin (Diagnostic),Minimo,perimeter1,43.79
RAW,02-Breast Cancer Wisconsin (Diagnostic),Minimo,area1,143.5
RAW,02-Breast Cancer Wisconsin (Diagnostic),Minimo,smoothness1,0.05263
RAW,02-Breast Cancer Wisconsin (Diagnostic),Minimo,compactness1,0.01938
RAW,02-Breast Cancer Wisconsin (Diagnostic),Minimo,concavity1,0
RAW,02-Breast Cancer Wisconsin (Diagnostic),Minimo,concave_points1,0
RAW,02-Breast Cancer Wisconsin (Diagnostic),Minimo,symmetry1,0.106
RAW,02-Breast Cancer Wisconsin (Diagnostic),Minimo,fractal_dimension1,0.04996
RAW,02-Breast Cancer Wisconsin (Diagnostic),Minimo,radius2,0.1115
RAW,02-Breast Cancer Wisconsin (Diagnostic),Minimo,texture2,0.3602
RAW,02-Breast Cancer Wisconsin (Diagnostic),Minimo,perimeter2,0.757
RAW,02-Breast Cancer Wisconsin (Diagnostic),Minimo,area2,6.802
RAW,02-Breast Cancer Wisconsin (Diagnostic),Minimo,smoothness2,0.001713
RAW,02-Breast Cancer Wisconsin (Diagnostic),Minimo,compactness2,0.002252
RAW,02-Breast Cancer Wisconsin (Diagnostic),Minimo,concavity2,0
RAW,02-Breast Cancer Wisconsin (Diagnostic),Minimo,concave_points2,0
RAW,02-Breast Cancer Wisconsin (Diagnostic),Minimo,symmetry2,0.007882
RAW,02-Breast Cancer Wisconsin (Diagnostic),Minimo,fractal_dimension2,8.948e-4
RAW,02-Breast Cancer Wisconsin (Diagnostic),Minimo,radius3,7.93
RAW,02-Breast Cancer Wisconsin (Diagnostic),Minimo,texture3,12.02
RAW,02-Breast Cancer Wisconsin (Diagnostic),Minimo,perimeter3,50.41
RAW,02-Breast Cancer Wisconsin (Diagnostic),Minimo,area3,185.2
RAW,02-Breast Cancer Wisconsin (Diagnostic),Minimo,smoothness3,0.07117
RAW,02-Breast Cancer Wisconsin (Diagnostic),Minimo,compactness3,0.02729
RAW,02-Breast Cancer Wisconsin (Diagnostic),Minimo,concavity3,0
RAW,02-Breast Cancer Wisconsin (Diagnostic),Minimo,concave_points3,0
RAW,02-Breast Cancer Wisconsin (Diagnostic),Minimo,symmetry3,0.1565
RAW,02-Breast Cancer Wisconsin (Diagnostic),Minimo,fractal_dimension3,0.05504
RAW,02-Breast Cancer Wisconsin (Diagnostic),Minimo,pregnancies,NA
RAW,02-Breast Cancer Wisconsin (Diagnostic),Minimo,glucose,NA
RAW,02-Breast Cancer Wisconsin (Diagnostic),Minimo,bloodpressure,NA
RAW,02-Breast Cancer Wisconsin (Diagnostic),Minimo,skinthickness,NA
RAW,02-Breast Cancer Wisconsin (Diagnostic),Minimo,insulin,NA
RAW,02-Breast Cancer Wisconsin (Diagnostic),Minimo,bmi,NA
RAW,02-Breast Cancer Wisconsin (Diagnostic),Minimo,diabetespedigreefunction,NA
RAW,02-Breast Cancer Wisconsin (Diagnostic),Minimo,age,NA
RAW,02-Breast Cancer Wisconsin (Diagnostic),Minimo,attribute01,NA
RAW,02-Breast Cancer Wisconsin (Diagnostic),Minimo,attribute02,NA
RAW,02-Breast Cancer Wisconsin (Diagnostic),Minimo,attribute03,NA
RAW,02-Breast Cancer Wisconsin (Diagnostic),Minimo,attribute04,NA
RAW,02-Breast Cancer Wisconsin (Diagnostic),Minimo,attribute05,NA
RAW,02-Breast Cancer Wisconsin (Diagnostic),Minimo,attribute06,NA
RAW,02-Breast Cancer Wisconsin (Diagnostic),Minimo,attribute07,NA
RAW,02-Breast Cancer Wisconsin (Diagnostic),Minimo,attribute08,NA
RAW,02-Breast Cancer Wisconsin (Diagnostic),Minimo,attribute09,NA
RAW,02-Breast Cancer Wisconsin (Diagnostic),Minimo,attribute10,NA
RAW,02-Breast Cancer Wisconsin (Diagnostic),Minimo,attribute11,NA
RAW,02-Breast Cancer Wisconsin (Diagnostic),Minimo,attribute12,NA
RAW,02-Breast Cancer Wisconsin (Diagnostic),Minimo,attribute13,NA
RAW,02-Breast Cancer Wisconsin (Diagnostic),Minimo,attribute14,NA
RAW,02-Breast Cancer Wisconsin (Diagnostic),Minimo,attribute15,NA
RAW,02-Breast Cancer Wisconsin (Diagnostic),Minimo,attribute16,NA
RAW,02-Breast Cancer Wisconsin (Diagnostic),Minimo,attribute17,NA
RAW,02-Breast Cancer Wisconsin (Diagnostic),Minimo,attribute18,NA
RAW,02-Breast Cancer Wisconsin (Diagnostic),Minimo,attribute19,NA
RAW,02-Breast Cancer Wisconsin (Diagnostic),Minimo,attribute20,NA
RAW,02-Breast Cancer Wisconsin (Diagnostic),Minimo,attribute21,NA
RAW,02-Breast Cancer Wisconsin (Diagnostic),Minimo,attribute22,NA
RAW,02-Breast Cancer Wisconsin (Diagnostic),Minimo,attribute23,NA
RAW,02-Breast Cancer Wisconsin (Diagnostic),Minimo,attribute24,NA
RAW,02-Breast Cancer Wisconsin (Diagnostic),Minimo,attribute25,NA
RAW,02-Breast Cancer Wisconsin (Diagnostic),Minimo,attribute26,NA
RAW,02-Breast Cancer Wisconsin (Diagnostic),Minimo,attribute27,NA
RAW,02-Breast Cancer Wisconsin (Diagnostic),Minimo,attribute28,NA
RAW,02-Breast Cancer Wisconsin (Diagnostic),Minimo,attribute29,NA
RAW,02-Breast Cancer Wisconsin (Diagnostic),Minimo,attribute30,NA
RAW,02-Breast Cancer Wisconsin (Diagnostic),Minimo,attribute31,NA
RAW,02-Breast Cancer Wisconsin (Diagnostic),Minimo,attribute32,NA
RAW,02-Breast Cancer Wisconsin (Diagnostic),Minimo,attribute33,NA
RAW,02-Breast Cancer Wisconsin (Diagnostic),Minimo,attribute34,NA
RAW,02-Breast Cancer Wisconsin (Diagnostic),Minimo,aa,NA
RAW,02-Breast Cancer Wisconsin (Diagnostic),Minimo,ao,NA
RAW,02-Breast Cancer Wisconsin (Diagnostic),Minimo,dcl,NA
RAW,02-Breast Cancer Wisconsin (Diagnostic),Minimo,iy,NA
RAW,02-Breast Cancer Wisconsin (Diagnostic),Minimo,sh,NA
RAW,02-Breast Cancer Wisconsin (Diagnostic),Minimo,0,NA
RAW,02-Breast Cancer Wisconsin (Diagnostic),Minimo,1,NA
RAW,02-Breast Cancer Wisconsin (Diagnostic),Minimo,2,NA
RAW,02-Breast Cancer Wisconsin (Diagnostic),Minimo,3,NA
RAW,02-Breast Cancer Wisconsin (Diagnostic),Minimo,4,NA
RAW,02-Breast Cancer Wisconsin (Diagnostic),Minimo,5,NA
RAW,02-Breast Cancer Wisconsin (Diagnostic),Minimo,6,NA
RAW,02-Breast Cancer Wisconsin (Diagnostic),Minimo,7,NA
RAW,02-Breast Cancer Wisconsin (Diagnostic),Minimo,8,NA
RAW,02-Breast Cancer Wisconsin (Diagnostic),Minimo,9,NA
RAW,02-Breast Cancer Wisconsin (Diagnostic),Minimo,10,NA
RAW,02-Breast Cancer Wisconsin (Diagnostic),Minimo,11,NA
RAW,02-Breast Cancer Wisconsin (Diagnostic),Minimo,12,NA
RAW,02-Breast Cancer Wisconsin (Diagnostic),Minimo,13,NA
RAW,02-Breast Cancer Wisconsin (Diagnostic),Minimo,14,NA
RAW,02-Breast Cancer Wisconsin (Diagnostic),Minimo,15,NA
RAW,02-Breast Cancer Wisconsin (Diagnostic),Minimo,16,NA
RAW,02-Breast Cancer Wisconsin (Diagnostic),Minimo,17,NA
RAW,02-Breast Cancer Wisconsin (Diagnostic),Minimo,18,NA
RAW,02-Breast Cancer Wisconsin (Diagnostic),Minimo,19,NA
RAW,02-Breast Cancer Wisconsin (Diagnostic),Minimo,20,NA
RAW,02-Breast Cancer Wisconsin (Diagnostic),Minimo,21,NA
RAW,02-Breast Cancer Wisconsin (Diagnostic),Minimo,22,NA
RAW,02-Breast Cancer Wisconsin (Diagnostic),Minimo,23,NA
RAW,02-Breast Cancer Wisconsin (Diagnostic),Minimo,24,NA
RAW,02-Breast Cancer Wisconsin (Diagnostic),Minimo,25,NA
RAW,02-Breast Cancer Wisconsin (Diagnostic),Minimo,26,NA
RAW,02-Breast Cancer Wisconsin (Diagnostic),Minimo,27,NA
RAW,02-Breast Cancer Wisconsin (Diagnostic),Minimo,28,NA
RAW,02-Breast Cancer Wisconsin (Diagnostic),Minimo,29,NA
RAW,02-Breast Cancer Wisconsin (Diagnostic),Minimo,30,NA
RAW,02-Breast Cancer Wisconsin (Diagnostic),Minimo,31,NA
RAW,02-Breast Cancer Wisconsin (Diagnostic),Minimo,32,NA
RAW,02-Breast Cancer Wisconsin (Diagnostic),Minimo,33,NA
RAW,02-Breast Cancer Wisconsin (Diagnostic),Minimo,34,NA
RAW,02-Breast Cancer Wisconsin (Diagnostic),Minimo,35,NA
RAW,02-Breast Cancer Wisconsin (Diagnostic),Minimo,36,NA
RAW,02-Breast Cancer Wisconsin (Diagnostic),Minimo,37,NA
RAW,02-Breast Cancer Wisconsin (Diagnostic),Minimo,38,NA
RAW,02-Breast Cancer Wisconsin (Diagnostic),Minimo,39,NA
RAW,02-Breast Cancer Wisconsin (Diagnostic),Minimo,40,NA
RAW,02-Breast Cancer Wisconsin (Diagnostic),Minimo,41,NA
RAW,02-Breast Cancer Wisconsin (Diagnostic),Minimo,42,NA
RAW,02-Breast Cancer Wisconsin (Diagnostic),Minimo,43,NA
RAW,02-Breast Cancer Wisconsin (Diagnostic),Minimo,44,NA
RAW,02-Breast Cancer Wisconsin (Diagnostic),Minimo,45,NA
RAW,02-Breast Cancer Wisconsin (Diagnostic),Minimo,46,NA
RAW,02-Breast Cancer Wisconsin (Diagnostic),Minimo,48,NA
RAW,02-Breast Cancer Wisconsin (Diagnostic),Minimo,49,NA
RAW,02-Breast Cancer Wisconsin (Diagnostic),Maximo,time,NA
RAW,02-Breast Cancer Wisconsin (Diagnostic),Maximo,v1,NA
RAW,02-Breast Cancer Wisconsin (Diagnostic),Maximo,v2,NA
RAW,02-Breast Cancer Wisconsin (Diagnostic),Maximo,v3,NA
RAW,02-Breast Cancer Wisconsin (Diagnostic),Maximo,v4,NA
RAW,02-Breast Cancer Wisconsin (Diagnostic),Maximo,v5,NA
RAW,02-Breast Cancer Wisconsin (Diagnostic),Maximo,v6,NA
RAW,02-Breast Cancer Wisconsin (Diagnostic),Maximo,v7,NA
RAW,02-Breast Cancer Wisconsin (Diagnostic),Maximo,v8,NA
RAW,02-Breast Cancer Wisconsin (Diagnostic),Maximo,v9,NA
RAW,02-Breast Cancer Wisconsin (Diagnostic),Maximo,v10,NA
RAW,02-Breast Cancer Wisconsin (Diagnostic),Maximo,v11,NA
RAW,02-Breast Cancer Wisconsin (Diagnostic),Maximo,v12,NA
RAW,02-Breast Cancer Wisconsin (Diagnostic),Maximo,v13,NA
RAW,02-Breast Cancer Wisconsin (Diagnostic),Maximo,v14,NA
RAW,02-Breast Cancer Wisconsin (Diagnostic),Maximo,v15,NA
RAW,02-Breast Cancer Wisconsin (Diagnostic),Maximo,v16,NA
RAW,02-Breast Cancer Wisconsin (Diagnostic),Maximo,v17,NA
RAW,02-Breast Cancer Wisconsin (Diagnostic),Maximo,v18,NA
RAW,02-Breast Cancer Wisconsin (Diagnostic),Maximo,v19,NA
RAW,02-Breast Cancer Wisconsin (Diagnostic),Maximo,v20,NA
RAW,02-Breast Cancer Wisconsin (Diagnostic),Maximo,v21,NA
RAW,02-Breast Cancer Wisconsin (Diagnostic),Maximo,v22,NA
RAW,02-Breast Cancer Wisconsin (Diagnostic),Maximo,v23,NA
RAW,02-Breast Cancer Wisconsin (Diagnostic),Maximo,v24,NA
RAW,02-Breast Cancer Wisconsin (Diagnostic),Maximo,v25,NA
RAW,02-Breast Cancer Wisconsin (Diagnostic),Maximo,v26,NA
RAW,02-Breast Cancer Wisconsin (Diagnostic),Maximo,v27,NA
RAW,02-Breast Cancer Wisconsin (Diagnostic),Maximo,v28,NA
RAW,02-Breast Cancer Wisconsin (Diagnostic),Maximo,amount,NA
RAW,02-Breast Cancer Wisconsin (Diagnostic),Maximo,radius1,28.11
RAW,02-Breast Cancer Wisconsin (Diagnostic),Maximo,texture1,39.28
RAW,02-Breast Cancer Wisconsin (Diagnostic),Maximo,perimeter1,188.5
RAW,02-Breast Cancer Wisconsin (Diagnostic),Maximo,area1,2501
RAW,02-Breast Cancer Wisconsin (Diagnostic),Maximo,smoothness1,0.1634
RAW,02-Breast Cancer Wisconsin (Diagnostic),Maximo,compactness1,0.3454
RAW,02-Breast Cancer Wisconsin (Diagnostic),Maximo,concavity1,0.4268
RAW,02-Breast Cancer Wisconsin (Diagnostic),Maximo,concave_points1,0.2012
RAW,02-Breast Cancer Wisconsin (Diagnostic),Maximo,symmetry1,0.304
RAW,02-Breast Cancer Wisconsin (Diagnostic),Maximo,fractal_dimension1,0.09744
RAW,02-Breast Cancer Wisconsin (Diagnostic),Maximo,radius2,2.873
RAW,02-Breast Cancer Wisconsin (Diagnostic),Maximo,texture2,4.885
RAW,02-Breast Cancer Wisconsin (Diagnostic),Maximo,perimeter2,21.98
RAW,02-Breast Cancer Wisconsin (Diagnostic),Maximo,area2,542.2
RAW,02-Breast Cancer Wisconsin (Diagnostic),Maximo,smoothness2,0.03113
RAW,02-Breast Cancer Wisconsin (Diagnostic),Maximo,compactness2,0.1354
RAW,02-Breast Cancer Wisconsin (Diagnostic),Maximo,concavity2,0.396
RAW,02-Breast Cancer Wisconsin (Diagnostic),Maximo,concave_points2,0.05279
RAW,02-Breast Cancer Wisconsin (Diagnostic),Maximo,symmetry2,0.07895
RAW,02-Breast Cancer Wisconsin (Diagnostic),Maximo,fractal_dimension2,0.02984
RAW,02-Breast Cancer Wisconsin (Diagnostic),Maximo,radius3,36.04
RAW,02-Breast Cancer Wisconsin (Diagnostic),Maximo,texture3,49.54
RAW,02-Breast Cancer Wisconsin (Diagnostic),Maximo,perimeter3,251.2
RAW,02-Breast Cancer Wisconsin (Diagnostic),Maximo,area3,4254
RAW,02-Breast Cancer Wisconsin (Diagnostic),Maximo,smoothness3,0.2226
RAW,02-Breast Cancer Wisconsin (Diagnostic),Maximo,compactness3,1.058
RAW,02-Breast Cancer Wisconsin (Diagnostic),Maximo,concavity3,1.252
RAW,02-Breast Cancer Wisconsin (Diagnostic),Maximo,concave_points3,0.291
RAW,02-Breast Cancer Wisconsin (Diagnostic),Maximo,symmetry3,0.6638
RAW,02-Breast Cancer Wisconsin (Diagnostic),Maximo,fractal_dimension3,0.2075
RAW,02-Breast Cancer Wisconsin (Diagnostic),Maximo,pregnancies,NA
RAW,02-Breast Cancer Wisconsin (Diagnostic),Maximo,glucose,NA
RAW,02-Breast Cancer Wisconsin (Diagnostic),Maximo,bloodpressure,NA
RAW,02-Breast Cancer Wisconsin (Diagnostic),Maximo,skinthickness,NA
RAW,02-Breast Cancer Wisconsin (Diagnostic),Maximo,insulin,NA
RAW,02-Breast Cancer Wisconsin (Diagnostic),Maximo,bmi,NA
RAW,02-Breast Cancer Wisconsin (Diagnostic),Maximo,diabetespedigreefunction,NA
RAW,02-Breast Cancer Wisconsin (Diagnostic),Maximo,age,NA
RAW,02-Breast Cancer Wisconsin (Diagnostic),Maximo,attribute01,NA
RAW,02-Breast Cancer Wisconsin (Diagnostic),Maximo,attribute02,NA
RAW,02-Breast Cancer Wisconsin (Diagnostic),Maximo,attribute03,NA
RAW,02-Breast Cancer Wisconsin (Diagnostic),Maximo,attribute04,NA
RAW,02-Breast Cancer Wisconsin (Diagnostic),Maximo,attribute05,NA
RAW,02-Breast Cancer Wisconsin (Diagnostic),Maximo,attribute06,NA
RAW,02-Breast Cancer Wisconsin (Diagnostic),Maximo,attribute07,NA
RAW,02-Breast Cancer Wisconsin (Diagnostic),Maximo,attribute08,NA
RAW,02-Breast Cancer Wisconsin (Diagnostic),Maximo,attribute09,NA
RAW,02-Breast Cancer Wisconsin (Diagnostic),Maximo,attribute10,NA
RAW,02-Breast Cancer Wisconsin (Diagnostic),Maximo,attribute11,NA
RAW,02-Breast Cancer Wisconsin (Diagnostic),Maximo,attribute12,NA
RAW,02-Breast Cancer Wisconsin (Diagnostic),Maximo,attribute13,NA
RAW,02-Breast Cancer Wisconsin (Diagnostic),Maximo,attribute14,NA
RAW,02-Breast Cancer Wisconsin (Diagnostic),Maximo,attribute15,NA
RAW,02-Breast Cancer Wisconsin (Diagnostic),Maximo,attribute16,NA
RAW,02-Breast Cancer Wisconsin (Diagnostic),Maximo,attribute17,NA
RAW,02-Breast Cancer Wisconsin (Diagnostic),Maximo,attribute18,NA
RAW,02-Breast Cancer Wisconsin (Diagnostic),Maximo,attribute19,NA
RAW,02-Breast Cancer Wisconsin (Diagnostic),Maximo,attribute20,NA
RAW,02-Breast Cancer Wisconsin (Diagnostic),Maximo,attribute21,NA
RAW,02-Breast Cancer Wisconsin (Diagnostic),Maximo,attribute22,NA
RAW,02-Breast Cancer Wisconsin (Diagnostic),Maximo,attribute23,NA
RAW,02-Breast Cancer Wisconsin (Diagnostic),Maximo,attribute24,NA
RAW,02-Breast Cancer Wisconsin (Diagnostic),Maximo,attribute25,NA
RAW,02-Breast Cancer Wisconsin (Diagnostic),Maximo,attribute26,NA
RAW,02-Breast Cancer Wisconsin (Diagnostic),Maximo,attribute27,NA
RAW,02-Breast Cancer Wisconsin (Diagnostic),Maximo,attribute28,NA
RAW,02-Breast Cancer Wisconsin (Diagnostic),Maximo,attribute29,NA
RAW,02-Breast Cancer Wisconsin (Diagnostic),Maximo,attribute30,NA
RAW,02-Breast Cancer Wisconsin (Diagnostic),Maximo,attribute31,NA
RAW,02-Breast Cancer Wisconsin (Diagnostic),Maximo,attribute32,NA
RAW,02-Breast Cancer Wisconsin (Diagnostic),Maximo,attribute33,NA
RAW,02-Breast Cancer Wisconsin (Diagnostic),Maximo,attribute34,NA
RAW,02-Breast Cancer Wisconsin (Diagnostic),Maximo,aa,NA
RAW,02-Breast Cancer Wisconsin (Diagnostic),Maximo,ao,NA
RAW,02-Breast Cancer Wisconsin (Diagnostic),Maximo,dcl,NA
RAW,02-Breast Cancer Wisconsin (Diagnostic),Maximo,iy,NA
RAW,02-Breast Cancer Wisconsin (Diagnostic),Maximo,sh,NA
RAW,02-Breast Cancer Wisconsin (Diagnostic),Maximo,0,NA
RAW,02-Breast Cancer Wisconsin (Diagnostic),Maximo,1,NA
RAW,02-Breast Cancer Wisconsin (Diagnostic),Maximo,2,NA
RAW,02-Breast Cancer Wisconsin (Diagnostic),Maximo,3,NA
RAW,02-Breast Cancer Wisconsin (Diagnostic),Maximo,4,NA
RAW,02-Breast Cancer Wisconsin (Diagnostic),Maximo,5,NA
RAW,02-Breast Cancer Wisconsin (Diagnostic),Maximo,6,NA
RAW,02-Breast Cancer Wisconsin (Diagnostic),Maximo,7,NA
RAW,02-Breast Cancer Wisconsin (Diagnostic),Maximo,8,NA
RAW,02-Breast Cancer Wisconsin (Diagnostic),Maximo,9,NA
RAW,02-Breast Cancer Wisconsin (Diagnostic),Maximo,10,NA
RAW,02-Breast Cancer Wisconsin (Diagnostic),Maximo,11,NA
RAW,02-Breast Cancer Wisconsin (Diagnostic),Maximo,12,NA
RAW,02-Breast Cancer Wisconsin (Diagnostic),Maximo,13,NA
RAW,02-Breast Cancer Wisconsin (Diagnostic),Maximo,14,NA
RAW,02-Breast Cancer Wisconsin (Diagnostic),Maximo,15,NA
RAW,02-Breast Cancer Wisconsin (Diagnostic),Maximo,16,NA
RAW,02-Breast Cancer Wisconsin (Diagnostic),Maximo,17,NA
RAW,02-Breast Cancer Wisconsin (Diagnostic),Maximo,18,NA
RAW,02-Breast Cancer Wisconsin (Diagnostic),Maximo,19,NA
RAW,02-Breast Cancer Wisconsin (Diagnostic),Maximo,20,NA
RAW,02-Breast Cancer Wisconsin (Diagnostic),Maximo,21,NA
RAW,02-Breast Cancer Wisconsin (Diagnostic),Maximo,22,NA
RAW,02-Breast Cancer Wisconsin (Diagnostic),Maximo,23,NA
RAW,02-Breast Cancer Wisconsin (Diagnostic),Maximo,24,NA
RAW,02-Breast Cancer Wisconsin (Diagnostic),Maximo,25,NA
RAW,02-Breast Cancer Wisconsin (Diagnostic),Maximo,26,NA
RAW,02-Breast Cancer Wisconsin (Diagnostic),Maximo,27,NA
RAW,02-Breast Cancer Wisconsin (Diagnostic),Maximo,28,NA
RAW,02-Breast Cancer Wisconsin (Diagnostic),Maximo,29,NA
RAW,02-Breast Cancer Wisconsin (Diagnostic),Maximo,30,NA
RAW,02-Breast Cancer Wisconsin (Diagnostic),Maximo,31,NA
RAW,02-Breast Cancer Wisconsin (Diagnostic),Maximo,32,NA
RAW,02-Breast Cancer Wisconsin (Diagnostic),Maximo,33,NA
RAW,02-Breast Cancer Wisconsin (Diagnostic),Maximo,34,NA
RAW,02-Breast Cancer Wisconsin (Diagnostic),Maximo,35,NA
RAW,02-Breast Cancer Wisconsin (Diagnostic),Maximo,36,NA
RAW,02-Breast Cancer Wisconsin (Diagnostic),Maximo,37,NA
RAW,02-Breast Cancer Wisconsin (Diagnostic),Maximo,38,NA
RAW,02-Breast Cancer Wisconsin (Diagnostic),Maximo,39,NA
RAW,02-Breast Cancer Wisconsin (Diagnostic),Maximo,40,NA
RAW,02-Breast Cancer Wisconsin (Diagnostic),Maximo,41,NA
RAW,02-Breast Cancer Wisconsin (Diagnostic),Maximo,42,NA
RAW,02-Breast Cancer Wisconsin (Diagnostic),Maximo,43,NA
RAW,02-Breast Cancer Wisconsin (Diagnostic),Maximo,44,NA
RAW,02-Breast Cancer Wisconsin (Diagnostic),Maximo,45,NA
RAW,02-Breast Cancer Wisconsin (Diagnostic),Maximo,46,NA
RAW,02-Breast Cancer Wisconsin (Diagnostic),Maximo,48,NA
RAW,02-Breast Cancer Wisconsin (Diagnostic),Maximo,49,NA
RAW,03-Pima Indians Diabetes,Media,time,NA
RAW,03-Pima Indians Diabetes,Media,v1,NA
RAW,03-Pima Indians Diabetes,Media,v2,NA
RAW,03-Pima Indians Diabetes,Media,v3,NA
RAW,03-Pima Indians Diabetes,Media,v4,NA
RAW,03-Pima Indians Diabetes,Media,v5,NA
RAW,03-Pima Indians Diabetes,Media,v6,NA
RAW,03-Pima Indians Diabetes,Media,v7,NA
RAW,03-Pima Indians Diabetes,Media,v8,NA
RAW,03-Pima Indians Diabetes,Media,v9,NA
RAW,03-Pima Indians Diabetes,Media,v10,NA
RAW,03-Pima Indians Diabetes,Media,v11,NA
RAW,03-Pima Indians Diabetes,Media,v12,NA
RAW,03-Pima Indians Diabetes,Media,v13,NA
RAW,03-Pima Indians Diabetes,Media,v14,NA
RAW,03-Pima Indians Diabetes,Media,v15,NA
RAW,03-Pima Indians Diabetes,Media,v16,NA
RAW,03-Pima Indians Diabetes,Media,v17,NA
RAW,03-Pima Indians Diabetes,Media,v18,NA
RAW,03-Pima Indians Diabetes,Media,v19,NA
RAW,03-Pima Indians Diabetes,Media,v20,NA
RAW,03-Pima Indians Diabetes,Media,v21,NA
RAW,03-Pima Indians Diabetes,Media,v22,NA
RAW,03-Pima Indians Diabetes,Media,v23,NA
RAW,03-Pima Indians Diabetes,Media,v24,NA
RAW,03-Pima Indians Diabetes,Media,v25,NA
RAW,03-Pima Indians Diabetes,Media,v26,NA
RAW,03-Pima Indians Diabetes,Media,v27,NA
RAW,03-Pima Indians Diabetes,Media,v28,NA
RAW,03-Pima Indians Diabetes,Media,amount,NA
RAW,03-Pima Indians Diabetes,Media,radius1,NA
RAW,03-Pima Indians Diabetes,Media,texture1,NA
RAW,03-Pima Indians Diabetes,Media,perimeter1,NA
RAW,03-Pima Indians Diabetes,Media,area1,NA
RAW,03-Pima Indians Diabetes,Media,smoothness1,NA
RAW,03-Pima Indians Diabetes,Media,compactness1,NA
RAW,03-Pima Indians Diabetes,Media,concavity1,NA
RAW,03-Pima Indians Diabetes,Media,concave_points1,NA
RAW,03-Pima Indians Diabetes,Media,symmetry1,NA
RAW,03-Pima Indians Diabetes,Media,fractal_dimension1,NA
RAW,03-Pima Indians Diabetes,Media,radius2,NA
RAW,03-Pima Indians Diabetes,Media,texture2,NA
RAW,03-Pima Indians Diabetes,Media,perimeter2,NA
RAW,03-Pima Indians Diabetes,Media,area2,NA
RAW,03-Pima Indians Diabetes,Media,smoothness2,NA
RAW,03-Pima Indians Diabetes,Media,compactness2,NA
RAW,03-Pima Indians Diabetes,Media,concavity2,NA
RAW,03-Pima Indians Diabetes,Media,concave_points2,NA
RAW,03-Pima Indians Diabetes,Media,symmetry2,NA
RAW,03-Pima Indians Diabetes,Media,fractal_dimension2,NA
RAW,03-Pima Indians Diabetes,Media,radius3,NA
RAW,03-Pima Indians Diabetes,Media,texture3,NA
RAW,03-Pima Indians Diabetes,Media,perimeter3,NA
RAW,03-Pima Indians Diabetes,Media,area3,NA
RAW,03-Pima Indians Diabetes,Media,smoothness3,NA
RAW,03-Pima Indians Diabetes,Media,compactness3,NA
RAW,03-Pima Indians Diabetes,Media,concavity3,NA
RAW,03-Pima Indians Diabetes,Media,concave_points3,NA
RAW,03-Pima Indians Diabetes,Media,symmetry3,NA
RAW,03-Pima Indians Diabetes,Media,fractal_dimension3,NA
RAW,03-Pima Indians Diabetes,Media,pregnancies,3.8450520833333335
RAW,03-Pima Indians Diabetes,Media,glucose,120.89453125
RAW,03-Pima Indians Diabetes,Media,bloodpressure,69.10546875
RAW,03-Pima Indians Diabetes,Media,skinthickness,20.536458333333332
RAW,03-Pima Indians Diabetes,Media,insulin,79.79947916666667
RAW,03-Pima Indians Diabetes,Media,bmi,31.992578125
RAW,03-Pima Indians Diabetes,Media,diabetespedigreefunction,0.4718763020833333
RAW,03-Pima Indians Diabetes,Media,age,33.240885416666664
RAW,03-Pima Indians Diabetes,Media,attribute01,NA
RAW,03-Pima Indians Diabetes,Media,attribute02,NA
RAW,03-Pima Indians Diabetes,Media,attribute03,NA
RAW,03-Pima Indians Diabetes,Media,attribute04,NA
RAW,03-Pima Indians Diabetes,Media,attribute05,NA
RAW,03-Pima Indians Diabetes,Media,attribute06,NA
RAW,03-Pima Indians Diabetes,Media,attribute07,NA
RAW,03-Pima Indians Diabetes,Media,attribute08,NA
RAW,03-Pima Indians Diabetes,Media,attribute09,NA
RAW,03-Pima Indians Diabetes,Media,attribute10,NA
RAW,03-Pima Indians Diabetes,Media,attribute11,NA
RAW,03-Pima Indians Diabetes,Media,attribute12,NA
RAW,03-Pima Indians Diabetes,Media,attribute13,NA
RAW,03-Pima Indians Diabetes,Media,attribute14,NA
RAW,03-Pima Indians Diabetes,Media,attribute15,NA
RAW,03-Pima Indians Diabetes,Media,attribute16,NA
RAW,03-Pima Indians Diabetes,Media,attribute17,NA
RAW,03-Pima Indians Diabetes,Media,attribute18,NA
RAW,03-Pima Indians Diabetes,Media,attribute19,NA
RAW,03-Pima Indians Diabetes,Media,attribute20,NA
RAW,03-Pima Indians Diabetes,Media,attribute21,NA
RAW,03-Pima Indians Diabetes,Media,attribute22,NA
RAW,03-Pima Indians Diabetes,Media,attribute23,NA
RAW,03-Pima Indians Diabetes,Media,attribute24,NA
RAW,03-Pima Indians Diabetes,Media,attribute25,NA
RAW,03-Pima Indians Diabetes,Media,attribute26,NA
RAW,03-Pima Indians Diabetes,Media,attribute27,NA
RAW,03-Pima Indians Diabetes,Media,attribute28,NA
RAW,03-Pima Indians Diabetes,Media,attribute29,NA
RAW,03-Pima Indians Diabetes,Media,attribute30,NA
RAW,03-Pima Indians Diabetes,Media,attribute31,NA
RAW,03-Pima Indians Diabetes,Media,attribute32,NA
RAW,03-Pima Indians Diabetes,Media,attribute33,NA
RAW,03-Pima Indians Diabetes,Media,attribute34,NA
RAW,03-Pima Indians Diabetes,Media,aa,NA
RAW,03-Pima Indians Diabetes,Media,ao,NA
RAW,03-Pima Indians Diabetes,Media,dcl,NA
RAW,03-Pima Indians Diabetes,Media,iy,NA
RAW,03-Pima Indians Diabetes,Media,sh,NA
RAW,03-Pima Indians Diabetes,Media,0,NA
RAW,03-Pima Indians Diabetes,Media,1,NA
RAW,03-Pima Indians Diabetes,Media,2,NA
RAW,03-Pima Indians Diabetes,Media,3,NA
RAW,03-Pima Indians Diabetes,Media,4,NA
RAW,03-Pima Indians Diabetes,Media,5,NA
RAW,03-Pima Indians Diabetes,Media,6,NA
RAW,03-Pima Indians Diabetes,Media,7,NA
RAW,03-Pima Indians Diabetes,Media,8,NA
RAW,03-Pima Indians Diabetes,Media,9,NA
RAW,03-Pima Indians Diabetes,Media,10,NA
RAW,03-Pima Indians Diabetes,Media,11,NA
RAW,03-Pima Indians Diabetes,Media,12,NA
RAW,03-Pima Indians Diabetes,Media,13,NA
RAW,03-Pima Indians Diabetes,Media,14,NA
RAW,03-Pima Indians Diabetes,Media,15,NA
RAW,03-Pima Indians Diabetes,Media,16,NA
RAW,03-Pima Indians Diabetes,Media,17,NA
RAW,03-Pima Indians Diabetes,Media,18,NA
RAW,03-Pima Indians Diabetes,Media,19,NA
RAW,03-Pima Indians Diabetes,Media,20,NA
RAW,03-Pima Indians Diabetes,Media,21,NA
RAW,03-Pima Indians Diabetes,Media,22,NA
RAW,03-Pima Indians Diabetes,Media,23,NA
RAW,03-Pima Indians Diabetes,Media,24,NA
RAW,03-Pima Indians Diabetes,Media,25,NA
RAW,03-Pima Indians Diabetes,Media,26,NA
RAW,03-Pima Indians Diabetes,Media,27,NA
RAW,03-Pima Indians Diabetes,Media,28,NA
RAW,03-Pima Indians Diabetes,Media,29,NA
RAW,03-Pima Indians Diabetes,Media,30,NA
RAW,03-Pima Indians Diabetes,Media,31,NA
RAW,03-Pima Indians Diabetes,Media,32,NA
RAW,03-Pima Indians Diabetes,Media,33,NA
RAW,03-Pima Indians Diabetes,Media,34,NA
RAW,03-Pima Indians Diabetes,Media,35,NA
RAW,03-Pima Indians Diabetes,Media,36,NA
RAW,03-Pima Indians Diabetes,Media,37,NA
RAW,03-Pima Indians Diabetes,Media,38,NA
RAW,03-Pima Indians Diabetes,Media,39,NA
RAW,03-Pima Indians Diabetes,Media,40,NA
RAW,03-Pima Indians Diabetes,Media,41,NA
RAW,03-Pima Indians Diabetes,Media,42,NA
RAW,03-Pima Indians Diabetes,Media,43,NA
RAW,03-Pima Indians Diabetes,Media,44,NA
RAW,03-Pima Indians Diabetes,Media,45,NA
RAW,03-Pima Indians Diabetes,Media,46,NA
RAW,03-Pima Indians Diabetes,Media,48,NA
RAW,03-Pima Indians Diabetes,Media,49,NA
RAW,03-Pima Indians Diabetes,Desvio_Padrao,time,NA
RAW,03-Pima Indians Diabetes,Desvio_Padrao,v1,NA
RAW,03-Pima Indians Diabetes,Desvio_Padrao,v2,NA
RAW,03-Pima Indians Diabetes,Desvio_Padrao,v3,NA
RAW,03-Pima Indians Diabetes,Desvio_Padrao,v4,NA
RAW,03-Pima Indians Diabetes,Desvio_Padrao,v5,NA
RAW,03-Pima Indians Diabetes,Desvio_Padrao,v6,NA
RAW,03-Pima Indians Diabetes,Desvio_Padrao,v7,NA
RAW,03-Pima Indians Diabetes,Desvio_Padrao,v8,NA
RAW,03-Pima Indians Diabetes,Desvio_Padrao,v9,NA
RAW,03-Pima Indians Diabetes,Desvio_Padrao,v10,NA
RAW,03-Pima Indians Diabetes,Desvio_Padrao,v11,NA
RAW,03-Pima Indians Diabetes,Desvio_Padrao,v12,NA
RAW,03-Pima Indians Diabetes,Desvio_Padrao,v13,NA
RAW,03-Pima Indians Diabetes,Desvio_Padrao,v14,NA
RAW,03-Pima Indians Diabetes,Desvio_Padrao,v15,NA
RAW,03-Pima Indians Diabetes,Desvio_Padrao,v16,NA
RAW,03-Pima Indians Diabetes,Desvio_Padrao,v17,NA
RAW,03-Pima Indians Diabetes,Desvio_Padrao,v18,NA
RAW,03-Pima Indians Diabetes,Desvio_Padrao,v19,NA
RAW,03-Pima Indians Diabetes,Desvio_Padrao,v20,NA
RAW,03-Pima Indians Diabetes,Desvio_Padrao,v21,NA
RAW,03-Pima Indians Diabetes,Desvio_Padrao,v22,NA
RAW,03-Pima Indians Diabetes,Desvio_Padrao,v23,NA
RAW,03-Pima Indians Diabetes,Desvio_Padrao,v24,NA
RAW,03-Pima Indians Diabetes,Desvio_Padrao,v25,NA
RAW,03-Pima Indians Diabetes,Desvio_Padrao,v26,NA
RAW,03-Pima Indians Diabetes,Desvio_Padrao,v27,NA
RAW,03-Pima Indians Diabetes,Desvio_Padrao,v28,NA
RAW,03-Pima Indians Diabetes,Desvio_Padrao,amount,NA
RAW,03-Pima Indians Diabetes,Desvio_Padrao,radius1,NA
RAW,03-Pima Indians Diabetes,Desvio_Padrao,texture1,NA
RAW,03-Pima Indians Diabetes,Desvio_Padrao,perimeter1,NA
RAW,03-Pima Indians Diabetes,Desvio_Padrao,area1,NA
RAW,03-Pima Indians Diabetes,Desvio_Padrao,smoothness1,NA
RAW,03-Pima Indians Diabetes,Desvio_Padrao,compactness1,NA
RAW,03-Pima Indians Diabetes,Desvio_Padrao,concavity1,NA
RAW,03-Pima Indians Diabetes,Desvio_Padrao,concave_points1,NA
RAW,03-Pima Indians Diabetes,Desvio_Padrao,symmetry1,NA
RAW,03-Pima Indians Diabetes,Desvio_Padrao,fractal_dimension1,NA
RAW,03-Pima Indians Diabetes,Desvio_Padrao,radius2,NA
RAW,03-Pima Indians Diabetes,Desvio_Padrao,texture2,NA
RAW,03-Pima Indians Diabetes,Desvio_Padrao,perimeter2,NA
RAW,03-Pima Indians Diabetes,Desvio_Padrao,area2,NA
RAW,03-Pima Indians Diabetes,Desvio_Padrao,smoothness2,NA
RAW,03-Pima Indians Diabetes,Desvio_Padrao,compactness2,NA
RAW,03-Pima Indians Diabetes,Desvio_Padrao,concavity2,NA
RAW,03-Pima Indians Diabetes,Desvio_Padrao,concave_points2,NA
RAW,03-Pima Indians Diabetes,Desvio_Padrao,symmetry2,NA
RAW,03-Pima Indians Diabetes,Desvio_Padrao,fractal_dimension2,NA
RAW,03-Pima Indians Diabetes,Desvio_Padrao,radius3,NA
RAW,03-Pima Indians Diabetes,Desvio_Padrao,texture3,NA
RAW,03-Pima Indians Diabetes,Desvio_Padrao,perimeter3,NA
RAW,03-Pima Indians Diabetes,Desvio_Padrao,area3,NA
RAW,03-Pima Indians Diabetes,Desvio_Padrao,smoothness3,NA
RAW,03-Pima Indians Diabetes,Desvio_Padrao,compactness3,NA
RAW,03-Pima Indians Diabetes,Desvio_Padrao,concavity3,NA
RAW,03-Pima Indians Diabetes,Desvio_Padrao,concave_points3,NA
RAW,03-Pima Indians Diabetes,Desvio_Padrao,symmetry3,NA
RAW,03-Pima Indians Diabetes,Desvio_Padrao,fractal_dimension3,NA
RAW,03-Pima Indians Diabetes,Desvio_Padrao,pregnancies,3.36957806269887
RAW,03-Pima Indians Diabetes,Desvio_Padrao,glucose,31.97261819513622
RAW,03-Pima Indians Diabetes,Desvio_Padrao,bloodpressure,19.355807170644777
RAW,03-Pima Indians Diabetes,Desvio_Padrao,skinthickness,15.952217567727635
RAW,03-Pima Indians Diabetes,Desvio_Padrao,insulin,115.24400235133817
RAW,03-Pima Indians Diabetes,Desvio_Padrao,bmi,7.884160320375446
RAW,03-Pima Indians Diabetes,Desvio_Padrao,diabetespedigreefunction,0.3313285950127749
RAW,03-Pima Indians Diabetes,Desvio_Padrao,age,11.760231540678685
RAW,03-Pima Indians Diabetes,Desvio_Padrao,attribute01,NA
RAW,03-Pima Indians Diabetes,Desvio_Padrao,attribute02,NA
RAW,03-Pima Indians Diabetes,Desvio_Padrao,attribute03,NA
RAW,03-Pima Indians Diabetes,Desvio_Padrao,attribute04,NA
RAW,03-Pima Indians Diabetes,Desvio_Padrao,attribute05,NA
RAW,03-Pima Indians Diabetes,Desvio_Padrao,attribute06,NA
RAW,03-Pima Indians Diabetes,Desvio_Padrao,attribute07,NA
RAW,03-Pima Indians Diabetes,Desvio_Padrao,attribute08,NA
RAW,03-Pima Indians Diabetes,Desvio_Padrao,attribute09,NA
RAW,03-Pima Indians Diabetes,Desvio_Padrao,attribute10,NA
RAW,03-Pima Indians Diabetes,Desvio_Padrao,attribute11,NA
RAW,03-Pima Indians Diabetes,Desvio_Padrao,attribute12,NA
RAW,03-Pima Indians Diabetes,Desvio_Padrao,attribute13,NA
RAW,03-Pima Indians Diabetes,Desvio_Padrao,attribute14,NA
RAW,03-Pima Indians Diabetes,Desvio_Padrao,attribute15,NA
RAW,03-Pima Indians Diabetes,Desvio_Padrao,attribute16,NA
RAW,03-Pima Indians Diabetes,Desvio_Padrao,attribute17,NA
RAW,03-Pima Indians Diabetes,Desvio_Padrao,attribute18,NA
RAW,03-Pima Indians Diabetes,Desvio_Padrao,attribute19,NA
RAW,03-Pima Indians Diabetes,Desvio_Padrao,attribute20,NA
RAW,03-Pima Indians Diabetes,Desvio_Padrao,attribute21,NA
RAW,03-Pima Indians Diabetes,Desvio_Padrao,attribute22,NA
RAW,03-Pima Indians Diabetes,Desvio_Padrao,attribute23,NA
RAW,03-Pima Indians Diabetes,Desvio_Padrao,attribute24,NA
RAW,03-Pima Indians Diabetes,Desvio_Padrao,attribute25,NA
RAW,03-Pima Indians Diabetes,Desvio_Padrao,attribute26,NA
RAW,03-Pima Indians Diabetes,Desvio_Padrao,attribute27,NA
RAW,03-Pima Indians Diabetes,Desvio_Padrao,attribute28,NA
RAW,03-Pima Indians Diabetes,Desvio_Padrao,attribute29,NA
RAW,03-Pima Indians Diabetes,Desvio_Padrao,attribute30,NA
RAW,03-Pima Indians Diabetes,Desvio_Padrao,attribute31,NA
RAW,03-Pima Indians Diabetes,Desvio_Padrao,attribute32,NA
RAW,03-Pima Indians Diabetes,Desvio_Padrao,attribute33,NA
RAW,03-Pima Indians Diabetes,Desvio_Padrao,attribute34,NA
RAW,03-Pima Indians Diabetes,Desvio_Padrao,aa,NA
RAW,03-Pima Indians Diabetes,Desvio_Padrao,ao,NA
RAW,03-Pima Indians Diabetes,Desvio_Padrao,dcl,NA
RAW,03-Pima Indians Diabetes,Desvio_Padrao,iy,NA
RAW,03-Pima Indians Diabetes,Desvio_Padrao,sh,NA
RAW,03-Pima Indians Diabetes,Desvio_Padrao,0,NA
RAW,03-Pima Indians Diabetes,Desvio_Padrao,1,NA
RAW,03-Pima Indians Diabetes,Desvio_Padrao,2,NA
RAW,03-Pima Indians Diabetes,Desvio_Padrao,3,NA
RAW,03-Pima Indians Diabetes,Desvio_Padrao,4,NA
RAW,03-Pima Indians Diabetes,Desvio_Padrao,5,NA
RAW,03-Pima Indians Diabetes,Desvio_Padrao,6,NA
RAW,03-Pima Indians Diabetes,Desvio_Padrao,7,NA
RAW,03-Pima Indians Diabetes,Desvio_Padrao,8,NA
RAW,03-Pima Indians Diabetes,Desvio_Padrao,9,NA
RAW,03-Pima Indians Diabetes,Desvio_Padrao,10,NA
RAW,03-Pima Indians Diabetes,Desvio_Padrao,11,NA
RAW,03-Pima Indians Diabetes,Desvio_Padrao,12,NA
RAW,03-Pima Indians Diabetes,Desvio_Padrao,13,NA
RAW,03-Pima Indians Diabetes,Desvio_Padrao,14,NA
RAW,03-Pima Indians Diabetes,Desvio_Padrao,15,NA
RAW,03-Pima Indians Diabetes,Desvio_Padrao,16,NA
RAW,03-Pima Indians Diabetes,Desvio_Padrao,17,NA
RAW,03-Pima Indians Diabetes,Desvio_Padrao,18,NA
RAW,03-Pima Indians Diabetes,Desvio_Padrao,19,NA
RAW,03-Pima Indians Diabetes,Desvio_Padrao,20,NA
RAW,03-Pima Indians Diabetes,Desvio_Padrao,21,NA
RAW,03-Pima Indians Diabetes,Desvio_Padrao,22,NA
RAW,03-Pima Indians Diabetes,Desvio_Padrao,23,NA
RAW,03-Pima Indians Diabetes,Desvio_Padrao,24,NA
RAW,03-Pima Indians Diabetes,Desvio_Padrao,25,NA
RAW,03-Pima Indians Diabetes,Desvio_Padrao,26,NA
RAW,03-Pima Indians Diabetes,Desvio_Padrao,27,NA
RAW,03-Pima Indians Diabetes,Desvio_Padrao,28,NA
RAW,03-Pima Indians Diabetes,Desvio_Padrao,29,NA
RAW,03-Pima Indians Diabetes,Desvio_Padrao,30,NA
RAW,03-Pima Indians Diabetes,Desvio_Padrao,31,NA
RAW,03-Pima Indians Diabetes,Desvio_Padrao,32,NA
RAW,03-Pima Indians Diabetes,Desvio_Padrao,33,NA
RAW,03-Pima Indians Diabetes,Desvio_Padrao,34,NA
RAW,03-Pima Indians Diabetes,Desvio_Padrao,35,NA
RAW,03-Pima Indians Diabetes,Desvio_Padrao,36,NA
RAW,03-Pima Indians Diabetes,Desvio_Padrao,37,NA
RAW,03-Pima Indians Diabetes,Desvio_Padrao,38,NA
RAW,03-Pima Indians Diabetes,Desvio_Padrao,39,NA
RAW,03-Pima Indians Diabetes,Desvio_Padrao,40,NA
RAW,03-Pima Indians Diabetes,Desvio_Padrao,41,NA
RAW,03-Pima Indians Diabetes,Desvio_Padrao,42,NA
RAW,03-Pima Indians Diabetes,Desvio_Padrao,43,NA
RAW,03-Pima Indians Diabetes,Desvio_Padrao,44,NA
RAW,03-Pima Indians Diabetes,Desvio_Padrao,45,NA
RAW,03-Pima Indians Diabetes,Desvio_Padrao,46,NA
RAW,03-Pima Indians Diabetes,Desvio_Padrao,48,NA
RAW,03-Pima Indians Diabetes,Desvio_Padrao,49,NA
RAW,03-Pima Indians Diabetes,Minimo,time,NA
RAW,03-Pima Indians Diabetes,Minimo,v1,NA
RAW,03-Pima Indians Diabetes,Minimo,v2,NA
RAW,03-Pima Indians Diabetes,Minimo,v3,NA
RAW,03-Pima Indians Diabetes,Minimo,v4,NA
RAW,03-Pima Indians Diabetes,Minimo,v5,NA
RAW,03-Pima Indians Diabetes,Minimo,v6,NA
RAW,03-Pima Indians Diabetes,Minimo,v7,NA
RAW,03-Pima Indians Diabetes,Minimo,v8,NA
RAW,03-Pima Indians Diabetes,Minimo,v9,NA
RAW,03-Pima Indians Diabetes,Minimo,v10,NA
RAW,03-Pima Indians Diabetes,Minimo,v11,NA
RAW,03-Pima Indians Diabetes,Minimo,v12,NA
RAW,03-Pima Indians Diabetes,Minimo,v13,NA
RAW,03-Pima Indians Diabetes,Minimo,v14,NA
RAW,03-Pima Indians Diabetes,Minimo,v15,NA
RAW,03-Pima Indians Diabetes,Minimo,v16,NA
RAW,03-Pima Indians Diabetes,Minimo,v17,NA
RAW,03-Pima Indians Diabetes,Minimo,v18,NA
RAW,03-Pima Indians Diabetes,Minimo,v19,NA
RAW,03-Pima Indians Diabetes,Minimo,v20,NA
RAW,03-Pima Indians Diabetes,Minimo,v21,NA
RAW,03-Pima Indians Diabetes,Minimo,v22,NA
RAW,03-Pima Indians Diabetes,Minimo,v23,NA
RAW,03-Pima Indians Diabetes,Minimo,v24,NA
RAW,03-Pima Indians Diabetes,Minimo,v25,NA
RAW,03-Pima Indians Diabetes,Minimo,v26,NA
RAW,03-Pima Indians Diabetes,Minimo,v27,NA
RAW,03-Pima Indians Diabetes,Minimo,v28,NA
RAW,03-Pima Indians Diabetes,Minimo,amount,NA
RAW,03-Pima Indians Diabetes,Minimo,radius1,NA
RAW,03-Pima Indians Diabetes,Minimo,texture1,NA
RAW,03-Pima Indians Diabetes,Minimo,perimeter1,NA
RAW,03-Pima Indians Diabetes,Minimo,area1,NA
RAW,03-Pima Indians Diabetes,Minimo,smoothness1,NA
RAW,03-Pima Indians Diabetes,Minimo,compactness1,NA
RAW,03-Pima Indians Diabetes,Minimo,concavity1,NA
RAW,03-Pima Indians Diabetes,Minimo,concave_points1,NA
RAW,03-Pima Indians Diabetes,Minimo,symmetry1,NA
RAW,03-Pima Indians Diabetes,Minimo,fractal_dimension1,NA
RAW,03-Pima Indians Diabetes,Minimo,radius2,NA
RAW,03-Pima Indians Diabetes,Minimo,texture2,NA
RAW,03-Pima Indians Diabetes,Minimo,perimeter2,NA
RAW,03-Pima Indians Diabetes,Minimo,area2,NA
RAW,03-Pima Indians Diabetes,Minimo,smoothness2,NA
RAW,03-Pima Indians Diabetes,Minimo,compactness2,NA
RAW,03-Pima Indians Diabetes,Minimo,concavity2,NA
RAW,03-Pima Indians Diabetes,Minimo,concave_points2,NA
RAW,03-Pima Indians Diabetes,Minimo,symmetry2,NA
RAW,03-Pima Indians Diabetes,Minimo,fractal_dimension2,NA
RAW,03-Pima Indians Diabetes,Minimo,radius3,NA
RAW,03-Pima Indians Diabetes,Minimo,texture3,NA
RAW,03-Pima Indians Diabetes,Minimo,perimeter3,NA
RAW,03-Pima Indians Diabetes,Minimo,area3,NA
RAW,03-Pima Indians Diabetes,Minimo,smoothness3,NA
RAW,03-Pima Indians Diabetes,Minimo,compactness3,NA
RAW,03-Pima Indians Diabetes,Minimo,concavity3,NA
RAW,03-Pima Indians Diabetes,Minimo,concave_points3,NA
RAW,03-Pima Indians Diabetes,Minimo,symmetry3,NA
RAW,03-Pima Indians Diabetes,Minimo,fractal_dimension3,NA
RAW,03-Pima Indians Diabetes,Minimo,pregnancies,0
RAW,03-Pima Indians Diabetes,Minimo,glucose,0
RAW,03-Pima Indians Diabetes,Minimo,bloodpressure,0
RAW,03-Pima Indians Diabetes,Minimo,skinthickness,0
RAW,03-Pima Indians Diabetes,Minimo,insulin,0
RAW,03-Pima Indians Diabetes,Minimo,bmi,0
RAW,03-Pima Indians Diabetes,Minimo,diabetespedigreefunction,0.078
RAW,03-Pima Indians Diabetes,Minimo,age,21
RAW,03-Pima Indians Diabetes,Minimo,attribute01,NA
RAW,03-Pima Indians Diabetes,Minimo,attribute02,NA
RAW,03-Pima Indians Diabetes,Minimo,attribute03,NA
RAW,03-Pima Indians Diabetes,Minimo,attribute04,NA
RAW,03-Pima Indians Diabetes,Minimo,attribute05,NA
RAW,03-Pima Indians Diabetes,Minimo,attribute06,NA
RAW,03-Pima Indians Diabetes,Minimo,attribute07,NA
RAW,03-Pima Indians Diabetes,Minimo,attribute08,NA
RAW,03-Pima Indians Diabetes,Minimo,attribute09,NA
RAW,03-Pima Indians Diabetes,Minimo,attribute10,NA
RAW,03-Pima Indians Diabetes,Minimo,attribute11,NA
RAW,03-Pima Indians Diabetes,Minimo,attribute12,NA
RAW,03-Pima Indians Diabetes,Minimo,attribute13,NA
RAW,03-Pima Indians Diabetes,Minimo,attribute14,NA
RAW,03-Pima Indians Diabetes,Minimo,attribute15,NA
RAW,03-Pima Indians Diabetes,Minimo,attribute16,NA
RAW,03-Pima Indians Diabetes,Minimo,attribute17,NA
RAW,03-Pima Indians Diabetes,Minimo,attribute18,NA
RAW,03-Pima Indians Diabetes,Minimo,attribute19,NA
RAW,03-Pima Indians Diabetes,Minimo,attribute20,NA
RAW,03-Pima Indians Diabetes,Minimo,attribute21,NA
RAW,03-Pima Indians Diabetes,Minimo,attribute22,NA
RAW,03-Pima Indians Diabetes,Minimo,attribute23,NA
RAW,03-Pima Indians Diabetes,Minimo,attribute24,NA
RAW,03-Pima Indians Diabetes,Minimo,attribute25,NA
RAW,03-Pima Indians Diabetes,Minimo,attribute26,NA
RAW,03-Pima Indians Diabetes,Minimo,attribute27,NA
RAW,03-Pima Indians Diabetes,Minimo,attribute28,NA
RAW,03-Pima Indians Diabetes,Minimo,attribute29,NA
RAW,03-Pima Indians Diabetes,Minimo,attribute30,NA
RAW,03-Pima Indians Diabetes,Minimo,attribute31,NA
RAW,03-Pima Indians Diabetes,Minimo,attribute32,NA
RAW,03-Pima Indians Diabetes,Minimo,attribute33,NA
RAW,03-Pima Indians Diabetes,Minimo,attribute34,NA
RAW,03-Pima Indians Diabetes,Minimo,aa,NA
RAW,03-Pima Indians Diabetes,Minimo,ao,NA
RAW,03-Pima Indians Diabetes,Minimo,dcl,NA
RAW,03-Pima Indians Diabetes,Minimo,iy,NA
RAW,03-Pima Indians Diabetes,Minimo,sh,NA
RAW,03-Pima Indians Diabetes,Minimo,0,NA
RAW,03-Pima Indians Diabetes,Minimo,1,NA
RAW,03-Pima Indians Diabetes,Minimo,2,NA
RAW,03-Pima Indians Diabetes,Minimo,3,NA
RAW,03-Pima Indians Diabetes,Minimo,4,NA
RAW,03-Pima Indians Diabetes,Minimo,5,NA
RAW,03-Pima Indians Diabetes,Minimo,6,NA
RAW,03-Pima Indians Diabetes,Minimo,7,NA
RAW,03-Pima Indians Diabetes,Minimo,8,NA
RAW,03-Pima Indians Diabetes,Minimo,9,NA
RAW,03-Pima Indians Diabetes,Minimo,10,NA
RAW,03-Pima Indians Diabetes,Minimo,11,NA
RAW,03-Pima Indians Diabetes,Minimo,12,NA
RAW,03-Pima Indians Diabetes,Minimo,13,NA
RAW,03-Pima Indians Diabetes,Minimo,14,NA
RAW,03-Pima Indians Diabetes,Minimo,15,NA
RAW,03-Pima Indians Diabetes,Minimo,16,NA
RAW,03-Pima Indians Diabetes,Minimo,17,NA
RAW,03-Pima Indians Diabetes,Minimo,18,NA
RAW,03-Pima Indians Diabetes,Minimo,19,NA
RAW,03-Pima Indians Diabetes,Minimo,20,NA
RAW,03-Pima Indians Diabetes,Minimo,21,NA
RAW,03-Pima Indians Diabetes,Minimo,22,NA
RAW,03-Pima Indians Diabetes,Minimo,23,NA
RAW,03-Pima Indians Diabetes,Minimo,24,NA
RAW,03-Pima Indians Diabetes,Minimo,25,NA
RAW,03-Pima Indians Diabetes,Minimo,26,NA
RAW,03-Pima Indians Diabetes,Minimo,27,NA
RAW,03-Pima Indians Diabetes,Minimo,28,NA
RAW,03-Pima Indians Diabetes,Minimo,29,NA
RAW,03-Pima Indians Diabetes,Minimo,30,NA
RAW,03-Pima Indians Diabetes,Minimo,31,NA
RAW,03-Pima Indians Diabetes,Minimo,32,NA
RAW,03-Pima Indians Diabetes,Minimo,33,NA
RAW,03-Pima Indians Diabetes,Minimo,34,NA
RAW,03-Pima Indians Diabetes,Minimo,35,NA
RAW,03-Pima Indians Diabetes,Minimo,36,NA
RAW,03-Pima Indians Diabetes,Minimo,37,NA
RAW,03-Pima Indians Diabetes,Minimo,38,NA
RAW,03-Pima Indians Diabetes,Minimo,39,NA
RAW,03-Pima Indians Diabetes,Minimo,40,NA
RAW,03-Pima Indians Diabetes,Minimo,41,NA
RAW,03-Pima Indians Diabetes,Minimo,42,NA
RAW,03-Pima Indians Diabetes,Minimo,43,NA
RAW,03-Pima Indians Diabetes,Minimo,44,NA
RAW,03-Pima Indians Diabetes,Minimo,45,NA
RAW,03-Pima Indians Diabetes,Minimo,46,NA
RAW,03-Pima Indians Diabetes,Minimo,48,NA
RAW,03-Pima Indians Diabetes,Minimo,49,NA
RAW,03-Pima Indians Diabetes,Maximo,time,NA
RAW,03-Pima Indians Diabetes,Maximo,v1,NA
RAW,03-Pima Indians Diabetes,Maximo,v2,NA
RAW,03-Pima Indians Diabetes,Maximo,v3,NA
RAW,03-Pima Indians Diabetes,Maximo,v4,NA
RAW,03-Pima Indians Diabetes,Maximo,v5,NA
RAW,03-Pima Indians Diabetes,Maximo,v6,NA
RAW,03-Pima Indians Diabetes,Maximo,v7,NA
RAW,03-Pima Indians Diabetes,Maximo,v8,NA
RAW,03-Pima Indians Diabetes,Maximo,v9,NA
RAW,03-Pima Indians Diabetes,Maximo,v10,NA
RAW,03-Pima Indians Diabetes,Maximo,v11,NA
RAW,03-Pima Indians Diabetes,Maximo,v12,NA
RAW,03-Pima Indians Diabetes,Maximo,v13,NA
RAW,03-Pima Indians Diabetes,Maximo,v14,NA
RAW,03-Pima Indians Diabetes,Maximo,v15,NA
RAW,03-Pima Indians Diabetes,Maximo,v16,NA
RAW,03-Pima Indians Diabetes,Maximo,v17,NA
RAW,03-Pima Indians Diabetes,Maximo,v18,NA
RAW,03-Pima Indians Diabetes,Maximo,v19,NA
RAW,03-Pima Indians Diabetes,Maximo,v20,NA
RAW,03-Pima Indians Diabetes,Maximo,v21,NA
RAW,03-Pima Indians Diabetes,Maximo,v22,NA
RAW,03-Pima Indians Diabetes,Maximo,v23,NA
RAW,03-Pima Indians Diabetes,Maximo,v24,NA
RAW,03-Pima Indians Diabetes,Maximo,v25,NA
RAW,03-Pima Indians Diabetes,Maximo,v26,NA
RAW,03-Pima Indians Diabetes,Maximo,v27,NA
RAW,03-Pima Indians Diabetes,Maximo,v28,NA
RAW,03-Pima Indians Diabetes,Maximo,amount,NA
RAW,03-Pima Indians Diabetes,Maximo,radius1,NA
RAW,03-Pima Indians Diabetes,Maximo,texture1,NA
RAW,03-Pima Indians Diabetes,Maximo,perimeter1,NA
RAW,03-Pima Indians Diabetes,Maximo,area1,NA
RAW,03-Pima Indians Diabetes,Maximo,smoothness1,NA
RAW,03-Pima Indians Diabetes,Maximo,compactness1,NA
RAW,03-Pima Indians Diabetes,Maximo,concavity1,NA
RAW,03-Pima Indians Diabetes,Maximo,concave_points1,NA
RAW,03-Pima Indians Diabetes,Maximo,symmetry1,NA
RAW,03-Pima Indians Diabetes,Maximo,fractal_dimension1,NA
RAW,03-Pima Indians Diabetes,Maximo,radius2,NA
RAW,03-Pima Indians Diabetes,Maximo,texture2,NA
RAW,03-Pima Indians Diabetes,Maximo,perimeter2,NA
RAW,03-Pima Indians Diabetes,Maximo,area2,NA
RAW,03-Pima Indians Diabetes,Maximo,smoothness2,NA
RAW,03-Pima Indians Diabetes,Maximo,compactness2,NA
RAW,03-Pima Indians Diabetes,Maximo,concavity2,NA
RAW,03-Pima Indians Diabetes,Maximo,concave_points2,NA
RAW,03-Pima Indians Diabetes,Maximo,symmetry2,NA
RAW,03-Pima Indians Diabetes,Maximo,fractal_dimension2,NA
RAW,03-Pima Indians Diabetes,Maximo,radius3,NA
RAW,03-Pima Indians Diabetes,Maximo,texture3,NA
RAW,03-Pima Indians Diabetes,Maximo,perimeter3,NA
RAW,03-Pima Indians Diabetes,Maximo,area3,NA
RAW,03-Pima Indians Diabetes,Maximo,smoothness3,NA
RAW,03-Pima Indians Diabetes,Maximo,compactness3,NA
RAW,03-Pima Indians Diabetes,Maximo,concavity3,NA
RAW,03-Pima Indians Diabetes,Maximo,concave_points3,NA
RAW,03-Pima Indians Diabetes,Maximo,symmetry3,NA
RAW,03-Pima Indians Diabetes,Maximo,fractal_dimension3,NA
RAW,03-Pima Indians Diabetes,Maximo,pregnancies,17
RAW,03-Pima Indians Diabetes,Maximo,glucose,199
RAW,03-Pima Indians Diabetes,Maximo,bloodpressure,122
RAW,03-Pima Indians Diabetes,Maximo,skinthickness,99
RAW,03-Pima Indians Diabetes,Maximo,insulin,846
RAW,03-Pima Indians Diabetes,Maximo,bmi,67.1
RAW,03-Pima Indians Diabetes,Maximo,diabetespedigreefunction,2.42
RAW,03-Pima Indians Diabetes,Maximo,age,81
RAW,03-Pima Indians Diabetes,Maximo,attribute01,NA
RAW,03-Pima Indians Diabetes,Maximo,attribute02,NA
RAW,03-Pima Indians Diabetes,Maximo,attribute03,NA
RAW,03-Pima Indians Diabetes,Maximo,attribute04,NA
RAW,03-Pima Indians Diabetes,Maximo,attribute05,NA
RAW,03-Pima Indians Diabetes,Maximo,attribute06,NA
RAW,03-Pima Indians Diabetes,Maximo,attribute07,NA
RAW,03-Pima Indians Diabetes,Maximo,attribute08,NA
RAW,03-Pima Indians Diabetes,Maximo,attribute09,NA
RAW,03-Pima Indians Diabetes,Maximo,attribute10,NA
RAW,03-Pima Indians Diabetes,Maximo,attribute11,NA
RAW,03-Pima Indians Diabetes,Maximo,attribute12,NA
RAW,03-Pima Indians Diabetes,Maximo,attribute13,NA
RAW,03-Pima Indians Diabetes,Maximo,attribute14,NA
RAW,03-Pima Indians Diabetes,Maximo,attribute15,NA
RAW,03-Pima Indians Diabetes,Maximo,attribute16,NA
RAW,03-Pima Indians Diabetes,Maximo,attribute17,NA
RAW,03-Pima Indians Diabetes,Maximo,attribute18,NA
RAW,03-Pima Indians Diabetes,Maximo,attribute19,NA
RAW,03-Pima Indians Diabetes,Maximo,attribute20,NA
RAW,03-Pima Indians Diabetes,Maximo,attribute21,NA
RAW,03-Pima Indians Diabetes,Maximo,attribute22,NA
RAW,03-Pima Indians Diabetes,Maximo,attribute23,NA
RAW,03-Pima Indians Diabetes,Maximo,attribute24,NA
RAW,03-Pima Indians Diabetes,Maximo,attribute25,NA
RAW,03-Pima Indians Diabetes,Maximo,attribute26,NA
RAW,03-Pima Indians Diabetes,Maximo,attribute27,NA
RAW,03-Pima Indians Diabetes,Maximo,attribute28,NA
RAW,03-Pima Indians Diabetes,Maximo,attribute29,NA
RAW,03-Pima Indians Diabetes,Maximo,attribute30,NA
RAW,03-Pima Indians Diabetes,Maximo,attribute31,NA
RAW,03-Pima Indians Diabetes,Maximo,attribute32,NA
RAW,03-Pima Indians Diabetes,Maximo,attribute33,NA
RAW,03-Pima Indians Diabetes,Maximo,attribute34,NA
RAW,03-Pima Indians Diabetes,Maximo,aa,NA
RAW,03-Pima Indians Diabetes,Maximo,ao,NA
RAW,03-Pima Indians Diabetes,Maximo,dcl,NA
RAW,03-Pima Indians Diabetes,Maximo,iy,NA
RAW,03-Pima Indians Diabetes,Maximo,sh,NA
RAW,03-Pima Indians Diabetes,Maximo,0,NA
RAW,03-Pima Indians Diabetes,Maximo,1,NA
RAW,03-Pima Indians Diabetes,Maximo,2,NA
RAW,03-Pima Indians Diabetes,Maximo,3,NA
RAW,03-Pima Indians Diabetes,Maximo,4,NA
RAW,03-Pima Indians Diabetes,Maximo,5,NA
RAW,03-Pima Indians Diabetes,Maximo,6,NA
RAW,03-Pima Indians Diabetes,Maximo,7,NA
RAW,03-Pima Indians Diabetes,Maximo,8,NA
RAW,03-Pima Indians Diabetes,Maximo,9,NA
RAW,03-Pima Indians Diabetes,Maximo,10,NA
RAW,03-Pima Indians Diabetes,Maximo,11,NA
RAW,03-Pima Indians Diabetes,Maximo,12,NA
RAW,03-Pima Indians Diabetes,Maximo,13,NA
RAW,03-Pima Indians Diabetes,Maximo,14,NA
RAW,03-Pima Indians Diabetes,Maximo,15,NA
RAW,03-Pima Indians Diabetes,Maximo,16,NA
RAW,03-Pima Indians Diabetes,Maximo,17,NA
RAW,03-Pima Indians Diabetes,Maximo,18,NA
RAW,03-Pima Indians Diabetes,Maximo,19,NA
RAW,03-Pima Indians Diabetes,Maximo,20,NA
RAW,03-Pima Indians Diabetes,Maximo,21,NA
RAW,03-Pima Indians Diabetes,Maximo,22,NA
RAW,03-Pima Indians Diabetes,Maximo,23,NA
RAW,03-Pima Indians Diabetes,Maximo,24,NA
RAW,03-Pima Indians Diabetes,Maximo,25,NA
RAW,03-Pima Indians Diabetes,Maximo,26,NA
RAW,03-Pima Indians Diabetes,Maximo,27,NA
RAW,03-Pima Indians Diabetes,Maximo,28,NA
RAW,03-Pima Indians Diabetes,Maximo,29,NA
RAW,03-Pima Indians Diabetes,Maximo,30,NA
RAW,03-Pima Indians Diabetes,Maximo,31,NA
RAW,03-Pima Indians Diabetes,Maximo,32,NA
RAW,03-Pima Indians Diabetes,Maximo,33,NA
RAW,03-Pima Indians Diabetes,Maximo,34,NA
RAW,03-Pima Indians Diabetes,Maximo,35,NA
RAW,03-Pima Indians Diabetes,Maximo,36,NA
RAW,03-Pima Indians Diabetes,Maximo,37,NA
RAW,03-Pima Indians Diabetes,Maximo,38,NA
RAW,03-Pima Indians Diabetes,Maximo,39,NA
RAW,03-Pima Indians Diabetes,Maximo,40,NA
RAW,03-Pima Indians Diabetes,Maximo,41,NA
RAW,03-Pima Indians Diabetes,Maximo,42,NA
RAW,03-Pima Indians Diabetes,Maximo,43,NA
RAW,03-Pima Indians Diabetes,Maximo,44,NA
RAW,03-Pima Indians Diabetes,Maximo,45,NA
RAW,03-Pima Indians Diabetes,Maximo,46,NA
RAW,03-Pima Indians Diabetes,Maximo,48,NA
RAW,03-Pima Indians Diabetes,Maximo,49,NA
RAW,04-Ionosphere,Media,time,NA
RAW,04-Ionosphere,Media,v1,NA
RAW,04-Ionosphere,Media,v2,NA
RAW,04-Ionosphere,Media,v3,NA
RAW,04-Ionosphere,Media,v4,NA
RAW,04-Ionosphere,Media,v5,NA
RAW,04-Ionosphere,Media,v6,NA
RAW,04-Ionosphere,Media,v7,NA
RAW,04-Ionosphere,Media,v8,NA
RAW,04-Ionosphere,Media,v9,NA
RAW,04-Ionosphere,Media,v10,NA
RAW,04-Ionosphere,Media,v11,NA
RAW,04-Ionosphere,Media,v12,NA
RAW,04-Ionosphere,Media,v13,NA
RAW,04-Ionosphere,Media,v14,NA
RAW,04-Ionosphere,Media,v15,NA
RAW,04-Ionosphere,Media,v16,NA
RAW,04-Ionosphere,Media,v17,NA
RAW,04-Ionosphere,Media,v18,NA
RAW,04-Ionosphere,Media,v19,NA
RAW,04-Ionosphere,Media,v20,NA
RAW,04-Ionosphere,Media,v21,NA
RAW,04-Ionosphere,Media,v22,NA
RAW,04-Ionosphere,Media,v23,NA
RAW,04-Ionosphere,Media,v24,NA
RAW,04-Ionosphere,Media,v25,NA
RAW,04-Ionosphere,Media,v26,NA
RAW,04-Ionosphere,Media,v27,NA
RAW,04-Ionosphere,Media,v28,NA
RAW,04-Ionosphere,Media,amount,NA
RAW,04-Ionosphere,Media,radius1,NA
RAW,04-Ionosphere,Media,texture1,NA
RAW,04-Ionosphere,Media,perimeter1,NA
RAW,04-Ionosphere,Media,area1,NA
RAW,04-Ionosphere,Media,smoothness1,NA
RAW,04-Ionosphere,Media,compactness1,NA
RAW,04-Ionosphere,Media,concavity1,NA
RAW,04-Ionosphere,Media,concave_points1,NA
RAW,04-Ionosphere,Media,symmetry1,NA
RAW,04-Ionosphere,Media,fractal_dimension1,NA
RAW,04-Ionosphere,Media,radius2,NA
RAW,04-Ionosphere,Media,texture2,NA
RAW,04-Ionosphere,Media,perimeter2,NA
RAW,04-Ionosphere,Media,area2,NA
RAW,04-Ionosphere,Media,smoothness2,NA
RAW,04-Ionosphere,Media,compactness2,NA
RAW,04-Ionosphere,Media,concavity2,NA
RAW,04-Ionosphere,Media,concave_points2,NA
RAW,04-Ionosphere,Media,symmetry2,NA
RAW,04-Ionosphere,Media,fractal_dimension2,NA
RAW,04-Ionosphere,Media,radius3,NA
RAW,04-Ionosphere,Media,texture3,NA
RAW,04-Ionosphere,Media,perimeter3,NA
RAW,04-Ionosphere,Media,area3,NA
RAW,04-Ionosphere,Media,smoothness3,NA
RAW,04-Ionosphere,Media,compactness3,NA
RAW,04-Ionosphere,Media,concavity3,NA
RAW,04-Ionosphere,Media,concave_points3,NA
RAW,04-Ionosphere,Media,symmetry3,NA
RAW,04-Ionosphere,Media,fractal_dimension3,NA
RAW,04-Ionosphere,Media,pregnancies,NA
RAW,04-Ionosphere,Media,glucose,NA
RAW,04-Ionosphere,Media,bloodpressure,NA
RAW,04-Ionosphere,Media,skinthickness,NA
RAW,04-Ionosphere,Media,insulin,NA
RAW,04-Ionosphere,Media,bmi,NA
RAW,04-Ionosphere,Media,diabetespedigreefunction,NA
RAW,04-Ionosphere,Media,age,NA
RAW,04-Ionosphere,Media,attribute01,0.8914285714285715
RAW,04-Ionosphere,Media,attribute02,0
RAW,04-Ionosphere,Media,attribute03,0.6403302857142857
RAW,04-Ionosphere,Media,attribute04,0.04466691428571429
RAW,04-Ionosphere,Media,attribute05,0.6003497142857143
RAW,04-Ionosphere,Media,attribute06,0.11615422857142857
RAW,04-Ionosphere,Media,attribute07,0.5492839714285714
RAW,04-Ionosphere,Media,attribute08,0.12077877142857142
RAW,04-Ionosphere,Media,attribute09,0.5104533714285714
RAW,04-Ionosphere,Media,attribute10,0.18175608571428573
RAW,04-Ionosphere,Media,attribute11,0.47510765714285713
RAW,04-Ionosphere,Media,attribute12,0.1559907142857143
RAW,04-Ionosphere,Media,attribute13,0.4002390571428571
RAW,04-Ionosphere,Media,attribute14,0.09496471428571429
RAW,04-Ionosphere,Media,attribute15,0.34341285714285713
RAW,04-Ionosphere,Media,attribute16,0.07242765714285715
RAW,04-Ionosphere,Media,attribute17,0.3806301142857143
RAW,04-Ionosphere,Media,attribute18,-0.002525942857142858
RAW,04-Ionosphere,Media,attribute19,0.35875322857142855
RAW,04-Ionosphere,Media,attribute20,-0.02317357142857143
RAW,04-Ionosphere,Media,attribute21,0.33602971428571426
RAW,04-Ionosphere,Media,attribute22,0.009167428571428571
RAW,04-Ionosphere,Media,attribute23,0.3624555428571429
RAW,04-Ionosphere,Media,attribute24,-0.056216714285714287
RAW,04-Ionosphere,Media,attribute25,0.3956433142857143
RAW,04-Ionosphere,Media,attribute26,-0.06992822857142857
RAW,04-Ionosphere,Media,attribute27,0.5420146857142857
RAW,04-Ionosphere,Media,attribute28,-0.0684172
RAW,04-Ionosphere,Media,attribute29,0.37891885714285717
RAW,04-Ionosphere,Media,attribute30,-0.02701282857142857
RAW,04-Ionosphere,Media,attribute31,0.3523132857142857
RAW,04-Ionosphere,Media,attribute32,-0.002247828571428572
RAW,04-Ionosphere,Media,attribute33,0.34982922857142856
RAW,04-Ionosphere,Media,attribute34,0.015815771428571428
RAW,04-Ionosphere,Media,aa,NA
RAW,04-Ionosphere,Media,ao,NA
RAW,04-Ionosphere,Media,dcl,NA
RAW,04-Ionosphere,Media,iy,NA
RAW,04-Ionosphere,Media,sh,NA
RAW,04-Ionosphere,Media,0,NA
RAW,04-Ionosphere,Media,1,NA
RAW,04-Ionosphere,Media,2,NA
RAW,04-Ionosphere,Media,3,NA
RAW,04-Ionosphere,Media,4,NA
RAW,04-Ionosphere,Media,5,NA
RAW,04-Ionosphere,Media,6,NA
RAW,04-Ionosphere,Media,7,NA
RAW,04-Ionosphere,Media,8,NA
RAW,04-Ionosphere,Media,9,NA
RAW,04-Ionosphere,Media,10,NA
RAW,04-Ionosphere,Media,11,NA
RAW,04-Ionosphere,Media,12,NA
RAW,04-Ionosphere,Media,13,NA
RAW,04-Ionosphere,Media,14,NA
RAW,04-Ionosphere,Media,15,NA
RAW,04-Ionosphere,Media,16,NA
RAW,04-Ionosphere,Media,17,NA
RAW,04-Ionosphere,Media,18,NA
RAW,04-Ionosphere,Media,19,NA
RAW,04-Ionosphere,Media,20,NA
RAW,04-Ionosphere,Media,21,NA
RAW,04-Ionosphere,Media,22,NA
RAW,04-Ionosphere,Media,23,NA
RAW,04-Ionosphere,Media,24,NA
RAW,04-Ionosphere,Media,25,NA
RAW,04-Ionosphere,Media,26,NA
RAW,04-Ionosphere,Media,27,NA
RAW,04-Ionosphere,Media,28,NA
RAW,04-Ionosphere,Media,29,NA
RAW,04-Ionosphere,Media,30,NA
RAW,04-Ionosphere,Media,31,NA
RAW,04-Ionosphere,Media,32,NA
RAW,04-Ionosphere,Media,33,NA
RAW,04-Ionosphere,Media,34,NA
RAW,04-Ionosphere,Media,35,NA
RAW,04-Ionosphere,Media,36,NA
RAW,04-Ionosphere,Media,37,NA
RAW,04-Ionosphere,Media,38,NA
RAW,04-Ionosphere,Media,39,NA
RAW,04-Ionosphere,Media,40,NA
RAW,04-Ionosphere,Media,41,NA
RAW,04-Ionosphere,Media,42,NA
RAW,04-Ionosphere,Media,43,NA
RAW,04-Ionosphere,Media,44,NA
RAW,04-Ionosphere,Media,45,NA
RAW,04-Ionosphere,Media,46,NA
RAW,04-Ionosphere,Media,48,NA
RAW,04-Ionosphere,Media,49,NA
RAW,04-Ionosphere,Desvio_Padrao,time,NA
RAW,04-Ionosphere,Desvio_Padrao,v1,NA
RAW,04-Ionosphere,Desvio_Padrao,v2,NA
RAW,04-Ionosphere,Desvio_Padrao,v3,NA
RAW,04-Ionosphere,Desvio_Padrao,v4,NA
RAW,04-Ionosphere,Desvio_Padrao,v5,NA
RAW,04-Ionosphere,Desvio_Padrao,v6,NA
RAW,04-Ionosphere,Desvio_Padrao,v7,NA
RAW,04-Ionosphere,Desvio_Padrao,v8,NA
RAW,04-Ionosphere,Desvio_Padrao,v9,NA
RAW,04-Ionosphere,Desvio_Padrao,v10,NA
RAW,04-Ionosphere,Desvio_Padrao,v11,NA
RAW,04-Ionosphere,Desvio_Padrao,v12,NA
RAW,04-Ionosphere,Desvio_Padrao,v13,NA
RAW,04-Ionosphere,Desvio_Padrao,v14,NA
RAW,04-Ionosphere,Desvio_Padrao,v15,NA
RAW,04-Ionosphere,Desvio_Padrao,v16,NA
RAW,04-Ionosphere,Desvio_Padrao,v17,NA
RAW,04-Ionosphere,Desvio_Padrao,v18,NA
RAW,04-Ionosphere,Desvio_Padrao,v19,NA
RAW,04-Ionosphere,Desvio_Padrao,v20,NA
RAW,04-Ionosphere,Desvio_Padrao,v21,NA
RAW,04-Ionosphere,Desvio_Padrao,v22,NA
RAW,04-Ionosphere,Desvio_Padrao,v23,NA
RAW,04-Ionosphere,Desvio_Padrao,v24,NA
RAW,04-Ionosphere,Desvio_Padrao,v25,NA
RAW,04-Ionosphere,Desvio_Padrao,v26,NA
RAW,04-Ionosphere,Desvio_Padrao,v27,NA
RAW,04-Ionosphere,Desvio_Padrao,v28,NA
RAW,04-Ionosphere,Desvio_Padrao,amount,NA
RAW,04-Ionosphere,Desvio_Padrao,radius1,NA
RAW,04-Ionosphere,Desvio_Padrao,texture1,NA
RAW,04-Ionosphere,Desvio_Padrao,perimeter1,NA
RAW,04-Ionosphere,Desvio_Padrao,area1,NA
RAW,04-Ionosphere,Desvio_Padrao,smoothness1,NA
RAW,04-Ionosphere,Desvio_Padrao,compactness1,NA
RAW,04-Ionosphere,Desvio_Padrao,concavity1,NA
RAW,04-Ionosphere,Desvio_Padrao,concave_points1,NA
RAW,04-Ionosphere,Desvio_Padrao,symmetry1,NA
RAW,04-Ionosphere,Desvio_Padrao,fractal_dimension1,NA
RAW,04-Ionosphere,Desvio_Padrao,radius2,NA
RAW,04-Ionosphere,Desvio_Padrao,texture2,NA
RAW,04-Ionosphere,Desvio_Padrao,perimeter2,NA
RAW,04-Ionosphere,Desvio_Padrao,area2,NA
RAW,04-Ionosphere,Desvio_Padrao,smoothness2,NA
RAW,04-Ionosphere,Desvio_Padrao,compactness2,NA
RAW,04-Ionosphere,Desvio_Padrao,concavity2,NA
RAW,04-Ionosphere,Desvio_Padrao,concave_points2,NA
RAW,04-Ionosphere,Desvio_Padrao,symmetry2,NA
RAW,04-Ionosphere,Desvio_Padrao,fractal_dimension2,NA
RAW,04-Ionosphere,Desvio_Padrao,radius3,NA
RAW,04-Ionosphere,Desvio_Padrao,texture3,NA
RAW,04-Ionosphere,Desvio_Padrao,perimeter3,NA
RAW,04-Ionosphere,Desvio_Padrao,area3,NA
RAW,04-Ionosphere,Desvio_Padrao,smoothness3,NA
RAW,04-Ionosphere,Desvio_Padrao,compactness3,NA
RAW,04-Ionosphere,Desvio_Padrao,concavity3,NA
RAW,04-Ionosphere,Desvio_Padrao,concave_points3,NA
RAW,04-Ionosphere,Desvio_Padrao,symmetry3,NA
RAW,04-Ionosphere,Desvio_Padrao,fractal_dimension3,NA
RAW,04-Ionosphere,Desvio_Padrao,pregnancies,NA
RAW,04-Ionosphere,Desvio_Padrao,glucose,NA
RAW,04-Ionosphere,Desvio_Padrao,bloodpressure,NA
RAW,04-Ionosphere,Desvio_Padrao,skinthickness,NA
RAW,04-Ionosphere,Desvio_Padrao,insulin,NA
RAW,04-Ionosphere,Desvio_Padrao,bmi,NA
RAW,04-Ionosphere,Desvio_Padrao,diabetespedigreefunction,NA
RAW,04-Ionosphere,Desvio_Padrao,age,NA
RAW,04-Ionosphere,Desvio_Padrao,attribute01,0.31154612914518115
RAW,04-Ionosphere,Desvio_Padrao,attribute02,0
RAW,04-Ionosphere,Desvio_Padrao,attribute03,0.49805927359584207
RAW,04-Ionosphere,Desvio_Padrao,attribute04,0.4420320983802805
RAW,04-Ionosphere,Desvio_Padrao,attribute05,0.5204313677019962
RAW,04-Ionosphere,Desvio_Padrao,attribute06,0.46144301321145476
RAW,04-Ionosphere,Desvio_Padrao,attribute07,0.49312432237809845
RAW,04-Ionosphere,Desvio_Padrao,attribute08,0.5208159833296301
RAW,04-Ionosphere,Desvio_Padrao,attribute09,0.5071167836653938
RAW,04-Ionosphere,Desvio_Padrao,attribute10,0.48448231596510855
RAW,04-Ionosphere,Desvio_Padrao,attribute11,0.5639425429741555
RAW,04-Ionosphere,Desvio_Padrao,attribute12,0.49520501771196757
RAW,04-Ionosphere,Desvio_Padrao,attribute13,0.6229876022466071
RAW,04-Ionosphere,Desvio_Padrao,attribute14,0.49472600373567155
RAW,04-Ionosphere,Desvio_Padrao,attribute15,0.6536124910377126
RAW,04-Ionosphere,Desvio_Padrao,attribute16,0.4583831087859622
RAW,04-Ionosphere,Desvio_Padrao,attribute17,0.6184102732329901
RAW,04-Ionosphere,Desvio_Padrao,attribute18,0.49705197859454614
RAW,04-Ionosphere,Desvio_Padrao,attribute19,0.6270497399926022
RAW,04-Ionosphere,Desvio_Padrao,attribute20,0.5195738859742172
RAW,04-Ionosphere,Desvio_Padrao,attribute21,0.6105736257098938
RAW,04-Ionosphere,Desvio_Padrao,attribute22,0.5186500204238234
RAW,04-Ionosphere,Desvio_Padrao,attribute23,0.6046317513869368
RAW,04-Ionosphere,Desvio_Padrao,attribute24,0.5277401443716754
RAW,04-Ionosphere,Desvio_Padrao,attribute25,0.5792056615482102
RAW,04-Ionosphere,Desvio_Padrao,attribute26,0.5086746496593103
RAW,04-Ionosphere,Desvio_Padrao,attribute27,0.516896087607279
RAW,04-Ionosphere,Desvio_Padrao,attribute28,0.5504114212079443
RAW,04-Ionosphere,Desvio_Padrao,attribute29,0.5766415426411365
RAW,04-Ionosphere,Desvio_Padrao,attribute30,0.5084245719189275
RAW,04-Ionosphere,Desvio_Padrao,attribute31,0.572289173846888
RAW,04-Ionosphere,Desvio_Padrao,attribute32,0.5134911087217048
RAW,04-Ionosphere,Desvio_Padrao,attribute33,0.5233387434339821
RAW,04-Ionosphere,Desvio_Padrao,attribute34,0.46833776672728356
RAW,04-Ionosphere,Desvio_Padrao,aa,NA
RAW,04-Ionosphere,Desvio_Padrao,ao,NA
RAW,04-Ionosphere,Desvio_Padrao,dcl,NA
RAW,04-Ionosphere,Desvio_Padrao,iy,NA
RAW,04-Ionosphere,Desvio_Padrao,sh,NA
RAW,04-Ionosphere,Desvio_Padrao,0,NA
RAW,04-Ionosphere,Desvio_Padrao,1,NA
RAW,04-Ionosphere,Desvio_Padrao,2,NA
RAW,04-Ionosphere,Desvio_Padrao,3,NA
RAW,04-Ionosphere,Desvio_Padrao,4,NA
RAW,04-Ionosphere,Desvio_Padrao,5,NA
RAW,04-Ionosphere,Desvio_Padrao,6,NA
RAW,04-Ionosphere,Desvio_Padrao,7,NA
RAW,04-Ionosphere,Desvio_Padrao,8,NA
RAW,04-Ionosphere,Desvio_Padrao,9,NA
RAW,04-Ionosphere,Desvio_Padrao,10,NA
RAW,04-Ionosphere,Desvio_Padrao,11,NA
RAW,04-Ionosphere,Desvio_Padrao,12,NA
RAW,04-Ionosphere,Desvio_Padrao,13,NA
RAW,04-Ionosphere,Desvio_Padrao,14,NA
RAW,04-Ionosphere,Desvio_Padrao,15,NA
RAW,04-Ionosphere,Desvio_Padrao,16,NA
RAW,04-Ionosphere,Desvio_Padrao,17,NA
RAW,04-Ionosphere,Desvio_Padrao,18,NA
RAW,04-Ionosphere,Desvio_Padrao,19,NA
RAW,04-Ionosphere,Desvio_Padrao,20,NA
RAW,04-Ionosphere,Desvio_Padrao,21,NA
RAW,04-Ionosphere,Desvio_Padrao,22,NA
RAW,04-Ionosphere,Desvio_Padrao,23,NA
RAW,04-Ionosphere,Desvio_Padrao,24,NA
RAW,04-Ionosphere,Desvio_Padrao,25,NA
RAW,04-Ionosphere,Desvio_Padrao,26,NA
RAW,04-Ionosphere,Desvio_Padrao,27,NA
RAW,04-Ionosphere,Desvio_Padrao,28,NA
RAW,04-Ionosphere,Desvio_Padrao,29,NA
RAW,04-Ionosphere,Desvio_Padrao,30,NA
RAW,04-Ionosphere,Desvio_Padrao,31,NA
RAW,04-Ionosphere,Desvio_Padrao,32,NA
RAW,04-Ionosphere,Desvio_Padrao,33,NA
RAW,04-Ionosphere,Desvio_Padrao,34,NA
RAW,04-Ionosphere,Desvio_Padrao,35,NA
RAW,04-Ionosphere,Desvio_Padrao,36,NA
RAW,04-Ionosphere,Desvio_Padrao,37,NA
RAW,04-Ionosphere,Desvio_Padrao,38,NA
RAW,04-Ionosphere,Desvio_Padrao,39,NA
RAW,04-Ionosphere,Desvio_Padrao,40,NA
RAW,04-Ionosphere,Desvio_Padrao,41,NA
RAW,04-Ionosphere,Desvio_Padrao,42,NA
RAW,04-Ionosphere,Desvio_Padrao,43,NA
RAW,04-Ionosphere,Desvio_Padrao,44,NA
RAW,04-Ionosphere,Desvio_Padrao,45,NA
RAW,04-Ionosphere,Desvio_Padrao,46,NA
RAW,04-Ionosphere,Desvio_Padrao,48,NA
RAW,04-Ionosphere,Desvio_Padrao,49,NA
RAW,04-Ionosphere,Minimo,time,NA
RAW,04-Ionosphere,Minimo,v1,NA
RAW,04-Ionosphere,Minimo,v2,NA
RAW,04-Ionosphere,Minimo,v3,NA
RAW,04-Ionosphere,Minimo,v4,NA
RAW,04-Ionosphere,Minimo,v5,NA
RAW,04-Ionosphere,Minimo,v6,NA
RAW,04-Ionosphere,Minimo,v7,NA
RAW,04-Ionosphere,Minimo,v8,NA
RAW,04-Ionosphere,Minimo,v9,NA
RAW,04-Ionosphere,Minimo,v10,NA
RAW,04-Ionosphere,Minimo,v11,NA
RAW,04-Ionosphere,Minimo,v12,NA
RAW,04-Ionosphere,Minimo,v13,NA
RAW,04-Ionosphere,Minimo,v14,NA
RAW,04-Ionosphere,Minimo,v15,NA
RAW,04-Ionosphere,Minimo,v16,NA
RAW,04-Ionosphere,Minimo,v17,NA
RAW,04-Ionosphere,Minimo,v18,NA
RAW,04-Ionosphere,Minimo,v19,NA
RAW,04-Ionosphere,Minimo,v20,NA
RAW,04-Ionosphere,Minimo,v21,NA
RAW,04-Ionosphere,Minimo,v22,NA
RAW,04-Ionosphere,Minimo,v23,NA
RAW,04-Ionosphere,Minimo,v24,NA
RAW,04-Ionosphere,Minimo,v25,NA
RAW,04-Ionosphere,Minimo,v26,NA
RAW,04-Ionosphere,Minimo,v27,NA
RAW,04-Ionosphere,Minimo,v28,NA
RAW,04-Ionosphere,Minimo,amount,NA
RAW,04-Ionosphere,Minimo,radius1,NA
RAW,04-Ionosphere,Minimo,texture1,NA
RAW,04-Ionosphere,Minimo,perimeter1,NA
RAW,04-Ionosphere,Minimo,area1,NA
RAW,04-Ionosphere,Minimo,smoothness1,NA
RAW,04-Ionosphere,Minimo,compactness1,NA
RAW,04-Ionosphere,Minimo,concavity1,NA
RAW,04-Ionosphere,Minimo,concave_points1,NA
RAW,04-Ionosphere,Minimo,symmetry1,NA
RAW,04-Ionosphere,Minimo,fractal_dimension1,NA
RAW,04-Ionosphere,Minimo,radius2,NA
RAW,04-Ionosphere,Minimo,texture2,NA
RAW,04-Ionosphere,Minimo,perimeter2,NA
RAW,04-Ionosphere,Minimo,area2,NA
RAW,04-Ionosphere,Minimo,smoothness2,NA
RAW,04-Ionosphere,Minimo,compactness2,NA
RAW,04-Ionosphere,Minimo,concavity2,NA
RAW,04-Ionosphere,Minimo,concave_points2,NA
RAW,04-Ionosphere,Minimo,symmetry2,NA
RAW,04-Ionosphere,Minimo,fractal_dimension2,NA
RAW,04-Ionosphere,Minimo,radius3,NA
RAW,04-Ionosphere,Minimo,texture3,NA
RAW,04-Ionosphere,Minimo,perimeter3,NA
RAW,04-Ionosphere,Minimo,area3,NA
RAW,04-Ionosphere,Minimo,smoothness3,NA
RAW,04-Ionosphere,Minimo,compactness3,NA
RAW,04-Ionosphere,Minimo,concavity3,NA
RAW,04-Ionosphere,Minimo,concave_points3,NA
RAW,04-Ionosphere,Minimo,symmetry3,NA
RAW,04-Ionosphere,Minimo,fractal_dimension3,NA
RAW,04-Ionosphere,Minimo,pregnancies,NA
RAW,04-Ionosphere,Minimo,glucose,NA
RAW,04-Ionosphere,Minimo,bloodpressure,NA
RAW,04-Ionosphere,Minimo,skinthickness,NA
RAW,04-Ionosphere,Minimo,insulin,NA
RAW,04-Ionosphere,Minimo,bmi,NA
RAW,04-Ionosphere,Minimo,diabetespedigreefunction,NA
RAW,04-Ionosphere,Minimo,age,NA
RAW,04-Ionosphere,Minimo,attribute01,0
RAW,04-Ionosphere,Minimo,attribute02,0
RAW,04-Ionosphere,Minimo,attribute03,-1
RAW,04-Ionosphere,Minimo,attribute04,-1
RAW,04-Ionosphere,Minimo,attribute05,-1
RAW,04-Ionosphere,Minimo,attribute06,-1
RAW,04-Ionosphere,Minimo,attribute07,-1
RAW,04-Ionosphere,Minimo,attribute08,-1
RAW,04-Ionosphere,Minimo,attribute09,-1
RAW,04-Ionosphere,Minimo,attribute10,-1
RAW,04-Ionosphere,Minimo,attribute11,-1
RAW,04-Ionosphere,Minimo,attribute12,-1
RAW,04-Ionosphere,Minimo,attribute13,-1
RAW,04-Ionosphere,Minimo,attribute14,-1
RAW,04-Ionosphere,Minimo,attribute15,-1
RAW,04-Ionosphere,Minimo,attribute16,-1
RAW,04-Ionosphere,Minimo,attribute17,-1
RAW,04-Ionosphere,Minimo,attribute18,-1
RAW,04-Ionosphere,Minimo,attribute19,-1
RAW,04-Ionosphere,Minimo,attribute20,-1
RAW,04-Ionosphere,Minimo,attribute21,-1
RAW,04-Ionosphere,Minimo,attribute22,-1
RAW,04-Ionosphere,Minimo,attribute23,-1
RAW,04-Ionosphere,Minimo,attribute24,-1
RAW,04-Ionosphere,Minimo,attribute25,-1
RAW,04-Ionosphere,Minimo,attribute26,-1
RAW,04-Ionosphere,Minimo,attribute27,-1
RAW,04-Ionosphere,Minimo,attribute28,-1
RAW,04-Ionosphere,Minimo,attribute29,-1
RAW,04-Ionosphere,Minimo,attribute30,-1
RAW,04-Ionosphere,Minimo,attribute31,-1
RAW,04-Ionosphere,Minimo,attribute32,-1
RAW,04-Ionosphere,Minimo,attribute33,-1
RAW,04-Ionosphere,Minimo,attribute34,-1
RAW,04-Ionosphere,Minimo,aa,NA
RAW,04-Ionosphere,Minimo,ao,NA
RAW,04-Ionosphere,Minimo,dcl,NA
RAW,04-Ionosphere,Minimo,iy,NA
RAW,04-Ionosphere,Minimo,sh,NA
RAW,04-Ionosphere,Minimo,0,NA
RAW,04-Ionosphere,Minimo,1,NA
RAW,04-Ionosphere,Minimo,2,NA
RAW,04-Ionosphere,Minimo,3,NA
RAW,04-Ionosphere,Minimo,4,NA
RAW,04-Ionosphere,Minimo,5,NA
RAW,04-Ionosphere,Minimo,6,NA
RAW,04-Ionosphere,Minimo,7,NA
RAW,04-Ionosphere,Minimo,8,NA
RAW,04-Ionosphere,Minimo,9,NA
RAW,04-Ionosphere,Minimo,10,NA
RAW,04-Ionosphere,Minimo,11,NA
RAW,04-Ionosphere,Minimo,12,NA
RAW,04-Ionosphere,Minimo,13,NA
RAW,04-Ionosphere,Minimo,14,NA
RAW,04-Ionosphere,Minimo,15,NA
RAW,04-Ionosphere,Minimo,16,NA
RAW,04-Ionosphere,Minimo,17,NA
RAW,04-Ionosphere,Minimo,18,NA
RAW,04-Ionosphere,Minimo,19,NA
RAW,04-Ionosphere,Minimo,20,NA
RAW,04-Ionosphere,Minimo,21,NA
RAW,04-Ionosphere,Minimo,22,NA
RAW,04-Ionosphere,Minimo,23,NA
RAW,04-Ionosphere,Minimo,24,NA
RAW,04-Ionosphere,Minimo,25,NA
RAW,04-Ionosphere,Minimo,26,NA
RAW,04-Ionosphere,Minimo,27,NA
RAW,04-Ionosphere,Minimo,28,NA
RAW,04-Ionosphere,Minimo,29,NA
RAW,04-Ionosphere,Minimo,30,NA
RAW,04-Ionosphere,Minimo,31,NA
RAW,04-Ionosphere,Minimo,32,NA
RAW,04-Ionosphere,Minimo,33,NA
RAW,04-Ionosphere,Minimo,34,NA
RAW,04-Ionosphere,Minimo,35,NA
RAW,04-Ionosphere,Minimo,36,NA
RAW,04-Ionosphere,Minimo,37,NA
RAW,04-Ionosphere,Minimo,38,NA
RAW,04-Ionosphere,Minimo,39,NA
RAW,04-Ionosphere,Minimo,40,NA
RAW,04-Ionosphere,Minimo,41,NA
RAW,04-Ionosphere,Minimo,42,NA
RAW,04-Ionosphere,Minimo,43,NA
RAW,04-Ionosphere,Minimo,44,NA
RAW,04-Ionosphere,Minimo,45,NA
RAW,04-Ionosphere,Minimo,46,NA
RAW,04-Ionosphere,Minimo,48,NA
RAW,04-Ionosphere,Minimo,49,NA
RAW,04-Ionosphere,Maximo,time,NA
RAW,04-Ionosphere,Maximo,v1,NA
RAW,04-Ionosphere,Maximo,v2,NA
RAW,04-Ionosphere,Maximo,v3,NA
RAW,04-Ionosphere,Maximo,v4,NA
RAW,04-Ionosphere,Maximo,v5,NA
RAW,04-Ionosphere,Maximo,v6,NA
RAW,04-Ionosphere,Maximo,v7,NA
RAW,04-Ionosphere,Maximo,v8,NA
RAW,04-Ionosphere,Maximo,v9,NA
RAW,04-Ionosphere,Maximo,v10,NA
RAW,04-Ionosphere,Maximo,v11,NA
RAW,04-Ionosphere,Maximo,v12,NA
RAW,04-Ionosphere,Maximo,v13,NA
RAW,04-Ionosphere,Maximo,v14,NA
RAW,04-Ionosphere,Maximo,v15,NA
RAW,04-Ionosphere,Maximo,v16,NA
RAW,04-Ionosphere,Maximo,v17,NA
RAW,04-Ionosphere,Maximo,v18,NA
RAW,04-Ionosphere,Maximo,v19,NA
RAW,04-Ionosphere,Maximo,v20,NA
RAW,04-Ionosphere,Maximo,v21,NA
RAW,04-Ionosphere,Maximo,v22,NA
RAW,04-Ionosphere,Maximo,v23,NA
RAW,04-Ionosphere,Maximo,v24,NA
RAW,04-Ionosphere,Maximo,v25,NA
RAW,04-Ionosphere,Maximo,v26,NA
RAW,04-Ionosphere,Maximo,v27,NA
RAW,04-Ionosphere,Maximo,v28,NA
RAW,04-Ionosphere,Maximo,amount,NA
RAW,04-Ionosphere,Maximo,radius1,NA
RAW,04-Ionosphere,Maximo,texture1,NA
RAW,04-Ionosphere,Maximo,perimeter1,NA
RAW,04-Ionosphere,Maximo,area1,NA
RAW,04-Ionosphere,Maximo,smoothness1,NA
RAW,04-Ionosphere,Maximo,compactness1,NA
RAW,04-Ionosphere,Maximo,concavity1,NA
RAW,04-Ionosphere,Maximo,concave_points1,NA
RAW,04-Ionosphere,Maximo,symmetry1,NA
RAW,04-Ionosphere,Maximo,fractal_dimension1,NA
RAW,04-Ionosphere,Maximo,radius2,NA
RAW,04-Ionosphere,Maximo,texture2,NA
RAW,04-Ionosphere,Maximo,perimeter2,NA
RAW,04-Ionosphere,Maximo,area2,NA
RAW,04-Ionosphere,Maximo,smoothness2,NA
RAW,04-Ionosphere,Maximo,compactness2,NA
RAW,04-Ionosphere,Maximo,concavity2,NA
RAW,04-Ionosphere,Maximo,concave_points2,NA
RAW,04-Ionosphere,Maximo,symmetry2,NA
RAW,04-Ionosphere,Maximo,fractal_dimension2,NA
RAW,04-Ionosphere,Maximo,radius3,NA
RAW,04-Ionosphere,Maximo,texture3,NA
RAW,04-Ionosphere,Maximo,perimeter3,NA
RAW,04-Ionosphere,Maximo,area3,NA
RAW,04-Ionosphere,Maximo,smoothness3,NA
RAW,04-Ionosphere,Maximo,compactness3,NA
RAW,04-Ionosphere,Maximo,concavity3,NA
RAW,04-Ionosphere,Maximo,concave_points3,NA
RAW,04-Ionosphere,Maximo,symmetry3,NA
RAW,04-Ionosphere,Maximo,fractal_dimension3,NA
RAW,04-Ionosphere,Maximo,pregnancies,NA
RAW,04-Ionosphere,Maximo,glucose,NA
RAW,04-Ionosphere,Maximo,bloodpressure,NA
RAW,04-Ionosphere,Maximo,skinthickness,NA
RAW,04-Ionosphere,Maximo,insulin,NA
RAW,04-Ionosphere,Maximo,bmi,NA
RAW,04-Ionosphere,Maximo,diabetespedigreefunction,NA
RAW,04-Ionosphere,Maximo,age,NA
RAW,04-Ionosphere,Maximo,attribute01,1
RAW,04-Ionosphere,Maximo,attribute02,0
RAW,04-Ionosphere,Maximo,attribute03,1
RAW,04-Ionosphere,Maximo,attribute04,1
RAW,04-Ionosphere,Maximo,attribute05,1
RAW,04-Ionosphere,Maximo,attribute06,1
RAW,04-Ionosphere,Maximo,attribute07,1
RAW,04-Ionosphere,Maximo,attribute08,1
RAW,04-Ionosphere,Maximo,attribute09,1
RAW,04-Ionosphere,Maximo,attribute10,1
RAW,04-Ionosphere,Maximo,attribute11,1
RAW,04-Ionosphere,Maximo,attribute12,1
RAW,04-Ionosphere,Maximo,attribute13,1
RAW,04-Ionosphere,Maximo,attribute14,1
RAW,04-Ionosphere,Maximo,attribute15,1
RAW,04-Ionosphere,Maximo,attribute16,1
RAW,04-Ionosphere,Maximo,attribute17,1
RAW,04-Ionosphere,Maximo,attribute18,1
RAW,04-Ionosphere,Maximo,attribute19,1
RAW,04-Ionosphere,Maximo,attribute20,1
RAW,04-Ionosphere,Maximo,attribute21,1
RAW,04-Ionosphere,Maximo,attribute22,1
RAW,04-Ionosphere,Maximo,attribute23,1
RAW,04-Ionosphere,Maximo,attribute24,1
RAW,04-Ionosphere,Maximo,attribute25,1
RAW,04-Ionosphere,Maximo,attribute26,1
RAW,04-Ionosphere,Maximo,attribute27,1
RAW,04-Ionosphere,Maximo,attribute28,1
RAW,04-Ionosphere,Maximo,attribute29,1
RAW,04-Ionosphere,Maximo,attribute30,1
RAW,04-Ionosphere,Maximo,attribute31,1
RAW,04-Ionosphere,Maximo,attribute32,1
RAW,04-Ionosphere,Maximo,attribute33,1
RAW,04-Ionosphere,Maximo,attribute34,1
RAW,04-Ionosphere,Maximo,aa,NA
RAW,04-Ionosphere,Maximo,ao,NA
RAW,04-Ionosphere,Maximo,dcl,NA
RAW,04-Ionosphere,Maximo,iy,NA
RAW,04-Ionosphere,Maximo,sh,NA
RAW,04-Ionosphere,Maximo,0,NA
RAW,04-Ionosphere,Maximo,1,NA
RAW,04-Ionosphere,Maximo,2,NA
RAW,04-Ionosphere,Maximo,3,NA
RAW,04-Ionosphere,Maximo,4,NA
RAW,04-Ionosphere,Maximo,5,NA
RAW,04-Ionosphere,Maximo,6,NA
RAW,04-Ionosphere,Maximo,7,NA
RAW,04-Ionosphere,Maximo,8,NA
RAW,04-Ionosphere,Maximo,9,NA
RAW,04-Ionosphere,Maximo,10,NA
RAW,04-Ionosphere,Maximo,11,NA
RAW,04-Ionosphere,Maximo,12,NA
RAW,04-Ionosphere,Maximo,13,NA
RAW,04-Ionosphere,Maximo,14,NA
RAW,04-Ionosphere,Maximo,15,NA
RAW,04-Ionosphere,Maximo,16,NA
RAW,04-Ionosphere,Maximo,17,NA
RAW,04-Ionosphere,Maximo,18,NA
RAW,04-Ionosphere,Maximo,19,NA
RAW,04-Ionosphere,Maximo,20,NA
RAW,04-Ionosphere,Maximo,21,NA
RAW,04-Ionosphere,Maximo,22,NA
RAW,04-Ionosphere,Maximo,23,NA
RAW,04-Ionosphere,Maximo,24,NA
RAW,04-Ionosphere,Maximo,25,NA
RAW,04-Ionosphere,Maximo,26,NA
RAW,04-Ionosphere,Maximo,27,NA
RAW,04-Ionosphere,Maximo,28,NA
RAW,04-Ionosphere,Maximo,29,NA
RAW,04-Ionosphere,Maximo,30,NA
RAW,04-Ionosphere,Maximo,31,NA
RAW,04-Ionosphere,Maximo,32,NA
RAW,04-Ionosphere,Maximo,33,NA
RAW,04-Ionosphere,Maximo,34,NA
RAW,04-Ionosphere,Maximo,35,NA
RAW,04-Ionosphere,Maximo,36,NA
RAW,04-Ionosphere,Maximo,37,NA
RAW,04-Ionosphere,Maximo,38,NA
RAW,04-Ionosphere,Maximo,39,NA
RAW,04-Ionosphere,Maximo,40,NA
RAW,04-Ionosphere,Maximo,41,NA
RAW,04-Ionosphere,Maximo,42,NA
RAW,04-Ionosphere,Maximo,43,NA
RAW,04-Ionosphere,Maximo,44,NA
RAW,04-Ionosphere,Maximo,45,NA
RAW,04-Ionosphere,Maximo,46,NA
RAW,04-Ionosphere,Maximo,48,NA
RAW,04-Ionosphere,Maximo,49,NA
RAW,05-phoneme,Media,time,NA
RAW,05-phoneme,Media,v1,NA
RAW,05-phoneme,Media,v2,NA
RAW,05-phoneme,Media,v3,NA
RAW,05-phoneme,Media,v4,NA
RAW,05-phoneme,Media,v5,NA
RAW,05-phoneme,Media,v6,NA
RAW,05-phoneme,Media,v7,NA
RAW,05-phoneme,Media,v8,NA
RAW,05-phoneme,Media,v9,NA
RAW,05-phoneme,Media,v10,NA
RAW,05-phoneme,Media,v11,NA
RAW,05-phoneme,Media,v12,NA
RAW,05-phoneme,Media,v13,NA
RAW,05-phoneme,Media,v14,NA
RAW,05-phoneme,Media,v15,NA
RAW,05-phoneme,Media,v16,NA
RAW,05-phoneme,Media,v17,NA
RAW,05-phoneme,Media,v18,NA
RAW,05-phoneme,Media,v19,NA
RAW,05-phoneme,Media,v20,NA
RAW,05-phoneme,Media,v21,NA
RAW,05-phoneme,Media,v22,NA
RAW,05-phoneme,Media,v23,NA
RAW,05-phoneme,Media,v24,NA
RAW,05-phoneme,Media,v25,NA
RAW,05-phoneme,Media,v26,NA
RAW,05-phoneme,Media,v27,NA
RAW,05-phoneme,Media,v28,NA
RAW,05-phoneme,Media,amount,NA
RAW,05-phoneme,Media,radius1,NA
RAW,05-phoneme,Media,texture1,NA
RAW,05-phoneme,Media,perimeter1,NA
RAW,05-phoneme,Media,area1,NA
RAW,05-phoneme,Media,smoothness1,NA
RAW,05-phoneme,Media,compactness1,NA
RAW,05-phoneme,Media,concavity1,NA
RAW,05-phoneme,Media,concave_points1,NA
RAW,05-phoneme,Media,symmetry1,NA
RAW,05-phoneme,Media,fractal_dimension1,NA
RAW,05-phoneme,Media,radius2,NA
RAW,05-phoneme,Media,texture2,NA
RAW,05-phoneme,Media,perimeter2,NA
RAW,05-phoneme,Media,area2,NA
RAW,05-phoneme,Media,smoothness2,NA
RAW,05-phoneme,Media,compactness2,NA
RAW,05-phoneme,Media,concavity2,NA
RAW,05-phoneme,Media,concave_points2,NA
RAW,05-phoneme,Media,symmetry2,NA
RAW,05-phoneme,Media,fractal_dimension2,NA
RAW,05-phoneme,Media,radius3,NA
RAW,05-phoneme,Media,texture3,NA
RAW,05-phoneme,Media,perimeter3,NA
RAW,05-phoneme,Media,area3,NA
RAW,05-phoneme,Media,smoothness3,NA
RAW,05-phoneme,Media,compactness3,NA
RAW,05-phoneme,Media,concavity3,NA
RAW,05-phoneme,Media,concave_points3,NA
RAW,05-phoneme,Media,symmetry3,NA
RAW,05-phoneme,Media,fractal_dimension3,NA
RAW,05-phoneme,Media,pregnancies,NA
RAW,05-phoneme,Media,glucose,NA
RAW,05-phoneme,Media,bloodpressure,NA
RAW,05-phoneme,Media,skinthickness,NA
RAW,05-phoneme,Media,insulin,NA
RAW,05-phoneme,Media,bmi,NA
RAW,05-phoneme,Media,diabetespedigreefunction,NA
RAW,05-phoneme,Media,age,NA
RAW,05-phoneme,Media,attribute01,NA
RAW,05-phoneme,Media,attribute02,NA
RAW,05-phoneme,Media,attribute03,NA
RAW,05-phoneme,Media,attribute04,NA
RAW,05-phoneme,Media,attribute05,NA
RAW,05-phoneme,Media,attribute06,NA
RAW,05-phoneme,Media,attribute07,NA
RAW,05-phoneme,Media,attribute08,NA
RAW,05-phoneme,Media,attribute09,NA
RAW,05-phoneme,Media,attribute10,NA
RAW,05-phoneme,Media,attribute11,NA
RAW,05-phoneme,Media,attribute12,NA
RAW,05-phoneme,Media,attribute13,NA
RAW,05-phoneme,Media,attribute14,NA
RAW,05-phoneme,Media,attribute15,NA
RAW,05-phoneme,Media,attribute16,NA
RAW,05-phoneme,Media,attribute17,NA
RAW,05-phoneme,Media,attribute18,NA
RAW,05-phoneme,Media,attribute19,NA
RAW,05-phoneme,Media,attribute20,NA
RAW,05-phoneme,Media,attribute21,NA
RAW,05-phoneme,Media,attribute22,NA
RAW,05-phoneme,Media,attribute23,NA
RAW,05-phoneme,Media,attribute24,NA
RAW,05-phoneme,Media,attribute25,NA
RAW,05-phoneme,Media,attribute26,NA
RAW,05-phoneme,Media,attribute27,NA
RAW,05-phoneme,Media,attribute28,NA
RAW,05-phoneme,Media,attribute29,NA
RAW,05-phoneme,Media,attribute30,NA
RAW,05-phoneme,Media,attribute31,NA
RAW,05-phoneme,Media,attribute32,NA
RAW,05-phoneme,Media,attribute33,NA
RAW,05-phoneme,Media,attribute34,NA
RAW,05-phoneme,Media,aa,0.8189572538860104
RAW,05-phoneme,Media,ao,1.258801998519615
RAW,05-phoneme,Media,dcl,0.7647316802368616
RAW,05-phoneme,Media,iy,0.3987425980754996
RAW,05-phoneme,Media,sh,0.07861880088823094
RAW,05-phoneme,Media,0,NA
RAW,05-phoneme,Media,1,NA
RAW,05-phoneme,Media,2,NA
RAW,05-phoneme,Media,3,NA
RAW,05-phoneme,Media,4,NA
RAW,05-phoneme,Media,5,NA
RAW,05-phoneme,Media,6,NA
RAW,05-phoneme,Media,7,NA
RAW,05-phoneme,Media,8,NA
RAW,05-phoneme,Media,9,NA
RAW,05-phoneme,Media,10,NA
RAW,05-phoneme,Media,11,NA
RAW,05-phoneme,Media,12,NA
RAW,05-phoneme,Media,13,NA
RAW,05-phoneme,Media,14,NA
RAW,05-phoneme,Media,15,NA
RAW,05-phoneme,Media,16,NA
RAW,05-phoneme,Media,17,NA
RAW,05-phoneme,Media,18,NA
RAW,05-phoneme,Media,19,NA
RAW,05-phoneme,Media,20,NA
RAW,05-phoneme,Media,21,NA
RAW,05-phoneme,Media,22,NA
RAW,05-phoneme,Media,23,NA
RAW,05-phoneme,Media,24,NA
RAW,05-phoneme,Media,25,NA
RAW,05-phoneme,Media,26,NA
RAW,05-phoneme,Media,27,NA
RAW,05-phoneme,Media,28,NA
RAW,05-phoneme,Media,29,NA
RAW,05-phoneme,Media,30,NA
RAW,05-phoneme,Media,31,NA
RAW,05-phoneme,Media,32,NA
RAW,05-phoneme,Media,33,NA
RAW,05-phoneme,Media,34,NA
RAW,05-phoneme,Media,35,NA
RAW,05-phoneme,Media,36,NA
RAW,05-phoneme,Media,37,NA
RAW,05-phoneme,Media,38,NA
RAW,05-phoneme,Media,39,NA
RAW,05-phoneme,Media,40,NA
RAW,05-phoneme,Media,41,NA
RAW,05-phoneme,Media,42,NA
RAW,05-phoneme,Media,43,NA
RAW,05-phoneme,Media,44,NA
RAW,05-phoneme,Media,45,NA
RAW,05-phoneme,Media,46,NA
RAW,05-phoneme,Media,48,NA
RAW,05-phoneme,Media,49,NA
RAW,05-phoneme,Desvio_Padrao,time,NA
RAW,05-phoneme,Desvio_Padrao,v1,NA
RAW,05-phoneme,Desvio_Padrao,v2,NA
RAW,05-phoneme,Desvio_Padrao,v3,NA
RAW,05-phoneme,Desvio_Padrao,v4,NA
RAW,05-phoneme,Desvio_Padrao,v5,NA
RAW,05-phoneme,Desvio_Padrao,v6,NA
RAW,05-phoneme,Desvio_Padrao,v7,NA
RAW,05-phoneme,Desvio_Padrao,v8,NA
RAW,05-phoneme,Desvio_Padrao,v9,NA
RAW,05-phoneme,Desvio_Padrao,v10,NA
RAW,05-phoneme,Desvio_Padrao,v11,NA
RAW,05-phoneme,Desvio_Padrao,v12,NA
RAW,05-phoneme,Desvio_Padrao,v13,NA
RAW,05-phoneme,Desvio_Padrao,v14,NA
RAW,05-phoneme,Desvio_Padrao,v15,NA
RAW,05-phoneme,Desvio_Padrao,v16,NA
RAW,05-phoneme,Desvio_Padrao,v17,NA
RAW,05-phoneme,Desvio_Padrao,v18,NA
RAW,05-phoneme,Desvio_Padrao,v19,NA
RAW,05-phoneme,Desvio_Padrao,v20,NA
RAW,05-phoneme,Desvio_Padrao,v21,NA
RAW,05-phoneme,Desvio_Padrao,v22,NA
RAW,05-phoneme,Desvio_Padrao,v23,NA
RAW,05-phoneme,Desvio_Padrao,v24,NA
RAW,05-phoneme,Desvio_Padrao,v25,NA
RAW,05-phoneme,Desvio_Padrao,v26,NA
RAW,05-phoneme,Desvio_Padrao,v27,NA
RAW,05-phoneme,Desvio_Padrao,v28,NA
RAW,05-phoneme,Desvio_Padrao,amount,NA
RAW,05-phoneme,Desvio_Padrao,radius1,NA
RAW,05-phoneme,Desvio_Padrao,texture1,NA
RAW,05-phoneme,Desvio_Padrao,perimeter1,NA
RAW,05-phoneme,Desvio_Padrao,area1,NA
RAW,05-phoneme,Desvio_Padrao,smoothness1,NA
RAW,05-phoneme,Desvio_Padrao,compactness1,NA
RAW,05-phoneme,Desvio_Padrao,concavity1,NA
RAW,05-phoneme,Desvio_Padrao,concave_points1,NA
RAW,05-phoneme,Desvio_Padrao,symmetry1,NA
RAW,05-phoneme,Desvio_Padrao,fractal_dimension1,NA
RAW,05-phoneme,Desvio_Padrao,radius2,NA
RAW,05-phoneme,Desvio_Padrao,texture2,NA
RAW,05-phoneme,Desvio_Padrao,perimeter2,NA
RAW,05-phoneme,Desvio_Padrao,area2,NA
RAW,05-phoneme,Desvio_Padrao,smoothness2,NA
RAW,05-phoneme,Desvio_Padrao,compactness2,NA
RAW,05-phoneme,Desvio_Padrao,concavity2,NA
RAW,05-phoneme,Desvio_Padrao,concave_points2,NA
RAW,05-phoneme,Desvio_Padrao,symmetry2,NA
RAW,05-phoneme,Desvio_Padrao,fractal_dimension2,NA
RAW,05-phoneme,Desvio_Padrao,radius3,NA
RAW,05-phoneme,Desvio_Padrao,texture3,NA
RAW,05-phoneme,Desvio_Padrao,perimeter3,NA
RAW,05-phoneme,Desvio_Padrao,area3,NA
RAW,05-phoneme,Desvio_Padrao,smoothness3,NA
RAW,05-phoneme,Desvio_Padrao,compactness3,NA
RAW,05-phoneme,Desvio_Padrao,concavity3,NA
RAW,05-phoneme,Desvio_Padrao,concave_points3,NA
RAW,05-phoneme,Desvio_Padrao,symmetry3,NA
RAW,05-phoneme,Desvio_Padrao,fractal_dimension3,NA
RAW,05-phoneme,Desvio_Padrao,pregnancies,NA
RAW,05-phoneme,Desvio_Padrao,glucose,NA
RAW,05-phoneme,Desvio_Padrao,bloodpressure,NA
RAW,05-phoneme,Desvio_Padrao,skinthickness,NA
RAW,05-phoneme,Desvio_Padrao,insulin,NA
RAW,05-phoneme,Desvio_Padrao,bmi,NA
RAW,05-phoneme,Desvio_Padrao,diabetespedigreefunction,NA
RAW,05-phoneme,Desvio_Padrao,age,NA
RAW,05-phoneme,Desvio_Padrao,attribute01,NA
RAW,05-phoneme,Desvio_Padrao,attribute02,NA
RAW,05-phoneme,Desvio_Padrao,attribute03,NA
RAW,05-phoneme,Desvio_Padrao,attribute04,NA
RAW,05-phoneme,Desvio_Padrao,attribute05,NA
RAW,05-phoneme,Desvio_Padrao,attribute06,NA
RAW,05-phoneme,Desvio_Padrao,attribute07,NA
RAW,05-phoneme,Desvio_Padrao,attribute08,NA
RAW,05-phoneme,Desvio_Padrao,attribute09,NA
RAW,05-phoneme,Desvio_Padrao,attribute10,NA
RAW,05-phoneme,Desvio_Padrao,attribute11,NA
RAW,05-phoneme,Desvio_Padrao,attribute12,NA
RAW,05-phoneme,Desvio_Padrao,attribute13,NA
RAW,05-phoneme,Desvio_Padrao,attribute14,NA
RAW,05-phoneme,Desvio_Padrao,attribute15,NA
RAW,05-phoneme,Desvio_Padrao,attribute16,NA
RAW,05-phoneme,Desvio_Padrao,attribute17,NA
RAW,05-phoneme,Desvio_Padrao,attribute18,NA
RAW,05-phoneme,Desvio_Padrao,attribute19,NA
RAW,05-phoneme,Desvio_Padrao,attribute20,NA
RAW,05-phoneme,Desvio_Padrao,attribute21,NA
RAW,05-phoneme,Desvio_Padrao,attribute22,NA
RAW,05-phoneme,Desvio_Padrao,attribute23,NA
RAW,05-phoneme,Desvio_Padrao,attribute24,NA
RAW,05-phoneme,Desvio_Padrao,attribute25,NA
RAW,05-phoneme,Desvio_Padrao,attribute26,NA
RAW,05-phoneme,Desvio_Padrao,attribute27,NA
RAW,05-phoneme,Desvio_Padrao,attribute28,NA
RAW,05-phoneme,Desvio_Padrao,attribute29,NA
RAW,05-phoneme,Desvio_Padrao,attribute30,NA
RAW,05-phoneme,Desvio_Padrao,attribute31,NA
RAW,05-phoneme,Desvio_Padrao,attribute32,NA
RAW,05-phoneme,Desvio_Padrao,attribute33,NA
RAW,05-phoneme,Desvio_Padrao,attribute34,NA
RAW,05-phoneme,Desvio_Padrao,aa,0.8587330626619015
RAW,05-phoneme,Desvio_Padrao,ao,0.851057354366728
RAW,05-phoneme,Desvio_Padrao,dcl,0.9254363880945388
RAW,05-phoneme,Desvio_Padrao,iy,0.7965310267984457
RAW,05-phoneme,Desvio_Padrao,sh,0.5756242172169029
RAW,05-phoneme,Desvio_Padrao,0,NA
RAW,05-phoneme,Desvio_Padrao,1,NA
RAW,05-phoneme,Desvio_Padrao,2,NA
RAW,05-phoneme,Desvio_Padrao,3,NA
RAW,05-phoneme,Desvio_Padrao,4,NA
RAW,05-phoneme,Desvio_Padrao,5,NA
RAW,05-phoneme,Desvio_Padrao,6,NA
RAW,05-phoneme,Desvio_Padrao,7,NA
RAW,05-phoneme,Desvio_Padrao,8,NA
RAW,05-phoneme,Desvio_Padrao,9,NA
RAW,05-phoneme,Desvio_Padrao,10,NA
RAW,05-phoneme,Desvio_Padrao,11,NA
RAW,05-phoneme,Desvio_Padrao,12,NA
RAW,05-phoneme,Desvio_Padrao,13,NA
RAW,05-phoneme,Desvio_Padrao,14,NA
RAW,05-phoneme,Desvio_Padrao,15,NA
RAW,05-phoneme,Desvio_Padrao,16,NA
RAW,05-phoneme,Desvio_Padrao,17,NA
RAW,05-phoneme,Desvio_Padrao,18,NA
RAW,05-phoneme,Desvio_Padrao,19,NA
RAW,05-phoneme,Desvio_Padrao,20,NA
RAW,05-phoneme,Desvio_Padrao,21,NA
RAW,05-phoneme,Desvio_Padrao,22,NA
RAW,05-phoneme,Desvio_Padrao,23,NA
RAW,05-phoneme,Desvio_Padrao,24,NA
RAW,05-phoneme,Desvio_Padrao,25,NA
RAW,05-phoneme,Desvio_Padrao,26,NA
RAW,05-phoneme,Desvio_Padrao,27,NA
RAW,05-phoneme,Desvio_Padrao,28,NA
RAW,05-phoneme,Desvio_Padrao,29,NA
RAW,05-phoneme,Desvio_Padrao,30,NA
RAW,05-phoneme,Desvio_Padrao,31,NA
RAW,05-phoneme,Desvio_Padrao,32,NA
RAW,05-phoneme,Desvio_Padrao,33,NA
RAW,05-phoneme,Desvio_Padrao,34,NA
RAW,05-phoneme,Desvio_Padrao,35,NA
RAW,05-phoneme,Desvio_Padrao,36,NA
RAW,05-phoneme,Desvio_Padrao,37,NA
RAW,05-phoneme,Desvio_Padrao,38,NA
RAW,05-phoneme,Desvio_Padrao,39,NA
RAW,05-phoneme,Desvio_Padrao,40,NA
RAW,05-phoneme,Desvio_Padrao,41,NA
RAW,05-phoneme,Desvio_Padrao,42,NA
RAW,05-phoneme,Desvio_Padrao,43,NA
RAW,05-phoneme,Desvio_Padrao,44,NA
RAW,05-phoneme,Desvio_Padrao,45,NA
RAW,05-phoneme,Desvio_Padrao,46,NA
RAW,05-phoneme,Desvio_Padrao,48,NA
RAW,05-phoneme,Desvio_Padrao,49,NA
RAW,05-phoneme,Minimo,time,NA
RAW,05-phoneme,Minimo,v1,NA
RAW,05-phoneme,Minimo,v2,NA
RAW,05-phoneme,Minimo,v3,NA
RAW,05-phoneme,Minimo,v4,NA
RAW,05-phoneme,Minimo,v5,NA
RAW,05-phoneme,Minimo,v6,NA
RAW,05-phoneme,Minimo,v7,NA
RAW,05-phoneme,Minimo,v8,NA
RAW,05-phoneme,Minimo,v9,NA
RAW,05-phoneme,Minimo,v10,NA
RAW,05-phoneme,Minimo,v11,NA
RAW,05-phoneme,Minimo,v12,NA
RAW,05-phoneme,Minimo,v13,NA
RAW,05-phoneme,Minimo,v14,NA
RAW,05-phoneme,Minimo,v15,NA
RAW,05-phoneme,Minimo,v16,NA
RAW,05-phoneme,Minimo,v17,NA
RAW,05-phoneme,Minimo,v18,NA
RAW,05-phoneme,Minimo,v19,NA
RAW,05-phoneme,Minimo,v20,NA
RAW,05-phoneme,Minimo,v21,NA
RAW,05-phoneme,Minimo,v22,NA
RAW,05-phoneme,Minimo,v23,NA
RAW,05-phoneme,Minimo,v24,NA
RAW,05-phoneme,Minimo,v25,NA
RAW,05-phoneme,Minimo,v26,NA
RAW,05-phoneme,Minimo,v27,NA
RAW,05-phoneme,Minimo,v28,NA
RAW,05-phoneme,Minimo,amount,NA
RAW,05-phoneme,Minimo,radius1,NA
RAW,05-phoneme,Minimo,texture1,NA
RAW,05-phoneme,Minimo,perimeter1,NA
RAW,05-phoneme,Minimo,area1,NA
RAW,05-phoneme,Minimo,smoothness1,NA
RAW,05-phoneme,Minimo,compactness1,NA
RAW,05-phoneme,Minimo,concavity1,NA
RAW,05-phoneme,Minimo,concave_points1,NA
RAW,05-phoneme,Minimo,symmetry1,NA
RAW,05-phoneme,Minimo,fractal_dimension1,NA
RAW,05-phoneme,Minimo,radius2,NA
RAW,05-phoneme,Minimo,texture2,NA
RAW,05-phoneme,Minimo,perimeter2,NA
RAW,05-phoneme,Minimo,area2,NA
RAW,05-phoneme,Minimo,smoothness2,NA
RAW,05-phoneme,Minimo,compactness2,NA
RAW,05-phoneme,Minimo,concavity2,NA
RAW,05-phoneme,Minimo,concave_points2,NA
RAW,05-phoneme,Minimo,symmetry2,NA
RAW,05-phoneme,Minimo,fractal_dimension2,NA
RAW,05-phoneme,Minimo,radius3,NA
RAW,05-phoneme,Minimo,texture3,NA
RAW,05-phoneme,Minimo,perimeter3,NA
RAW,05-phoneme,Minimo,area3,NA
RAW,05-phoneme,Minimo,smoothness3,NA
RAW,05-phoneme,Minimo,compactness3,NA
RAW,05-phoneme,Minimo,concavity3,NA
RAW,05-phoneme,Minimo,concave_points3,NA
RAW,05-phoneme,Minimo,symmetry3,NA
RAW,05-phoneme,Minimo,fractal_dimension3,NA
RAW,05-phoneme,Minimo,pregnancies,NA
RAW,05-phoneme,Minimo,glucose,NA
RAW,05-phoneme,Minimo,bloodpressure,NA
RAW,05-phoneme,Minimo,skinthickness,NA
RAW,05-phoneme,Minimo,insulin,NA
RAW,05-phoneme,Minimo,bmi,NA
RAW,05-phoneme,Minimo,diabetespedigreefunction,NA
RAW,05-phoneme,Minimo,age,NA
RAW,05-phoneme,Minimo,attribute01,NA
RAW,05-phoneme,Minimo,attribute02,NA
RAW,05-phoneme,Minimo,attribute03,NA
RAW,05-phoneme,Minimo,attribute04,NA
RAW,05-phoneme,Minimo,attribute05,NA
RAW,05-phoneme,Minimo,attribute06,NA
RAW,05-phoneme,Minimo,attribute07,NA
RAW,05-phoneme,Minimo,attribute08,NA
RAW,05-phoneme,Minimo,attribute09,NA
RAW,05-phoneme,Minimo,attribute10,NA
RAW,05-phoneme,Minimo,attribute11,NA
RAW,05-phoneme,Minimo,attribute12,NA
RAW,05-phoneme,Minimo,attribute13,NA
RAW,05-phoneme,Minimo,attribute14,NA
RAW,05-phoneme,Minimo,attribute15,NA
RAW,05-phoneme,Minimo,attribute16,NA
RAW,05-phoneme,Minimo,attribute17,NA
RAW,05-phoneme,Minimo,attribute18,NA
RAW,05-phoneme,Minimo,attribute19,NA
RAW,05-phoneme,Minimo,attribute20,NA
RAW,05-phoneme,Minimo,attribute21,NA
RAW,05-phoneme,Minimo,attribute22,NA
RAW,05-phoneme,Minimo,attribute23,NA
RAW,05-phoneme,Minimo,attribute24,NA
RAW,05-phoneme,Minimo,attribute25,NA
RAW,05-phoneme,Minimo,attribute26,NA
RAW,05-phoneme,Minimo,attribute27,NA
RAW,05-phoneme,Minimo,attribute28,NA
RAW,05-phoneme,Minimo,attribute29,NA
RAW,05-phoneme,Minimo,attribute30,NA
RAW,05-phoneme,Minimo,attribute31,NA
RAW,05-phoneme,Minimo,attribute32,NA
RAW,05-phoneme,Minimo,attribute33,NA
RAW,05-phoneme,Minimo,attribute34,NA
RAW,05-phoneme,Minimo,aa,-1.7
RAW,05-phoneme,Minimo,ao,-1.327
RAW,05-phoneme,Minimo,dcl,-1.823
RAW,05-phoneme,Minimo,iy,-1.581
RAW,05-phoneme,Minimo,sh,-1.284
RAW,05-phoneme,Minimo,0,NA
RAW,05-phoneme,Minimo,1,NA
RAW,05-phoneme,Minimo,2,NA
RAW,05-phoneme,Minimo,3,NA
RAW,05-phoneme,Minimo,4,NA
RAW,05-phoneme,Minimo,5,NA
RAW,05-phoneme,Minimo,6,NA
RAW,05-phoneme,Minimo,7,NA
RAW,05-phoneme,Minimo,8,NA
RAW,05-phoneme,Minimo,9,NA
RAW,05-phoneme,Minimo,10,NA
RAW,05-phoneme,Minimo,11,NA
RAW,05-phoneme,Minimo,12,NA
RAW,05-phoneme,Minimo,13,NA
RAW,05-phoneme,Minimo,14,NA
RAW,05-phoneme,Minimo,15,NA
RAW,05-phoneme,Minimo,16,NA
RAW,05-phoneme,Minimo,17,NA
RAW,05-phoneme,Minimo,18,NA
RAW,05-phoneme,Minimo,19,NA
RAW,05-phoneme,Minimo,20,NA
RAW,05-phoneme,Minimo,21,NA
RAW,05-phoneme,Minimo,22,NA
RAW,05-phoneme,Minimo,23,NA
RAW,05-phoneme,Minimo,24,NA
RAW,05-phoneme,Minimo,25,NA
RAW,05-phoneme,Minimo,26,NA
RAW,05-phoneme,Minimo,27,NA
RAW,05-phoneme,Minimo,28,NA
RAW,05-phoneme,Minimo,29,NA
RAW,05-phoneme,Minimo,30,NA
RAW,05-phoneme,Minimo,31,NA
RAW,05-phoneme,Minimo,32,NA
RAW,05-phoneme,Minimo,33,NA
RAW,05-phoneme,Minimo,34,NA
RAW,05-phoneme,Minimo,35,NA
RAW,05-phoneme,Minimo,36,NA
RAW,05-phoneme,Minimo,37,NA
RAW,05-phoneme,Minimo,38,NA
RAW,05-phoneme,Minimo,39,NA
RAW,05-phoneme,Minimo,40,NA
RAW,05-phoneme,Minimo,41,NA
RAW,05-phoneme,Minimo,42,NA
RAW,05-phoneme,Minimo,43,NA
RAW,05-phoneme,Minimo,44,NA
RAW,05-phoneme,Minimo,45,NA
RAW,05-phoneme,Minimo,46,NA
RAW,05-phoneme,Minimo,48,NA
RAW,05-phoneme,Minimo,49,NA
RAW,05-phoneme,Maximo,time,NA
RAW,05-phoneme,Maximo,v1,NA
RAW,05-phoneme,Maximo,v2,NA
RAW,05-phoneme,Maximo,v3,NA
RAW,05-phoneme,Maximo,v4,NA
RAW,05-phoneme,Maximo,v5,NA
RAW,05-phoneme,Maximo,v6,NA
RAW,05-phoneme,Maximo,v7,NA
RAW,05-phoneme,Maximo,v8,NA
RAW,05-phoneme,Maximo,v9,NA
RAW,05-phoneme,Maximo,v10,NA
RAW,05-phoneme,Maximo,v11,NA
RAW,05-phoneme,Maximo,v12,NA
RAW,05-phoneme,Maximo,v13,NA
RAW,05-phoneme,Maximo,v14,NA
RAW,05-phoneme,Maximo,v15,NA
RAW,05-phoneme,Maximo,v16,NA
RAW,05-phoneme,Maximo,v17,NA
RAW,05-phoneme,Maximo,v18,NA
RAW,05-phoneme,Maximo,v19,NA
RAW,05-phoneme,Maximo,v20,NA
RAW,05-phoneme,Maximo,v21,NA
RAW,05-phoneme,Maximo,v22,NA
RAW,05-phoneme,Maximo,v23,NA
RAW,05-phoneme,Maximo,v24,NA
RAW,05-phoneme,Maximo,v25,NA
RAW,05-phoneme,Maximo,v26,NA
RAW,05-phoneme,Maximo,v27,NA
RAW,05-phoneme,Maximo,v28,NA
RAW,05-phoneme,Maximo,amount,NA
RAW,05-phoneme,Maximo,radius1,NA
RAW,05-phoneme,Maximo,texture1,NA
RAW,05-phoneme,Maximo,perimeter1,NA
RAW,05-phoneme,Maximo,area1,NA
RAW,05-phoneme,Maximo,smoothness1,NA
RAW,05-phoneme,Maximo,compactness1,NA
RAW,05-phoneme,Maximo,concavity1,NA
RAW,05-phoneme,Maximo,concave_points1,NA
RAW,05-phoneme,Maximo,symmetry1,NA
RAW,05-phoneme,Maximo,fractal_dimension1,NA
RAW,05-phoneme,Maximo,radius2,NA
RAW,05-phoneme,Maximo,texture2,NA
RAW,05-phoneme,Maximo,perimeter2,NA
RAW,05-phoneme,Maximo,area2,NA
RAW,05-phoneme,Maximo,smoothness2,NA
RAW,05-phoneme,Maximo,compactness2,NA
RAW,05-phoneme,Maximo,concavity2,NA
RAW,05-phoneme,Maximo,concave_points2,NA
RAW,05-phoneme,Maximo,symmetry2,NA
RAW,05-phoneme,Maximo,fractal_dimension2,NA
RAW,05-phoneme,Maximo,radius3,NA
RAW,05-phoneme,Maximo,texture3,NA
RAW,05-phoneme,Maximo,perimeter3,NA
RAW,05-phoneme,Maximo,area3,NA
RAW,05-phoneme,Maximo,smoothness3,NA
RAW,05-phoneme,Maximo,compactness3,NA
RAW,05-phoneme,Maximo,concavity3,NA
RAW,05-phoneme,Maximo,concave_points3,NA
RAW,05-phoneme,Maximo,symmetry3,NA
RAW,05-phoneme,Maximo,fractal_dimension3,NA
RAW,05-phoneme,Maximo,pregnancies,NA
RAW,05-phoneme,Maximo,glucose,NA
RAW,05-phoneme,Maximo,bloodpressure,NA
RAW,05-phoneme,Maximo,skinthickness,NA
RAW,05-phoneme,Maximo,insulin,NA
RAW,05-phoneme,Maximo,bmi,NA
RAW,05-phoneme,Maximo,diabetespedigreefunction,NA
RAW,05-phoneme,Maximo,age,NA
RAW,05-phoneme,Maximo,attribute01,NA
RAW,05-phoneme,Maximo,attribute02,NA
RAW,05-phoneme,Maximo,attribute03,NA
RAW,05-phoneme,Maximo,attribute04,NA
RAW,05-phoneme,Maximo,attribute05,NA
RAW,05-phoneme,Maximo,attribute06,NA
RAW,05-phoneme,Maximo,attribute07,NA
RAW,05-phoneme,Maximo,attribute08,NA
RAW,05-phoneme,Maximo,attribute09,NA
RAW,05-phoneme,Maximo,attribute10,NA
RAW,05-phoneme,Maximo,attribute11,NA
RAW,05-phoneme,Maximo,attribute12,NA
RAW,05-phoneme,Maximo,attribute13,NA
RAW,05-phoneme,Maximo,attribute14,NA
RAW,05-phoneme,Maximo,attribute15,NA
RAW,05-phoneme,Maximo,attribute16,NA
RAW,05-phoneme,Maximo,attribute17,NA
RAW,05-phoneme,Maximo,attribute18,NA
RAW,05-phoneme,Maximo,attribute19,NA
RAW,05-phoneme,Maximo,attribute20,NA
RAW,05-phoneme,Maximo,attribute21,NA
RAW,05-phoneme,Maximo,attribute22,NA
RAW,05-phoneme,Maximo,attribute23,NA
RAW,05-phoneme,Maximo,attribute24,NA
RAW,05-phoneme,Maximo,attribute25,NA
RAW,05-phoneme,Maximo,attribute26,NA
RAW,05-phoneme,Maximo,attribute27,NA
RAW,05-phoneme,Maximo,attribute28,NA
RAW,05-phoneme,Maximo,attribute29,NA
RAW,05-phoneme,Maximo,attribute30,NA
RAW,05-phoneme,Maximo,attribute31,NA
RAW,05-phoneme,Maximo,attribute32,NA
RAW,05-phoneme,Maximo,attribute33,NA
RAW,05-phoneme,Maximo,attribute34,NA
RAW,05-phoneme,Maximo,aa,4.107
RAW,05-phoneme,Maximo,ao,4.378
RAW,05-phoneme,Maximo,dcl,3.199
RAW,05-phoneme,Maximo,iy,2.826
RAW,05-phoneme,Maximo,sh,2.719
RAW,05-phoneme,Maximo,0,NA
RAW,05-phoneme,Maximo,1,NA
RAW,05-phoneme,Maximo,2,NA
RAW,05-phoneme,Maximo,3,NA
RAW,05-phoneme,Maximo,4,NA
RAW,05-phoneme,Maximo,5,NA
RAW,05-phoneme,Maximo,6,NA
RAW,05-phoneme,Maximo,7,NA
RAW,05-phoneme,Maximo,8,NA
RAW,05-phoneme,Maximo,9,NA
RAW,05-phoneme,Maximo,10,NA
RAW,05-phoneme,Maximo,11,NA
RAW,05-phoneme,Maximo,12,NA
RAW,05-phoneme,Maximo,13,NA
RAW,05-phoneme,Maximo,14,NA
RAW,05-phoneme,Maximo,15,NA
RAW,05-phoneme,Maximo,16,NA
RAW,05-phoneme,Maximo,17,NA
RAW,05-phoneme,Maximo,18,NA
RAW,05-phoneme,Maximo,19,NA
RAW,05-phoneme,Maximo,20,NA
RAW,05-phoneme,Maximo,21,NA
RAW,05-phoneme,Maximo,22,NA
RAW,05-phoneme,Maximo,23,NA
RAW,05-phoneme,Maximo,24,NA
RAW,05-phoneme,Maximo,25,NA
RAW,05-phoneme,Maximo,26,NA
RAW,05-phoneme,Maximo,27,NA
RAW,05-phoneme,Maximo,28,NA
RAW,05-phoneme,Maximo,29,NA
RAW,05-phoneme,Maximo,30,NA
RAW,05-phoneme,Maximo,31,NA
RAW,05-phoneme,Maximo,32,NA
RAW,05-phoneme,Maximo,33,NA
RAW,05-phoneme,Maximo,34,NA
RAW,05-phoneme,Maximo,35,NA
RAW,05-phoneme,Maximo,36,NA
RAW,05-phoneme,Maximo,37,NA
RAW,05-phoneme,Maximo,38,NA
RAW,05-phoneme,Maximo,39,NA
RAW,05-phoneme,Maximo,40,NA
RAW,05-phoneme,Maximo,41,NA
RAW,05-phoneme,Maximo,42,NA
RAW,05-phoneme,Maximo,43,NA
RAW,05-phoneme,Maximo,44,NA
RAW,05-phoneme,Maximo,45,NA
RAW,05-phoneme,Maximo,46,NA
RAW,05-phoneme,Maximo,48,NA
RAW,05-phoneme,Maximo,49,NA
RAW,06-The Mammography (Kevin Woods),Media,time,NA
RAW,06-The Mammography (Kevin Woods),Media,v1,NA
RAW,06-The Mammography (Kevin Woods),Media,v2,NA
RAW,06-The Mammography (Kevin Woods),Media,v3,NA
RAW,06-The Mammography (Kevin Woods),Media,v4,NA
RAW,06-The Mammography (Kevin Woods),Media,v5,NA
RAW,06-The Mammography (Kevin Woods),Media,v6,NA
RAW,06-The Mammography (Kevin Woods),Media,v7,NA
RAW,06-The Mammography (Kevin Woods),Media,v8,NA
RAW,06-The Mammography (Kevin Woods),Media,v9,NA
RAW,06-The Mammography (Kevin Woods),Media,v10,NA
RAW,06-The Mammography (Kevin Woods),Media,v11,NA
RAW,06-The Mammography (Kevin Woods),Media,v12,NA
RAW,06-The Mammography (Kevin Woods),Media,v13,NA
RAW,06-The Mammography (Kevin Woods),Media,v14,NA
RAW,06-The Mammography (Kevin Woods),Media,v15,NA
RAW,06-The Mammography (Kevin Woods),Media,v16,NA
RAW,06-The Mammography (Kevin Woods),Media,v17,NA
RAW,06-The Mammography (Kevin Woods),Media,v18,NA
RAW,06-The Mammography (Kevin Woods),Media,v19,NA
RAW,06-The Mammography (Kevin Woods),Media,v20,NA
RAW,06-The Mammography (Kevin Woods),Media,v21,NA
RAW,06-The Mammography (Kevin Woods),Media,v22,NA
RAW,06-The Mammography (Kevin Woods),Media,v23,NA
RAW,06-The Mammography (Kevin Woods),Media,v24,NA
RAW,06-The Mammography (Kevin Woods),Media,v25,NA
RAW,06-The Mammography (Kevin Woods),Media,v26,NA
RAW,06-The Mammography (Kevin Woods),Media,v27,NA
RAW,06-The Mammography (Kevin Woods),Media,v28,NA
RAW,06-The Mammography (Kevin Woods),Media,amount,NA
RAW,06-The Mammography (Kevin Woods),Media,radius1,NA
RAW,06-The Mammography (Kevin Woods),Media,texture1,NA
RAW,06-The Mammography (Kevin Woods),Media,perimeter1,NA
RAW,06-The Mammography (Kevin Woods),Media,area1,NA
RAW,06-The Mammography (Kevin Woods),Media,smoothness1,NA
RAW,06-The Mammography (Kevin Woods),Media,compactness1,NA
RAW,06-The Mammography (Kevin Woods),Media,concavity1,NA
RAW,06-The Mammography (Kevin Woods),Media,concave_points1,NA
RAW,06-The Mammography (Kevin Woods),Media,symmetry1,NA
RAW,06-The Mammography (Kevin Woods),Media,fractal_dimension1,NA
RAW,06-The Mammography (Kevin Woods),Media,radius2,NA
RAW,06-The Mammography (Kevin Woods),Media,texture2,NA
RAW,06-The Mammography (Kevin Woods),Media,perimeter2,NA
RAW,06-The Mammography (Kevin Woods),Media,area2,NA
RAW,06-The Mammography (Kevin Woods),Media,smoothness2,NA
RAW,06-The Mammography (Kevin Woods),Media,compactness2,NA
RAW,06-The Mammography (Kevin Woods),Media,concavity2,NA
RAW,06-The Mammography (Kevin Woods),Media,concave_points2,NA
RAW,06-The Mammography (Kevin Woods),Media,symmetry2,NA
RAW,06-The Mammography (Kevin Woods),Media,fractal_dimension2,NA
RAW,06-The Mammography (Kevin Woods),Media,radius3,NA
RAW,06-The Mammography (Kevin Woods),Media,texture3,NA
RAW,06-The Mammography (Kevin Woods),Media,perimeter3,NA
RAW,06-The Mammography (Kevin Woods),Media,area3,NA
RAW,06-The Mammography (Kevin Woods),Media,smoothness3,NA
RAW,06-The Mammography (Kevin Woods),Media,compactness3,NA
RAW,06-The Mammography (Kevin Woods),Media,concavity3,NA
RAW,06-The Mammography (Kevin Woods),Media,concave_points3,NA
RAW,06-The Mammography (Kevin Woods),Media,symmetry3,NA
RAW,06-The Mammography (Kevin Woods),Media,fractal_dimension3,NA
RAW,06-The Mammography (Kevin Woods),Media,pregnancies,NA
RAW,06-The Mammography (Kevin Woods),Media,glucose,NA
RAW,06-The Mammography (Kevin Woods),Media,bloodpressure,NA
RAW,06-The Mammography (Kevin Woods),Media,skinthickness,NA
RAW,06-The Mammography (Kevin Woods),Media,insulin,NA
RAW,06-The Mammography (Kevin Woods),Media,bmi,NA
RAW,06-The Mammography (Kevin Woods),Media,diabetespedigreefunction,NA
RAW,06-The Mammography (Kevin Woods),Media,age,NA
RAW,06-The Mammography (Kevin Woods),Media,attribute01,NA
RAW,06-The Mammography (Kevin Woods),Media,attribute02,NA
RAW,06-The Mammography (Kevin Woods),Media,attribute03,NA
RAW,06-The Mammography (Kevin Woods),Media,attribute04,NA
RAW,06-The Mammography (Kevin Woods),Media,attribute05,NA
RAW,06-The Mammography (Kevin Woods),Media,attribute06,NA
RAW,06-The Mammography (Kevin Woods),Media,attribute07,NA
RAW,06-The Mammography (Kevin Woods),Media,attribute08,NA
RAW,06-The Mammography (Kevin Woods),Media,attribute09,NA
RAW,06-The Mammography (Kevin Woods),Media,attribute10,NA
RAW,06-The Mammography (Kevin Woods),Media,attribute11,NA
RAW,06-The Mammography (Kevin Woods),Media,attribute12,NA
RAW,06-The Mammography (Kevin Woods),Media,attribute13,NA
RAW,06-The Mammography (Kevin Woods),Media,attribute14,NA
RAW,06-The Mammography (Kevin Woods),Media,attribute15,NA
RAW,06-The Mammography (Kevin Woods),Media,attribute16,NA
RAW,06-The Mammography (Kevin Woods),Media,attribute17,NA
RAW,06-The Mammography (Kevin Woods),Media,attribute18,NA
RAW,06-The Mammography (Kevin Woods),Media,attribute19,NA
RAW,06-The Mammography (Kevin Woods),Media,attribute20,NA
RAW,06-The Mammography (Kevin Woods),Media,attribute21,NA
RAW,06-The Mammography (Kevin Woods),Media,attribute22,NA
RAW,06-The Mammography (Kevin Woods),Media,attribute23,NA
RAW,06-The Mammography (Kevin Woods),Media,attribute24,NA
RAW,06-The Mammography (Kevin Woods),Media,attribute25,NA
RAW,06-The Mammography (Kevin Woods),Media,attribute26,NA
RAW,06-The Mammography (Kevin Woods),Media,attribute27,NA
RAW,06-The Mammography (Kevin Woods),Media,attribute28,NA
RAW,06-The Mammography (Kevin Woods),Media,attribute29,NA
RAW,06-The Mammography (Kevin Woods),Media,attribute30,NA
RAW,06-The Mammography (Kevin Woods),Media,attribute31,NA
RAW,06-The Mammography (Kevin Woods),Media,attribute32,NA
RAW,06-The Mammography (Kevin Woods),Media,attribute33,NA
RAW,06-The Mammography (Kevin Woods),Media,attribute34,NA
RAW,06-The Mammography (Kevin Woods),Media,aa,NA
RAW,06-The Mammography (Kevin Woods),Media,ao,NA
RAW,06-The Mammography (Kevin Woods),Media,dcl,NA
RAW,06-The Mammography (Kevin Woods),Media,iy,NA
RAW,06-The Mammography (Kevin Woods),Media,sh,NA
RAW,06-The Mammography (Kevin Woods),Media,0,1.0965358607373337e-10
RAW,06-The Mammography (Kevin Woods),Media,1,1.297594556552915e-9
RAW,06-The Mammography (Kevin Woods),Media,2,5.698113058629049e-10
RAW,06-The Mammography (Kevin Woods),Media,3,-2.4357059682443605e-9
RAW,06-The Mammography (Kevin Woods),Media,4,-1.1206796110172243e-9
RAW,06-The Mammography (Kevin Woods),Media,5,1.4594831624406783e-9
RAW,06-The Mammography (Kevin Woods),Media,6,NA
RAW,06-The Mammography (Kevin Woods),Media,7,NA
RAW,06-The Mammography (Kevin Woods),Media,8,NA
RAW,06-The Mammography (Kevin Woods),Media,9,NA
RAW,06-The Mammography (Kevin Woods),Media,10,NA
RAW,06-The Mammography (Kevin Woods),Media,11,NA
RAW,06-The Mammography (Kevin Woods),Media,12,NA
RAW,06-The Mammography (Kevin Woods),Media,13,NA
RAW,06-The Mammography (Kevin Woods),Media,14,NA
RAW,06-The Mammography (Kevin Woods),Media,15,NA
RAW,06-The Mammography (Kevin Woods),Media,16,NA
RAW,06-The Mammography (Kevin Woods),Media,17,NA
RAW,06-The Mammography (Kevin Woods),Media,18,NA
RAW,06-The Mammography (Kevin Woods),Media,19,NA
RAW,06-The Mammography (Kevin Woods),Media,20,NA
RAW,06-The Mammography (Kevin Woods),Media,21,NA
RAW,06-The Mammography (Kevin Woods),Media,22,NA
RAW,06-The Mammography (Kevin Woods),Media,23,NA
RAW,06-The Mammography (Kevin Woods),Media,24,NA
RAW,06-The Mammography (Kevin Woods),Media,25,NA
RAW,06-The Mammography (Kevin Woods),Media,26,NA
RAW,06-The Mammography (Kevin Woods),Media,27,NA
RAW,06-The Mammography (Kevin Woods),Media,28,NA
RAW,06-The Mammography (Kevin Woods),Media,29,NA
RAW,06-The Mammography (Kevin Woods),Media,30,NA
RAW,06-The Mammography (Kevin Woods),Media,31,NA
RAW,06-The Mammography (Kevin Woods),Media,32,NA
RAW,06-The Mammography (Kevin Woods),Media,33,NA
RAW,06-The Mammography (Kevin Woods),Media,34,NA
RAW,06-The Mammography (Kevin Woods),Media,35,NA
RAW,06-The Mammography (Kevin Woods),Media,36,NA
RAW,06-The Mammography (Kevin Woods),Media,37,NA
RAW,06-The Mammography (Kevin Woods),Media,38,NA
RAW,06-The Mammography (Kevin Woods),Media,39,NA
RAW,06-The Mammography (Kevin Woods),Media,40,NA
RAW,06-The Mammography (Kevin Woods),Media,41,NA
RAW,06-The Mammography (Kevin Woods),Media,42,NA
RAW,06-The Mammography (Kevin Woods),Media,43,NA
RAW,06-The Mammography (Kevin Woods),Media,44,NA
RAW,06-The Mammography (Kevin Woods),Media,45,NA
RAW,06-The Mammography (Kevin Woods),Media,46,NA
RAW,06-The Mammography (Kevin Woods),Media,48,NA
RAW,06-The Mammography (Kevin Woods),Media,49,NA
RAW,06-The Mammography (Kevin Woods),Desvio_Padrao,time,NA
RAW,06-The Mammography (Kevin Woods),Desvio_Padrao,v1,NA
RAW,06-The Mammography (Kevin Woods),Desvio_Padrao,v2,NA
RAW,06-The Mammography (Kevin Woods),Desvio_Padrao,v3,NA
RAW,06-The Mammography (Kevin Woods),Desvio_Padrao,v4,NA
RAW,06-The Mammography (Kevin Woods),Desvio_Padrao,v5,NA
RAW,06-The Mammography (Kevin Woods),Desvio_Padrao,v6,NA
RAW,06-The Mammography (Kevin Woods),Desvio_Padrao,v7,NA
RAW,06-The Mammography (Kevin Woods),Desvio_Padrao,v8,NA
RAW,06-The Mammography (Kevin Woods),Desvio_Padrao,v9,NA
RAW,06-The Mammography (Kevin Woods),Desvio_Padrao,v10,NA
RAW,06-The Mammography (Kevin Woods),Desvio_Padrao,v11,NA
RAW,06-The Mammography (Kevin Woods),Desvio_Padrao,v12,NA
RAW,06-The Mammography (Kevin Woods),Desvio_Padrao,v13,NA
RAW,06-The Mammography (Kevin Woods),Desvio_Padrao,v14,NA
RAW,06-The Mammography (Kevin Woods),Desvio_Padrao,v15,NA
RAW,06-The Mammography (Kevin Woods),Desvio_Padrao,v16,NA
RAW,06-The Mammography (Kevin Woods),Desvio_Padrao,v17,NA
RAW,06-The Mammography (Kevin Woods),Desvio_Padrao,v18,NA
RAW,06-The Mammography (Kevin Woods),Desvio_Padrao,v19,NA
RAW,06-The Mammography (Kevin Woods),Desvio_Padrao,v20,NA
RAW,06-The Mammography (Kevin Woods),Desvio_Padrao,v21,NA
RAW,06-The Mammography (Kevin Woods),Desvio_Padrao,v22,NA
RAW,06-The Mammography (Kevin Woods),Desvio_Padrao,v23,NA
RAW,06-The Mammography (Kevin Woods),Desvio_Padrao,v24,NA
RAW,06-The Mammography (Kevin Woods),Desvio_Padrao,v25,NA
RAW,06-The Mammography (Kevin Woods),Desvio_Padrao,v26,NA
RAW,06-The Mammography (Kevin Woods),Desvio_Padrao,v27,NA
RAW,06-The Mammography (Kevin Woods),Desvio_Padrao,v28,NA
RAW,06-The Mammography (Kevin Woods),Desvio_Padrao,amount,NA
RAW,06-The Mammography (Kevin Woods),Desvio_Padrao,radius1,NA
RAW,06-The Mammography (Kevin Woods),Desvio_Padrao,texture1,NA
RAW,06-The Mammography (Kevin Woods),Desvio_Padrao,perimeter1,NA
RAW,06-The Mammography (Kevin Woods),Desvio_Padrao,area1,NA
RAW,06-The Mammography (Kevin Woods),Desvio_Padrao,smoothness1,NA
RAW,06-The Mammography (Kevin Woods),Desvio_Padrao,compactness1,NA
RAW,06-The Mammography (Kevin Woods),Desvio_Padrao,concavity1,NA
RAW,06-The Mammography (Kevin Woods),Desvio_Padrao,concave_points1,NA
RAW,06-The Mammography (Kevin Woods),Desvio_Padrao,symmetry1,NA
RAW,06-The Mammography (Kevin Woods),Desvio_Padrao,fractal_dimension1,NA
RAW,06-The Mammography (Kevin Woods),Desvio_Padrao,radius2,NA
RAW,06-The Mammography (Kevin Woods),Desvio_Padrao,texture2,NA
RAW,06-The Mammography (Kevin Woods),Desvio_Padrao,perimeter2,NA
RAW,06-The Mammography (Kevin Woods),Desvio_Padrao,area2,NA
RAW,06-The Mammography (Kevin Woods),Desvio_Padrao,smoothness2,NA
RAW,06-The Mammography (Kevin Woods),Desvio_Padrao,compactness2,NA
RAW,06-The Mammography (Kevin Woods),Desvio_Padrao,concavity2,NA
RAW,06-The Mammography (Kevin Woods),Desvio_Padrao,concave_points2,NA
RAW,06-The Mammography (Kevin Woods),Desvio_Padrao,symmetry2,NA
RAW,06-The Mammography (Kevin Woods),Desvio_Padrao,fractal_dimension2,NA
RAW,06-The Mammography (Kevin Woods),Desvio_Padrao,radius3,NA
RAW,06-The Mammography (Kevin Woods),Desvio_Padrao,texture3,NA
RAW,06-The Mammography (Kevin Woods),Desvio_Padrao,perimeter3,NA
RAW,06-The Mammography (Kevin Woods),Desvio_Padrao,area3,NA
RAW,06-The Mammography (Kevin Woods),Desvio_Padrao,smoothness3,NA
RAW,06-The Mammography (Kevin Woods),Desvio_Padrao,compactness3,NA
RAW,06-The Mammography (Kevin Woods),Desvio_Padrao,concavity3,NA
RAW,06-The Mammography (Kevin Woods),Desvio_Padrao,concave_points3,NA
RAW,06-The Mammography (Kevin Woods),Desvio_Padrao,symmetry3,NA
RAW,06-The Mammography (Kevin Woods),Desvio_Padrao,fractal_dimension3,NA
RAW,06-The Mammography (Kevin Woods),Desvio_Padrao,pregnancies,NA
RAW,06-The Mammography (Kevin Woods),Desvio_Padrao,glucose,NA
RAW,06-The Mammography (Kevin Woods),Desvio_Padrao,bloodpressure,NA
RAW,06-The Mammography (Kevin Woods),Desvio_Padrao,skinthickness,NA
RAW,06-The Mammography (Kevin Woods),Desvio_Padrao,insulin,NA
RAW,06-The Mammography (Kevin Woods),Desvio_Padrao,bmi,NA
RAW,06-The Mammography (Kevin Woods),Desvio_Padrao,diabetespedigreefunction,NA
RAW,06-The Mammography (Kevin Woods),Desvio_Padrao,age,NA
RAW,06-The Mammography (Kevin Woods),Desvio_Padrao,attribute01,NA
RAW,06-The Mammography (Kevin Woods),Desvio_Padrao,attribute02,NA
RAW,06-The Mammography (Kevin Woods),Desvio_Padrao,attribute03,NA
RAW,06-The Mammography (Kevin Woods),Desvio_Padrao,attribute04,NA
RAW,06-The Mammography (Kevin Woods),Desvio_Padrao,attribute05,NA
RAW,06-The Mammography (Kevin Woods),Desvio_Padrao,attribute06,NA
RAW,06-The Mammography (Kevin Woods),Desvio_Padrao,attribute07,NA
RAW,06-The Mammography (Kevin Woods),Desvio_Padrao,attribute08,NA
RAW,06-The Mammography (Kevin Woods),Desvio_Padrao,attribute09,NA
RAW,06-The Mammography (Kevin Woods),Desvio_Padrao,attribute10,NA
RAW,06-The Mammography (Kevin Woods),Desvio_Padrao,attribute11,NA
RAW,06-The Mammography (Kevin Woods),Desvio_Padrao,attribute12,NA
RAW,06-The Mammography (Kevin Woods),Desvio_Padrao,attribute13,NA
RAW,06-The Mammography (Kevin Woods),Desvio_Padrao,attribute14,NA
RAW,06-The Mammography (Kevin Woods),Desvio_Padrao,attribute15,NA
RAW,06-The Mammography (Kevin Woods),Desvio_Padrao,attribute16,NA
RAW,06-The Mammography (Kevin Woods),Desvio_Padrao,attribute17,NA
RAW,06-The Mammography (Kevin Woods),Desvio_Padrao,attribute18,NA
RAW,06-The Mammography (Kevin Woods),Desvio_Padrao,attribute19,NA
RAW,06-The Mammography (Kevin Woods),Desvio_Padrao,attribute20,NA
RAW,06-The Mammography (Kevin Woods),Desvio_Padrao,attribute21,NA
RAW,06-The Mammography (Kevin Woods),Desvio_Padrao,attribute22,NA
RAW,06-The Mammography (Kevin Woods),Desvio_Padrao,attribute23,NA
RAW,06-The Mammography (Kevin Woods),Desvio_Padrao,attribute24,NA
RAW,06-The Mammography (Kevin Woods),Desvio_Padrao,attribute25,NA
RAW,06-The Mammography (Kevin Woods),Desvio_Padrao,attribute26,NA
RAW,06-The Mammography (Kevin Woods),Desvio_Padrao,attribute27,NA
RAW,06-The Mammography (Kevin Woods),Desvio_Padrao,attribute28,NA
RAW,06-The Mammography (Kevin Woods),Desvio_Padrao,attribute29,NA
RAW,06-The Mammography (Kevin Woods),Desvio_Padrao,attribute30,NA
RAW,06-The Mammography (Kevin Woods),Desvio_Padrao,attribute31,NA
RAW,06-The Mammography (Kevin Woods),Desvio_Padrao,attribute32,NA
RAW,06-The Mammography (Kevin Woods),Desvio_Padrao,attribute33,NA
RAW,06-The Mammography (Kevin Woods),Desvio_Padrao,attribute34,NA
RAW,06-The Mammography (Kevin Woods),Desvio_Padrao,aa,NA
RAW,06-The Mammography (Kevin Woods),Desvio_Padrao,ao,NA
RAW,06-The Mammography (Kevin Woods),Desvio_Padrao,dcl,NA
RAW,06-The Mammography (Kevin Woods),Desvio_Padrao,iy,NA
RAW,06-The Mammography (Kevin Woods),Desvio_Padrao,sh,NA
RAW,06-The Mammography (Kevin Woods),Desvio_Padrao,0,1.0000000020730546
RAW,06-The Mammography (Kevin Woods),Desvio_Padrao,1,1.0000000002552185
RAW,06-The Mammography (Kevin Woods),Desvio_Padrao,2,1.0000000027226132
RAW,06-The Mammography (Kevin Woods),Desvio_Padrao,3,1.0000000019453175
RAW,06-The Mammography (Kevin Woods),Desvio_Padrao,4,0.9999999990706715
RAW,06-The Mammography (Kevin Woods),Desvio_Padrao,5,0.9999999983377108
RAW,06-The Mammography (Kevin Woods),Desvio_Padrao,6,NA
RAW,06-The Mammography (Kevin Woods),Desvio_Padrao,7,NA
RAW,06-The Mammography (Kevin Woods),Desvio_Padrao,8,NA
RAW,06-The Mammography (Kevin Woods),Desvio_Padrao,9,NA
RAW,06-The Mammography (Kevin Woods),Desvio_Padrao,10,NA
RAW,06-The Mammography (Kevin Woods),Desvio_Padrao,11,NA
RAW,06-The Mammography (Kevin Woods),Desvio_Padrao,12,NA
RAW,06-The Mammography (Kevin Woods),Desvio_Padrao,13,NA
RAW,06-The Mammography (Kevin Woods),Desvio_Padrao,14,NA
RAW,06-The Mammography (Kevin Woods),Desvio_Padrao,15,NA
RAW,06-The Mammography (Kevin Woods),Desvio_Padrao,16,NA
RAW,06-The Mammography (Kevin Woods),Desvio_Padrao,17,NA
RAW,06-The Mammography (Kevin Woods),Desvio_Padrao,18,NA
RAW,06-The Mammography (Kevin Woods),Desvio_Padrao,19,NA
RAW,06-The Mammography (Kevin Woods),Desvio_Padrao,20,NA
RAW,06-The Mammography (Kevin Woods),Desvio_Padrao,21,NA
RAW,06-The Mammography (Kevin Woods),Desvio_Padrao,22,NA
RAW,06-The Mammography (Kevin Woods),Desvio_Padrao,23,NA
RAW,06-The Mammography (Kevin Woods),Desvio_Padrao,24,NA
RAW,06-The Mammography (Kevin Woods),Desvio_Padrao,25,NA
RAW,06-The Mammography (Kevin Woods),Desvio_Padrao,26,NA
RAW,06-The Mammography (Kevin Woods),Desvio_Padrao,27,NA
RAW,06-The Mammography (Kevin Woods),Desvio_Padrao,28,NA
RAW,06-The Mammography (Kevin Woods),Desvio_Padrao,29,NA
RAW,06-The Mammography (Kevin Woods),Desvio_Padrao,30,NA
RAW,06-The Mammography (Kevin Woods),Desvio_Padrao,31,NA
RAW,06-The Mammography (Kevin Woods),Desvio_Padrao,32,NA
RAW,06-The Mammography (Kevin Woods),Desvio_Padrao,33,NA
RAW,06-The Mammography (Kevin Woods),Desvio_Padrao,34,NA
RAW,06-The Mammography (Kevin Woods),Desvio_Padrao,35,NA
RAW,06-The Mammography (Kevin Woods),Desvio_Padrao,36,NA
RAW,06-The Mammography (Kevin Woods),Desvio_Padrao,37,NA
RAW,06-The Mammography (Kevin Woods),Desvio_Padrao,38,NA
RAW,06-The Mammography (Kevin Woods),Desvio_Padrao,39,NA
RAW,06-The Mammography (Kevin Woods),Desvio_Padrao,40,NA
RAW,06-The Mammography (Kevin Woods),Desvio_Padrao,41,NA
RAW,06-The Mammography (Kevin Woods),Desvio_Padrao,42,NA
RAW,06-The Mammography (Kevin Woods),Desvio_Padrao,43,NA
RAW,06-The Mammography (Kevin Woods),Desvio_Padrao,44,NA
RAW,06-The Mammography (Kevin Woods),Desvio_Padrao,45,NA
RAW,06-The Mammography (Kevin Woods),Desvio_Padrao,46,NA
RAW,06-The Mammography (Kevin Woods),Desvio_Padrao,48,NA
RAW,06-The Mammography (Kevin Woods),Desvio_Padrao,49,NA
RAW,06-The Mammography (Kevin Woods),Minimo,time,NA
RAW,06-The Mammography (Kevin Woods),Minimo,v1,NA
RAW,06-The Mammography (Kevin Woods),Minimo,v2,NA
RAW,06-The Mammography (Kevin Woods),Minimo,v3,NA
RAW,06-The Mammography (Kevin Woods),Minimo,v4,NA
RAW,06-The Mammography (Kevin Woods),Minimo,v5,NA
RAW,06-The Mammography (Kevin Woods),Minimo,v6,NA
RAW,06-The Mammography (Kevin Woods),Minimo,v7,NA
RAW,06-The Mammography (Kevin Woods),Minimo,v8,NA
RAW,06-The Mammography (Kevin Woods),Minimo,v9,NA
RAW,06-The Mammography (Kevin Woods),Minimo,v10,NA
RAW,06-The Mammography (Kevin Woods),Minimo,v11,NA
RAW,06-The Mammography (Kevin Woods),Minimo,v12,NA
RAW,06-The Mammography (Kevin Woods),Minimo,v13,NA
RAW,06-The Mammography (Kevin Woods),Minimo,v14,NA
RAW,06-The Mammography (Kevin Woods),Minimo,v15,NA
RAW,06-The Mammography (Kevin Woods),Minimo,v16,NA
RAW,06-The Mammography (Kevin Woods),Minimo,v17,NA
RAW,06-The Mammography (Kevin Woods),Minimo,v18,NA
RAW,06-The Mammography (Kevin Woods),Minimo,v19,NA
RAW,06-The Mammography (Kevin Woods),Minimo,v20,NA
RAW,06-The Mammography (Kevin Woods),Minimo,v21,NA
RAW,06-The Mammography (Kevin Woods),Minimo,v22,NA
RAW,06-The Mammography (Kevin Woods),Minimo,v23,NA
RAW,06-The Mammography (Kevin Woods),Minimo,v24,NA
RAW,06-The Mammography (Kevin Woods),Minimo,v25,NA
RAW,06-The Mammography (Kevin Woods),Minimo,v26,NA
RAW,06-The Mammography (Kevin Woods),Minimo,v27,NA
RAW,06-The Mammography (Kevin Woods),Minimo,v28,NA
RAW,06-The Mammography (Kevin Woods),Minimo,amount,NA
RAW,06-The Mammography (Kevin Woods),Minimo,radius1,NA
RAW,06-The Mammography (Kevin Woods),Minimo,texture1,NA
RAW,06-The Mammography (Kevin Woods),Minimo,perimeter1,NA
RAW,06-The Mammography (Kevin Woods),Minimo,area1,NA
RAW,06-The Mammography (Kevin Woods),Minimo,smoothness1,NA
RAW,06-The Mammography (Kevin Woods),Minimo,compactness1,NA
RAW,06-The Mammography (Kevin Woods),Minimo,concavity1,NA
RAW,06-The Mammography (Kevin Woods),Minimo,concave_points1,NA
RAW,06-The Mammography (Kevin Woods),Minimo,symmetry1,NA
RAW,06-The Mammography (Kevin Woods),Minimo,fractal_dimension1,NA
RAW,06-The Mammography (Kevin Woods),Minimo,radius2,NA
RAW,06-The Mammography (Kevin Woods),Minimo,texture2,NA
RAW,06-The Mammography (Kevin Woods),Minimo,perimeter2,NA
RAW,06-The Mammography (Kevin Woods),Minimo,area2,NA
RAW,06-The Mammography (Kevin Woods),Minimo,smoothness2,NA
RAW,06-The Mammography (Kevin Woods),Minimo,compactness2,NA
RAW,06-The Mammography (Kevin Woods),Minimo,concavity2,NA
RAW,06-The Mammography (Kevin Woods),Minimo,concave_points2,NA
RAW,06-The Mammography (Kevin Woods),Minimo,symmetry2,NA
RAW,06-The Mammography (Kevin Woods),Minimo,fractal_dimension2,NA
RAW,06-The Mammography (Kevin Woods),Minimo,radius3,NA
RAW,06-The Mammography (Kevin Woods),Minimo,texture3,NA
RAW,06-The Mammography (Kevin Woods),Minimo,perimeter3,NA
RAW,06-The Mammography (Kevin Woods),Minimo,area3,NA
RAW,06-The Mammography (Kevin Woods),Minimo,smoothness3,NA
RAW,06-The Mammography (Kevin Woods),Minimo,compactness3,NA
RAW,06-The Mammography (Kevin Woods),Minimo,concavity3,NA
RAW,06-The Mammography (Kevin Woods),Minimo,concave_points3,NA
RAW,06-The Mammography (Kevin Woods),Minimo,symmetry3,NA
RAW,06-The Mammography (Kevin Woods),Minimo,fractal_dimension3,NA
RAW,06-The Mammography (Kevin Woods),Minimo,pregnancies,NA
RAW,06-The Mammography (Kevin Woods),Minimo,glucose,NA
RAW,06-The Mammography (Kevin Woods),Minimo,bloodpressure,NA
RAW,06-The Mammography (Kevin Woods),Minimo,skinthickness,NA
RAW,06-The Mammography (Kevin Woods),Minimo,insulin,NA
RAW,06-The Mammography (Kevin Woods),Minimo,bmi,NA
RAW,06-The Mammography (Kevin Woods),Minimo,diabetespedigreefunction,NA
RAW,06-The Mammography (Kevin Woods),Minimo,age,NA
RAW,06-The Mammography (Kevin Woods),Minimo,attribute01,NA
RAW,06-The Mammography (Kevin Woods),Minimo,attribute02,NA
RAW,06-The Mammography (Kevin Woods),Minimo,attribute03,NA
RAW,06-The Mammography (Kevin Woods),Minimo,attribute04,NA
RAW,06-The Mammography (Kevin Woods),Minimo,attribute05,NA
RAW,06-The Mammography (Kevin Woods),Minimo,attribute06,NA
RAW,06-The Mammography (Kevin Woods),Minimo,attribute07,NA
RAW,06-The Mammography (Kevin Woods),Minimo,attribute08,NA
RAW,06-The Mammography (Kevin Woods),Minimo,attribute09,NA
RAW,06-The Mammography (Kevin Woods),Minimo,attribute10,NA
RAW,06-The Mammography (Kevin Woods),Minimo,attribute11,NA
RAW,06-The Mammography (Kevin Woods),Minimo,attribute12,NA
RAW,06-The Mammography (Kevin Woods),Minimo,attribute13,NA
RAW,06-The Mammography (Kevin Woods),Minimo,attribute14,NA
RAW,06-The Mammography (Kevin Woods),Minimo,attribute15,NA
RAW,06-The Mammography (Kevin Woods),Minimo,attribute16,NA
RAW,06-The Mammography (Kevin Woods),Minimo,attribute17,NA
RAW,06-The Mammography (Kevin Woods),Minimo,attribute18,NA
RAW,06-The Mammography (Kevin Woods),Minimo,attribute19,NA
RAW,06-The Mammography (Kevin Woods),Minimo,attribute20,NA
RAW,06-The Mammography (Kevin Woods),Minimo,attribute21,NA
RAW,06-The Mammography (Kevin Woods),Minimo,attribute22,NA
RAW,06-The Mammography (Kevin Woods),Minimo,attribute23,NA
RAW,06-The Mammography (Kevin Woods),Minimo,attribute24,NA
RAW,06-The Mammography (Kevin Woods),Minimo,attribute25,NA
RAW,06-The Mammography (Kevin Woods),Minimo,attribute26,NA
RAW,06-The Mammography (Kevin Woods),Minimo,attribute27,NA
RAW,06-The Mammography (Kevin Woods),Minimo,attribute28,NA
RAW,06-The Mammography (Kevin Woods),Minimo,attribute29,NA
RAW,06-The Mammography (Kevin Woods),Minimo,attribute30,NA
RAW,06-The Mammography (Kevin Woods),Minimo,attribute31,NA
RAW,06-The Mammography (Kevin Woods),Minimo,attribute32,NA
RAW,06-The Mammography (Kevin Woods),Minimo,attribute33,NA
RAW,06-The Mammography (Kevin Woods),Minimo,attribute34,NA
RAW,06-The Mammography (Kevin Woods),Minimo,aa,NA
RAW,06-The Mammography (Kevin Woods),Minimo,ao,NA
RAW,06-The Mammography (Kevin Woods),Minimo,dcl,NA
RAW,06-The Mammography (Kevin Woods),Minimo,iy,NA
RAW,06-The Mammography (Kevin Woods),Minimo,sh,NA
RAW,06-The Mammography (Kevin Woods),Minimo,0,-0.78441482
RAW,06-The Mammography (Kevin Woods),Minimo,1,-0.47019533
RAW,06-The Mammography (Kevin Woods),Minimo,2,-0.59163147
RAW,06-The Mammography (Kevin Woods),Minimo,3,-0.85955255
RAW,06-The Mammography (Kevin Woods),Minimo,4,-0.37786573
RAW,06-The Mammography (Kevin Woods),Minimo,5,-0.94572324
RAW,06-The Mammography (Kevin Woods),Minimo,6,NA
RAW,06-The Mammography (Kevin Woods),Minimo,7,NA
RAW,06-The Mammography (Kevin Woods),Minimo,8,NA
RAW,06-The Mammography (Kevin Woods),Minimo,9,NA
RAW,06-The Mammography (Kevin Woods),Minimo,10,NA
RAW,06-The Mammography (Kevin Woods),Minimo,11,NA
RAW,06-The Mammography (Kevin Woods),Minimo,12,NA
RAW,06-The Mammography (Kevin Woods),Minimo,13,NA
RAW,06-The Mammography (Kevin Woods),Minimo,14,NA
RAW,06-The Mammography (Kevin Woods),Minimo,15,NA
RAW,06-The Mammography (Kevin Woods),Minimo,16,NA
RAW,06-The Mammography (Kevin Woods),Minimo,17,NA
RAW,06-The Mammography (Kevin Woods),Minimo,18,NA
RAW,06-The Mammography (Kevin Woods),Minimo,19,NA
RAW,06-The Mammography (Kevin Woods),Minimo,20,NA
RAW,06-The Mammography (Kevin Woods),Minimo,21,NA
RAW,06-The Mammography (Kevin Woods),Minimo,22,NA
RAW,06-The Mammography (Kevin Woods),Minimo,23,NA
RAW,06-The Mammography (Kevin Woods),Minimo,24,NA
RAW,06-The Mammography (Kevin Woods),Minimo,25,NA
RAW,06-The Mammography (Kevin Woods),Minimo,26,NA
RAW,06-The Mammography (Kevin Woods),Minimo,27,NA
RAW,06-The Mammography (Kevin Woods),Minimo,28,NA
RAW,06-The Mammography (Kevin Woods),Minimo,29,NA
RAW,06-The Mammography (Kevin Woods),Minimo,30,NA
RAW,06-The Mammography (Kevin Woods),Minimo,31,NA
RAW,06-The Mammography (Kevin Woods),Minimo,32,NA
RAW,06-The Mammography (Kevin Woods),Minimo,33,NA
RAW,06-The Mammography (Kevin Woods),Minimo,34,NA
RAW,06-The Mammography (Kevin Woods),Minimo,35,NA
RAW,06-The Mammography (Kevin Woods),Minimo,36,NA
RAW,06-The Mammography (Kevin Woods),Minimo,37,NA
RAW,06-The Mammography (Kevin Woods),Minimo,38,NA
RAW,06-The Mammography (Kevin Woods),Minimo,39,NA
RAW,06-The Mammography (Kevin Woods),Minimo,40,NA
RAW,06-The Mammography (Kevin Woods),Minimo,41,NA
RAW,06-The Mammography (Kevin Woods),Minimo,42,NA
RAW,06-The Mammography (Kevin Woods),Minimo,43,NA
RAW,06-The Mammography (Kevin Woods),Minimo,44,NA
RAW,06-The Mammography (Kevin Woods),Minimo,45,NA
RAW,06-The Mammography (Kevin Woods),Minimo,46,NA
RAW,06-The Mammography (Kevin Woods),Minimo,48,NA
RAW,06-The Mammography (Kevin Woods),Minimo,49,NA
RAW,06-The Mammography (Kevin Woods),Maximo,time,NA
RAW,06-The Mammography (Kevin Woods),Maximo,v1,NA
RAW,06-The Mammography (Kevin Woods),Maximo,v2,NA
RAW,06-The Mammography (Kevin Woods),Maximo,v3,NA
RAW,06-The Mammography (Kevin Woods),Maximo,v4,NA
RAW,06-The Mammography (Kevin Woods),Maximo,v5,NA
RAW,06-The Mammography (Kevin Woods),Maximo,v6,NA
RAW,06-The Mammography (Kevin Woods),Maximo,v7,NA
RAW,06-The Mammography (Kevin Woods),Maximo,v8,NA
RAW,06-The Mammography (Kevin Woods),Maximo,v9,NA
RAW,06-The Mammography (Kevin Woods),Maximo,v10,NA
RAW,06-The Mammography (Kevin Woods),Maximo,v11,NA
RAW,06-The Mammography (Kevin Woods),Maximo,v12,NA
RAW,06-The Mammography (Kevin Woods),Maximo,v13,NA
RAW,06-The Mammography (Kevin Woods),Maximo,v14,NA
RAW,06-The Mammography (Kevin Woods),Maximo,v15,NA
RAW,06-The Mammography (Kevin Woods),Maximo,v16,NA
RAW,06-The Mammography (Kevin Woods),Maximo,v17,NA
RAW,06-The Mammography (Kevin Woods),Maximo,v18,NA
RAW,06-The Mammography (Kevin Woods),Maximo,v19,NA
RAW,06-The Mammography (Kevin Woods),Maximo,v20,NA
RAW,06-The Mammography (Kevin Woods),Maximo,v21,NA
RAW,06-The Mammography (Kevin Woods),Maximo,v22,NA
RAW,06-The Mammography (Kevin Woods),Maximo,v23,NA
RAW,06-The Mammography (Kevin Woods),Maximo,v24,NA
RAW,06-The Mammography (Kevin Woods),Maximo,v25,NA
RAW,06-The Mammography (Kevin Woods),Maximo,v26,NA
RAW,06-The Mammography (Kevin Woods),Maximo,v27,NA
RAW,06-The Mammography (Kevin Woods),Maximo,v28,NA
RAW,06-The Mammography (Kevin Woods),Maximo,amount,NA
RAW,06-The Mammography (Kevin Woods),Maximo,radius1,NA
RAW,06-The Mammography (Kevin Woods),Maximo,texture1,NA
RAW,06-The Mammography (Kevin Woods),Maximo,perimeter1,NA
RAW,06-The Mammography (Kevin Woods),Maximo,area1,NA
RAW,06-The Mammography (Kevin Woods),Maximo,smoothness1,NA
RAW,06-The Mammography (Kevin Woods),Maximo,compactness1,NA
RAW,06-The Mammography (Kevin Woods),Maximo,concavity1,NA
RAW,06-The Mammography (Kevin Woods),Maximo,concave_points1,NA
RAW,06-The Mammography (Kevin Woods),Maximo,symmetry1,NA
RAW,06-The Mammography (Kevin Woods),Maximo,fractal_dimension1,NA
RAW,06-The Mammography (Kevin Woods),Maximo,radius2,NA
RAW,06-The Mammography (Kevin Woods),Maximo,texture2,NA
RAW,06-The Mammography (Kevin Woods),Maximo,perimeter2,NA
RAW,06-The Mammography (Kevin Woods),Maximo,area2,NA
RAW,06-The Mammography (Kevin Woods),Maximo,smoothness2,NA
RAW,06-The Mammography (Kevin Woods),Maximo,compactness2,NA
RAW,06-The Mammography (Kevin Woods),Maximo,concavity2,NA
RAW,06-The Mammography (Kevin Woods),Maximo,concave_points2,NA
RAW,06-The Mammography (Kevin Woods),Maximo,symmetry2,NA
RAW,06-The Mammography (Kevin Woods),Maximo,fractal_dimension2,NA
RAW,06-The Mammography (Kevin Woods),Maximo,radius3,NA
RAW,06-The Mammography (Kevin Woods),Maximo,texture3,NA
RAW,06-The Mammography (Kevin Woods),Maximo,perimeter3,NA
RAW,06-The Mammography (Kevin Woods),Maximo,area3,NA
RAW,06-The Mammography (Kevin Woods),Maximo,smoothness3,NA
RAW,06-The Mammography (Kevin Woods),Maximo,compactness3,NA
RAW,06-The Mammography (Kevin Woods),Maximo,concavity3,NA
RAW,06-The Mammography (Kevin Woods),Maximo,concave_points3,NA
RAW,06-The Mammography (Kevin Woods),Maximo,symmetry3,NA
RAW,06-The Mammography (Kevin Woods),Maximo,fractal_dimension3,NA
RAW,06-The Mammography (Kevin Woods),Maximo,pregnancies,NA
RAW,06-The Mammography (Kevin Woods),Maximo,glucose,NA
RAW,06-The Mammography (Kevin Woods),Maximo,bloodpressure,NA
RAW,06-The Mammography (Kevin Woods),Maximo,skinthickness,NA
RAW,06-The Mammography (Kevin Woods),Maximo,insulin,NA
RAW,06-The Mammography (Kevin Woods),Maximo,bmi,NA
RAW,06-The Mammography (Kevin Woods),Maximo,diabetespedigreefunction,NA
RAW,06-The Mammography (Kevin Woods),Maximo,age,NA
RAW,06-The Mammography (Kevin Woods),Maximo,attribute01,NA
RAW,06-The Mammography (Kevin Woods),Maximo,attribute02,NA
RAW,06-The Mammography (Kevin Woods),Maximo,attribute03,NA
RAW,06-The Mammography (Kevin Woods),Maximo,attribute04,NA
RAW,06-The Mammography (Kevin Woods),Maximo,attribute05,NA
RAW,06-The Mammography (Kevin Woods),Maximo,attribute06,NA
RAW,06-The Mammography (Kevin Woods),Maximo,attribute07,NA
RAW,06-The Mammography (Kevin Woods),Maximo,attribute08,NA
RAW,06-The Mammography (Kevin Woods),Maximo,attribute09,NA
RAW,06-The Mammography (Kevin Woods),Maximo,attribute10,NA
RAW,06-The Mammography (Kevin Woods),Maximo,attribute11,NA
RAW,06-The Mammography (Kevin Woods),Maximo,attribute12,NA
RAW,06-The Mammography (Kevin Woods),Maximo,attribute13,NA
RAW,06-The Mammography (Kevin Woods),Maximo,attribute14,NA
RAW,06-The Mammography (Kevin Woods),Maximo,attribute15,NA
RAW,06-The Mammography (Kevin Woods),Maximo,attribute16,NA
RAW,06-The Mammography (Kevin Woods),Maximo,attribute17,NA
RAW,06-The Mammography (Kevin Woods),Maximo,attribute18,NA
RAW,06-The Mammography (Kevin Woods),Maximo,attribute19,NA
RAW,06-The Mammography (Kevin Woods),Maximo,attribute20,NA
RAW,06-The Mammography (Kevin Woods),Maximo,attribute21,NA
RAW,06-The Mammography (Kevin Woods),Maximo,attribute22,NA
RAW,06-The Mammography (Kevin Woods),Maximo,attribute23,NA
RAW,06-The Mammography (Kevin Woods),Maximo,attribute24,NA
RAW,06-The Mammography (Kevin Woods),Maximo,attribute25,NA
RAW,06-The Mammography (Kevin Woods),Maximo,attribute26,NA
RAW,06-The Mammography (Kevin Woods),Maximo,attribute27,NA
RAW,06-The Mammography (Kevin Woods),Maximo,attribute28,NA
RAW,06-The Mammography (Kevin Woods),Maximo,attribute29,NA
RAW,06-The Mammography (Kevin Woods),Maximo,attribute30,NA
RAW,06-The Mammography (Kevin Woods),Maximo,attribute31,NA
RAW,06-The Mammography (Kevin Woods),Maximo,attribute32,NA
RAW,06-The Mammography (Kevin Woods),Maximo,attribute33,NA
RAW,06-The Mammography (Kevin Woods),Maximo,attribute34,NA
RAW,06-The Mammography (Kevin Woods),Maximo,aa,NA
RAW,06-The Mammography (Kevin Woods),Maximo,ao,NA
RAW,06-The Mammography (Kevin Woods),Maximo,dcl,NA
RAW,06-The Mammography (Kevin Woods),Maximo,iy,NA
RAW,06-The Mammography (Kevin Woods),Maximo,sh,NA
RAW,06-The Mammography (Kevin Woods),Maximo,0,31.508443
RAW,06-The Mammography (Kevin Woods),Maximo,1,5.0858491
RAW,06-The Mammography (Kevin Woods),Maximo,2,29.477769
RAW,06-The Mammography (Kevin Woods),Maximo,3,9.591164
RAW,06-The Mammography (Kevin Woods),Maximo,4,23.617122
RAW,06-The Mammography (Kevin Woods),Maximo,5,1.9490273
RAW,06-The Mammography (Kevin Woods),Maximo,6,NA
RAW,06-The Mammography (Kevin Woods),Maximo,7,NA
RAW,06-The Mammography (Kevin Woods),Maximo,8,NA
RAW,06-The Mammography (Kevin Woods),Maximo,9,NA
RAW,06-The Mammography (Kevin Woods),Maximo,10,NA
RAW,06-The Mammography (Kevin Woods),Maximo,11,NA
RAW,06-The Mammography (Kevin Woods),Maximo,12,NA
RAW,06-The Mammography (Kevin Woods),Maximo,13,NA
RAW,06-The Mammography (Kevin Woods),Maximo,14,NA
RAW,06-The Mammography (Kevin Woods),Maximo,15,NA
RAW,06-The Mammography (Kevin Woods),Maximo,16,NA
RAW,06-The Mammography (Kevin Woods),Maximo,17,NA
RAW,06-The Mammography (Kevin Woods),Maximo,18,NA
RAW,06-The Mammography (Kevin Woods),Maximo,19,NA
RAW,06-The Mammography (Kevin Woods),Maximo,20,NA
RAW,06-The Mammography (Kevin Woods),Maximo,21,NA
RAW,06-The Mammography (Kevin Woods),Maximo,22,NA
RAW,06-The Mammography (Kevin Woods),Maximo,23,NA
RAW,06-The Mammography (Kevin Woods),Maximo,24,NA
RAW,06-The Mammography (Kevin Woods),Maximo,25,NA
RAW,06-The Mammography (Kevin Woods),Maximo,26,NA
RAW,06-The Mammography (Kevin Woods),Maximo,27,NA
RAW,06-The Mammography (Kevin Woods),Maximo,28,NA
RAW,06-The Mammography (Kevin Woods),Maximo,29,NA
RAW,06-The Mammography (Kevin Woods),Maximo,30,NA
RAW,06-The Mammography (Kevin Woods),Maximo,31,NA
RAW,06-The Mammography (Kevin Woods),Maximo,32,NA
RAW,06-The Mammography (Kevin Woods),Maximo,33,NA
RAW,06-The Mammography (Kevin Woods),Maximo,34,NA
RAW,06-The Mammography (Kevin Woods),Maximo,35,NA
RAW,06-The Mammography (Kevin Woods),Maximo,36,NA
RAW,06-The Mammography (Kevin Woods),Maximo,37,NA
RAW,06-The Mammography (Kevin Woods),Maximo,38,NA
RAW,06-The Mammography (Kevin Woods),Maximo,39,NA
RAW,06-The Mammography (Kevin Woods),Maximo,40,NA
RAW,06-The Mammography (Kevin Woods),Maximo,41,NA
RAW,06-The Mammography (Kevin Woods),Maximo,42,NA
RAW,06-The Mammography (Kevin Woods),Maximo,43,NA
RAW,06-The Mammography (Kevin Woods),Maximo,44,NA
RAW,06-The Mammography (Kevin Woods),Maximo,45,NA
RAW,06-The Mammography (Kevin Woods),Maximo,46,NA
RAW,06-The Mammography (Kevin Woods),Maximo,48,NA
RAW,06-The Mammography (Kevin Woods),Maximo,49,NA
RAW,07-Oil Spill Imbalanced Classification,Media,time,NA
RAW,07-Oil Spill Imbalanced Classification,Media,v1,NA
RAW,07-Oil Spill Imbalanced Classification,Media,v2,NA
RAW,07-Oil Spill Imbalanced Classification,Media,v3,NA
RAW,07-Oil Spill Imbalanced Classification,Media,v4,NA
RAW,07-Oil Spill Imbalanced Classification,Media,v5,NA
RAW,07-Oil Spill Imbalanced Classification,Media,v6,NA
RAW,07-Oil Spill Imbalanced Classification,Media,v7,NA
RAW,07-Oil Spill Imbalanced Classification,Media,v8,NA
RAW,07-Oil Spill Imbalanced Classification,Media,v9,NA
RAW,07-Oil Spill Imbalanced Classification,Media,v10,NA
RAW,07-Oil Spill Imbalanced Classification,Media,v11,NA
RAW,07-Oil Spill Imbalanced Classification,Media,v12,NA
RAW,07-Oil Spill Imbalanced Classification,Media,v13,NA
RAW,07-Oil Spill Imbalanced Classification,Media,v14,NA
RAW,07-Oil Spill Imbalanced Classification,Media,v15,NA
RAW,07-Oil Spill Imbalanced Classification,Media,v16,NA
RAW,07-Oil Spill Imbalanced Classification,Media,v17,NA
RAW,07-Oil Spill Imbalanced Classification,Media,v18,NA
RAW,07-Oil Spill Imbalanced Classification,Media,v19,NA
RAW,07-Oil Spill Imbalanced Classification,Media,v20,NA
RAW,07-Oil Spill Imbalanced Classification,Media,v21,NA
RAW,07-Oil Spill Imbalanced Classification,Media,v22,NA
RAW,07-Oil Spill Imbalanced Classification,Media,v23,NA
RAW,07-Oil Spill Imbalanced Classification,Media,v24,NA
RAW,07-Oil Spill Imbalanced Classification,Media,v25,NA
RAW,07-Oil Spill Imbalanced Classification,Media,v26,NA
RAW,07-Oil Spill Imbalanced Classification,Media,v27,NA
RAW,07-Oil Spill Imbalanced Classification,Media,v28,NA
RAW,07-Oil Spill Imbalanced Classification,Media,amount,NA
RAW,07-Oil Spill Imbalanced Classification,Media,radius1,NA
RAW,07-Oil Spill Imbalanced Classification,Media,texture1,NA
RAW,07-Oil Spill Imbalanced Classification,Media,perimeter1,NA
RAW,07-Oil Spill Imbalanced Classification,Media,area1,NA
RAW,07-Oil Spill Imbalanced Classification,Media,smoothness1,NA
RAW,07-Oil Spill Imbalanced Classification,Media,compactness1,NA
RAW,07-Oil Spill Imbalanced Classification,Media,concavity1,NA
RAW,07-Oil Spill Imbalanced Classification,Media,concave_points1,NA
RAW,07-Oil Spill Imbalanced Classification,Media,symmetry1,NA
RAW,07-Oil Spill Imbalanced Classification,Media,fractal_dimension1,NA
RAW,07-Oil Spill Imbalanced Classification,Media,radius2,NA
RAW,07-Oil Spill Imbalanced Classification,Media,texture2,NA
RAW,07-Oil Spill Imbalanced Classification,Media,perimeter2,NA
RAW,07-Oil Spill Imbalanced Classification,Media,area2,NA
RAW,07-Oil Spill Imbalanced Classification,Media,smoothness2,NA
RAW,07-Oil Spill Imbalanced Classification,Media,compactness2,NA
RAW,07-Oil Spill Imbalanced Classification,Media,concavity2,NA
RAW,07-Oil Spill Imbalanced Classification,Media,concave_points2,NA
RAW,07-Oil Spill Imbalanced Classification,Media,symmetry2,NA
RAW,07-Oil Spill Imbalanced Classification,Media,fractal_dimension2,NA
RAW,07-Oil Spill Imbalanced Classification,Media,radius3,NA
RAW,07-Oil Spill Imbalanced Classification,Media,texture3,NA
RAW,07-Oil Spill Imbalanced Classification,Media,perimeter3,NA
RAW,07-Oil Spill Imbalanced Classification,Media,area3,NA
RAW,07-Oil Spill Imbalanced Classification,Media,smoothness3,NA
RAW,07-Oil Spill Imbalanced Classification,Media,compactness3,NA
RAW,07-Oil Spill Imbalanced Classification,Media,concavity3,NA
RAW,07-Oil Spill Imbalanced Classification,Media,concave_points3,NA
RAW,07-Oil Spill Imbalanced Classification,Media,symmetry3,NA
RAW,07-Oil Spill Imbalanced Classification,Media,fractal_dimension3,NA
RAW,07-Oil Spill Imbalanced Classification,Media,pregnancies,NA
RAW,07-Oil Spill Imbalanced Classification,Media,glucose,NA
RAW,07-Oil Spill Imbalanced Classification,Media,bloodpressure,NA
RAW,07-Oil Spill Imbalanced Classification,Media,skinthickness,NA
RAW,07-Oil Spill Imbalanced Classification,Media,insulin,NA
RAW,07-Oil Spill Imbalanced Classification,Media,bmi,NA
RAW,07-Oil Spill Imbalanced Classification,Media,diabetespedigreefunction,NA
RAW,07-Oil Spill Imbalanced Classification,Media,age,NA
RAW,07-Oil Spill Imbalanced Classification,Media,attribute01,NA
RAW,07-Oil Spill Imbalanced Classification,Media,attribute02,NA
RAW,07-Oil Spill Imbalanced Classification,Media,attribute03,NA
RAW,07-Oil Spill Imbalanced Classification,Media,attribute04,NA
RAW,07-Oil Spill Imbalanced Classification,Media,attribute05,NA
RAW,07-Oil Spill Imbalanced Classification,Media,attribute06,NA
RAW,07-Oil Spill Imbalanced Classification,Media,attribute07,NA
RAW,07-Oil Spill Imbalanced Classification,Media,attribute08,NA
RAW,07-Oil Spill Imbalanced Classification,Media,attribute09,NA
RAW,07-Oil Spill Imbalanced Classification,Media,attribute10,NA
RAW,07-Oil Spill Imbalanced Classification,Media,attribute11,NA
RAW,07-Oil Spill Imbalanced Classification,Media,attribute12,NA
RAW,07-Oil Spill Imbalanced Classification,Media,attribute13,NA
RAW,07-Oil Spill Imbalanced Classification,Media,attribute14,NA
RAW,07-Oil Spill Imbalanced Classification,Media,attribute15,NA
RAW,07-Oil Spill Imbalanced Classification,Media,attribute16,NA
RAW,07-Oil Spill Imbalanced Classification,Media,attribute17,NA
RAW,07-Oil Spill Imbalanced Classification,Media,attribute18,NA
RAW,07-Oil Spill Imbalanced Classification,Media,attribute19,NA
RAW,07-Oil Spill Imbalanced Classification,Media,attribute20,NA
RAW,07-Oil Spill Imbalanced Classification,Media,attribute21,NA
RAW,07-Oil Spill Imbalanced Classification,Media,attribute22,NA
RAW,07-Oil Spill Imbalanced Classification,Media,attribute23,NA
RAW,07-Oil Spill Imbalanced Classification,Media,attribute24,NA
RAW,07-Oil Spill Imbalanced Classification,Media,attribute25,NA
RAW,07-Oil Spill Imbalanced Classification,Media,attribute26,NA
RAW,07-Oil Spill Imbalanced Classification,Media,attribute27,NA
RAW,07-Oil Spill Imbalanced Classification,Media,attribute28,NA
RAW,07-Oil Spill Imbalanced Classification,Media,attribute29,NA
RAW,07-Oil Spill Imbalanced Classification,Media,attribute30,NA
RAW,07-Oil Spill Imbalanced Classification,Media,attribute31,NA
RAW,07-Oil Spill Imbalanced Classification,Media,attribute32,NA
RAW,07-Oil Spill Imbalanced Classification,Media,attribute33,NA
RAW,07-Oil Spill Imbalanced Classification,Media,attribute34,NA
RAW,07-Oil Spill Imbalanced Classification,Media,aa,NA
RAW,07-Oil Spill Imbalanced Classification,Media,ao,NA
RAW,07-Oil Spill Imbalanced Classification,Media,dcl,NA
RAW,07-Oil Spill Imbalanced Classification,Media,iy,NA
RAW,07-Oil Spill Imbalanced Classification,Media,sh,NA
RAW,07-Oil Spill Imbalanced Classification,Media,0,NA
RAW,07-Oil Spill Imbalanced Classification,Media,1,81.5880469583778
RAW,07-Oil Spill Imbalanced Classification,Media,2,332.8420490928495
RAW,07-Oil Spill Imbalanced Classification,Media,3,698.7070864461045
RAW,07-Oil Spill Imbalanced Classification,Media,4,870.9922091782283
RAW,07-Oil Spill Imbalanced Classification,Media,5,84.12166488794024
RAW,07-Oil Spill Imbalanced Classification,Media,6,769696.37886873
RAW,07-Oil Spill Imbalanced Classification,Media,7,43.242721451440765
RAW,07-Oil Spill Imbalanced Classification,Media,8,9.127886872998932
RAW,07-Oil Spill Imbalanced Classification,Media,9,3940.7129135538953
RAW,07-Oil Spill Imbalanced Classification,Media,10,0.22100320170757737
RAW,07-Oil Spill Imbalanced Classification,Media,11,109.89274279615795
RAW,07-Oil Spill Imbalanced Classification,Media,12,0.25144076840981855
RAW,07-Oil Spill Imbalanced Classification,Media,13,0.31121664887940237
RAW,07-Oil Spill Imbalanced Classification,Media,14,0.4846638207043757
RAW,07-Oil Spill Imbalanced Classification,Media,15,0.1828922091782284
RAW,07-Oil Spill Imbalanced Classification,Media,16,0.30193169690501603
RAW,07-Oil Spill Imbalanced Classification,Media,17,77.4125613660619
RAW,07-Oil Spill Imbalanced Classification,Media,18,31.151921024546425
RAW,07-Oil Spill Imbalanced Classification,Media,19,0.9090394877267877
RAW,07-Oil Spill Imbalanced Classification,Media,20,0.2288153681963714
RAW,07-Oil Spill Imbalanced Classification,Media,21,0.2893169690501601
RAW,07-Oil Spill Imbalanced Classification,Media,22,76.08562433297759
RAW,07-Oil Spill Imbalanced Classification,Media,23,0
RAW,07-Oil Spill Imbalanced Classification,Media,24,0.6421771611526147
RAW,07-Oil Spill Imbalanced Classification,Media,25,559.9106937033084
RAW,07-Oil Spill Imbalanced Classification,Media,26,0.5782924226254003
RAW,07-Oil Spill Imbalanced Classification,Media,27,7.4981963713980795
RAW,07-Oil Spill Imbalanced Classification,Media,28,0.6083991462113127
RAW,07-Oil Spill Imbalanced Classification,Media,29,4.27110992529349
RAW,07-Oil Spill Imbalanced Classification,Media,30,-2.828420490928495
RAW,07-Oil Spill Imbalanced Classification,Media,31,-0.4288687299893276
RAW,07-Oil Spill Imbalanced Classification,Media,32,1.824589114194237
RAW,07-Oil Spill Imbalanced Classification,Media,33,0.002785485592315902
RAW,07-Oil Spill Imbalanced Classification,Media,34,1.8217929562433297
RAW,07-Oil Spill Imbalanced Classification,Media,35,43.086446104589115
RAW,07-Oil Spill Imbalanced Classification,Media,36,2432.6894343649947
RAW,07-Oil Spill Imbalanced Classification,Media,37,0.006894343649946638
RAW,07-Oil Spill Imbalanced Classification,Media,38,31.241856990394876
RAW,07-Oil Spill Imbalanced Classification,Media,39,91.18996798292423
RAW,07-Oil Spill Imbalanced Classification,Media,40,60.54749199573106
RAW,07-Oil Spill Imbalanced Classification,Media,41,933.9286766275347
RAW,07-Oil Spill Imbalanced Classification,Media,42,427.5655816435432
RAW,07-Oil Spill Imbalanced Classification,Media,43,255.43590181430096
RAW,07-Oil Spill Imbalanced Classification,Media,44,106.11251867662753
RAW,07-Oil Spill Imbalanced Classification,Media,45,5.014002134471718
RAW,07-Oil Spill Imbalanced Classification,Media,46,0.128068303094984
RAW,07-Oil Spill Imbalanced Classification,Media,48,61.694386339381005
RAW,07-Oil Spill Imbalanced Classification,Media,49,8.119722518676628
RAW,07-Oil Spill Imbalanced Classification,Desvio_Padrao,time,NA
RAW,07-Oil Spill Imbalanced Classification,Desvio_Padrao,v1,NA
RAW,07-Oil Spill Imbalanced Classification,Desvio_Padrao,v2,NA
RAW,07-Oil Spill Imbalanced Classification,Desvio_Padrao,v3,NA
RAW,07-Oil Spill Imbalanced Classification,Desvio_Padrao,v4,NA
RAW,07-Oil Spill Imbalanced Classification,Desvio_Padrao,v5,NA
RAW,07-Oil Spill Imbalanced Classification,Desvio_Padrao,v6,NA
RAW,07-Oil Spill Imbalanced Classification,Desvio_Padrao,v7,NA
RAW,07-Oil Spill Imbalanced Classification,Desvio_Padrao,v8,NA
RAW,07-Oil Spill Imbalanced Classification,Desvio_Padrao,v9,NA
RAW,07-Oil Spill Imbalanced Classification,Desvio_Padrao,v10,NA
RAW,07-Oil Spill Imbalanced Classification,Desvio_Padrao,v11,NA
RAW,07-Oil Spill Imbalanced Classification,Desvio_Padrao,v12,NA
RAW,07-Oil Spill Imbalanced Classification,Desvio_Padrao,v13,NA
RAW,07-Oil Spill Imbalanced Classification,Desvio_Padrao,v14,NA
RAW,07-Oil Spill Imbalanced Classification,Desvio_Padrao,v15,NA
RAW,07-Oil Spill Imbalanced Classification,Desvio_Padrao,v16,NA
RAW,07-Oil Spill Imbalanced Classification,Desvio_Padrao,v17,NA
RAW,07-Oil Spill Imbalanced Classification,Desvio_Padrao,v18,NA
RAW,07-Oil Spill Imbalanced Classification,Desvio_Padrao,v19,NA
RAW,07-Oil Spill Imbalanced Classification,Desvio_Padrao,v20,NA
RAW,07-Oil Spill Imbalanced Classification,Desvio_Padrao,v21,NA
RAW,07-Oil Spill Imbalanced Classification,Desvio_Padrao,v22,NA
RAW,07-Oil Spill Imbalanced Classification,Desvio_Padrao,v23,NA
RAW,07-Oil Spill Imbalanced Classification,Desvio_Padrao,v24,NA
RAW,07-Oil Spill Imbalanced Classification,Desvio_Padrao,v25,NA
RAW,07-Oil Spill Imbalanced Classification,Desvio_Padrao,v26,NA
RAW,07-Oil Spill Imbalanced Classification,Desvio_Padrao,v27,NA
RAW,07-Oil Spill Imbalanced Classification,Desvio_Padrao,v28,NA
RAW,07-Oil Spill Imbalanced Classification,Desvio_Padrao,amount,NA
RAW,07-Oil Spill Imbalanced Classification,Desvio_Padrao,radius1,NA
RAW,07-Oil Spill Imbalanced Classification,Desvio_Padrao,texture1,NA
RAW,07-Oil Spill Imbalanced Classification,Desvio_Padrao,perimeter1,NA
RAW,07-Oil Spill Imbalanced Classification,Desvio_Padrao,area1,NA
RAW,07-Oil Spill Imbalanced Classification,Desvio_Padrao,smoothness1,NA
RAW,07-Oil Spill Imbalanced Classification,Desvio_Padrao,compactness1,NA
RAW,07-Oil Spill Imbalanced Classification,Desvio_Padrao,concavity1,NA
RAW,07-Oil Spill Imbalanced Classification,Desvio_Padrao,concave_points1,NA
RAW,07-Oil Spill Imbalanced Classification,Desvio_Padrao,symmetry1,NA
RAW,07-Oil Spill Imbalanced Classification,Desvio_Padrao,fractal_dimension1,NA
RAW,07-Oil Spill Imbalanced Classification,Desvio_Padrao,radius2,NA
RAW,07-Oil Spill Imbalanced Classification,Desvio_Padrao,texture2,NA
RAW,07-Oil Spill Imbalanced Classification,Desvio_Padrao,perimeter2,NA
RAW,07-Oil Spill Imbalanced Classification,Desvio_Padrao,area2,NA
RAW,07-Oil Spill Imbalanced Classification,Desvio_Padrao,smoothness2,NA
RAW,07-Oil Spill Imbalanced Classification,Desvio_Padrao,compactness2,NA
RAW,07-Oil Spill Imbalanced Classification,Desvio_Padrao,concavity2,NA
RAW,07-Oil Spill Imbalanced Classification,Desvio_Padrao,concave_points2,NA
RAW,07-Oil Spill Imbalanced Classification,Desvio_Padrao,symmetry2,NA
RAW,07-Oil Spill Imbalanced Classification,Desvio_Padrao,fractal_dimension2,NA
RAW,07-Oil Spill Imbalanced Classification,Desvio_Padrao,radius3,NA
RAW,07-Oil Spill Imbalanced Classification,Desvio_Padrao,texture3,NA
RAW,07-Oil Spill Imbalanced Classification,Desvio_Padrao,perimeter3,NA
RAW,07-Oil Spill Imbalanced Classification,Desvio_Padrao,area3,NA
RAW,07-Oil Spill Imbalanced Classification,Desvio_Padrao,smoothness3,NA
RAW,07-Oil Spill Imbalanced Classification,Desvio_Padrao,compactness3,NA
RAW,07-Oil Spill Imbalanced Classification,Desvio_Padrao,concavity3,NA
RAW,07-Oil Spill Imbalanced Classification,Desvio_Padrao,concave_points3,NA
RAW,07-Oil Spill Imbalanced Classification,Desvio_Padrao,symmetry3,NA
RAW,07-Oil Spill Imbalanced Classification,Desvio_Padrao,fractal_dimension3,NA
RAW,07-Oil Spill Imbalanced Classification,Desvio_Padrao,pregnancies,NA
RAW,07-Oil Spill Imbalanced Classification,Desvio_Padrao,glucose,NA
RAW,07-Oil Spill Imbalanced Classification,Desvio_Padrao,bloodpressure,NA
RAW,07-Oil Spill Imbalanced Classification,Desvio_Padrao,skinthickness,NA
RAW,07-Oil Spill Imbalanced Classification,Desvio_Padrao,insulin,NA
RAW,07-Oil Spill Imbalanced Classification,Desvio_Padrao,bmi,NA
RAW,07-Oil Spill Imbalanced Classification,Desvio_Padrao,diabetespedigreefunction,NA
RAW,07-Oil Spill Imbalanced Classification,Desvio_Padrao,age,NA
RAW,07-Oil Spill Imbalanced Classification,Desvio_Padrao,attribute01,NA
RAW,07-Oil Spill Imbalanced Classification,Desvio_Padrao,attribute02,NA
RAW,07-Oil Spill Imbalanced Classification,Desvio_Padrao,attribute03,NA
RAW,07-Oil Spill Imbalanced Classification,Desvio_Padrao,attribute04,NA
RAW,07-Oil Spill Imbalanced Classification,Desvio_Padrao,attribute05,NA
RAW,07-Oil Spill Imbalanced Classification,Desvio_Padrao,attribute06,NA
RAW,07-Oil Spill Imbalanced Classification,Desvio_Padrao,attribute07,NA
RAW,07-Oil Spill Imbalanced Classification,Desvio_Padrao,attribute08,NA
RAW,07-Oil Spill Imbalanced Classification,Desvio_Padrao,attribute09,NA
RAW,07-Oil Spill Imbalanced Classification,Desvio_Padrao,attribute10,NA
RAW,07-Oil Spill Imbalanced Classification,Desvio_Padrao,attribute11,NA
RAW,07-Oil Spill Imbalanced Classification,Desvio_Padrao,attribute12,NA
RAW,07-Oil Spill Imbalanced Classification,Desvio_Padrao,attribute13,NA
RAW,07-Oil Spill Imbalanced Classification,Desvio_Padrao,attribute14,NA
RAW,07-Oil Spill Imbalanced Classification,Desvio_Padrao,attribute15,NA
RAW,07-Oil Spill Imbalanced Classification,Desvio_Padrao,attribute16,NA
RAW,07-Oil Spill Imbalanced Classification,Desvio_Padrao,attribute17,NA
RAW,07-Oil Spill Imbalanced Classification,Desvio_Padrao,attribute18,NA
RAW,07-Oil Spill Imbalanced Classification,Desvio_Padrao,attribute19,NA
RAW,07-Oil Spill Imbalanced Classification,Desvio_Padrao,attribute20,NA
RAW,07-Oil Spill Imbalanced Classification,Desvio_Padrao,attribute21,NA
RAW,07-Oil Spill Imbalanced Classification,Desvio_Padrao,attribute22,NA
RAW,07-Oil Spill Imbalanced Classification,Desvio_Padrao,attribute23,NA
RAW,07-Oil Spill Imbalanced Classification,Desvio_Padrao,attribute24,NA
RAW,07-Oil Spill Imbalanced Classification,Desvio_Padrao,attribute25,NA
RAW,07-Oil Spill Imbalanced Classification,Desvio_Padrao,attribute26,NA
RAW,07-Oil Spill Imbalanced Classification,Desvio_Padrao,attribute27,NA
RAW,07-Oil Spill Imbalanced Classification,Desvio_Padrao,attribute28,NA
RAW,07-Oil Spill Imbalanced Classification,Desvio_Padrao,attribute29,NA
RAW,07-Oil Spill Imbalanced Classification,Desvio_Padrao,attribute30,NA
RAW,07-Oil Spill Imbalanced Classification,Desvio_Padrao,attribute31,NA
RAW,07-Oil Spill Imbalanced Classification,Desvio_Padrao,attribute32,NA
RAW,07-Oil Spill Imbalanced Classification,Desvio_Padrao,attribute33,NA
RAW,07-Oil Spill Imbalanced Classification,Desvio_Padrao,attribute34,NA
RAW,07-Oil Spill Imbalanced Classification,Desvio_Padrao,aa,NA
RAW,07-Oil Spill Imbalanced Classification,Desvio_Padrao,ao,NA
RAW,07-Oil Spill Imbalanced Classification,Desvio_Padrao,dcl,NA
RAW,07-Oil Spill Imbalanced Classification,Desvio_Padrao,iy,NA
RAW,07-Oil Spill Imbalanced Classification,Desvio_Padrao,sh,NA
RAW,07-Oil Spill Imbalanced Classification,Desvio_Padrao,0,NA
RAW,07-Oil Spill Imbalanced Classification,Desvio_Padrao,1,64.97672977711103
RAW,07-Oil Spill Imbalanced Classification,Desvio_Padrao,2,1931.9385697837338
RAW,07-Oil Spill Imbalanced Classification,Desvio_Padrao,3,599.9655770035965
RAW,07-Oil Spill Imbalanced Classification,Desvio_Padrao,4,522.7993249327467
RAW,07-Oil Spill Imbalanced Classification,Desvio_Padrao,5,45.361771460621995
RAW,07-Oil Spill Imbalanced Classification,Desvio_Padrao,6,3831151.032065411
RAW,07-Oil Spill Imbalanced Classification,Desvio_Padrao,7,12.718403675446117
RAW,07-Oil Spill Imbalanced Classification,Desvio_Padrao,8,3.588877883342868
RAW,07-Oil Spill Imbalanced Classification,Desvio_Padrao,9,8167.427624625614
RAW,07-Oil Spill Imbalanced Classification,Desvio_Padrao,10,0.09031554956933839
RAW,07-Oil Spill Imbalanced Classification,Desvio_Padrao,11,61.460846499254544
RAW,07-Oil Spill Imbalanced Classification,Desvio_Padrao,12,0.08813205759244074
RAW,07-Oil Spill Imbalanced Classification,Desvio_Padrao,13,0.12138628133017441
RAW,07-Oil Spill Imbalanced Classification,Desvio_Padrao,14,0.216858689818777
RAW,07-Oil Spill Imbalanced Classification,Desvio_Padrao,15,0.08294307409100292
RAW,07-Oil Spill Imbalanced Classification,Desvio_Padrao,16,0.20469490437407437
RAW,07-Oil Spill Imbalanced Classification,Desvio_Padrao,17,304.3298416014422
RAW,07-Oil Spill Imbalanced Classification,Desvio_Padrao,18,152.69333379772343
RAW,07-Oil Spill Imbalanced Classification,Desvio_Padrao,19,0.6754918558877505
RAW,07-Oil Spill Imbalanced Classification,Desvio_Padrao,20,0.0754104513567093
RAW,07-Oil Spill Imbalanced Classification,Desvio_Padrao,21,0.10536648932585166
RAW,07-Oil Spill Imbalanced Classification,Desvio_Padrao,22,22.937472728965954
RAW,07-Oil Spill Imbalanced Classification,Desvio_Padrao,23,0
RAW,07-Oil Spill Imbalanced Classification,Desvio_Padrao,24,0.2999450779342363
RAW,07-Oil Spill Imbalanced Classification,Desvio_Padrao,25,612.4592796724448
RAW,07-Oil Spill Imbalanced Classification,Desvio_Padrao,26,0.7021572892465724
RAW,07-Oil Spill Imbalanced Classification,Desvio_Padrao,27,3.9679662883737534
RAW,07-Oil Spill Imbalanced Classification,Desvio_Padrao,28,0.8452216107514772
RAW,07-Oil Spill Imbalanced Classification,Desvio_Padrao,29,3.6194055925901356
RAW,07-Oil Spill Imbalanced Classification,Desvio_Padrao,30,1.6218324362287262
RAW,07-Oil Spill Imbalanced Classification,Desvio_Padrao,31,0.21561678785003197
RAW,07-Oil Spill Imbalanced Classification,Desvio_Padrao,32,0.6387222377670319
RAW,07-Oil Spill Imbalanced Classification,Desvio_Padrao,33,0.04898793984896036
RAW,07-Oil Spill Imbalanced Classification,Desvio_Padrao,34,0.6433975886550125
RAW,07-Oil Spill Imbalanced Classification,Desvio_Padrao,35,95.16732900812177
RAW,07-Oil Spill Imbalanced Classification,Desvio_Padrao,36,5219.377584980779
RAW,07-Oil Spill Imbalanced Classification,Desvio_Padrao,37,0.00533719211579683
RAW,07-Oil Spill Imbalanced Classification,Desvio_Padrao,38,31.584838120718697
RAW,07-Oil Spill Imbalanced Classification,Desvio_Padrao,39,21.984410407388964
RAW,07-Oil Spill Imbalanced Classification,Desvio_Padrao,40,13.838898193560837
RAW,07-Oil Spill Imbalanced Classification,Desvio_Padrao,41,1001.6813309848327
RAW,07-Oil Spill Imbalanced Classification,Desvio_Padrao,42,715.3916483530088
RAW,07-Oil Spill Imbalanced Classification,Desvio_Padrao,43,534.3061935727848
RAW,07-Oil Spill Imbalanced Classification,Desvio_Padrao,44,135.6177079715048
RAW,07-Oil Spill Imbalanced Classification,Desvio_Padrao,45,5.0291509508385435
RAW,07-Oil Spill Imbalanced Classification,Desvio_Padrao,46,0.3343443060496508
RAW,07-Oil Spill Imbalanced Classification,Desvio_Padrao,48,10.412807175887123
RAW,07-Oil Spill Imbalanced Classification,Desvio_Padrao,49,2.9088945399050434
RAW,07-Oil Spill Imbalanced Classification,Minimo,time,NA
RAW,07-Oil Spill Imbalanced Classification,Minimo,v1,NA
RAW,07-Oil Spill Imbalanced Classification,Minimo,v2,NA
RAW,07-Oil Spill Imbalanced Classification,Minimo,v3,NA
RAW,07-Oil Spill Imbalanced Classification,Minimo,v4,NA
RAW,07-Oil Spill Imbalanced Classification,Minimo,v5,NA
RAW,07-Oil Spill Imbalanced Classification,Minimo,v6,NA
RAW,07-Oil Spill Imbalanced Classification,Minimo,v7,NA
RAW,07-Oil Spill Imbalanced Classification,Minimo,v8,NA
RAW,07-Oil Spill Imbalanced Classification,Minimo,v9,NA
RAW,07-Oil Spill Imbalanced Classification,Minimo,v10,NA
RAW,07-Oil Spill Imbalanced Classification,Minimo,v11,NA
RAW,07-Oil Spill Imbalanced Classification,Minimo,v12,NA
RAW,07-Oil Spill Imbalanced Classification,Minimo,v13,NA
RAW,07-Oil Spill Imbalanced Classification,Minimo,v14,NA
RAW,07-Oil Spill Imbalanced Classification,Minimo,v15,NA
RAW,07-Oil Spill Imbalanced Classification,Minimo,v16,NA
RAW,07-Oil Spill Imbalanced Classification,Minimo,v17,NA
RAW,07-Oil Spill Imbalanced Classification,Minimo,v18,NA
RAW,07-Oil Spill Imbalanced Classification,Minimo,v19,NA
RAW,07-Oil Spill Imbalanced Classification,Minimo,v20,NA
RAW,07-Oil Spill Imbalanced Classification,Minimo,v21,NA
RAW,07-Oil Spill Imbalanced Classification,Minimo,v22,NA
RAW,07-Oil Spill Imbalanced Classification,Minimo,v23,NA
RAW,07-Oil Spill Imbalanced Classification,Minimo,v24,NA
RAW,07-Oil Spill Imbalanced Classification,Minimo,v25,NA
RAW,07-Oil Spill Imbalanced Classification,Minimo,v26,NA
RAW,07-Oil Spill Imbalanced Classification,Minimo,v27,NA
RAW,07-Oil Spill Imbalanced Classification,Minimo,v28,NA
RAW,07-Oil Spill Imbalanced Classification,Minimo,amount,NA
RAW,07-Oil Spill Imbalanced Classification,Minimo,radius1,NA
RAW,07-Oil Spill Imbalanced Classification,Minimo,texture1,NA
RAW,07-Oil Spill Imbalanced Classification,Minimo,perimeter1,NA
RAW,07-Oil Spill Imbalanced Classification,Minimo,area1,NA
RAW,07-Oil Spill Imbalanced Classification,Minimo,smoothness1,NA
RAW,07-Oil Spill Imbalanced Classification,Minimo,compactness1,NA
RAW,07-Oil Spill Imbalanced Classification,Minimo,concavity1,NA
RAW,07-Oil Spill Imbalanced Classification,Minimo,concave_points1,NA
RAW,07-Oil Spill Imbalanced Classification,Minimo,symmetry1,NA
RAW,07-Oil Spill Imbalanced Classification,Minimo,fractal_dimension1,NA
RAW,07-Oil Spill Imbalanced Classification,Minimo,radius2,NA
RAW,07-Oil Spill Imbalanced Classification,Minimo,texture2,NA
RAW,07-Oil Spill Imbalanced Classification,Minimo,perimeter2,NA
RAW,07-Oil Spill Imbalanced Classification,Minimo,area2,NA
RAW,07-Oil Spill Imbalanced Classification,Minimo,smoothness2,NA
RAW,07-Oil Spill Imbalanced Classification,Minimo,compactness2,NA
RAW,07-Oil Spill Imbalanced Classification,Minimo,concavity2,NA
RAW,07-Oil Spill Imbalanced Classification,Minimo,concave_points2,NA
RAW,07-Oil Spill Imbalanced Classification,Minimo,symmetry2,NA
RAW,07-Oil Spill Imbalanced Classification,Minimo,fractal_dimension2,NA
RAW,07-Oil Spill Imbalanced Classification,Minimo,radius3,NA
RAW,07-Oil Spill Imbalanced Classification,Minimo,texture3,NA
RAW,07-Oil Spill Imbalanced Classification,Minimo,perimeter3,NA
RAW,07-Oil Spill Imbalanced Classification,Minimo,area3,NA
RAW,07-Oil Spill Imbalanced Classification,Minimo,smoothness3,NA
RAW,07-Oil Spill Imbalanced Classification,Minimo,compactness3,NA
RAW,07-Oil Spill Imbalanced Classification,Minimo,concavity3,NA
RAW,07-Oil Spill Imbalanced Classification,Minimo,concave_points3,NA
RAW,07-Oil Spill Imbalanced Classification,Minimo,symmetry3,NA
RAW,07-Oil Spill Imbalanced Classification,Minimo,fractal_dimension3,NA
RAW,07-Oil Spill Imbalanced Classification,Minimo,pregnancies,NA
RAW,07-Oil Spill Imbalanced Classification,Minimo,glucose,NA
RAW,07-Oil Spill Imbalanced Classification,Minimo,bloodpressure,NA
RAW,07-Oil Spill Imbalanced Classification,Minimo,skinthickness,NA
RAW,07-Oil Spill Imbalanced Classification,Minimo,insulin,NA
RAW,07-Oil Spill Imbalanced Classification,Minimo,bmi,NA
RAW,07-Oil Spill Imbalanced Classification,Minimo,diabetespedigreefunction,NA
RAW,07-Oil Spill Imbalanced Classification,Minimo,age,NA
RAW,07-Oil Spill Imbalanced Classification,Minimo,attribute01,NA
RAW,07-Oil Spill Imbalanced Classification,Minimo,attribute02,NA
RAW,07-Oil Spill Imbalanced Classification,Minimo,attribute03,NA
RAW,07-Oil Spill Imbalanced Classification,Minimo,attribute04,NA
RAW,07-Oil Spill Imbalanced Classification,Minimo,attribute05,NA
RAW,07-Oil Spill Imbalanced Classification,Minimo,attribute06,NA
RAW,07-Oil Spill Imbalanced Classification,Minimo,attribute07,NA
RAW,07-Oil Spill Imbalanced Classification,Minimo,attribute08,NA
RAW,07-Oil Spill Imbalanced Classification,Minimo,attribute09,NA
RAW,07-Oil Spill Imbalanced Classification,Minimo,attribute10,NA
RAW,07-Oil Spill Imbalanced Classification,Minimo,attribute11,NA
RAW,07-Oil Spill Imbalanced Classification,Minimo,attribute12,NA
RAW,07-Oil Spill Imbalanced Classification,Minimo,attribute13,NA
RAW,07-Oil Spill Imbalanced Classification,Minimo,attribute14,NA
RAW,07-Oil Spill Imbalanced Classification,Minimo,attribute15,NA
RAW,07-Oil Spill Imbalanced Classification,Minimo,attribute16,NA
RAW,07-Oil Spill Imbalanced Classification,Minimo,attribute17,NA
RAW,07-Oil Spill Imbalanced Classification,Minimo,attribute18,NA
RAW,07-Oil Spill Imbalanced Classification,Minimo,attribute19,NA
RAW,07-Oil Spill Imbalanced Classification,Minimo,attribute20,NA
RAW,07-Oil Spill Imbalanced Classification,Minimo,attribute21,NA
RAW,07-Oil Spill Imbalanced Classification,Minimo,attribute22,NA
RAW,07-Oil Spill Imbalanced Classification,Minimo,attribute23,NA
RAW,07-Oil Spill Imbalanced Classification,Minimo,attribute24,NA
RAW,07-Oil Spill Imbalanced Classification,Minimo,attribute25,NA
RAW,07-Oil Spill Imbalanced Classification,Minimo,attribute26,NA
RAW,07-Oil Spill Imbalanced Classification,Minimo,attribute27,NA
RAW,07-Oil Spill Imbalanced Classification,Minimo,attribute28,NA
RAW,07-Oil Spill Imbalanced Classification,Minimo,attribute29,NA
RAW,07-Oil Spill Imbalanced Classification,Minimo,attribute30,NA
RAW,07-Oil Spill Imbalanced Classification,Minimo,attribute31,NA
RAW,07-Oil Spill Imbalanced Classification,Minimo,attribute32,NA
RAW,07-Oil Spill Imbalanced Classification,Minimo,attribute33,NA
RAW,07-Oil Spill Imbalanced Classification,Minimo,attribute34,NA
RAW,07-Oil Spill Imbalanced Classification,Minimo,aa,NA
RAW,07-Oil Spill Imbalanced Classification,Minimo,ao,NA
RAW,07-Oil Spill Imbalanced Classification,Minimo,dcl,NA
RAW,07-Oil Spill Imbalanced Classification,Minimo,iy,NA
RAW,07-Oil Spill Imbalanced Classification,Minimo,sh,NA
RAW,07-Oil Spill Imbalanced Classification,Minimo,0,NA
RAW,07-Oil Spill Imbalanced Classification,Minimo,1,1
RAW,07-Oil Spill Imbalanced Classification,Minimo,2,10
RAW,07-Oil Spill Imbalanced Classification,Minimo,3,1.92
RAW,07-Oil Spill Imbalanced Classification,Minimo,4,1
RAW,07-Oil Spill Imbalanced Classification,Minimo,5,0
RAW,07-Oil Spill Imbalanced Classification,Minimo,6,70312
RAW,07-Oil Spill Imbalanced Classification,Minimo,7,21.24
RAW,07-Oil Spill Imbalanced Classification,Minimo,8,0.83
RAW,07-Oil Spill Imbalanced Classification,Minimo,9,667
RAW,07-Oil Spill Imbalanced Classification,Minimo,10,0.02
RAW,07-Oil Spill Imbalanced Classification,Minimo,11,41
RAW,07-Oil Spill Imbalanced Classification,Minimo,12,0.02
RAW,07-Oil Spill Imbalanced Classification,Minimo,13,0.03
RAW,07-Oil Spill Imbalanced Classification,Minimo,14,0.05
RAW,07-Oil Spill Imbalanced Classification,Minimo,15,0.01
RAW,07-Oil Spill Imbalanced Classification,Minimo,16,0.01
RAW,07-Oil Spill Imbalanced Classification,Minimo,17,4.82
RAW,07-Oil Spill Imbalanced Classification,Minimo,18,1.96
RAW,07-Oil Spill Imbalanced Classification,Minimo,19,0.13
RAW,07-Oil Spill Imbalanced Classification,Minimo,20,0.02
RAW,07-Oil Spill Imbalanced Classification,Minimo,21,0.02
RAW,07-Oil Spill Imbalanced Classification,Minimo,22,47.66
RAW,07-Oil Spill Imbalanced Classification,Minimo,23,0
RAW,07-Oil Spill Imbalanced Classification,Minimo,24,0.17
RAW,07-Oil Spill Imbalanced Classification,Minimo,25,132.78
RAW,07-Oil Spill Imbalanced Classification,Minimo,26,-0.71
RAW,07-Oil Spill Imbalanced Classification,Minimo,27,2.96
RAW,07-Oil Spill Imbalanced Classification,Minimo,28,-1.79
RAW,07-Oil Spill Imbalanced Classification,Minimo,29,1.44
RAW,07-Oil Spill Imbalanced Classification,Minimo,30,-7.81
RAW,07-Oil Spill Imbalanced Classification,Minimo,31,-1.37
RAW,07-Oil Spill Imbalanced Classification,Minimo,32,0
RAW,07-Oil Spill Imbalanced Classification,Minimo,33,0
RAW,07-Oil Spill Imbalanced Classification,Minimo,34,0
RAW,07-Oil Spill Imbalanced Classification,Minimo,35,3
RAW,07-Oil Spill Imbalanced Classification,Minimo,36,360
RAW,07-Oil Spill Imbalanced Classification,Minimo,37,0
RAW,07-Oil Spill Imbalanced Classification,Minimo,38,5.05
RAW,07-Oil Spill Imbalanced Classification,Minimo,39,64
RAW,07-Oil Spill Imbalanced Classification,Minimo,40,39
RAW,07-Oil Spill Imbalanced Classification,Minimo,41,0
RAW,07-Oil Spill Imbalanced Classification,Minimo,42,0
RAW,07-Oil Spill Imbalanced Classification,Minimo,43,0
RAW,07-Oil Spill Imbalanced Classification,Minimo,44,0
RAW,07-Oil Spill Imbalanced Classification,Minimo,45,0
RAW,07-Oil Spill Imbalanced Classification,Minimo,46,0
RAW,07-Oil Spill Imbalanced Classification,Minimo,48,35.95
RAW,07-Oil Spill Imbalanced Classification,Minimo,49,5.81
RAW,07-Oil Spill Imbalanced Classification,Maximo,time,NA
RAW,07-Oil Spill Imbalanced Classification,Maximo,v1,NA
RAW,07-Oil Spill Imbalanced Classification,Maximo,v2,NA
RAW,07-Oil Spill Imbalanced Classification,Maximo,v3,NA
RAW,07-Oil Spill Imbalanced Classification,Maximo,v4,NA
RAW,07-Oil Spill Imbalanced Classification,Maximo,v5,NA
RAW,07-Oil Spill Imbalanced Classification,Maximo,v6,NA
RAW,07-Oil Spill Imbalanced Classification,Maximo,v7,NA
RAW,07-Oil Spill Imbalanced Classification,Maximo,v8,NA
RAW,07-Oil Spill Imbalanced Classification,Maximo,v9,NA
RAW,07-Oil Spill Imbalanced Classification,Maximo,v10,NA
RAW,07-Oil Spill Imbalanced Classification,Maximo,v11,NA
RAW,07-Oil Spill Imbalanced Classification,Maximo,v12,NA
RAW,07-Oil Spill Imbalanced Classification,Maximo,v13,NA
RAW,07-Oil Spill Imbalanced Classification,Maximo,v14,NA
RAW,07-Oil Spill Imbalanced Classification,Maximo,v15,NA
RAW,07-Oil Spill Imbalanced Classification,Maximo,v16,NA
RAW,07-Oil Spill Imbalanced Classification,Maximo,v17,NA
RAW,07-Oil Spill Imbalanced Classification,Maximo,v18,NA
RAW,07-Oil Spill Imbalanced Classification,Maximo,v19,NA
RAW,07-Oil Spill Imbalanced Classification,Maximo,v20,NA
RAW,07-Oil Spill Imbalanced Classification,Maximo,v21,NA
RAW,07-Oil Spill Imbalanced Classification,Maximo,v22,NA
RAW,07-Oil Spill Imbalanced Classification,Maximo,v23,NA
RAW,07-Oil Spill Imbalanced Classification,Maximo,v24,NA
RAW,07-Oil Spill Imbalanced Classification,Maximo,v25,NA
RAW,07-Oil Spill Imbalanced Classification,Maximo,v26,NA
RAW,07-Oil Spill Imbalanced Classification,Maximo,v27,NA
RAW,07-Oil Spill Imbalanced Classification,Maximo,v28,NA
RAW,07-Oil Spill Imbalanced Classification,Maximo,amount,NA
RAW,07-Oil Spill Imbalanced Classification,Maximo,radius1,NA
RAW,07-Oil Spill Imbalanced Classification,Maximo,texture1,NA
RAW,07-Oil Spill Imbalanced Classification,Maximo,perimeter1,NA
RAW,07-Oil Spill Imbalanced Classification,Maximo,area1,NA
RAW,07-Oil Spill Imbalanced Classification,Maximo,smoothness1,NA
RAW,07-Oil Spill Imbalanced Classification,Maximo,compactness1,NA
RAW,07-Oil Spill Imbalanced Classification,Maximo,concavity1,NA
RAW,07-Oil Spill Imbalanced Classification,Maximo,concave_points1,NA
RAW,07-Oil Spill Imbalanced Classification,Maximo,symmetry1,NA
RAW,07-Oil Spill Imbalanced Classification,Maximo,fractal_dimension1,NA
RAW,07-Oil Spill Imbalanced Classification,Maximo,radius2,NA
RAW,07-Oil Spill Imbalanced Classification,Maximo,texture2,NA
RAW,07-Oil Spill Imbalanced Classification,Maximo,perimeter2,NA
RAW,07-Oil Spill Imbalanced Classification,Maximo,area2,NA
RAW,07-Oil Spill Imbalanced Classification,Maximo,smoothness2,NA
RAW,07-Oil Spill Imbalanced Classification,Maximo,compactness2,NA
RAW,07-Oil Spill Imbalanced Classification,Maximo,concavity2,NA
RAW,07-Oil Spill Imbalanced Classification,Maximo,concave_points2,NA
RAW,07-Oil Spill Imbalanced Classification,Maximo,symmetry2,NA
RAW,07-Oil Spill Imbalanced Classification,Maximo,fractal_dimension2,NA
RAW,07-Oil Spill Imbalanced Classification,Maximo,radius3,NA
RAW,07-Oil Spill Imbalanced Classification,Maximo,texture3,NA
RAW,07-Oil Spill Imbalanced Classification,Maximo,perimeter3,NA
RAW,07-Oil Spill Imbalanced Classification,Maximo,area3,NA
RAW,07-Oil Spill Imbalanced Classification,Maximo,smoothness3,NA
RAW,07-Oil Spill Imbalanced Classification,Maximo,compactness3,NA
RAW,07-Oil Spill Imbalanced Classification,Maximo,concavity3,NA
RAW,07-Oil Spill Imbalanced Classification,Maximo,concave_points3,NA
RAW,07-Oil Spill Imbalanced Classification,Maximo,symmetry3,NA
RAW,07-Oil Spill Imbalanced Classification,Maximo,fractal_dimension3,NA
RAW,07-Oil Spill Imbalanced Classification,Maximo,pregnancies,NA
RAW,07-Oil Spill Imbalanced Classification,Maximo,glucose,NA
RAW,07-Oil Spill Imbalanced Classification,Maximo,bloodpressure,NA
RAW,07-Oil Spill Imbalanced Classification,Maximo,skinthickness,NA
RAW,07-Oil Spill Imbalanced Classification,Maximo,insulin,NA
RAW,07-Oil Spill Imbalanced Classification,Maximo,bmi,NA
RAW,07-Oil Spill Imbalanced Classification,Maximo,diabetespedigreefunction,NA
RAW,07-Oil Spill Imbalanced Classification,Maximo,age,NA
RAW,07-Oil Spill Imbalanced Classification,Maximo,attribute01,NA
RAW,07-Oil Spill Imbalanced Classification,Maximo,attribute02,NA
RAW,07-Oil Spill Imbalanced Classification,Maximo,attribute03,NA
RAW,07-Oil Spill Imbalanced Classification,Maximo,attribute04,NA
RAW,07-Oil Spill Imbalanced Classification,Maximo,attribute05,NA
RAW,07-Oil Spill Imbalanced Classification,Maximo,attribute06,NA
RAW,07-Oil Spill Imbalanced Classification,Maximo,attribute07,NA
RAW,07-Oil Spill Imbalanced Classification,Maximo,attribute08,NA
RAW,07-Oil Spill Imbalanced Classification,Maximo,attribute09,NA
RAW,07-Oil Spill Imbalanced Classification,Maximo,attribute10,NA
RAW,07-Oil Spill Imbalanced Classification,Maximo,attribute11,NA
RAW,07-Oil Spill Imbalanced Classification,Maximo,attribute12,NA
RAW,07-Oil Spill Imbalanced Classification,Maximo,attribute13,NA
RAW,07-Oil Spill Imbalanced Classification,Maximo,attribute14,NA
RAW,07-Oil Spill Imbalanced Classification,Maximo,attribute15,NA
RAW,07-Oil Spill Imbalanced Classification,Maximo,attribute16,NA
RAW,07-Oil Spill Imbalanced Classification,Maximo,attribute17,NA
RAW,07-Oil Spill Imbalanced Classification,Maximo,attribute18,NA
RAW,07-Oil Spill Imbalanced Classification,Maximo,attribute19,NA
RAW,07-Oil Spill Imbalanced Classification,Maximo,attribute20,NA
RAW,07-Oil Spill Imbalanced Classification,Maximo,attribute21,NA
RAW,07-Oil Spill Imbalanced Classification,Maximo,attribute22,NA
RAW,07-Oil Spill Imbalanced Classification,Maximo,attribute23,NA
RAW,07-Oil Spill Imbalanced Classification,Maximo,attribute24,NA
RAW,07-Oil Spill Imbalanced Classification,Maximo,attribute25,NA
RAW,07-Oil Spill Imbalanced Classification,Maximo,attribute26,NA
RAW,07-Oil Spill Imbalanced Classification,Maximo,attribute27,NA
RAW,07-Oil Spill Imbalanced Classification,Maximo,attribute28,NA
RAW,07-Oil Spill Imbalanced Classification,Maximo,attribute29,NA
RAW,07-Oil Spill Imbalanced Classification,Maximo,attribute30,NA
RAW,07-Oil Spill Imbalanced Classification,Maximo,attribute31,NA
RAW,07-Oil Spill Imbalanced Classification,Maximo,attribute32,NA
RAW,07-Oil Spill Imbalanced Classification,Maximo,attribute33,NA
RAW,07-Oil Spill Imbalanced Classification,Maximo,attribute34,NA
RAW,07-Oil Spill Imbalanced Classification,Maximo,aa,NA
RAW,07-Oil Spill Imbalanced Classification,Maximo,ao,NA
RAW,07-Oil Spill Imbalanced Classification,Maximo,dcl,NA
RAW,07-Oil Spill Imbalanced Classification,Maximo,iy,NA
RAW,07-Oil Spill Imbalanced Classification,Maximo,sh,NA
RAW,07-Oil Spill Imbalanced Classification,Maximo,0,NA
RAW,07-Oil Spill Imbalanced Classification,Maximo,1,352
RAW,07-Oil Spill Imbalanced Classification,Maximo,2,32389
RAW,07-Oil Spill Imbalanced Classification,Maximo,3,1893.08
RAW,07-Oil Spill Imbalanced Classification,Maximo,4,2724.57
RAW,07-Oil Spill Imbalanced Classification,Maximo,5,180
RAW,07-Oil Spill Imbalanced Classification,Maximo,6,71315000
RAW,07-Oil Spill Imbalanced Classification,Maximo,7,82.64
RAW,07-Oil Spill Imbalanced Classification,Maximo,8,24.69
RAW,07-Oil Spill Imbalanced Classification,Maximo,9,160740
RAW,07-Oil Spill Imbalanced Classification,Maximo,10,0.74
RAW,07-Oil Spill Imbalanced Classification,Maximo,11,901.7
RAW,07-Oil Spill Imbalanced Classification,Maximo,12,0.66
RAW,07-Oil Spill Imbalanced Classification,Maximo,13,0.83
RAW,07-Oil Spill Imbalanced Classification,Maximo,14,1.23
RAW,07-Oil Spill Imbalanced Classification,Maximo,15,0.65
RAW,07-Oil Spill Imbalanced Classification,Maximo,16,1.12
RAW,07-Oil Spill Imbalanced Classification,Maximo,17,6058.23
RAW,07-Oil Spill Imbalanced Classification,Maximo,18,4061.15
RAW,07-Oil Spill Imbalanced Classification,Maximo,19,2.6
RAW,07-Oil Spill Imbalanced Classification,Maximo,20,0.65
RAW,07-Oil Spill Imbalanced Classification,Maximo,21,0.77
RAW,07-Oil Spill Imbalanced Classification,Maximo,22,126.08
RAW,07-Oil Spill Imbalanced Classification,Maximo,23,0
RAW,07-Oil Spill Imbalanced Classification,Maximo,24,1.33
RAW,07-Oil Spill Imbalanced Classification,Maximo,25,2036.8
RAW,07-Oil Spill Imbalanced Classification,Maximo,26,1.83
RAW,07-Oil Spill Imbalanced Classification,Maximo,27,14.78
RAW,07-Oil Spill Imbalanced Classification,Maximo,28,5.72
RAW,07-Oil Spill Imbalanced Classification,Maximo,29,39.42
RAW,07-Oil Spill Imbalanced Classification,Maximo,30,1.28
RAW,07-Oil Spill Imbalanced Classification,Maximo,31,0
RAW,07-Oil Spill Imbalanced Classification,Maximo,32,2.98
RAW,07-Oil Spill Imbalanced Classification,Maximo,33,0.87
RAW,07-Oil Spill Imbalanced Classification,Maximo,34,2.98
RAW,07-Oil Spill Imbalanced Classification,Maximo,35,1695
RAW,07-Oil Spill Imbalanced Classification,Maximo,36,95310
RAW,07-Oil Spill Imbalanced Classification,Maximo,37,0.02
RAW,07-Oil Spill Imbalanced Classification,Maximo,38,441.23
RAW,07-Oil Spill Imbalanced Classification,Maximo,39,143
RAW,07-Oil Spill Imbalanced Classification,Maximo,40,86
RAW,07-Oil Spill Imbalanced Classification,Maximo,41,11949.33
RAW,07-Oil Spill Imbalanced Classification,Maximo,42,11500
RAW,07-Oil Spill Imbalanced Classification,Maximo,43,9593.48
RAW,07-Oil Spill Imbalanced Classification,Maximo,44,1748.13
RAW,07-Oil Spill Imbalanced Classification,Maximo,45,76.63
RAW,07-Oil Spill Imbalanced Classification,Maximo,46,1
RAW,07-Oil Spill Imbalanced Classification,Maximo,48,66.45
RAW,07-Oil Spill Imbalanced Classification,Maximo,49,15.44
OVERSAMPLING,01-Credit Card Fraud Detection,Media,time,87690.81185480891
OVERSAMPLING,01-Credit Card Fraud Detection,Media,v1,-2.380525470657901
OVERSAMPLING,01-Credit Card Fraud Detection,Media,v2,1.810120134163815
OVERSAMPLING,01-Credit Card Fraud Detection,Media,v3,-3.51232709477275
OVERSAMPLING,01-Credit Card Fraud Detection,Media,v4,2.267193955682344
OVERSAMPLING,01-Credit Card Fraud Detection,Media,v5,-1.5739958844851187
OVERSAMPLING,01-Credit Card Fraud Detection,Media,v6,-0.7003095739035174
OVERSAMPLING,01-Credit Card Fraud Detection,Media,v7,-2.779984727025406
OVERSAMPLING,01-Credit Card Fraud Detection,Media,v8,0.30263108540565975
OVERSAMPLING,01-Credit Card Fraud Detection,Media,v9,-1.2887201206084185
OVERSAMPLING,01-Credit Card Fraud Detection,Media,v10,-2.8337753354373367
OVERSAMPLING,01-Credit Card Fraud Detection,Media,v11,1.9006573693667623
OVERSAMPLING,01-Credit Card Fraud Detection,Media,v12,-3.128979946635818
OVERSAMPLING,01-Credit Card Fraud Detection,Media,v13,-0.05429874937499226
OVERSAMPLING,01-Credit Card Fraud Detection,Media,v14,-3.4836852073843882
OVERSAMPLING,01-Credit Card Fraud Detection,Media,v15,-0.04630522981831207
OVERSAMPLING,01-Credit Card Fraud Detection,Media,v16,-2.06781122405837
OVERSAMPLING,01-Credit Card Fraud Detection,Media,v17,-3.3296220248242125
OVERSAMPLING,01-Credit Card Fraud Detection,Media,v18,-1.1227481294105706
OVERSAMPLING,01-Credit Card Fraud Detection,Media,v19,0.3399827220074192
OVERSAMPLING,01-Credit Card Fraud Detection,Media,v20,0.18487655584460566
OVERSAMPLING,01-Credit Card Fraud Detection,Media,v21,0.35690604854184943
OVERSAMPLING,01-Credit Card Fraud Detection,Media,v22,0.005619628564629101
OVERSAMPLING,01-Credit Card Fraud Detection,Media,v23,-0.024997357784291387
OVERSAMPLING,01-Credit Card Fraud Detection,Media,v24,-0.05267364690344107
OVERSAMPLING,01-Credit Card Fraud Detection,Media,v25,0.02049299034440481
OVERSAMPLING,01-Credit Card Fraud Detection,Media,v26,0.024609321811115817
OVERSAMPLING,01-Credit Card Fraud Detection,Media,v27,0.08716076321596136
OVERSAMPLING,01-Credit Card Fraud Detection,Media,v28,0.038587203584509094
OVERSAMPLING,01-Credit Card Fraud Detection,Media,amount,104.95059794594025
OVERSAMPLING,01-Credit Card Fraud Detection,Media,radius1,NA
OVERSAMPLING,01-Credit Card Fraud Detection,Media,texture1,NA
OVERSAMPLING,01-Credit Card Fraud Detection,Media,perimeter1,NA
OVERSAMPLING,01-Credit Card Fraud Detection,Media,area1,NA
OVERSAMPLING,01-Credit Card Fraud Detection,Media,smoothness1,NA
OVERSAMPLING,01-Credit Card Fraud Detection,Media,compactness1,NA
OVERSAMPLING,01-Credit Card Fraud Detection,Media,concavity1,NA
OVERSAMPLING,01-Credit Card Fraud Detection,Media,concave_points1,NA
OVERSAMPLING,01-Credit Card Fraud Detection,Media,symmetry1,NA
OVERSAMPLING,01-Credit Card Fraud Detection,Media,fractal_dimension1,NA
OVERSAMPLING,01-Credit Card Fraud Detection,Media,radius2,NA
OVERSAMPLING,01-Credit Card Fraud Detection,Media,texture2,NA
OVERSAMPLING,01-Credit Card Fraud Detection,Media,perimeter2,NA
OVERSAMPLING,01-Credit Card Fraud Detection,Media,area2,NA
OVERSAMPLING,01-Credit Card Fraud Detection,Media,smoothness2,NA
OVERSAMPLING,01-Credit Card Fraud Detection,Media,compactness2,NA
OVERSAMPLING,01-Credit Card Fraud Detection,Media,concavity2,NA
OVERSAMPLING,01-Credit Card Fraud Detection,Media,concave_points2,NA
OVERSAMPLING,01-Credit Card Fraud Detection,Media,symmetry2,NA
OVERSAMPLING,01-Credit Card Fraud Detection,Media,fractal_dimension2,NA
OVERSAMPLING,01-Credit Card Fraud Detection,Media,radius3,NA
OVERSAMPLING,01-Credit Card Fraud Detection,Media,texture3,NA
OVERSAMPLING,01-Credit Card Fraud Detection,Media,perimeter3,NA
OVERSAMPLING,01-Credit Card Fraud Detection,Media,area3,NA
OVERSAMPLING,01-Credit Card Fraud Detection,Media,smoothness3,NA
OVERSAMPLING,01-Credit Card Fraud Detection,Media,compactness3,NA
OVERSAMPLING,01-Credit Card Fraud Detection,Media,concavity3,NA
OVERSAMPLING,01-Credit Card Fraud Detection,Media,concave_points3,NA
OVERSAMPLING,01-Credit Card Fraud Detection,Media,symmetry3,NA
OVERSAMPLING,01-Credit Card Fraud Detection,Media,fractal_dimension3,NA
OVERSAMPLING,01-Credit Card Fraud Detection,Media,pregnancies,NA
OVERSAMPLING,01-Credit Card Fraud Detection,Media,glucose,NA
OVERSAMPLING,01-Credit Card Fraud Detection,Media,bloodpressure,NA
OVERSAMPLING,01-Credit Card Fraud Detection,Media,skinthickness,NA
OVERSAMPLING,01-Credit Card Fraud Detection,Media,insulin,NA
OVERSAMPLING,01-Credit Card Fraud Detection,Media,bmi,NA
OVERSAMPLING,01-Credit Card Fraud Detection,Media,diabetespedigreefunction,NA
OVERSAMPLING,01-Credit Card Fraud Detection,Media,age,NA
OVERSAMPLING,01-Credit Card Fraud Detection,Media,attribute01,NA
OVERSAMPLING,01-Credit Card Fraud Detection,Media,attribute02,NA
OVERSAMPLING,01-Credit Card Fraud Detection,Media,attribute03,NA
OVERSAMPLING,01-Credit Card Fraud Detection,Media,attribute04,NA
OVERSAMPLING,01-Credit Card Fraud Detection,Media,attribute05,NA
OVERSAMPLING,01-Credit Card Fraud Detection,Media,attribute06,NA
OVERSAMPLING,01-Credit Card Fraud Detection,Media,attribute07,NA
OVERSAMPLING,01-Credit Card Fraud Detection,Media,attribute08,NA
OVERSAMPLING,01-Credit Card Fraud Detection,Media,attribute09,NA
OVERSAMPLING,01-Credit Card Fraud Detection,Media,attribute10,NA
OVERSAMPLING,01-Credit Card Fraud Detection,Media,attribute11,NA
OVERSAMPLING,01-Credit Card Fraud Detection,Media,attribute12,NA
OVERSAMPLING,01-Credit Card Fraud Detection,Media,attribute13,NA
OVERSAMPLING,01-Credit Card Fraud Detection,Media,attribute14,NA
OVERSAMPLING,01-Credit Card Fraud Detection,Media,attribute15,NA
OVERSAMPLING,01-Credit Card Fraud Detection,Media,attribute16,NA
OVERSAMPLING,01-Credit Card Fraud Detection,Media,attribute17,NA
OVERSAMPLING,01-Credit Card Fraud Detection,Media,attribute18,NA
OVERSAMPLING,01-Credit Card Fraud Detection,Media,attribute19,NA
OVERSAMPLING,01-Credit Card Fraud Detection,Media,attribute20,NA
OVERSAMPLING,01-Credit Card Fraud Detection,Media,attribute21,NA
OVERSAMPLING,01-Credit Card Fraud Detection,Media,attribute22,NA
OVERSAMPLING,01-Credit Card Fraud Detection,Media,attribute23,NA
OVERSAMPLING,01-Credit Card Fraud Detection,Media,attribute24,NA
OVERSAMPLING,01-Credit Card Fraud Detection,Media,attribute25,NA
OVERSAMPLING,01-Credit Card Fraud Detection,Media,attribute26,NA
OVERSAMPLING,01-Credit Card Fraud Detection,Media,attribute27,NA
OVERSAMPLING,01-Credit Card Fraud Detection,Media,attribute28,NA
OVERSAMPLING,01-Credit Card Fraud Detection,Media,attribute29,NA
OVERSAMPLING,01-Credit Card Fraud Detection,Media,attribute30,NA
OVERSAMPLING,01-Credit Card Fraud Detection,Media,attribute31,NA
OVERSAMPLING,01-Credit Card Fraud Detection,Media,attribute32,NA
OVERSAMPLING,01-Credit Card Fraud Detection,Media,attribute33,NA
OVERSAMPLING,01-Credit Card Fraud Detection,Media,attribute34,NA
OVERSAMPLING,01-Credit Card Fraud Detection,Media,aa,NA
OVERSAMPLING,01-Credit Card Fraud Detection,Media,ao,NA
OVERSAMPLING,01-Credit Card Fraud Detection,Media,dcl,NA
OVERSAMPLING,01-Credit Card Fraud Detection,Media,iy,NA
OVERSAMPLING,01-Credit Card Fraud Detection,Media,sh,NA
OVERSAMPLING,01-Credit Card Fraud Detection,Media,0,NA
OVERSAMPLING,01-Credit Card Fraud Detection,Media,1,NA
OVERSAMPLING,01-Credit Card Fraud Detection,Media,2,NA
OVERSAMPLING,01-Credit Card Fraud Detection,Media,3,NA
OVERSAMPLING,01-Credit Card Fraud Detection,Media,4,NA
OVERSAMPLING,01-Credit Card Fraud Detection,Media,5,NA
OVERSAMPLING,01-Credit Card Fraud Detection,Media,6,NA
OVERSAMPLING,01-Credit Card Fraud Detection,Media,7,NA
OVERSAMPLING,01-Credit Card Fraud Detection,Media,8,NA
OVERSAMPLING,01-Credit Card Fraud Detection,Media,9,NA
OVERSAMPLING,01-Credit Card Fraud Detection,Media,10,NA
OVERSAMPLING,01-Credit Card Fraud Detection,Media,11,NA
OVERSAMPLING,01-Credit Card Fraud Detection,Media,12,NA
OVERSAMPLING,01-Credit Card Fraud Detection,Media,13,NA
OVERSAMPLING,01-Credit Card Fraud Detection,Media,14,NA
OVERSAMPLING,01-Credit Card Fraud Detection,Media,15,NA
OVERSAMPLING,01-Credit Card Fraud Detection,Media,16,NA
OVERSAMPLING,01-Credit Card Fraud Detection,Media,17,NA
OVERSAMPLING,01-Credit Card Fraud Detection,Media,18,NA
OVERSAMPLING,01-Credit Card Fraud Detection,Media,19,NA
OVERSAMPLING,01-Credit Card Fraud Detection,Media,20,NA
OVERSAMPLING,01-Credit Card Fraud Detection,Media,21,NA
OVERSAMPLING,01-Credit Card Fraud Detection,Media,22,NA
OVERSAMPLING,01-Credit Card Fraud Detection,Media,23,NA
OVERSAMPLING,01-Credit Card Fraud Detection,Media,24,NA
OVERSAMPLING,01-Credit Card Fraud Detection,Media,25,NA
OVERSAMPLING,01-Credit Card Fraud Detection,Media,26,NA
OVERSAMPLING,01-Credit Card Fraud Detection,Media,27,NA
OVERSAMPLING,01-Credit Card Fraud Detection,Media,28,NA
OVERSAMPLING,01-Credit Card Fraud Detection,Media,29,NA
OVERSAMPLING,01-Credit Card Fraud Detection,Media,30,NA
OVERSAMPLING,01-Credit Card Fraud Detection,Media,31,NA
OVERSAMPLING,01-Credit Card Fraud Detection,Media,32,NA
OVERSAMPLING,01-Credit Card Fraud Detection,Media,33,NA
OVERSAMPLING,01-Credit Card Fraud Detection,Media,34,NA
OVERSAMPLING,01-Credit Card Fraud Detection,Media,35,NA
OVERSAMPLING,01-Credit Card Fraud Detection,Media,36,NA
OVERSAMPLING,01-Credit Card Fraud Detection,Media,37,NA
OVERSAMPLING,01-Credit Card Fraud Detection,Media,38,NA
OVERSAMPLING,01-Credit Card Fraud Detection,Media,39,NA
OVERSAMPLING,01-Credit Card Fraud Detection,Media,40,NA
OVERSAMPLING,01-Credit Card Fraud Detection,Media,41,NA
OVERSAMPLING,01-Credit Card Fraud Detection,Media,42,NA
OVERSAMPLING,01-Credit Card Fraud Detection,Media,43,NA
OVERSAMPLING,01-Credit Card Fraud Detection,Media,44,NA
OVERSAMPLING,01-Credit Card Fraud Detection,Media,45,NA
OVERSAMPLING,01-Credit Card Fraud Detection,Media,46,NA
OVERSAMPLING,01-Credit Card Fraud Detection,Media,48,NA
OVERSAMPLING,01-Credit Card Fraud Detection,Media,49,NA
OVERSAMPLING,01-Credit Card Fraud Detection,Desvio_Padrao,time,48209.04483184725
OVERSAMPLING,01-Credit Card Fraud Detection,Desvio_Padrao,v1,5.52850920132418
OVERSAMPLING,01-Credit Card Fraud Detection,Desvio_Padrao,v2,3.717339508835318
OVERSAMPLING,01-Credit Card Fraud Detection,Desvio_Padrao,v3,6.226722071623469
OVERSAMPLING,01-Credit Card Fraud Detection,Desvio_Padrao,v4,3.2050432193350775
OVERSAMPLING,01-Credit Card Fraud Detection,Desvio_Padrao,v5,4.2267215707702315
OVERSAMPLING,01-Credit Card Fraud Detection,Desvio_Padrao,v6,1.7594142249786249
OVERSAMPLING,01-Credit Card Fraud Detection,Desvio_Padrao,v7,5.846413320852349
OVERSAMPLING,01-Credit Card Fraud Detection,Desvio_Padrao,v8,4.8480714683134645
OVERSAMPLING,01-Credit Card Fraud Detection,Desvio_Padrao,v9,2.3166066510358374
OVERSAMPLING,01-Credit Card Fraud Detection,Desvio_Padrao,v10,4.530225377711869
OVERSAMPLING,01-Credit Card Fraud Detection,Desvio_Padrao,v11,2.778670123993584
OVERSAMPLING,01-Credit Card Fraud Detection,Desvio_Padrao,v12,4.596598386417729
OVERSAMPLING,01-Credit Card Fraud Detection,Desvio_Padrao,v13,1.0511795535658375
OVERSAMPLING,01-Credit Card Fraud Detection,Desvio_Padrao,v14,4.665487925264744
OVERSAMPLING,01-Credit Card Fraud Detection,Desvio_Padrao,v15,0.9850432246984112
OVERSAMPLING,01-Credit Card Fraud Detection,Desvio_Padrao,v16,3.481399253836839
OVERSAMPLING,01-Credit Card Fraud Detection,Desvio_Padrao,v17,5.975512662968666
OVERSAMPLING,01-Credit Card Fraud Detection,Desvio_Padrao,v18,2.4088648661304677
OVERSAMPLING,01-Credit Card Fraud Detection,Desvio_Padrao,v19,1.2753348337641555
OVERSAMPLING,01-Credit Card Fraud Detection,Desvio_Padrao,v20,1.1064397002259527
OVERSAMPLING,01-Credit Card Fraud Detection,Desvio_Padrao,v21,2.77366571060508
OVERSAMPLING,01-Credit Card Fraud Detection,Desvio_Padrao,v22,1.1651785160041987
OVERSAMPLING,01-Credit Card Fraud Detection,Desvio_Padrao,v23,1.212329780809629
OVERSAMPLING,01-Credit Card Fraud Detection,Desvio_Padrao,v24,0.5648922094821142
OVERSAMPLING,01-Credit Card Fraud Detection,Desvio_Padrao,v25,0.6755710590999429
OVERSAMPLING,01-Credit Card Fraud Detection,Desvio_Padrao,v26,0.4765563641304216
OVERSAMPLING,01-Credit Card Fraud Detection,Desvio_Padrao,v27,1.014002741959427
OVERSAMPLING,01-Credit Card Fraud Detection,Desvio_Padrao,v28,0.4576236132190862
OVERSAMPLING,01-Credit Card Fraud Detection,Desvio_Padrao,amount,255.8412597102016
OVERSAMPLING,01-Credit Card Fraud Detection,Desvio_Padrao,radius1,NA
OVERSAMPLING,01-Credit Card Fraud Detection,Desvio_Padrao,texture1,NA
OVERSAMPLING,01-Credit Card Fraud Detection,Desvio_Padrao,perimeter1,NA
OVERSAMPLING,01-Credit Card Fraud Detection,Desvio_Padrao,area1,NA
OVERSAMPLING,01-Credit Card Fraud Detection,Desvio_Padrao,smoothness1,NA
OVERSAMPLING,01-Credit Card Fraud Detection,Desvio_Padrao,compactness1,NA
OVERSAMPLING,01-Credit Card Fraud Detection,Desvio_Padrao,concavity1,NA
OVERSAMPLING,01-Credit Card Fraud Detection,Desvio_Padrao,concave_points1,NA
OVERSAMPLING,01-Credit Card Fraud Detection,Desvio_Padrao,symmetry1,NA
OVERSAMPLING,01-Credit Card Fraud Detection,Desvio_Padrao,fractal_dimension1,NA
OVERSAMPLING,01-Credit Card Fraud Detection,Desvio_Padrao,radius2,NA
OVERSAMPLING,01-Credit Card Fraud Detection,Desvio_Padrao,texture2,NA
OVERSAMPLING,01-Credit Card Fraud Detection,Desvio_Padrao,perimeter2,NA
OVERSAMPLING,01-Credit Card Fraud Detection,Desvio_Padrao,area2,NA
OVERSAMPLING,01-Credit Card Fraud Detection,Desvio_Padrao,smoothness2,NA
OVERSAMPLING,01-Credit Card Fraud Detection,Desvio_Padrao,compactness2,NA
OVERSAMPLING,01-Credit Card Fraud Detection,Desvio_Padrao,concavity2,NA
OVERSAMPLING,01-Credit Card Fraud Detection,Desvio_Padrao,concave_points2,NA
OVERSAMPLING,01-Credit Card Fraud Detection,Desvio_Padrao,symmetry2,NA
OVERSAMPLING,01-Credit Card Fraud Detection,Desvio_Padrao,fractal_dimension2,NA
OVERSAMPLING,01-Credit Card Fraud Detection,Desvio_Padrao,radius3,NA
OVERSAMPLING,01-Credit Card Fraud Detection,Desvio_Padrao,texture3,NA
OVERSAMPLING,01-Credit Card Fraud Detection,Desvio_Padrao,perimeter3,NA
OVERSAMPLING,01-Credit Card Fraud Detection,Desvio_Padrao,area3,NA
OVERSAMPLING,01-Credit Card Fraud Detection,Desvio_Padrao,smoothness3,NA
OVERSAMPLING,01-Credit Card Fraud Detection,Desvio_Padrao,compactness3,NA
OVERSAMPLING,01-Credit Card Fraud Detection,Desvio_Padrao,concavity3,NA
OVERSAMPLING,01-Credit Card Fraud Detection,Desvio_Padrao,concave_points3,NA
OVERSAMPLING,01-Credit Card Fraud Detection,Desvio_Padrao,symmetry3,NA
OVERSAMPLING,01-Credit Card Fraud Detection,Desvio_Padrao,fractal_dimension3,NA
OVERSAMPLING,01-Credit Card Fraud Detection,Desvio_Padrao,pregnancies,NA
OVERSAMPLING,01-Credit Card Fraud Detection,Desvio_Padrao,glucose,NA
OVERSAMPLING,01-Credit Card Fraud Detection,Desvio_Padrao,bloodpressure,NA
OVERSAMPLING,01-Credit Card Fraud Detection,Desvio_Padrao,skinthickness,NA
OVERSAMPLING,01-Credit Card Fraud Detection,Desvio_Padrao,insulin,NA
OVERSAMPLING,01-Credit Card Fraud Detection,Desvio_Padrao,bmi,NA
OVERSAMPLING,01-Credit Card Fraud Detection,Desvio_Padrao,diabetespedigreefunction,NA
OVERSAMPLING,01-Credit Card Fraud Detection,Desvio_Padrao,age,NA
OVERSAMPLING,01-Credit Card Fraud Detection,Desvio_Padrao,attribute01,NA
OVERSAMPLING,01-Credit Card Fraud Detection,Desvio_Padrao,attribute02,NA
OVERSAMPLING,01-Credit Card Fraud Detection,Desvio_Padrao,attribute03,NA
OVERSAMPLING,01-Credit Card Fraud Detection,Desvio_Padrao,attribute04,NA
OVERSAMPLING,01-Credit Card Fraud Detection,Desvio_Padrao,attribute05,NA
OVERSAMPLING,01-Credit Card Fraud Detection,Desvio_Padrao,attribute06,NA
OVERSAMPLING,01-Credit Card Fraud Detection,Desvio_Padrao,attribute07,NA
OVERSAMPLING,01-Credit Card Fraud Detection,Desvio_Padrao,attribute08,NA
OVERSAMPLING,01-Credit Card Fraud Detection,Desvio_Padrao,attribute09,NA
OVERSAMPLING,01-Credit Card Fraud Detection,Desvio_Padrao,attribute10,NA
OVERSAMPLING,01-Credit Card Fraud Detection,Desvio_Padrao,attribute11,NA
OVERSAMPLING,01-Credit Card Fraud Detection,Desvio_Padrao,attribute12,NA
OVERSAMPLING,01-Credit Card Fraud Detection,Desvio_Padrao,attribute13,NA
OVERSAMPLING,01-Credit Card Fraud Detection,Desvio_Padrao,attribute14,NA
OVERSAMPLING,01-Credit Card Fraud Detection,Desvio_Padrao,attribute15,NA
OVERSAMPLING,01-Credit Card Fraud Detection,Desvio_Padrao,attribute16,NA
OVERSAMPLING,01-Credit Card Fraud Detection,Desvio_Padrao,attribute17,NA
OVERSAMPLING,01-Credit Card Fraud Detection,Desvio_Padrao,attribute18,NA
OVERSAMPLING,01-Credit Card Fraud Detection,Desvio_Padrao,attribute19,NA
OVERSAMPLING,01-Credit Card Fraud Detection,Desvio_Padrao,attribute20,NA
OVERSAMPLING,01-Credit Card Fraud Detection,Desvio_Padrao,attribute21,NA
OVERSAMPLING,01-Credit Card Fraud Detection,Desvio_Padrao,attribute22,NA
OVERSAMPLING,01-Credit Card Fraud Detection,Desvio_Padrao,attribute23,NA
OVERSAMPLING,01-Credit Card Fraud Detection,Desvio_Padrao,attribute24,NA
OVERSAMPLING,01-Credit Card Fraud Detection,Desvio_Padrao,attribute25,NA
OVERSAMPLING,01-Credit Card Fraud Detection,Desvio_Padrao,attribute26,NA
OVERSAMPLING,01-Credit Card Fraud Detection,Desvio_Padrao,attribute27,NA
OVERSAMPLING,01-Credit Card Fraud Detection,Desvio_Padrao,attribute28,NA
OVERSAMPLING,01-Credit Card Fraud Detection,Desvio_Padrao,attribute29,NA
OVERSAMPLING,01-Credit Card Fraud Detection,Desvio_Padrao,attribute30,NA
OVERSAMPLING,01-Credit Card Fraud Detection,Desvio_Padrao,attribute31,NA
OVERSAMPLING,01-Credit Card Fraud Detection,Desvio_Padrao,attribute32,NA
OVERSAMPLING,01-Credit Card Fraud Detection,Desvio_Padrao,attribute33,NA
OVERSAMPLING,01-Credit Card Fraud Detection,Desvio_Padrao,attribute34,NA
OVERSAMPLING,01-Credit Card Fraud Detection,Desvio_Padrao,aa,NA
OVERSAMPLING,01-Credit Card Fraud Detection,Desvio_Padrao,ao,NA
OVERSAMPLING,01-Credit Card Fraud Detection,Desvio_Padrao,dcl,NA
OVERSAMPLING,01-Credit Card Fraud Detection,Desvio_Padrao,iy,NA
OVERSAMPLING,01-Credit Card Fraud Detection,Desvio_Padrao,sh,NA
OVERSAMPLING,01-Credit Card Fraud Detection,Desvio_Padrao,0,NA
OVERSAMPLING,01-Credit Card Fraud Detection,Desvio_Padrao,1,NA
OVERSAMPLING,01-Credit Card Fraud Detection,Desvio_Padrao,2,NA
OVERSAMPLING,01-Credit Card Fraud Detection,Desvio_Padrao,3,NA
OVERSAMPLING,01-Credit Card Fraud Detection,Desvio_Padrao,4,NA
OVERSAMPLING,01-Credit Card Fraud Detection,Desvio_Padrao,5,NA
OVERSAMPLING,01-Credit Card Fraud Detection,Desvio_Padrao,6,NA
OVERSAMPLING,01-Credit Card Fraud Detection,Desvio_Padrao,7,NA
OVERSAMPLING,01-Credit Card Fraud Detection,Desvio_Padrao,8,NA
OVERSAMPLING,01-Credit Card Fraud Detection,Desvio_Padrao,9,NA
OVERSAMPLING,01-Credit Card Fraud Detection,Desvio_Padrao,10,NA
OVERSAMPLING,01-Credit Card Fraud Detection,Desvio_Padrao,11,NA
OVERSAMPLING,01-Credit Card Fraud Detection,Desvio_Padrao,12,NA
OVERSAMPLING,01-Credit Card Fraud Detection,Desvio_Padrao,13,NA
OVERSAMPLING,01-Credit Card Fraud Detection,Desvio_Padrao,14,NA
OVERSAMPLING,01-Credit Card Fraud Detection,Desvio_Padrao,15,NA
OVERSAMPLING,01-Credit Card Fraud Detection,Desvio_Padrao,16,NA
OVERSAMPLING,01-Credit Card Fraud Detection,Desvio_Padrao,17,NA
OVERSAMPLING,01-Credit Card Fraud Detection,Desvio_Padrao,18,NA
OVERSAMPLING,01-Credit Card Fraud Detection,Desvio_Padrao,19,NA
OVERSAMPLING,01-Credit Card Fraud Detection,Desvio_Padrao,20,NA
OVERSAMPLING,01-Credit Card Fraud Detection,Desvio_Padrao,21,NA
OVERSAMPLING,01-Credit Card Fraud Detection,Desvio_Padrao,22,NA
OVERSAMPLING,01-Credit Card Fraud Detection,Desvio_Padrao,23,NA
OVERSAMPLING,01-Credit Card Fraud Detection,Desvio_Padrao,24,NA
OVERSAMPLING,01-Credit Card Fraud Detection,Desvio_Padrao,25,NA
OVERSAMPLING,01-Credit Card Fraud Detection,Desvio_Padrao,26,NA
OVERSAMPLING,01-Credit Card Fraud Detection,Desvio_Padrao,27,NA
OVERSAMPLING,01-Credit Card Fraud Detection,Desvio_Padrao,28,NA
OVERSAMPLING,01-Credit Card Fraud Detection,Desvio_Padrao,29,NA
OVERSAMPLING,01-Credit Card Fraud Detection,Desvio_Padrao,30,NA
OVERSAMPLING,01-Credit Card Fraud Detection,Desvio_Padrao,31,NA
OVERSAMPLING,01-Credit Card Fraud Detection,Desvio_Padrao,32,NA
OVERSAMPLING,01-Credit Card Fraud Detection,Desvio_Padrao,33,NA
OVERSAMPLING,01-Credit Card Fraud Detection,Desvio_Padrao,34,NA
OVERSAMPLING,01-Credit Card Fraud Detection,Desvio_Padrao,35,NA
OVERSAMPLING,01-Credit Card Fraud Detection,Desvio_Padrao,36,NA
OVERSAMPLING,01-Credit Card Fraud Detection,Desvio_Padrao,37,NA
OVERSAMPLING,01-Credit Card Fraud Detection,Desvio_Padrao,38,NA
OVERSAMPLING,01-Credit Card Fraud Detection,Desvio_Padrao,39,NA
OVERSAMPLING,01-Credit Card Fraud Detection,Desvio_Padrao,40,NA
OVERSAMPLING,01-Credit Card Fraud Detection,Desvio_Padrao,41,NA
OVERSAMPLING,01-Credit Card Fraud Detection,Desvio_Padrao,42,NA
OVERSAMPLING,01-Credit Card Fraud Detection,Desvio_Padrao,43,NA
OVERSAMPLING,01-Credit Card Fraud Detection,Desvio_Padrao,44,NA
OVERSAMPLING,01-Credit Card Fraud Detection,Desvio_Padrao,45,NA
OVERSAMPLING,01-Credit Card Fraud Detection,Desvio_Padrao,46,NA
OVERSAMPLING,01-Credit Card Fraud Detection,Desvio_Padrao,48,NA
OVERSAMPLING,01-Credit Card Fraud Detection,Desvio_Padrao,49,NA
OVERSAMPLING,01-Credit Card Fraud Detection,Minimo,time,1
OVERSAMPLING,01-Credit Card Fraud Detection,Minimo,v1,-56.407509631329
OVERSAMPLING,01-Credit Card Fraud Detection,Minimo,v2,-72.7157275629303
OVERSAMPLING,01-Credit Card Fraud Detection,Minimo,v3,-48.3255893623954
OVERSAMPLING,01-Credit Card Fraud Detection,Minimo,v4,-5.68317119816995
OVERSAMPLING,01-Credit Card Fraud Detection,Minimo,v5,-113.743306711146
OVERSAMPLING,01-Credit Card Fraud Detection,Minimo,v6,-26.1605059358433
OVERSAMPLING,01-Credit Card Fraud Detection,Minimo,v7,-43.5572415712451
OVERSAMPLING,01-Credit Card Fraud Detection,Minimo,v8,-41.4848225066377
OVERSAMPLING,01-Credit Card Fraud Detection,Minimo,v9,-13.4340663182301
OVERSAMPLING,01-Credit Card Fraud Detection,Minimo,v10,-24.5882624372475
OVERSAMPLING,01-Credit Card Fraud Detection,Minimo,v11,-4.79747346479757
OVERSAMPLING,01-Credit Card Fraud Detection,Minimo,v12,-18.6837146333443
OVERSAMPLING,01-Credit Card Fraud Detection,Minimo,v13,-4.00863979207158
OVERSAMPLING,01-Credit Card Fraud Detection,Minimo,v14,-19.2143254902614
OVERSAMPLING,01-Credit Card Fraud Detection,Minimo,v15,-4.49894467676621
OVERSAMPLING,01-Credit Card Fraud Detection,Minimo,v16,-14.1298545174931
OVERSAMPLING,01-Credit Card Fraud Detection,Minimo,v17,-25.1627993693248
OVERSAMPLING,01-Credit Card Fraud Detection,Minimo,v18,-9.49874592104677
OVERSAMPLING,01-Credit Card Fraud Detection,Minimo,v19,-7.21352743017759
OVERSAMPLING,01-Credit Card Fraud Detection,Minimo,v20,-54.497720494566
OVERSAMPLING,01-Credit Card Fraud Detection,Minimo,v21,-22.7976039055519
OVERSAMPLING,01-Credit Card Fraud Detection,Minimo,v22,-10.933143697655
OVERSAMPLING,01-Credit Card Fraud Detection,Minimo,v23,-44.8077352037913
OVERSAMPLING,01-Credit Card Fraud Detection,Minimo,v24,-2.83662691870341
OVERSAMPLING,01-Credit Card Fraud Detection,Minimo,v25,-10.2953970749851
OVERSAMPLING,01-Credit Card Fraud Detection,Minimo,v26,-2.60455055280817
OVERSAMPLING,01-Credit Card Fraud Detection,Minimo,v27,-22.5656793207827
OVERSAMPLING,01-Credit Card Fraud Detection,Minimo,v28,-15.4300839055349
OVERSAMPLING,01-Credit Card Fraud Detection,Minimo,amount,0
OVERSAMPLING,01-Credit Card Fraud Detection,Minimo,radius1,NA
OVERSAMPLING,01-Credit Card Fraud Detection,Minimo,texture1,NA
OVERSAMPLING,01-Credit Card Fraud Detection,Minimo,perimeter1,NA
OVERSAMPLING,01-Credit Card Fraud Detection,Minimo,area1,NA
OVERSAMPLING,01-Credit Card Fraud Detection,Minimo,smoothness1,NA
OVERSAMPLING,01-Credit Card Fraud Detection,Minimo,compactness1,NA
OVERSAMPLING,01-Credit Card Fraud Detection,Minimo,concavity1,NA
OVERSAMPLING,01-Credit Card Fraud Detection,Minimo,concave_points1,NA
OVERSAMPLING,01-Credit Card Fraud Detection,Minimo,symmetry1,NA
OVERSAMPLING,01-Credit Card Fraud Detection,Minimo,fractal_dimension1,NA
OVERSAMPLING,01-Credit Card Fraud Detection,Minimo,radius2,NA
OVERSAMPLING,01-Credit Card Fraud Detection,Minimo,texture2,NA
OVERSAMPLING,01-Credit Card Fraud Detection,Minimo,perimeter2,NA
OVERSAMPLING,01-Credit Card Fraud Detection,Minimo,area2,NA
OVERSAMPLING,01-Credit Card Fraud Detection,Minimo,smoothness2,NA
OVERSAMPLING,01-Credit Card Fraud Detection,Minimo,compactness2,NA
OVERSAMPLING,01-Credit Card Fraud Detection,Minimo,concavity2,NA
OVERSAMPLING,01-Credit Card Fraud Detection,Minimo,concave_points2,NA
OVERSAMPLING,01-Credit Card Fraud Detection,Minimo,symmetry2,NA
OVERSAMPLING,01-Credit Card Fraud Detection,Minimo,fractal_dimension2,NA
OVERSAMPLING,01-Credit Card Fraud Detection,Minimo,radius3,NA
OVERSAMPLING,01-Credit Card Fraud Detection,Minimo,texture3,NA
OVERSAMPLING,01-Credit Card Fraud Detection,Minimo,perimeter3,NA
OVERSAMPLING,01-Credit Card Fraud Detection,Minimo,area3,NA
OVERSAMPLING,01-Credit Card Fraud Detection,Minimo,smoothness3,NA
OVERSAMPLING,01-Credit Card Fraud Detection,Minimo,compactness3,NA
OVERSAMPLING,01-Credit Card Fraud Detection,Minimo,concavity3,NA
OVERSAMPLING,01-Credit Card Fraud Detection,Minimo,concave_points3,NA
OVERSAMPLING,01-Credit Card Fraud Detection,Minimo,symmetry3,NA
OVERSAMPLING,01-Credit Card Fraud Detection,Minimo,fractal_dimension3,NA
OVERSAMPLING,01-Credit Card Fraud Detection,Minimo,pregnancies,NA
OVERSAMPLING,01-Credit Card Fraud Detection,Minimo,glucose,NA
OVERSAMPLING,01-Credit Card Fraud Detection,Minimo,bloodpressure,NA
OVERSAMPLING,01-Credit Card Fraud Detection,Minimo,skinthickness,NA
OVERSAMPLING,01-Credit Card Fraud Detection,Minimo,insulin,NA
OVERSAMPLING,01-Credit Card Fraud Detection,Minimo,bmi,NA
OVERSAMPLING,01-Credit Card Fraud Detection,Minimo,diabetespedigreefunction,NA
OVERSAMPLING,01-Credit Card Fraud Detection,Minimo,age,NA
OVERSAMPLING,01-Credit Card Fraud Detection,Minimo,attribute01,NA
OVERSAMPLING,01-Credit Card Fraud Detection,Minimo,attribute02,NA
OVERSAMPLING,01-Credit Card Fraud Detection,Minimo,attribute03,NA
OVERSAMPLING,01-Credit Card Fraud Detection,Minimo,attribute04,NA
OVERSAMPLING,01-Credit Card Fraud Detection,Minimo,attribute05,NA
OVERSAMPLING,01-Credit Card Fraud Detection,Minimo,attribute06,NA
OVERSAMPLING,01-Credit Card Fraud Detection,Minimo,attribute07,NA
OVERSAMPLING,01-Credit Card Fraud Detection,Minimo,attribute08,NA
OVERSAMPLING,01-Credit Card Fraud Detection,Minimo,attribute09,NA
OVERSAMPLING,01-Credit Card Fraud Detection,Minimo,attribute10,NA
OVERSAMPLING,01-Credit Card Fraud Detection,Minimo,attribute11,NA
OVERSAMPLING,01-Credit Card Fraud Detection,Minimo,attribute12,NA
OVERSAMPLING,01-Credit Card Fraud Detection,Minimo,attribute13,NA
OVERSAMPLING,01-Credit Card Fraud Detection,Minimo,attribute14,NA
OVERSAMPLING,01-Credit Card Fraud Detection,Minimo,attribute15,NA
OVERSAMPLING,01-Credit Card Fraud Detection,Minimo,attribute16,NA
OVERSAMPLING,01-Credit Card Fraud Detection,Minimo,attribute17,NA
OVERSAMPLING,01-Credit Card Fraud Detection,Minimo,attribute18,NA
OVERSAMPLING,01-Credit Card Fraud Detection,Minimo,attribute19,NA
OVERSAMPLING,01-Credit Card Fraud Detection,Minimo,attribute20,NA
OVERSAMPLING,01-Credit Card Fraud Detection,Minimo,attribute21,NA
OVERSAMPLING,01-Credit Card Fraud Detection,Minimo,attribute22,NA
OVERSAMPLING,01-Credit Card Fraud Detection,Minimo,attribute23,NA
OVERSAMPLING,01-Credit Card Fraud Detection,Minimo,attribute24,NA
OVERSAMPLING,01-Credit Card Fraud Detection,Minimo,attribute25,NA
OVERSAMPLING,01-Credit Card Fraud Detection,Minimo,attribute26,NA
OVERSAMPLING,01-Credit Card Fraud Detection,Minimo,attribute27,NA
OVERSAMPLING,01-Credit Card Fraud Detection,Minimo,attribute28,NA
OVERSAMPLING,01-Credit Card Fraud Detection,Minimo,attribute29,NA
OVERSAMPLING,01-Credit Card Fraud Detection,Minimo,attribute30,NA
OVERSAMPLING,01-Credit Card Fraud Detection,Minimo,attribute31,NA
OVERSAMPLING,01-Credit Card Fraud Detection,Minimo,attribute32,NA
OVERSAMPLING,01-Credit Card Fraud Detection,Minimo,attribute33,NA
OVERSAMPLING,01-Credit Card Fraud Detection,Minimo,attribute34,NA
OVERSAMPLING,01-Credit Card Fraud Detection,Minimo,aa,NA
OVERSAMPLING,01-Credit Card Fraud Detection,Minimo,ao,NA
OVERSAMPLING,01-Credit Card Fraud Detection,Minimo,dcl,NA
OVERSAMPLING,01-Credit Card Fraud Detection,Minimo,iy,NA
OVERSAMPLING,01-Credit Card Fraud Detection,Minimo,sh,NA
OVERSAMPLING,01-Credit Card Fraud Detection,Minimo,0,NA
OVERSAMPLING,01-Credit Card Fraud Detection,Minimo,1,NA
OVERSAMPLING,01-Credit Card Fraud Detection,Minimo,2,NA
OVERSAMPLING,01-Credit Card Fraud Detection,Minimo,3,NA
OVERSAMPLING,01-Credit Card Fraud Detection,Minimo,4,NA
OVERSAMPLING,01-Credit Card Fraud Detection,Minimo,5,NA
OVERSAMPLING,01-Credit Card Fraud Detection,Minimo,6,NA
OVERSAMPLING,01-Credit Card Fraud Detection,Minimo,7,NA
OVERSAMPLING,01-Credit Card Fraud Detection,Minimo,8,NA
OVERSAMPLING,01-Credit Card Fraud Detection,Minimo,9,NA
OVERSAMPLING,01-Credit Card Fraud Detection,Minimo,10,NA
OVERSAMPLING,01-Credit Card Fraud Detection,Minimo,11,NA
OVERSAMPLING,01-Credit Card Fraud Detection,Minimo,12,NA
OVERSAMPLING,01-Credit Card Fraud Detection,Minimo,13,NA
OVERSAMPLING,01-Credit Card Fraud Detection,Minimo,14,NA
OVERSAMPLING,01-Credit Card Fraud Detection,Minimo,15,NA
OVERSAMPLING,01-Credit Card Fraud Detection,Minimo,16,NA
OVERSAMPLING,01-Credit Card Fraud Detection,Minimo,17,NA
OVERSAMPLING,01-Credit Card Fraud Detection,Minimo,18,NA
OVERSAMPLING,01-Credit Card Fraud Detection,Minimo,19,NA
OVERSAMPLING,01-Credit Card Fraud Detection,Minimo,20,NA
OVERSAMPLING,01-Credit Card Fraud Detection,Minimo,21,NA
OVERSAMPLING,01-Credit Card Fraud Detection,Minimo,22,NA
OVERSAMPLING,01-Credit Card Fraud Detection,Minimo,23,NA
OVERSAMPLING,01-Credit Card Fraud Detection,Minimo,24,NA
OVERSAMPLING,01-Credit Card Fraud Detection,Minimo,25,NA
OVERSAMPLING,01-Credit Card Fraud Detection,Minimo,26,NA
OVERSAMPLING,01-Credit Card Fraud Detection,Minimo,27,NA
OVERSAMPLING,01-Credit Card Fraud Detection,Minimo,28,NA
OVERSAMPLING,01-Credit Card Fraud Detection,Minimo,29,NA
OVERSAMPLING,01-Credit Card Fraud Detection,Minimo,30,NA
OVERSAMPLING,01-Credit Card Fraud Detection,Minimo,31,NA
OVERSAMPLING,01-Credit Card Fraud Detection,Minimo,32,NA
OVERSAMPLING,01-Credit Card Fraud Detection,Minimo,33,NA
OVERSAMPLING,01-Credit Card Fraud Detection,Minimo,34,NA
OVERSAMPLING,01-Credit Card Fraud Detection,Minimo,35,NA
OVERSAMPLING,01-Credit Card Fraud Detection,Minimo,36,NA
OVERSAMPLING,01-Credit Card Fraud Detection,Minimo,37,NA
OVERSAMPLING,01-Credit Card Fraud Detection,Minimo,38,NA
OVERSAMPLING,01-Credit Card Fraud Detection,Minimo,39,NA
OVERSAMPLING,01-Credit Card Fraud Detection,Minimo,40,NA
OVERSAMPLING,01-Credit Card Fraud Detection,Minimo,41,NA
OVERSAMPLING,01-Credit Card Fraud Detection,Minimo,42,NA
OVERSAMPLING,01-Credit Card Fraud Detection,Minimo,43,NA
OVERSAMPLING,01-Credit Card Fraud Detection,Minimo,44,NA
OVERSAMPLING,01-Credit Card Fraud Detection,Minimo,45,NA
OVERSAMPLING,01-Credit Card Fraud Detection,Minimo,46,NA
OVERSAMPLING,01-Credit Card Fraud Detection,Minimo,48,NA
OVERSAMPLING,01-Credit Card Fraud Detection,Minimo,49,NA
OVERSAMPLING,01-Credit Card Fraud Detection,Maximo,time,172788
OVERSAMPLING,01-Credit Card Fraud Detection,Maximo,v1,2.45492999121121
OVERSAMPLING,01-Credit Card Fraud Detection,Maximo,v2,22.0577289904909
OVERSAMPLING,01-Credit Card Fraud Detection,Maximo,v3,9.38255843282114
OVERSAMPLING,01-Credit Card Fraud Detection,Maximo,v4,16.8753440335975
OVERSAMPLING,01-Credit Card Fraud Detection,Maximo,v5,34.8016658766686
OVERSAMPLING,01-Credit Card Fraud Detection,Maximo,v6,73.3016255459646
OVERSAMPLING,01-Credit Card Fraud Detection,Maximo,v7,120.589493945238
OVERSAMPLING,01-Credit Card Fraud Detection,Maximo,v8,20.0072083651213
OVERSAMPLING,01-Credit Card Fraud Detection,Maximo,v9,15.5949946071278
OVERSAMPLING,01-Credit Card Fraud Detection,Maximo,v10,23.7451361206545
OVERSAMPLING,01-Credit Card Fraud Detection,Maximo,v11,12.0189131816199
OVERSAMPLING,01-Credit Card Fraud Detection,Maximo,v12,4.84645240859009
OVERSAMPLING,01-Credit Card Fraud Detection,Maximo,v13,7.12688295859376
OVERSAMPLING,01-Credit Card Fraud Detection,Maximo,v14,7.69220854356782
OVERSAMPLING,01-Credit Card Fraud Detection,Maximo,v15,8.87774159774277
OVERSAMPLING,01-Credit Card Fraud Detection,Maximo,v16,17.3151115176278
OVERSAMPLING,01-Credit Card Fraud Detection,Maximo,v17,9.25352625047285
OVERSAMPLING,01-Credit Card Fraud Detection,Maximo,v18,5.04106918541184
OVERSAMPLING,01-Credit Card Fraud Detection,Maximo,v19,5.5017472139665
OVERSAMPLING,01-Credit Card Fraud Detection,Maximo,v20,39.4209042482199
OVERSAMPLING,01-Credit Card Fraud Detection,Maximo,v21,27.2028391573154
OVERSAMPLING,01-Credit Card Fraud Detection,Maximo,v22,8.36198519168435
OVERSAMPLING,01-Credit Card Fraud Detection,Maximo,v23,20.8033440994696
OVERSAMPLING,01-Credit Card Fraud Detection,Maximo,v24,4.58454913689817
OVERSAMPLING,01-Credit Card Fraud Detection,Maximo,v25,5.8261590349735
OVERSAMPLING,01-Credit Card Fraud Detection,Maximo,v26,3.4632456536448
OVERSAMPLING,01-Credit Card Fraud Detection,Maximo,v27,31.6121981061363
OVERSAMPLING,01-Credit Card Fraud Detection,Maximo,v28,33.8478078188831
OVERSAMPLING,01-Credit Card Fraud Detection,Maximo,amount,25691.16
OVERSAMPLING,01-Credit Card Fraud Detection,Maximo,radius1,NA
OVERSAMPLING,01-Credit Card Fraud Detection,Maximo,texture1,NA
OVERSAMPLING,01-Credit Card Fraud Detection,Maximo,perimeter1,NA
OVERSAMPLING,01-Credit Card Fraud Detection,Maximo,area1,NA
OVERSAMPLING,01-Credit Card Fraud Detection,Maximo,smoothness1,NA
OVERSAMPLING,01-Credit Card Fraud Detection,Maximo,compactness1,NA
OVERSAMPLING,01-Credit Card Fraud Detection,Maximo,concavity1,NA
OVERSAMPLING,01-Credit Card Fraud Detection,Maximo,concave_points1,NA
OVERSAMPLING,01-Credit Card Fraud Detection,Maximo,symmetry1,NA
OVERSAMPLING,01-Credit Card Fraud Detection,Maximo,fractal_dimension1,NA
OVERSAMPLING,01-Credit Card Fraud Detection,Maximo,radius2,NA
OVERSAMPLING,01-Credit Card Fraud Detection,Maximo,texture2,NA
OVERSAMPLING,01-Credit Card Fraud Detection,Maximo,perimeter2,NA
OVERSAMPLING,01-Credit Card Fraud Detection,Maximo,area2,NA
OVERSAMPLING,01-Credit Card Fraud Detection,Maximo,smoothness2,NA
OVERSAMPLING,01-Credit Card Fraud Detection,Maximo,compactness2,NA
OVERSAMPLING,01-Credit Card Fraud Detection,Maximo,concavity2,NA
OVERSAMPLING,01-Credit Card Fraud Detection,Maximo,concave_points2,NA
OVERSAMPLING,01-Credit Card Fraud Detection,Maximo,symmetry2,NA
OVERSAMPLING,01-Credit Card Fraud Detection,Maximo,fractal_dimension2,NA
OVERSAMPLING,01-Credit Card Fraud Detection,Maximo,radius3,NA
OVERSAMPLING,01-Credit Card Fraud Detection,Maximo,texture3,NA
OVERSAMPLING,01-Credit Card Fraud Detection,Maximo,perimeter3,NA
OVERSAMPLING,01-Credit Card Fraud Detection,Maximo,area3,NA
OVERSAMPLING,01-Credit Card Fraud Detection,Maximo,smoothness3,NA
OVERSAMPLING,01-Credit Card Fraud Detection,Maximo,compactness3,NA
OVERSAMPLING,01-Credit Card Fraud Detection,Maximo,concavity3,NA
OVERSAMPLING,01-Credit Card Fraud Detection,Maximo,concave_points3,NA
OVERSAMPLING,01-Credit Card Fraud Detection,Maximo,symmetry3,NA
OVERSAMPLING,01-Credit Card Fraud Detection,Maximo,fractal_dimension3,NA
OVERSAMPLING,01-Credit Card Fraud Detection,Maximo,pregnancies,NA
OVERSAMPLING,01-Credit Card Fraud Detection,Maximo,glucose,NA
OVERSAMPLING,01-Credit Card Fraud Detection,Maximo,bloodpressure,NA
OVERSAMPLING,01-Credit Card Fraud Detection,Maximo,skinthickness,NA
OVERSAMPLING,01-Credit Card Fraud Detection,Maximo,insulin,NA
OVERSAMPLING,01-Credit Card Fraud Detection,Maximo,bmi,NA
OVERSAMPLING,01-Credit Card Fraud Detection,Maximo,diabetespedigreefunction,NA
OVERSAMPLING,01-Credit Card Fraud Detection,Maximo,age,NA
OVERSAMPLING,01-Credit Card Fraud Detection,Maximo,attribute01,NA
OVERSAMPLING,01-Credit Card Fraud Detection,Maximo,attribute02,NA
OVERSAMPLING,01-Credit Card Fraud Detection,Maximo,attribute03,NA
OVERSAMPLING,01-Credit Card Fraud Detection,Maximo,attribute04,NA
OVERSAMPLING,01-Credit Card Fraud Detection,Maximo,attribute05,NA
OVERSAMPLING,01-Credit Card Fraud Detection,Maximo,attribute06,NA
OVERSAMPLING,01-Credit Card Fraud Detection,Maximo,attribute07,NA
OVERSAMPLING,01-Credit Card Fraud Detection,Maximo,attribute08,NA
OVERSAMPLING,01-Credit Card Fraud Detection,Maximo,attribute09,NA
OVERSAMPLING,01-Credit Card Fraud Detection,Maximo,attribute10,NA
OVERSAMPLING,01-Credit Card Fraud Detection,Maximo,attribute11,NA
OVERSAMPLING,01-Credit Card Fraud Detection,Maximo,attribute12,NA
OVERSAMPLING,01-Credit Card Fraud Detection,Maximo,attribute13,NA
OVERSAMPLING,01-Credit Card Fraud Detection,Maximo,attribute14,NA
OVERSAMPLING,01-Credit Card Fraud Detection,Maximo,attribute15,NA
OVERSAMPLING,01-Credit Card Fraud Detection,Maximo,attribute16,NA
OVERSAMPLING,01-Credit Card Fraud Detection,Maximo,attribute17,NA
OVERSAMPLING,01-Credit Card Fraud Detection,Maximo,attribute18,NA
OVERSAMPLING,01-Credit Card Fraud Detection,Maximo,attribute19,NA
OVERSAMPLING,01-Credit Card Fraud Detection,Maximo,attribute20,NA
OVERSAMPLING,01-Credit Card Fraud Detection,Maximo,attribute21,NA
OVERSAMPLING,01-Credit Card Fraud Detection,Maximo,attribute22,NA
OVERSAMPLING,01-Credit Card Fraud Detection,Maximo,attribute23,NA
OVERSAMPLING,01-Credit Card Fraud Detection,Maximo,attribute24,NA
OVERSAMPLING,01-Credit Card Fraud Detection,Maximo,attribute25,NA
OVERSAMPLING,01-Credit Card Fraud Detection,Maximo,attribute26,NA
OVERSAMPLING,01-Credit Card Fraud Detection,Maximo,attribute27,NA
OVERSAMPLING,01-Credit Card Fraud Detection,Maximo,attribute28,NA
OVERSAMPLING,01-Credit Card Fraud Detection,Maximo,attribute29,NA
OVERSAMPLING,01-Credit Card Fraud Detection,Maximo,attribute30,NA
OVERSAMPLING,01-Credit Card Fraud Detection,Maximo,attribute31,NA
OVERSAMPLING,01-Credit Card Fraud Detection,Maximo,attribute32,NA
OVERSAMPLING,01-Credit Card Fraud Detection,Maximo,attribute33,NA
OVERSAMPLING,01-Credit Card Fraud Detection,Maximo,attribute34,NA
OVERSAMPLING,01-Credit Card Fraud Detection,Maximo,aa,NA
OVERSAMPLING,01-Credit Card Fraud Detection,Maximo,ao,NA
OVERSAMPLING,01-Credit Card Fraud Detection,Maximo,dcl,NA
OVERSAMPLING,01-Credit Card Fraud Detection,Maximo,iy,NA
OVERSAMPLING,01-Credit Card Fraud Detection,Maximo,sh,NA
OVERSAMPLING,01-Credit Card Fraud Detection,Maximo,0,NA
OVERSAMPLING,01-Credit Card Fraud Detection,Maximo,1,NA
OVERSAMPLING,01-Credit Card Fraud Detection,Maximo,2,NA
OVERSAMPLING,01-Credit Card Fraud Detection,Maximo,3,NA
OVERSAMPLING,01-Credit Card Fraud Detection,Maximo,4,NA
OVERSAMPLING,01-Credit Card Fraud Detection,Maximo,5,NA
OVERSAMPLING,01-Credit Card Fraud Detection,Maximo,6,NA
OVERSAMPLING,01-Credit Card Fraud Detection,Maximo,7,NA
OVERSAMPLING,01-Credit Card Fraud Detection,Maximo,8,NA
OVERSAMPLING,01-Credit Card Fraud Detection,Maximo,9,NA
OVERSAMPLING,01-Credit Card Fraud Detection,Maximo,10,NA
OVERSAMPLING,01-Credit Card Fraud Detection,Maximo,11,NA
OVERSAMPLING,01-Credit Card Fraud Detection,Maximo,12,NA
OVERSAMPLING,01-Credit Card Fraud Detection,Maximo,13,NA
OVERSAMPLING,01-Credit Card Fraud Detection,Maximo,14,NA
OVERSAMPLING,01-Credit Card Fraud Detection,Maximo,15,NA
OVERSAMPLING,01-Credit Card Fraud Detection,Maximo,16,NA
OVERSAMPLING,01-Credit Card Fraud Detection,Maximo,17,NA
OVERSAMPLING,01-Credit Card Fraud Detection,Maximo,18,NA
OVERSAMPLING,01-Credit Card Fraud Detection,Maximo,19,NA
OVERSAMPLING,01-Credit Card Fraud Detection,Maximo,20,NA
OVERSAMPLING,01-Credit Card Fraud Detection,Maximo,21,NA
OVERSAMPLING,01-Credit Card Fraud Detection,Maximo,22,NA
OVERSAMPLING,01-Credit Card Fraud Detection,Maximo,23,NA
OVERSAMPLING,01-Credit Card Fraud Detection,Maximo,24,NA
OVERSAMPLING,01-Credit Card Fraud Detection,Maximo,25,NA
OVERSAMPLING,01-Credit Card Fraud Detection,Maximo,26,NA
OVERSAMPLING,01-Credit Card Fraud Detection,Maximo,27,NA
OVERSAMPLING,01-Credit Card Fraud Detection,Maximo,28,NA
OVERSAMPLING,01-Credit Card Fraud Detection,Maximo,29,NA
OVERSAMPLING,01-Credit Card Fraud Detection,Maximo,30,NA
OVERSAMPLING,01-Credit Card Fraud Detection,Maximo,31,NA
OVERSAMPLING,01-Credit Card Fraud Detection,Maximo,32,NA
OVERSAMPLING,01-Credit Card Fraud Detection,Maximo,33,NA
OVERSAMPLING,01-Credit Card Fraud Detection,Maximo,34,NA
OVERSAMPLING,01-Credit Card Fraud Detection,Maximo,35,NA
OVERSAMPLING,01-Credit Card Fraud Detection,Maximo,36,NA
OVERSAMPLING,01-Credit Card Fraud Detection,Maximo,37,NA
OVERSAMPLING,01-Credit Card Fraud Detection,Maximo,38,NA
OVERSAMPLING,01-Credit Card Fraud Detection,Maximo,39,NA
OVERSAMPLING,01-Credit Card Fraud Detection,Maximo,40,NA
OVERSAMPLING,01-Credit Card Fraud Detection,Maximo,41,NA
OVERSAMPLING,01-Credit Card Fraud Detection,Maximo,42,NA
OVERSAMPLING,01-Credit Card Fraud Detection,Maximo,43,NA
OVERSAMPLING,01-Credit Card Fraud Detection,Maximo,44,NA
OVERSAMPLING,01-Credit Card Fraud Detection,Maximo,45,NA
OVERSAMPLING,01-Credit Card Fraud Detection,Maximo,46,NA
OVERSAMPLING,01-Credit Card Fraud Detection,Maximo,48,NA
OVERSAMPLING,01-Credit Card Fraud Detection,Maximo,49,NA
OVERSAMPLING,02-Breast Cancer Wisconsin (Diagnostic),Media,time,NA
OVERSAMPLING,02-Breast Cancer Wisconsin (Diagnostic),Media,v1,NA
OVERSAMPLING,02-Breast Cancer Wisconsin (Diagnostic),Media,v2,NA
OVERSAMPLING,02-Breast Cancer Wisconsin (Diagnostic),Media,v3,NA
OVERSAMPLING,02-Breast Cancer Wisconsin (Diagnostic),Media,v4,NA
OVERSAMPLING,02-Breast Cancer Wisconsin (Diagnostic),Media,v5,NA
OVERSAMPLING,02-Breast Cancer Wisconsin (Diagnostic),Media,v6,NA
OVERSAMPLING,02-Breast Cancer Wisconsin (Diagnostic),Media,v7,NA
OVERSAMPLING,02-Breast Cancer Wisconsin (Diagnostic),Media,v8,NA
OVERSAMPLING,02-Breast Cancer Wisconsin (Diagnostic),Media,v9,NA
OVERSAMPLING,02-Breast Cancer Wisconsin (Diagnostic),Media,v10,NA
OVERSAMPLING,02-Breast Cancer Wisconsin (Diagnostic),Media,v11,NA
OVERSAMPLING,02-Breast Cancer Wisconsin (Diagnostic),Media,v12,NA
OVERSAMPLING,02-Breast Cancer Wisconsin (Diagnostic),Media,v13,NA
OVERSAMPLING,02-Breast Cancer Wisconsin (Diagnostic),Media,v14,NA
OVERSAMPLING,02-Breast Cancer Wisconsin (Diagnostic),Media,v15,NA
OVERSAMPLING,02-Breast Cancer Wisconsin (Diagnostic),Media,v16,NA
OVERSAMPLING,02-Breast Cancer Wisconsin (Diagnostic),Media,v17,NA
OVERSAMPLING,02-Breast Cancer Wisconsin (Diagnostic),Media,v18,NA
OVERSAMPLING,02-Breast Cancer Wisconsin (Diagnostic),Media,v19,NA
OVERSAMPLING,02-Breast Cancer Wisconsin (Diagnostic),Media,v20,NA
OVERSAMPLING,02-Breast Cancer Wisconsin (Diagnostic),Media,v21,NA
OVERSAMPLING,02-Breast Cancer Wisconsin (Diagnostic),Media,v22,NA
OVERSAMPLING,02-Breast Cancer Wisconsin (Diagnostic),Media,v23,NA
OVERSAMPLING,02-Breast Cancer Wisconsin (Diagnostic),Media,v24,NA
OVERSAMPLING,02-Breast Cancer Wisconsin (Diagnostic),Media,v25,NA
OVERSAMPLING,02-Breast Cancer Wisconsin (Diagnostic),Media,v26,NA
OVERSAMPLING,02-Breast Cancer Wisconsin (Diagnostic),Media,v27,NA
OVERSAMPLING,02-Breast Cancer Wisconsin (Diagnostic),Media,v28,NA
OVERSAMPLING,02-Breast Cancer Wisconsin (Diagnostic),Media,amount,NA
OVERSAMPLING,02-Breast Cancer Wisconsin (Diagnostic),Media,radius1,14.990889355742297
OVERSAMPLING,02-Breast Cancer Wisconsin (Diagnostic),Media,texture1,19.70063025210084
OVERSAMPLING,02-Breast Cancer Wisconsin (Diagnostic),Media,perimeter1,97.995756302521
OVERSAMPLING,02-Breast Cancer Wisconsin (Diagnostic),Media,area1,740.8913165266107
OVERSAMPLING,02-Breast Cancer Wisconsin (Diagnostic),Media,smoothness1,0.09768549019607843
OVERSAMPLING,02-Breast Cancer Wisconsin (Diagnostic),Media,compactness1,0.11341369747899159
OVERSAMPLING,02-Breast Cancer Wisconsin (Diagnostic),Media,concavity1,0.10685231190476191
OVERSAMPLING,02-Breast Cancer Wisconsin (Diagnostic),Media,concave_points1,0.058723254901960786
OVERSAMPLING,02-Breast Cancer Wisconsin (Diagnostic),Media,symmetry1,0.18309803921568626
OVERSAMPLING,02-Breast Cancer Wisconsin (Diagnostic),Media,fractal_dimension1,0.06277616246498599
OVERSAMPLING,02-Breast Cancer Wisconsin (Diagnostic),Media,radius2,0.45574943977591037
OVERSAMPLING,02-Breast Cancer Wisconsin (Diagnostic),Media,texture2,1.2455980392156862
OVERSAMPLING,02-Breast Cancer Wisconsin (Diagnostic),Media,perimeter2,3.2408606442577033
OVERSAMPLING,02-Breast Cancer Wisconsin (Diagnostic),Media,area2,48.44024929971989
OVERSAMPLING,02-Breast Cancer Wisconsin (Diagnostic),Media,smoothness2,0.00697287675070028
OVERSAMPLING,02-Breast Cancer Wisconsin (Diagnostic),Media,compactness2,0.027391169467787115
OVERSAMPLING,02-Breast Cancer Wisconsin (Diagnostic),Media,concavity2,0.03594433977591036
OVERSAMPLING,02-Breast Cancer Wisconsin (Diagnostic),Media,concave_points2,0.012964570028011204
OVERSAMPLING,02-Breast Cancer Wisconsin (Diagnostic),Media,symmetry2,0.020538994397759105
OVERSAMPLING,02-Breast Cancer Wisconsin (Diagnostic),Media,fractal_dimension2,0.003997088515406162
OVERSAMPLING,02-Breast Cancer Wisconsin (Diagnostic),Media,radius3,17.419044817927173
OVERSAMPLING,02-Breast Cancer Wisconsin (Diagnostic),Media,texture3,26.388515406162465
OVERSAMPLING,02-Breast Cancer Wisconsin (Diagnostic),Media,perimeter3,115.34079831932773
OVERSAMPLING,02-Breast Cancer Wisconsin (Diagnostic),Media,area3,1010.7574229691877
OVERSAMPLING,02-Breast Cancer Wisconsin (Diagnostic),Media,smoothness3,0.13447824929971988
OVERSAMPLING,02-Breast Cancer Wisconsin (Diagnostic),Media,compactness3,0.27255189075630254
OVERSAMPLING,02-Breast Cancer Wisconsin (Diagnostic),Media,concavity3,0.3104325056022409
OVERSAMPLING,02-Breast Cancer Wisconsin (Diagnostic),Media,concave_points3,0.13010765266106442
OVERSAMPLING,02-Breast Cancer Wisconsin (Diagnostic),Media,symmetry3,0.2925885154061625
OVERSAMPLING,02-Breast Cancer Wisconsin (Diagnostic),Media,fractal_dimension3,0.08499379551820728
OVERSAMPLING,02-Breast Cancer Wisconsin (Diagnostic),Media,pregnancies,NA
OVERSAMPLING,02-Breast Cancer Wisconsin (Diagnostic),Media,glucose,NA
OVERSAMPLING,02-Breast Cancer Wisconsin (Diagnostic),Media,bloodpressure,NA
OVERSAMPLING,02-Breast Cancer Wisconsin (Diagnostic),Media,skinthickness,NA
OVERSAMPLING,02-Breast Cancer Wisconsin (Diagnostic),Media,insulin,NA
OVERSAMPLING,02-Breast Cancer Wisconsin (Diagnostic),Media,bmi,NA
OVERSAMPLING,02-Breast Cancer Wisconsin (Diagnostic),Media,diabetespedigreefunction,NA
OVERSAMPLING,02-Breast Cancer Wisconsin (Diagnostic),Media,age,NA
OVERSAMPLING,02-Breast Cancer Wisconsin (Diagnostic),Media,attribute01,NA
OVERSAMPLING,02-Breast Cancer Wisconsin (Diagnostic),Media,attribute02,NA
OVERSAMPLING,02-Breast Cancer Wisconsin (Diagnostic),Media,attribute03,NA
OVERSAMPLING,02-Breast Cancer Wisconsin (Diagnostic),Media,attribute04,NA
OVERSAMPLING,02-Breast Cancer Wisconsin (Diagnostic),Media,attribute05,NA
OVERSAMPLING,02-Breast Cancer Wisconsin (Diagnostic),Media,attribute06,NA
OVERSAMPLING,02-Breast Cancer Wisconsin (Diagnostic),Media,attribute07,NA
OVERSAMPLING,02-Breast Cancer Wisconsin (Diagnostic),Media,attribute08,NA
OVERSAMPLING,02-Breast Cancer Wisconsin (Diagnostic),Media,attribute09,NA
OVERSAMPLING,02-Breast Cancer Wisconsin (Diagnostic),Media,attribute10,NA
OVERSAMPLING,02-Breast Cancer Wisconsin (Diagnostic),Media,attribute11,NA
OVERSAMPLING,02-Breast Cancer Wisconsin (Diagnostic),Media,attribute12,NA
OVERSAMPLING,02-Breast Cancer Wisconsin (Diagnostic),Media,attribute13,NA
OVERSAMPLING,02-Breast Cancer Wisconsin (Diagnostic),Media,attribute14,NA
OVERSAMPLING,02-Breast Cancer Wisconsin (Diagnostic),Media,attribute15,NA
OVERSAMPLING,02-Breast Cancer Wisconsin (Diagnostic),Media,attribute16,NA
OVERSAMPLING,02-Breast Cancer Wisconsin (Diagnostic),Media,attribute17,NA
OVERSAMPLING,02-Breast Cancer Wisconsin (Diagnostic),Media,attribute18,NA
OVERSAMPLING,02-Breast Cancer Wisconsin (Diagnostic),Media,attribute19,NA
OVERSAMPLING,02-Breast Cancer Wisconsin (Diagnostic),Media,attribute20,NA
OVERSAMPLING,02-Breast Cancer Wisconsin (Diagnostic),Media,attribute21,NA
OVERSAMPLING,02-Breast Cancer Wisconsin (Diagnostic),Media,attribute22,NA
OVERSAMPLING,02-Breast Cancer Wisconsin (Diagnostic),Media,attribute23,NA
OVERSAMPLING,02-Breast Cancer Wisconsin (Diagnostic),Media,attribute24,NA
OVERSAMPLING,02-Breast Cancer Wisconsin (Diagnostic),Media,attribute25,NA
OVERSAMPLING,02-Breast Cancer Wisconsin (Diagnostic),Media,attribute26,NA
OVERSAMPLING,02-Breast Cancer Wisconsin (Diagnostic),Media,attribute27,NA
OVERSAMPLING,02-Breast Cancer Wisconsin (Diagnostic),Media,attribute28,NA
OVERSAMPLING,02-Breast Cancer Wisconsin (Diagnostic),Media,attribute29,NA
OVERSAMPLING,02-Breast Cancer Wisconsin (Diagnostic),Media,attribute30,NA
OVERSAMPLING,02-Breast Cancer Wisconsin (Diagnostic),Media,attribute31,NA
OVERSAMPLING,02-Breast Cancer Wisconsin (Diagnostic),Media,attribute32,NA
OVERSAMPLING,02-Breast Cancer Wisconsin (Diagnostic),Media,attribute33,NA
OVERSAMPLING,02-Breast Cancer Wisconsin (Diagnostic),Media,attribute34,NA
OVERSAMPLING,02-Breast Cancer Wisconsin (Diagnostic),Media,aa,NA
OVERSAMPLING,02-Breast Cancer Wisconsin (Diagnostic),Media,ao,NA
OVERSAMPLING,02-Breast Cancer Wisconsin (Diagnostic),Media,dcl,NA
OVERSAMPLING,02-Breast Cancer Wisconsin (Diagnostic),Media,iy,NA
OVERSAMPLING,02-Breast Cancer Wisconsin (Diagnostic),Media,sh,NA
OVERSAMPLING,02-Breast Cancer Wisconsin (Diagnostic),Media,0,NA
OVERSAMPLING,02-Breast Cancer Wisconsin (Diagnostic),Media,1,NA
OVERSAMPLING,02-Breast Cancer Wisconsin (Diagnostic),Media,2,NA
OVERSAMPLING,02-Breast Cancer Wisconsin (Diagnostic),Media,3,NA
OVERSAMPLING,02-Breast Cancer Wisconsin (Diagnostic),Media,4,NA
OVERSAMPLING,02-Breast Cancer Wisconsin (Diagnostic),Media,5,NA
OVERSAMPLING,02-Breast Cancer Wisconsin (Diagnostic),Media,6,NA
OVERSAMPLING,02-Breast Cancer Wisconsin (Diagnostic),Media,7,NA
OVERSAMPLING,02-Breast Cancer Wisconsin (Diagnostic),Media,8,NA
OVERSAMPLING,02-Breast Cancer Wisconsin (Diagnostic),Media,9,NA
OVERSAMPLING,02-Breast Cancer Wisconsin (Diagnostic),Media,10,NA
OVERSAMPLING,02-Breast Cancer Wisconsin (Diagnostic),Media,11,NA
OVERSAMPLING,02-Breast Cancer Wisconsin (Diagnostic),Media,12,NA
OVERSAMPLING,02-Breast Cancer Wisconsin (Diagnostic),Media,13,NA
OVERSAMPLING,02-Breast Cancer Wisconsin (Diagnostic),Media,14,NA
OVERSAMPLING,02-Breast Cancer Wisconsin (Diagnostic),Media,15,NA
OVERSAMPLING,02-Breast Cancer Wisconsin (Diagnostic),Media,16,NA
OVERSAMPLING,02-Breast Cancer Wisconsin (Diagnostic),Media,17,NA
OVERSAMPLING,02-Breast Cancer Wisconsin (Diagnostic),Media,18,NA
OVERSAMPLING,02-Breast Cancer Wisconsin (Diagnostic),Media,19,NA
OVERSAMPLING,02-Breast Cancer Wisconsin (Diagnostic),Media,20,NA
OVERSAMPLING,02-Breast Cancer Wisconsin (Diagnostic),Media,21,NA
OVERSAMPLING,02-Breast Cancer Wisconsin (Diagnostic),Media,22,NA
OVERSAMPLING,02-Breast Cancer Wisconsin (Diagnostic),Media,23,NA
OVERSAMPLING,02-Breast Cancer Wisconsin (Diagnostic),Media,24,NA
OVERSAMPLING,02-Breast Cancer Wisconsin (Diagnostic),Media,25,NA
OVERSAMPLING,02-Breast Cancer Wisconsin (Diagnostic),Media,26,NA
OVERSAMPLING,02-Breast Cancer Wisconsin (Diagnostic),Media,27,NA
OVERSAMPLING,02-Breast Cancer Wisconsin (Diagnostic),Media,28,NA
OVERSAMPLING,02-Breast Cancer Wisconsin (Diagnostic),Media,29,NA
OVERSAMPLING,02-Breast Cancer Wisconsin (Diagnostic),Media,30,NA
OVERSAMPLING,02-Breast Cancer Wisconsin (Diagnostic),Media,31,NA
OVERSAMPLING,02-Breast Cancer Wisconsin (Diagnostic),Media,32,NA
OVERSAMPLING,02-Breast Cancer Wisconsin (Diagnostic),Media,33,NA
OVERSAMPLING,02-Breast Cancer Wisconsin (Diagnostic),Media,34,NA
OVERSAMPLING,02-Breast Cancer Wisconsin (Diagnostic),Media,35,NA
OVERSAMPLING,02-Breast Cancer Wisconsin (Diagnostic),Media,36,NA
OVERSAMPLING,02-Breast Cancer Wisconsin (Diagnostic),Media,37,NA
OVERSAMPLING,02-Breast Cancer Wisconsin (Diagnostic),Media,38,NA
OVERSAMPLING,02-Breast Cancer Wisconsin (Diagnostic),Media,39,NA
OVERSAMPLING,02-Breast Cancer Wisconsin (Diagnostic),Media,40,NA
OVERSAMPLING,02-Breast Cancer Wisconsin (Diagnostic),Media,41,NA
OVERSAMPLING,02-Breast Cancer Wisconsin (Diagnostic),Media,42,NA
OVERSAMPLING,02-Breast Cancer Wisconsin (Diagnostic),Media,43,NA
OVERSAMPLING,02-Breast Cancer Wisconsin (Diagnostic),Media,44,NA
OVERSAMPLING,02-Breast Cancer Wisconsin (Diagnostic),Media,45,NA
OVERSAMPLING,02-Breast Cancer Wisconsin (Diagnostic),Media,46,NA
OVERSAMPLING,02-Breast Cancer Wisconsin (Diagnostic),Media,48,NA
OVERSAMPLING,02-Breast Cancer Wisconsin (Diagnostic),Media,49,NA
OVERSAMPLING,02-Breast Cancer Wisconsin (Diagnostic),Desvio_Padrao,time,NA
OVERSAMPLING,02-Breast Cancer Wisconsin (Diagnostic),Desvio_Padrao,v1,NA
OVERSAMPLING,02-Breast Cancer Wisconsin (Diagnostic),Desvio_Padrao,v2,NA
OVERSAMPLING,02-Breast Cancer Wisconsin (Diagnostic),Desvio_Padrao,v3,NA
OVERSAMPLING,02-Breast Cancer Wisconsin (Diagnostic),Desvio_Padrao,v4,NA
OVERSAMPLING,02-Breast Cancer Wisconsin (Diagnostic),Desvio_Padrao,v5,NA
OVERSAMPLING,02-Breast Cancer Wisconsin (Diagnostic),Desvio_Padrao,v6,NA
OVERSAMPLING,02-Breast Cancer Wisconsin (Diagnostic),Desvio_Padrao,v7,NA
OVERSAMPLING,02-Breast Cancer Wisconsin (Diagnostic),Desvio_Padrao,v8,NA
OVERSAMPLING,02-Breast Cancer Wisconsin (Diagnostic),Desvio_Padrao,v9,NA
OVERSAMPLING,02-Breast Cancer Wisconsin (Diagnostic),Desvio_Padrao,v10,NA
OVERSAMPLING,02-Breast Cancer Wisconsin (Diagnostic),Desvio_Padrao,v11,NA
OVERSAMPLING,02-Breast Cancer Wisconsin (Diagnostic),Desvio_Padrao,v12,NA
OVERSAMPLING,02-Breast Cancer Wisconsin (Diagnostic),Desvio_Padrao,v13,NA
OVERSAMPLING,02-Breast Cancer Wisconsin (Diagnostic),Desvio_Padrao,v14,NA
OVERSAMPLING,02-Breast Cancer Wisconsin (Diagnostic),Desvio_Padrao,v15,NA
OVERSAMPLING,02-Breast Cancer Wisconsin (Diagnostic),Desvio_Padrao,v16,NA
OVERSAMPLING,02-Breast Cancer Wisconsin (Diagnostic),Desvio_Padrao,v17,NA
OVERSAMPLING,02-Breast Cancer Wisconsin (Diagnostic),Desvio_Padrao,v18,NA
OVERSAMPLING,02-Breast Cancer Wisconsin (Diagnostic),Desvio_Padrao,v19,NA
OVERSAMPLING,02-Breast Cancer Wisconsin (Diagnostic),Desvio_Padrao,v20,NA
OVERSAMPLING,02-Breast Cancer Wisconsin (Diagnostic),Desvio_Padrao,v21,NA
OVERSAMPLING,02-Breast Cancer Wisconsin (Diagnostic),Desvio_Padrao,v22,NA
OVERSAMPLING,02-Breast Cancer Wisconsin (Diagnostic),Desvio_Padrao,v23,NA
OVERSAMPLING,02-Breast Cancer Wisconsin (Diagnostic),Desvio_Padrao,v24,NA
OVERSAMPLING,02-Breast Cancer Wisconsin (Diagnostic),Desvio_Padrao,v25,NA
OVERSAMPLING,02-Breast Cancer Wisconsin (Diagnostic),Desvio_Padrao,v26,NA
OVERSAMPLING,02-Breast Cancer Wisconsin (Diagnostic),Desvio_Padrao,v27,NA
OVERSAMPLING,02-Breast Cancer Wisconsin (Diagnostic),Desvio_Padrao,v28,NA
OVERSAMPLING,02-Breast Cancer Wisconsin (Diagnostic),Desvio_Padrao,amount,NA
OVERSAMPLING,02-Breast Cancer Wisconsin (Diagnostic),Desvio_Padrao,radius1,3.8319407539075248
OVERSAMPLING,02-Breast Cancer Wisconsin (Diagnostic),Desvio_Padrao,texture1,4.052102430137837
OVERSAMPLING,02-Breast Cancer Wisconsin (Diagnostic),Desvio_Padrao,perimeter1,26.348452385592665
OVERSAMPLING,02-Breast Cancer Wisconsin (Diagnostic),Desvio_Padrao,area1,391.8082192627597
OVERSAMPLING,02-Breast Cancer Wisconsin (Diagnostic),Desvio_Padrao,smoothness1,0.013380723448222071
OVERSAMPLING,02-Breast Cancer Wisconsin (Diagnostic),Desvio_Padrao,compactness1,0.05194460849604481
OVERSAMPLING,02-Breast Cancer Wisconsin (Diagnostic),Desvio_Padrao,concavity1,0.08433567468422719
OVERSAMPLING,02-Breast Cancer Wisconsin (Diagnostic),Desvio_Padrao,concave_points1,0.04135276812029917
OVERSAMPLING,02-Breast Cancer Wisconsin (Diagnostic),Desvio_Padrao,symmetry1,0.026395124110242293
OVERSAMPLING,02-Breast Cancer Wisconsin (Diagnostic),Desvio_Padrao,fractal_dimension1,0.00712795524550928
OVERSAMPLING,02-Breast Cancer Wisconsin (Diagnostic),Desvio_Padrao,radius2,0.3108896845174783
OVERSAMPLING,02-Breast Cancer Wisconsin (Diagnostic),Desvio_Padrao,texture2,0.5379458683764592
OVERSAMPLING,02-Breast Cancer Wisconsin (Diagnostic),Desvio_Padrao,perimeter2,2.288970682105849
OVERSAMPLING,02-Breast Cancer Wisconsin (Diagnostic),Desvio_Padrao,area2,52.528497737812174
OVERSAMPLING,02-Breast Cancer Wisconsin (Diagnostic),Desvio_Padrao,smoothness2,0.00264746908041867
OVERSAMPLING,02-Breast Cancer Wisconsin (Diagnostic),Desvio_Padrao,compactness2,0.01856740821821364
OVERSAMPLING,02-Breast Cancer Wisconsin (Diagnostic),Desvio_Padrao,concavity2,0.03465734256693756
OVERSAMPLING,02-Breast Cancer Wisconsin (Diagnostic),Desvio_Padrao,concave_points2,0.0064157038190432916
OVERSAMPLING,02-Breast Cancer Wisconsin (Diagnostic),Desvio_Padrao,symmetry2,0.008242718831228193
OVERSAMPLING,02-Breast Cancer Wisconsin (Diagnostic),Desvio_Padrao,fractal_dimension2,0.0030218792465002515
OVERSAMPLING,02-Breast Cancer Wisconsin (Diagnostic),Desvio_Padrao,radius3,5.16656654630243
OVERSAMPLING,02-Breast Cancer Wisconsin (Diagnostic),Desvio_Padrao,texture3,5.986822348471736
OVERSAMPLING,02-Breast Cancer Wisconsin (Diagnostic),Desvio_Padrao,perimeter3,35.74980556337356
OVERSAMPLING,02-Breast Cancer Wisconsin (Diagnostic),Desvio_Padrao,area3,616.5436800461507
OVERSAMPLING,02-Breast Cancer Wisconsin (Diagnostic),Desvio_Padrao,smoothness3,0.02274639778554546
OVERSAMPLING,02-Breast Cancer Wisconsin (Diagnostic),Desvio_Padrao,compactness3,0.15086036284560203
OVERSAMPLING,02-Breast Cancer Wisconsin (Diagnostic),Desvio_Padrao,concavity3,0.2084267031924472
OVERSAMPLING,02-Breast Cancer Wisconsin (Diagnostic),Desvio_Padrao,concave_points3,0.06623214141107032
OVERSAMPLING,02-Breast Cancer Wisconsin (Diagnostic),Desvio_Padrao,symmetry3,0.06152722570750883
OVERSAMPLING,02-Breast Cancer Wisconsin (Diagnostic),Desvio_Padrao,fractal_dimension3,0.018181058520886393
OVERSAMPLING,02-Breast Cancer Wisconsin (Diagnostic),Desvio_Padrao,pregnancies,NA
OVERSAMPLING,02-Breast Cancer Wisconsin (Diagnostic),Desvio_Padrao,glucose,NA
OVERSAMPLING,02-Breast Cancer Wisconsin (Diagnostic),Desvio_Padrao,bloodpressure,NA
OVERSAMPLING,02-Breast Cancer Wisconsin (Diagnostic),Desvio_Padrao,skinthickness,NA
OVERSAMPLING,02-Breast Cancer Wisconsin (Diagnostic),Desvio_Padrao,insulin,NA
OVERSAMPLING,02-Breast Cancer Wisconsin (Diagnostic),Desvio_Padrao,bmi,NA
OVERSAMPLING,02-Breast Cancer Wisconsin (Diagnostic),Desvio_Padrao,diabetespedigreefunction,NA
OVERSAMPLING,02-Breast Cancer Wisconsin (Diagnostic),Desvio_Padrao,age,NA
OVERSAMPLING,02-Breast Cancer Wisconsin (Diagnostic),Desvio_Padrao,attribute01,NA
OVERSAMPLING,02-Breast Cancer Wisconsin (Diagnostic),Desvio_Padrao,attribute02,NA
OVERSAMPLING,02-Breast Cancer Wisconsin (Diagnostic),Desvio_Padrao,attribute03,NA
OVERSAMPLING,02-Breast Cancer Wisconsin (Diagnostic),Desvio_Padrao,attribute04,NA
OVERSAMPLING,02-Breast Cancer Wisconsin (Diagnostic),Desvio_Padrao,attribute05,NA
OVERSAMPLING,02-Breast Cancer Wisconsin (Diagnostic),Desvio_Padrao,attribute06,NA
OVERSAMPLING,02-Breast Cancer Wisconsin (Diagnostic),Desvio_Padrao,attribute07,NA
OVERSAMPLING,02-Breast Cancer Wisconsin (Diagnostic),Desvio_Padrao,attribute08,NA
OVERSAMPLING,02-Breast Cancer Wisconsin (Diagnostic),Desvio_Padrao,attribute09,NA
OVERSAMPLING,02-Breast Cancer Wisconsin (Diagnostic),Desvio_Padrao,attribute10,NA
OVERSAMPLING,02-Breast Cancer Wisconsin (Diagnostic),Desvio_Padrao,attribute11,NA
OVERSAMPLING,02-Breast Cancer Wisconsin (Diagnostic),Desvio_Padrao,attribute12,NA
OVERSAMPLING,02-Breast Cancer Wisconsin (Diagnostic),Desvio_Padrao,attribute13,NA
OVERSAMPLING,02-Breast Cancer Wisconsin (Diagnostic),Desvio_Padrao,attribute14,NA
OVERSAMPLING,02-Breast Cancer Wisconsin (Diagnostic),Desvio_Padrao,attribute15,NA
OVERSAMPLING,02-Breast Cancer Wisconsin (Diagnostic),Desvio_Padrao,attribute16,NA
OVERSAMPLING,02-Breast Cancer Wisconsin (Diagnostic),Desvio_Padrao,attribute17,NA
OVERSAMPLING,02-Breast Cancer Wisconsin (Diagnostic),Desvio_Padrao,attribute18,NA
OVERSAMPLING,02-Breast Cancer Wisconsin (Diagnostic),Desvio_Padrao,attribute19,NA
OVERSAMPLING,02-Breast Cancer Wisconsin (Diagnostic),Desvio_Padrao,attribute20,NA
OVERSAMPLING,02-Breast Cancer Wisconsin (Diagnostic),Desvio_Padrao,attribute21,NA
OVERSAMPLING,02-Breast Cancer Wisconsin (Diagnostic),Desvio_Padrao,attribute22,NA
OVERSAMPLING,02-Breast Cancer Wisconsin (Diagnostic),Desvio_Padrao,attribute23,NA
OVERSAMPLING,02-Breast Cancer Wisconsin (Diagnostic),Desvio_Padrao,attribute24,NA
OVERSAMPLING,02-Breast Cancer Wisconsin (Diagnostic),Desvio_Padrao,attribute25,NA
OVERSAMPLING,02-Breast Cancer Wisconsin (Diagnostic),Desvio_Padrao,attribute26,NA
OVERSAMPLING,02-Breast Cancer Wisconsin (Diagnostic),Desvio_Padrao,attribute27,NA
OVERSAMPLING,02-Breast Cancer Wisconsin (Diagnostic),Desvio_Padrao,attribute28,NA
OVERSAMPLING,02-Breast Cancer Wisconsin (Diagnostic),Desvio_Padrao,attribute29,NA
OVERSAMPLING,02-Breast Cancer Wisconsin (Diagnostic),Desvio_Padrao,attribute30,NA
OVERSAMPLING,02-Breast Cancer Wisconsin (Diagnostic),Desvio_Padrao,attribute31,NA
OVERSAMPLING,02-Breast Cancer Wisconsin (Diagnostic),Desvio_Padrao,attribute32,NA
OVERSAMPLING,02-Breast Cancer Wisconsin (Diagnostic),Desvio_Padrao,attribute33,NA
OVERSAMPLING,02-Breast Cancer Wisconsin (Diagnostic),Desvio_Padrao,attribute34,NA
OVERSAMPLING,02-Breast Cancer Wisconsin (Diagnostic),Desvio_Padrao,aa,NA
OVERSAMPLING,02-Breast Cancer Wisconsin (Diagnostic),Desvio_Padrao,ao,NA
OVERSAMPLING,02-Breast Cancer Wisconsin (Diagnostic),Desvio_Padrao,dcl,NA
OVERSAMPLING,02-Breast Cancer Wisconsin (Diagnostic),Desvio_Padrao,iy,NA
OVERSAMPLING,02-Breast Cancer Wisconsin (Diagnostic),Desvio_Padrao,sh,NA
OVERSAMPLING,02-Breast Cancer Wisconsin (Diagnostic),Desvio_Padrao,0,NA
OVERSAMPLING,02-Breast Cancer Wisconsin (Diagnostic),Desvio_Padrao,1,NA
OVERSAMPLING,02-Breast Cancer Wisconsin (Diagnostic),Desvio_Padrao,2,NA
OVERSAMPLING,02-Breast Cancer Wisconsin (Diagnostic),Desvio_Padrao,3,NA
OVERSAMPLING,02-Breast Cancer Wisconsin (Diagnostic),Desvio_Padrao,4,NA
OVERSAMPLING,02-Breast Cancer Wisconsin (Diagnostic),Desvio_Padrao,5,NA
OVERSAMPLING,02-Breast Cancer Wisconsin (Diagnostic),Desvio_Padrao,6,NA
OVERSAMPLING,02-Breast Cancer Wisconsin (Diagnostic),Desvio_Padrao,7,NA
OVERSAMPLING,02-Breast Cancer Wisconsin (Diagnostic),Desvio_Padrao,8,NA
OVERSAMPLING,02-Breast Cancer Wisconsin (Diagnostic),Desvio_Padrao,9,NA
OVERSAMPLING,02-Breast Cancer Wisconsin (Diagnostic),Desvio_Padrao,10,NA
OVERSAMPLING,02-Breast Cancer Wisconsin (Diagnostic),Desvio_Padrao,11,NA
OVERSAMPLING,02-Breast Cancer Wisconsin (Diagnostic),Desvio_Padrao,12,NA
OVERSAMPLING,02-Breast Cancer Wisconsin (Diagnostic),Desvio_Padrao,13,NA
OVERSAMPLING,02-Breast Cancer Wisconsin (Diagnostic),Desvio_Padrao,14,NA
OVERSAMPLING,02-Breast Cancer Wisconsin (Diagnostic),Desvio_Padrao,15,NA
OVERSAMPLING,02-Breast Cancer Wisconsin (Diagnostic),Desvio_Padrao,16,NA
OVERSAMPLING,02-Breast Cancer Wisconsin (Diagnostic),Desvio_Padrao,17,NA
OVERSAMPLING,02-Breast Cancer Wisconsin (Diagnostic),Desvio_Padrao,18,NA
OVERSAMPLING,02-Breast Cancer Wisconsin (Diagnostic),Desvio_Padrao,19,NA
OVERSAMPLING,02-Breast Cancer Wisconsin (Diagnostic),Desvio_Padrao,20,NA
OVERSAMPLING,02-Breast Cancer Wisconsin (Diagnostic),Desvio_Padrao,21,NA
OVERSAMPLING,02-Breast Cancer Wisconsin (Diagnostic),Desvio_Padrao,22,NA
OVERSAMPLING,02-Breast Cancer Wisconsin (Diagnostic),Desvio_Padrao,23,NA
OVERSAMPLING,02-Breast Cancer Wisconsin (Diagnostic),Desvio_Padrao,24,NA
OVERSAMPLING,02-Breast Cancer Wisconsin (Diagnostic),Desvio_Padrao,25,NA
OVERSAMPLING,02-Breast Cancer Wisconsin (Diagnostic),Desvio_Padrao,26,NA
OVERSAMPLING,02-Breast Cancer Wisconsin (Diagnostic),Desvio_Padrao,27,NA
OVERSAMPLING,02-Breast Cancer Wisconsin (Diagnostic),Desvio_Padrao,28,NA
OVERSAMPLING,02-Breast Cancer Wisconsin (Diagnostic),Desvio_Padrao,29,NA
OVERSAMPLING,02-Breast Cancer Wisconsin (Diagnostic),Desvio_Padrao,30,NA
OVERSAMPLING,02-Breast Cancer Wisconsin (Diagnostic),Desvio_Padrao,31,NA
OVERSAMPLING,02-Breast Cancer Wisconsin (Diagnostic),Desvio_Padrao,32,NA
OVERSAMPLING,02-Breast Cancer Wisconsin (Diagnostic),Desvio_Padrao,33,NA
OVERSAMPLING,02-Breast Cancer Wisconsin (Diagnostic),Desvio_Padrao,34,NA
OVERSAMPLING,02-Breast Cancer Wisconsin (Diagnostic),Desvio_Padrao,35,NA
OVERSAMPLING,02-Breast Cancer Wisconsin (Diagnostic),Desvio_Padrao,36,NA
OVERSAMPLING,02-Breast Cancer Wisconsin (Diagnostic),Desvio_Padrao,37,NA
OVERSAMPLING,02-Breast Cancer Wisconsin (Diagnostic),Desvio_Padrao,38,NA
OVERSAMPLING,02-Breast Cancer Wisconsin (Diagnostic),Desvio_Padrao,39,NA
OVERSAMPLING,02-Breast Cancer Wisconsin (Diagnostic),Desvio_Padrao,40,NA
OVERSAMPLING,02-Breast Cancer Wisconsin (Diagnostic),Desvio_Padrao,41,NA
OVERSAMPLING,02-Breast Cancer Wisconsin (Diagnostic),Desvio_Padrao,42,NA
OVERSAMPLING,02-Breast Cancer Wisconsin (Diagnostic),Desvio_Padrao,43,NA
OVERSAMPLING,02-Breast Cancer Wisconsin (Diagnostic),Desvio_Padrao,44,NA
OVERSAMPLING,02-Breast Cancer Wisconsin (Diagnostic),Desvio_Padrao,45,NA
OVERSAMPLING,02-Breast Cancer Wisconsin (Diagnostic),Desvio_Padrao,46,NA
OVERSAMPLING,02-Breast Cancer Wisconsin (Diagnostic),Desvio_Padrao,48,NA
OVERSAMPLING,02-Breast Cancer Wisconsin (Diagnostic),Desvio_Padrao,49,NA
OVERSAMPLING,02-Breast Cancer Wisconsin (Diagnostic),Minimo,time,NA
OVERSAMPLING,02-Breast Cancer Wisconsin (Diagnostic),Minimo,v1,NA
OVERSAMPLING,02-Breast Cancer Wisconsin (Diagnostic),Minimo,v2,NA
OVERSAMPLING,02-Breast Cancer Wisconsin (Diagnostic),Minimo,v3,NA
OVERSAMPLING,02-Breast Cancer Wisconsin (Diagnostic),Minimo,v4,NA
OVERSAMPLING,02-Breast Cancer Wisconsin (Diagnostic),Minimo,v5,NA
OVERSAMPLING,02-Breast Cancer Wisconsin (Diagnostic),Minimo,v6,NA
OVERSAMPLING,02-Breast Cancer Wisconsin (Diagnostic),Minimo,v7,NA
OVERSAMPLING,02-Breast Cancer Wisconsin (Diagnostic),Minimo,v8,NA
OVERSAMPLING,02-Breast Cancer Wisconsin (Diagnostic),Minimo,v9,NA
OVERSAMPLING,02-Breast Cancer Wisconsin (Diagnostic),Minimo,v10,NA
OVERSAMPLING,02-Breast Cancer Wisconsin (Diagnostic),Minimo,v11,NA
OVERSAMPLING,02-Breast Cancer Wisconsin (Diagnostic),Minimo,v12,NA
OVERSAMPLING,02-Breast Cancer Wisconsin (Diagnostic),Minimo,v13,NA
OVERSAMPLING,02-Breast Cancer Wisconsin (Diagnostic),Minimo,v14,NA
OVERSAMPLING,02-Breast Cancer Wisconsin (Diagnostic),Minimo,v15,NA
OVERSAMPLING,02-Breast Cancer Wisconsin (Diagnostic),Minimo,v16,NA
OVERSAMPLING,02-Breast Cancer Wisconsin (Diagnostic),Minimo,v17,NA
OVERSAMPLING,02-Breast Cancer Wisconsin (Diagnostic),Minimo,v18,NA
OVERSAMPLING,02-Breast Cancer Wisconsin (Diagnostic),Minimo,v19,NA
OVERSAMPLING,02-Breast Cancer Wisconsin (Diagnostic),Minimo,v20,NA
OVERSAMPLING,02-Breast Cancer Wisconsin (Diagnostic),Minimo,v21,NA
OVERSAMPLING,02-Breast Cancer Wisconsin (Diagnostic),Minimo,v22,NA
OVERSAMPLING,02-Breast Cancer Wisconsin (Diagnostic),Minimo,v23,NA
OVERSAMPLING,02-Breast Cancer Wisconsin (Diagnostic),Minimo,v24,NA
OVERSAMPLING,02-Breast Cancer Wisconsin (Diagnostic),Minimo,v25,NA
OVERSAMPLING,02-Breast Cancer Wisconsin (Diagnostic),Minimo,v26,NA
OVERSAMPLING,02-Breast Cancer Wisconsin (Diagnostic),Minimo,v27,NA
OVERSAMPLING,02-Breast Cancer Wisconsin (Diagnostic),Minimo,v28,NA
OVERSAMPLING,02-Breast Cancer Wisconsin (Diagnostic),Minimo,amount,NA
OVERSAMPLING,02-Breast Cancer Wisconsin (Diagnostic),Minimo,radius1,6.981
OVERSAMPLING,02-Breast Cancer Wisconsin (Diagnostic),Minimo,texture1,9.71
OVERSAMPLING,02-Breast Cancer Wisconsin (Diagnostic),Minimo,perimeter1,43.79
OVERSAMPLING,02-Breast Cancer Wisconsin (Diagnostic),Minimo,area1,143.5
OVERSAMPLING,02-Breast Cancer Wisconsin (Diagnostic),Minimo,smoothness1,0.05263
OVERSAMPLING,02-Breast Cancer Wisconsin (Diagnostic),Minimo,compactness1,0.0265
OVERSAMPLING,02-Breast Cancer Wisconsin (Diagnostic),Minimo,concavity1,0
OVERSAMPLING,02-Breast Cancer Wisconsin (Diagnostic),Minimo,concave_points1,0
OVERSAMPLING,02-Breast Cancer Wisconsin (Diagnostic),Minimo,symmetry1,0.1167
OVERSAMPLING,02-Breast Cancer Wisconsin (Diagnostic),Minimo,fractal_dimension1,0.04996
OVERSAMPLING,02-Breast Cancer Wisconsin (Diagnostic),Minimo,radius2,0.1115
OVERSAMPLING,02-Breast Cancer Wisconsin (Diagnostic),Minimo,texture2,0.3621
OVERSAMPLING,02-Breast Cancer Wisconsin (Diagnostic),Minimo,perimeter2,0.757
OVERSAMPLING,02-Breast Cancer Wisconsin (Diagnostic),Minimo,area2,7.228
OVERSAMPLING,02-Breast Cancer Wisconsin (Diagnostic),Minimo,smoothness2,0.002667
OVERSAMPLING,02-Breast Cancer Wisconsin (Diagnostic),Minimo,compactness2,0.003012
OVERSAMPLING,02-Breast Cancer Wisconsin (Diagnostic),Minimo,concavity2,0
OVERSAMPLING,02-Breast Cancer Wisconsin (Diagnostic),Minimo,concave_points2,0
OVERSAMPLING,02-Breast Cancer Wisconsin (Diagnostic),Minimo,symmetry2,0.007882
OVERSAMPLING,02-Breast Cancer Wisconsin (Diagnostic),Minimo,fractal_dimension2,9.502e-4
OVERSAMPLING,02-Breast Cancer Wisconsin (Diagnostic),Minimo,radius3,7.93
OVERSAMPLING,02-Breast Cancer Wisconsin (Diagnostic),Minimo,texture3,12.02
OVERSAMPLING,02-Breast Cancer Wisconsin (Diagnostic),Minimo,perimeter3,50.41
OVERSAMPLING,02-Breast Cancer Wisconsin (Diagnostic),Minimo,area3,185.2
OVERSAMPLING,02-Breast Cancer Wisconsin (Diagnostic),Minimo,smoothness3,0.08409
OVERSAMPLING,02-Breast Cancer Wisconsin (Diagnostic),Minimo,compactness3,0.04327
OVERSAMPLING,02-Breast Cancer Wisconsin (Diagnostic),Minimo,concavity3,0
OVERSAMPLING,02-Breast Cancer Wisconsin (Diagnostic),Minimo,concave_points3,0
OVERSAMPLING,02-Breast Cancer Wisconsin (Diagnostic),Minimo,symmetry3,0.1565
OVERSAMPLING,02-Breast Cancer Wisconsin (Diagnostic),Minimo,fractal_dimension3,0.05504
OVERSAMPLING,02-Breast Cancer Wisconsin (Diagnostic),Minimo,pregnancies,NA
OVERSAMPLING,02-Breast Cancer Wisconsin (Diagnostic),Minimo,glucose,NA
OVERSAMPLING,02-Breast Cancer Wisconsin (Diagnostic),Minimo,bloodpressure,NA
OVERSAMPLING,02-Breast Cancer Wisconsin (Diagnostic),Minimo,skinthickness,NA
OVERSAMPLING,02-Breast Cancer Wisconsin (Diagnostic),Minimo,insulin,NA
OVERSAMPLING,02-Breast Cancer Wisconsin (Diagnostic),Minimo,bmi,NA
OVERSAMPLING,02-Breast Cancer Wisconsin (Diagnostic),Minimo,diabetespedigreefunction,NA
OVERSAMPLING,02-Breast Cancer Wisconsin (Diagnostic),Minimo,age,NA
OVERSAMPLING,02-Breast Cancer Wisconsin (Diagnostic),Minimo,attribute01,NA
OVERSAMPLING,02-Breast Cancer Wisconsin (Diagnostic),Minimo,attribute02,NA
OVERSAMPLING,02-Breast Cancer Wisconsin (Diagnostic),Minimo,attribute03,NA
OVERSAMPLING,02-Breast Cancer Wisconsin (Diagnostic),Minimo,attribute04,NA
OVERSAMPLING,02-Breast Cancer Wisconsin (Diagnostic),Minimo,attribute05,NA
OVERSAMPLING,02-Breast Cancer Wisconsin (Diagnostic),Minimo,attribute06,NA
OVERSAMPLING,02-Breast Cancer Wisconsin (Diagnostic),Minimo,attribute07,NA
OVERSAMPLING,02-Breast Cancer Wisconsin (Diagnostic),Minimo,attribute08,NA
OVERSAMPLING,02-Breast Cancer Wisconsin (Diagnostic),Minimo,attribute09,NA
OVERSAMPLING,02-Breast Cancer Wisconsin (Diagnostic),Minimo,attribute10,NA
OVERSAMPLING,02-Breast Cancer Wisconsin (Diagnostic),Minimo,attribute11,NA
OVERSAMPLING,02-Breast Cancer Wisconsin (Diagnostic),Minimo,attribute12,NA
OVERSAMPLING,02-Breast Cancer Wisconsin (Diagnostic),Minimo,attribute13,NA
OVERSAMPLING,02-Breast Cancer Wisconsin (Diagnostic),Minimo,attribute14,NA
OVERSAMPLING,02-Breast Cancer Wisconsin (Diagnostic),Minimo,attribute15,NA
OVERSAMPLING,02-Breast Cancer Wisconsin (Diagnostic),Minimo,attribute16,NA
OVERSAMPLING,02-Breast Cancer Wisconsin (Diagnostic),Minimo,attribute17,NA
OVERSAMPLING,02-Breast Cancer Wisconsin (Diagnostic),Minimo,attribute18,NA
OVERSAMPLING,02-Breast Cancer Wisconsin (Diagnostic),Minimo,attribute19,NA
OVERSAMPLING,02-Breast Cancer Wisconsin (Diagnostic),Minimo,attribute20,NA
OVERSAMPLING,02-Breast Cancer Wisconsin (Diagnostic),Minimo,attribute21,NA
OVERSAMPLING,02-Breast Cancer Wisconsin (Diagnostic),Minimo,attribute22,NA
OVERSAMPLING,02-Breast Cancer Wisconsin (Diagnostic),Minimo,attribute23,NA
OVERSAMPLING,02-Breast Cancer Wisconsin (Diagnostic),Minimo,attribute24,NA
OVERSAMPLING,02-Breast Cancer Wisconsin (Diagnostic),Minimo,attribute25,NA
OVERSAMPLING,02-Breast Cancer Wisconsin (Diagnostic),Minimo,attribute26,NA
OVERSAMPLING,02-Breast Cancer Wisconsin (Diagnostic),Minimo,attribute27,NA
OVERSAMPLING,02-Breast Cancer Wisconsin (Diagnostic),Minimo,attribute28,NA
OVERSAMPLING,02-Breast Cancer Wisconsin (Diagnostic),Minimo,attribute29,NA
OVERSAMPLING,02-Breast Cancer Wisconsin (Diagnostic),Minimo,attribute30,NA
OVERSAMPLING,02-Breast Cancer Wisconsin (Diagnostic),Minimo,attribute31,NA
OVERSAMPLING,02-Breast Cancer Wisconsin (Diagnostic),Minimo,attribute32,NA
OVERSAMPLING,02-Breast Cancer Wisconsin (Diagnostic),Minimo,attribute33,NA
OVERSAMPLING,02-Breast Cancer Wisconsin (Diagnostic),Minimo,attribute34,NA
OVERSAMPLING,02-Breast Cancer Wisconsin (Diagnostic),Minimo,aa,NA
OVERSAMPLING,02-Breast Cancer Wisconsin (Diagnostic),Minimo,ao,NA
OVERSAMPLING,02-Breast Cancer Wisconsin (Diagnostic),Minimo,dcl,NA
OVERSAMPLING,02-Breast Cancer Wisconsin (Diagnostic),Minimo,iy,NA
OVERSAMPLING,02-Breast Cancer Wisconsin (Diagnostic),Minimo,sh,NA
OVERSAMPLING,02-Breast Cancer Wisconsin (Diagnostic),Minimo,0,NA
OVERSAMPLING,02-Breast Cancer Wisconsin (Diagnostic),Minimo,1,NA
OVERSAMPLING,02-Breast Cancer Wisconsin (Diagnostic),Minimo,2,NA
OVERSAMPLING,02-Breast Cancer Wisconsin (Diagnostic),Minimo,3,NA
OVERSAMPLING,02-Breast Cancer Wisconsin (Diagnostic),Minimo,4,NA
OVERSAMPLING,02-Breast Cancer Wisconsin (Diagnostic),Minimo,5,NA
OVERSAMPLING,02-Breast Cancer Wisconsin (Diagnostic),Minimo,6,NA
OVERSAMPLING,02-Breast Cancer Wisconsin (Diagnostic),Minimo,7,NA
OVERSAMPLING,02-Breast Cancer Wisconsin (Diagnostic),Minimo,8,NA
OVERSAMPLING,02-Breast Cancer Wisconsin (Diagnostic),Minimo,9,NA
OVERSAMPLING,02-Breast Cancer Wisconsin (Diagnostic),Minimo,10,NA
OVERSAMPLING,02-Breast Cancer Wisconsin (Diagnostic),Minimo,11,NA
OVERSAMPLING,02-Breast Cancer Wisconsin (Diagnostic),Minimo,12,NA
OVERSAMPLING,02-Breast Cancer Wisconsin (Diagnostic),Minimo,13,NA
OVERSAMPLING,02-Breast Cancer Wisconsin (Diagnostic),Minimo,14,NA
OVERSAMPLING,02-Breast Cancer Wisconsin (Diagnostic),Minimo,15,NA
OVERSAMPLING,02-Breast Cancer Wisconsin (Diagnostic),Minimo,16,NA
OVERSAMPLING,02-Breast Cancer Wisconsin (Diagnostic),Minimo,17,NA
OVERSAMPLING,02-Breast Cancer Wisconsin (Diagnostic),Minimo,18,NA
OVERSAMPLING,02-Breast Cancer Wisconsin (Diagnostic),Minimo,19,NA
OVERSAMPLING,02-Breast Cancer Wisconsin (Diagnostic),Minimo,20,NA
OVERSAMPLING,02-Breast Cancer Wisconsin (Diagnostic),Minimo,21,NA
OVERSAMPLING,02-Breast Cancer Wisconsin (Diagnostic),Minimo,22,NA
OVERSAMPLING,02-Breast Cancer Wisconsin (Diagnostic),Minimo,23,NA
OVERSAMPLING,02-Breast Cancer Wisconsin (Diagnostic),Minimo,24,NA
OVERSAMPLING,02-Breast Cancer Wisconsin (Diagnostic),Minimo,25,NA
OVERSAMPLING,02-Breast Cancer Wisconsin (Diagnostic),Minimo,26,NA
OVERSAMPLING,02-Breast Cancer Wisconsin (Diagnostic),Minimo,27,NA
OVERSAMPLING,02-Breast Cancer Wisconsin (Diagnostic),Minimo,28,NA
OVERSAMPLING,02-Breast Cancer Wisconsin (Diagnostic),Minimo,29,NA
OVERSAMPLING,02-Breast Cancer Wisconsin (Diagnostic),Minimo,30,NA
OVERSAMPLING,02-Breast Cancer Wisconsin (Diagnostic),Minimo,31,NA
OVERSAMPLING,02-Breast Cancer Wisconsin (Diagnostic),Minimo,32,NA
OVERSAMPLING,02-Breast Cancer Wisconsin (Diagnostic),Minimo,33,NA
OVERSAMPLING,02-Breast Cancer Wisconsin (Diagnostic),Minimo,34,NA
OVERSAMPLING,02-Breast Cancer Wisconsin (Diagnostic),Minimo,35,NA
OVERSAMPLING,02-Breast Cancer Wisconsin (Diagnostic),Minimo,36,NA
OVERSAMPLING,02-Breast Cancer Wisconsin (Diagnostic),Minimo,37,NA
OVERSAMPLING,02-Breast Cancer Wisconsin (Diagnostic),Minimo,38,NA
OVERSAMPLING,02-Breast Cancer Wisconsin (Diagnostic),Minimo,39,NA
OVERSAMPLING,02-Breast Cancer Wisconsin (Diagnostic),Minimo,40,NA
OVERSAMPLING,02-Breast Cancer Wisconsin (Diagnostic),Minimo,41,NA
OVERSAMPLING,02-Breast Cancer Wisconsin (Diagnostic),Minimo,42,NA
OVERSAMPLING,02-Breast Cancer Wisconsin (Diagnostic),Minimo,43,NA
OVERSAMPLING,02-Breast Cancer Wisconsin (Diagnostic),Minimo,44,NA
OVERSAMPLING,02-Breast Cancer Wisconsin (Diagnostic),Minimo,45,NA
OVERSAMPLING,02-Breast Cancer Wisconsin (Diagnostic),Minimo,46,NA
OVERSAMPLING,02-Breast Cancer Wisconsin (Diagnostic),Minimo,48,NA
OVERSAMPLING,02-Breast Cancer Wisconsin (Diagnostic),Minimo,49,NA
OVERSAMPLING,02-Breast Cancer Wisconsin (Diagnostic),Maximo,time,NA
OVERSAMPLING,02-Breast Cancer Wisconsin (Diagnostic),Maximo,v1,NA
OVERSAMPLING,02-Breast Cancer Wisconsin (Diagnostic),Maximo,v2,NA
OVERSAMPLING,02-Breast Cancer Wisconsin (Diagnostic),Maximo,v3,NA
OVERSAMPLING,02-Breast Cancer Wisconsin (Diagnostic),Maximo,v4,NA
OVERSAMPLING,02-Breast Cancer Wisconsin (Diagnostic),Maximo,v5,NA
OVERSAMPLING,02-Breast Cancer Wisconsin (Diagnostic),Maximo,v6,NA
OVERSAMPLING,02-Breast Cancer Wisconsin (Diagnostic),Maximo,v7,NA
OVERSAMPLING,02-Breast Cancer Wisconsin (Diagnostic),Maximo,v8,NA
OVERSAMPLING,02-Breast Cancer Wisconsin (Diagnostic),Maximo,v9,NA
OVERSAMPLING,02-Breast Cancer Wisconsin (Diagnostic),Maximo,v10,NA
OVERSAMPLING,02-Breast Cancer Wisconsin (Diagnostic),Maximo,v11,NA
OVERSAMPLING,02-Breast Cancer Wisconsin (Diagnostic),Maximo,v12,NA
OVERSAMPLING,02-Breast Cancer Wisconsin (Diagnostic),Maximo,v13,NA
OVERSAMPLING,02-Breast Cancer Wisconsin (Diagnostic),Maximo,v14,NA
OVERSAMPLING,02-Breast Cancer Wisconsin (Diagnostic),Maximo,v15,NA
OVERSAMPLING,02-Breast Cancer Wisconsin (Diagnostic),Maximo,v16,NA
OVERSAMPLING,02-Breast Cancer Wisconsin (Diagnostic),Maximo,v17,NA
OVERSAMPLING,02-Breast Cancer Wisconsin (Diagnostic),Maximo,v18,NA
OVERSAMPLING,02-Breast Cancer Wisconsin (Diagnostic),Maximo,v19,NA
OVERSAMPLING,02-Breast Cancer Wisconsin (Diagnostic),Maximo,v20,NA
OVERSAMPLING,02-Breast Cancer Wisconsin (Diagnostic),Maximo,v21,NA
OVERSAMPLING,02-Breast Cancer Wisconsin (Diagnostic),Maximo,v22,NA
OVERSAMPLING,02-Breast Cancer Wisconsin (Diagnostic),Maximo,v23,NA
OVERSAMPLING,02-Breast Cancer Wisconsin (Diagnostic),Maximo,v24,NA
OVERSAMPLING,02-Breast Cancer Wisconsin (Diagnostic),Maximo,v25,NA
OVERSAMPLING,02-Breast Cancer Wisconsin (Diagnostic),Maximo,v26,NA
OVERSAMPLING,02-Breast Cancer Wisconsin (Diagnostic),Maximo,v27,NA
OVERSAMPLING,02-Breast Cancer Wisconsin (Diagnostic),Maximo,v28,NA
OVERSAMPLING,02-Breast Cancer Wisconsin (Diagnostic),Maximo,amount,NA
OVERSAMPLING,02-Breast Cancer Wisconsin (Diagnostic),Maximo,radius1,28.11
OVERSAMPLING,02-Breast Cancer Wisconsin (Diagnostic),Maximo,texture1,33.56
OVERSAMPLING,02-Breast Cancer Wisconsin (Diagnostic),Maximo,perimeter1,188.5
OVERSAMPLING,02-Breast Cancer Wisconsin (Diagnostic),Maximo,area1,2501
OVERSAMPLING,02-Breast Cancer Wisconsin (Diagnostic),Maximo,smoothness1,0.1447
OVERSAMPLING,02-Breast Cancer Wisconsin (Diagnostic),Maximo,compactness1,0.3454
OVERSAMPLING,02-Breast Cancer Wisconsin (Diagnostic),Maximo,concavity1,0.4268
OVERSAMPLING,02-Breast Cancer Wisconsin (Diagnostic),Maximo,concave_points1,0.2012
OVERSAMPLING,02-Breast Cancer Wisconsin (Diagnostic),Maximo,symmetry1,0.2906
OVERSAMPLING,02-Breast Cancer Wisconsin (Diagnostic),Maximo,fractal_dimension1,0.09575
OVERSAMPLING,02-Breast Cancer Wisconsin (Diagnostic),Maximo,radius2,2.873
OVERSAMPLING,02-Breast Cancer Wisconsin (Diagnostic),Maximo,texture2,3.647
OVERSAMPLING,02-Breast Cancer Wisconsin (Diagnostic),Maximo,perimeter2,21.98
OVERSAMPLING,02-Breast Cancer Wisconsin (Diagnostic),Maximo,area2,542.2
OVERSAMPLING,02-Breast Cancer Wisconsin (Diagnostic),Maximo,smoothness2,0.02333
OVERSAMPLING,02-Breast Cancer Wisconsin (Diagnostic),Maximo,compactness2,0.1354
OVERSAMPLING,02-Breast Cancer Wisconsin (Diagnostic),Maximo,concavity2,0.396
OVERSAMPLING,02-Breast Cancer Wisconsin (Diagnostic),Maximo,concave_points2,0.05279
OVERSAMPLING,02-Breast Cancer Wisconsin (Diagnostic),Maximo,symmetry2,0.07895
OVERSAMPLING,02-Breast Cancer Wisconsin (Diagnostic),Maximo,fractal_dimension2,0.02984
OVERSAMPLING,02-Breast Cancer Wisconsin (Diagnostic),Maximo,radius3,36.04
OVERSAMPLING,02-Breast Cancer Wisconsin (Diagnostic),Maximo,texture3,49.54
OVERSAMPLING,02-Breast Cancer Wisconsin (Diagnostic),Maximo,perimeter3,251.2
OVERSAMPLING,02-Breast Cancer Wisconsin (Diagnostic),Maximo,area3,4254
OVERSAMPLING,02-Breast Cancer Wisconsin (Diagnostic),Maximo,smoothness3,0.2226
OVERSAMPLING,02-Breast Cancer Wisconsin (Diagnostic),Maximo,compactness3,1.058
OVERSAMPLING,02-Breast Cancer Wisconsin (Diagnostic),Maximo,concavity3,1.252
OVERSAMPLING,02-Breast Cancer Wisconsin (Diagnostic),Maximo,concave_points3,0.291
OVERSAMPLING,02-Breast Cancer Wisconsin (Diagnostic),Maximo,symmetry3,0.5774
OVERSAMPLING,02-Breast Cancer Wisconsin (Diagnostic),Maximo,fractal_dimension3,0.2075
OVERSAMPLING,02-Breast Cancer Wisconsin (Diagnostic),Maximo,pregnancies,NA
OVERSAMPLING,02-Breast Cancer Wisconsin (Diagnostic),Maximo,glucose,NA
OVERSAMPLING,02-Breast Cancer Wisconsin (Diagnostic),Maximo,bloodpressure,NA
OVERSAMPLING,02-Breast Cancer Wisconsin (Diagnostic),Maximo,skinthickness,NA
OVERSAMPLING,02-Breast Cancer Wisconsin (Diagnostic),Maximo,insulin,NA
OVERSAMPLING,02-Breast Cancer Wisconsin (Diagnostic),Maximo,bmi,NA
OVERSAMPLING,02-Breast Cancer Wisconsin (Diagnostic),Maximo,diabetespedigreefunction,NA
OVERSAMPLING,02-Breast Cancer Wisconsin (Diagnostic),Maximo,age,NA
OVERSAMPLING,02-Breast Cancer Wisconsin (Diagnostic),Maximo,attribute01,NA
OVERSAMPLING,02-Breast Cancer Wisconsin (Diagnostic),Maximo,attribute02,NA
OVERSAMPLING,02-Breast Cancer Wisconsin (Diagnostic),Maximo,attribute03,NA
OVERSAMPLING,02-Breast Cancer Wisconsin (Diagnostic),Maximo,attribute04,NA
OVERSAMPLING,02-Breast Cancer Wisconsin (Diagnostic),Maximo,attribute05,NA
OVERSAMPLING,02-Breast Cancer Wisconsin (Diagnostic),Maximo,attribute06,NA
OVERSAMPLING,02-Breast Cancer Wisconsin (Diagnostic),Maximo,attribute07,NA
OVERSAMPLING,02-Breast Cancer Wisconsin (Diagnostic),Maximo,attribute08,NA
OVERSAMPLING,02-Breast Cancer Wisconsin (Diagnostic),Maximo,attribute09,NA
OVERSAMPLING,02-Breast Cancer Wisconsin (Diagnostic),Maximo,attribute10,NA
OVERSAMPLING,02-Breast Cancer Wisconsin (Diagnostic),Maximo,attribute11,NA
OVERSAMPLING,02-Breast Cancer Wisconsin (Diagnostic),Maximo,attribute12,NA
OVERSAMPLING,02-Breast Cancer Wisconsin (Diagnostic),Maximo,attribute13,NA
OVERSAMPLING,02-Breast Cancer Wisconsin (Diagnostic),Maximo,attribute14,NA
OVERSAMPLING,02-Breast Cancer Wisconsin (Diagnostic),Maximo,attribute15,NA
OVERSAMPLING,02-Breast Cancer Wisconsin (Diagnostic),Maximo,attribute16,NA
OVERSAMPLING,02-Breast Cancer Wisconsin (Diagnostic),Maximo,attribute17,NA
OVERSAMPLING,02-Breast Cancer Wisconsin (Diagnostic),Maximo,attribute18,NA
OVERSAMPLING,02-Breast Cancer Wisconsin (Diagnostic),Maximo,attribute19,NA
OVERSAMPLING,02-Breast Cancer Wisconsin (Diagnostic),Maximo,attribute20,NA
OVERSAMPLING,02-Breast Cancer Wisconsin (Diagnostic),Maximo,attribute21,NA
OVERSAMPLING,02-Breast Cancer Wisconsin (Diagnostic),Maximo,attribute22,NA
OVERSAMPLING,02-Breast Cancer Wisconsin (Diagnostic),Maximo,attribute23,NA
OVERSAMPLING,02-Breast Cancer Wisconsin (Diagnostic),Maximo,attribute24,NA
OVERSAMPLING,02-Breast Cancer Wisconsin (Diagnostic),Maximo,attribute25,NA
OVERSAMPLING,02-Breast Cancer Wisconsin (Diagnostic),Maximo,attribute26,NA
OVERSAMPLING,02-Breast Cancer Wisconsin (Diagnostic),Maximo,attribute27,NA
OVERSAMPLING,02-Breast Cancer Wisconsin (Diagnostic),Maximo,attribute28,NA
OVERSAMPLING,02-Breast Cancer Wisconsin (Diagnostic),Maximo,attribute29,NA
OVERSAMPLING,02-Breast Cancer Wisconsin (Diagnostic),Maximo,attribute30,NA
OVERSAMPLING,02-Breast Cancer Wisconsin (Diagnostic),Maximo,attribute31,NA
OVERSAMPLING,02-Breast Cancer Wisconsin (Diagnostic),Maximo,attribute32,NA
OVERSAMPLING,02-Breast Cancer Wisconsin (Diagnostic),Maximo,attribute33,NA
OVERSAMPLING,02-Breast Cancer Wisconsin (Diagnostic),Maximo,attribute34,NA
OVERSAMPLING,02-Breast Cancer Wisconsin (Diagnostic),Maximo,aa,NA
OVERSAMPLING,02-Breast Cancer Wisconsin (Diagnostic),Maximo,ao,NA
OVERSAMPLING,02-Breast Cancer Wisconsin (Diagnostic),Maximo,dcl,NA
OVERSAMPLING,02-Breast Cancer Wisconsin (Diagnostic),Maximo,iy,NA
OVERSAMPLING,02-Breast Cancer Wisconsin (Diagnostic),Maximo,sh,NA
OVERSAMPLING,02-Breast Cancer Wisconsin (Diagnostic),Maximo,0,NA
OVERSAMPLING,02-Breast Cancer Wisconsin (Diagnostic),Maximo,1,NA
OVERSAMPLING,02-Breast Cancer Wisconsin (Diagnostic),Maximo,2,NA
OVERSAMPLING,02-Breast Cancer Wisconsin (Diagnostic),Maximo,3,NA
OVERSAMPLING,02-Breast Cancer Wisconsin (Diagnostic),Maximo,4,NA
OVERSAMPLING,02-Breast Cancer Wisconsin (Diagnostic),Maximo,5,NA
OVERSAMPLING,02-Breast Cancer Wisconsin (Diagnostic),Maximo,6,NA
OVERSAMPLING,02-Breast Cancer Wisconsin (Diagnostic),Maximo,7,NA
OVERSAMPLING,02-Breast Cancer Wisconsin (Diagnostic),Maximo,8,NA
OVERSAMPLING,02-Breast Cancer Wisconsin (Diagnostic),Maximo,9,NA
OVERSAMPLING,02-Breast Cancer Wisconsin (Diagnostic),Maximo,10,NA
OVERSAMPLING,02-Breast Cancer Wisconsin (Diagnostic),Maximo,11,NA
OVERSAMPLING,02-Breast Cancer Wisconsin (Diagnostic),Maximo,12,NA
OVERSAMPLING,02-Breast Cancer Wisconsin (Diagnostic),Maximo,13,NA
OVERSAMPLING,02-Breast Cancer Wisconsin (Diagnostic),Maximo,14,NA
OVERSAMPLING,02-Breast Cancer Wisconsin (Diagnostic),Maximo,15,NA
OVERSAMPLING,02-Breast Cancer Wisconsin (Diagnostic),Maximo,16,NA
OVERSAMPLING,02-Breast Cancer Wisconsin (Diagnostic),Maximo,17,NA
OVERSAMPLING,02-Breast Cancer Wisconsin (Diagnostic),Maximo,18,NA
OVERSAMPLING,02-Breast Cancer Wisconsin (Diagnostic),Maximo,19,NA
OVERSAMPLING,02-Breast Cancer Wisconsin (Diagnostic),Maximo,20,NA
OVERSAMPLING,02-Breast Cancer Wisconsin (Diagnostic),Maximo,21,NA
OVERSAMPLING,02-Breast Cancer Wisconsin (Diagnostic),Maximo,22,NA
OVERSAMPLING,02-Breast Cancer Wisconsin (Diagnostic),Maximo,23,NA
OVERSAMPLING,02-Breast Cancer Wisconsin (Diagnostic),Maximo,24,NA
OVERSAMPLING,02-Breast Cancer Wisconsin (Diagnostic),Maximo,25,NA
OVERSAMPLING,02-Breast Cancer Wisconsin (Diagnostic),Maximo,26,NA
OVERSAMPLING,02-Breast Cancer Wisconsin (Diagnostic),Maximo,27,NA
OVERSAMPLING,02-Breast Cancer Wisconsin (Diagnostic),Maximo,28,NA
OVERSAMPLING,02-Breast Cancer Wisconsin (Diagnostic),Maximo,29,NA
OVERSAMPLING,02-Breast Cancer Wisconsin (Diagnostic),Maximo,30,NA
OVERSAMPLING,02-Breast Cancer Wisconsin (Diagnostic),Maximo,31,NA
OVERSAMPLING,02-Breast Cancer Wisconsin (Diagnostic),Maximo,32,NA
OVERSAMPLING,02-Breast Cancer Wisconsin (Diagnostic),Maximo,33,NA
OVERSAMPLING,02-Breast Cancer Wisconsin (Diagnostic),Maximo,34,NA
OVERSAMPLING,02-Breast Cancer Wisconsin (Diagnostic),Maximo,35,NA
OVERSAMPLING,02-Breast Cancer Wisconsin (Diagnostic),Maximo,36,NA
OVERSAMPLING,02-Breast Cancer Wisconsin (Diagnostic),Maximo,37,NA
OVERSAMPLING,02-Breast Cancer Wisconsin (Diagnostic),Maximo,38,NA
OVERSAMPLING,02-Breast Cancer Wisconsin (Diagnostic),Maximo,39,NA
OVERSAMPLING,02-Breast Cancer Wisconsin (Diagnostic),Maximo,40,NA
OVERSAMPLING,02-Breast Cancer Wisconsin (Diagnostic),Maximo,41,NA
OVERSAMPLING,02-Breast Cancer Wisconsin (Diagnostic),Maximo,42,NA
OVERSAMPLING,02-Breast Cancer Wisconsin (Diagnostic),Maximo,43,NA
OVERSAMPLING,02-Breast Cancer Wisconsin (Diagnostic),Maximo,44,NA
OVERSAMPLING,02-Breast Cancer Wisconsin (Diagnostic),Maximo,45,NA
OVERSAMPLING,02-Breast Cancer Wisconsin (Diagnostic),Maximo,46,NA
OVERSAMPLING,02-Breast Cancer Wisconsin (Diagnostic),Maximo,48,NA
OVERSAMPLING,02-Breast Cancer Wisconsin (Diagnostic),Maximo,49,NA
OVERSAMPLING,03-Pima Indians Diabetes,Media,time,NA
OVERSAMPLING,03-Pima Indians Diabetes,Media,v1,NA
OVERSAMPLING,03-Pima Indians Diabetes,Media,v2,NA
OVERSAMPLING,03-Pima Indians Diabetes,Media,v3,NA
OVERSAMPLING,03-Pima Indians Diabetes,Media,v4,NA
OVERSAMPLING,03-Pima Indians Diabetes,Media,v5,NA
OVERSAMPLING,03-Pima Indians Diabetes,Media,v6,NA
OVERSAMPLING,03-Pima Indians Diabetes,Media,v7,NA
OVERSAMPLING,03-Pima Indians Diabetes,Media,v8,NA
OVERSAMPLING,03-Pima Indians Diabetes,Media,v9,NA
OVERSAMPLING,03-Pima Indians Diabetes,Media,v10,NA
OVERSAMPLING,03-Pima Indians Diabetes,Media,v11,NA
OVERSAMPLING,03-Pima Indians Diabetes,Media,v12,NA
OVERSAMPLING,03-Pima Indians Diabetes,Media,v13,NA
OVERSAMPLING,03-Pima Indians Diabetes,Media,v14,NA
OVERSAMPLING,03-Pima Indians Diabetes,Media,v15,NA
OVERSAMPLING,03-Pima Indians Diabetes,Media,v16,NA
OVERSAMPLING,03-Pima Indians Diabetes,Media,v17,NA
OVERSAMPLING,03-Pima Indians Diabetes,Media,v18,NA
OVERSAMPLING,03-Pima Indians Diabetes,Media,v19,NA
OVERSAMPLING,03-Pima Indians Diabetes,Media,v20,NA
OVERSAMPLING,03-Pima Indians Diabetes,Media,v21,NA
OVERSAMPLING,03-Pima Indians Diabetes,Media,v22,NA
OVERSAMPLING,03-Pima Indians Diabetes,Media,v23,NA
OVERSAMPLING,03-Pima Indians Diabetes,Media,v24,NA
OVERSAMPLING,03-Pima Indians Diabetes,Media,v25,NA
OVERSAMPLING,03-Pima Indians Diabetes,Media,v26,NA
OVERSAMPLING,03-Pima Indians Diabetes,Media,v27,NA
OVERSAMPLING,03-Pima Indians Diabetes,Media,v28,NA
OVERSAMPLING,03-Pima Indians Diabetes,Media,amount,NA
OVERSAMPLING,03-Pima Indians Diabetes,Media,radius1,NA
OVERSAMPLING,03-Pima Indians Diabetes,Media,texture1,NA
OVERSAMPLING,03-Pima Indians Diabetes,Media,perimeter1,NA
OVERSAMPLING,03-Pima Indians Diabetes,Media,area1,NA
OVERSAMPLING,03-Pima Indians Diabetes,Media,smoothness1,NA
OVERSAMPLING,03-Pima Indians Diabetes,Media,compactness1,NA
OVERSAMPLING,03-Pima Indians Diabetes,Media,concavity1,NA
OVERSAMPLING,03-Pima Indians Diabetes,Media,concave_points1,NA
OVERSAMPLING,03-Pima Indians Diabetes,Media,symmetry1,NA
OVERSAMPLING,03-Pima Indians Diabetes,Media,fractal_dimension1,NA
OVERSAMPLING,03-Pima Indians Diabetes,Media,radius2,NA
OVERSAMPLING,03-Pima Indians Diabetes,Media,texture2,NA
OVERSAMPLING,03-Pima Indians Diabetes,Media,perimeter2,NA
OVERSAMPLING,03-Pima Indians Diabetes,Media,area2,NA
OVERSAMPLING,03-Pima Indians Diabetes,Media,smoothness2,NA
OVERSAMPLING,03-Pima Indians Diabetes,Media,compactness2,NA
OVERSAMPLING,03-Pima Indians Diabetes,Media,concavity2,NA
OVERSAMPLING,03-Pima Indians Diabetes,Media,concave_points2,NA
OVERSAMPLING,03-Pima Indians Diabetes,Media,symmetry2,NA
OVERSAMPLING,03-Pima Indians Diabetes,Media,fractal_dimension2,NA
OVERSAMPLING,03-Pima Indians Diabetes,Media,radius3,NA
OVERSAMPLING,03-Pima Indians Diabetes,Media,texture3,NA
OVERSAMPLING,03-Pima Indians Diabetes,Media,perimeter3,NA
OVERSAMPLING,03-Pima Indians Diabetes,Media,area3,NA
OVERSAMPLING,03-Pima Indians Diabetes,Media,smoothness3,NA
OVERSAMPLING,03-Pima Indians Diabetes,Media,compactness3,NA
OVERSAMPLING,03-Pima Indians Diabetes,Media,concavity3,NA
OVERSAMPLING,03-Pima Indians Diabetes,Media,concave_points3,NA
OVERSAMPLING,03-Pima Indians Diabetes,Media,symmetry3,NA
OVERSAMPLING,03-Pima Indians Diabetes,Media,fractal_dimension3,NA
OVERSAMPLING,03-Pima Indians Diabetes,Media,pregnancies,3.99
OVERSAMPLING,03-Pima Indians Diabetes,Media,glucose,125.092
OVERSAMPLING,03-Pima Indians Diabetes,Media,bloodpressure,68.681
OVERSAMPLING,03-Pima Indians Diabetes,Media,skinthickness,20.591
OVERSAMPLING,03-Pima Indians Diabetes,Media,insulin,87.37
OVERSAMPLING,03-Pima Indians Diabetes,Media,bmi,32.8805
OVERSAMPLING,03-Pima Indians Diabetes,Media,diabetespedigreefunction,0.49251
OVERSAMPLING,03-Pima Indians Diabetes,Media,age,33.867
OVERSAMPLING,03-Pima Indians Diabetes,Media,attribute01,NA
OVERSAMPLING,03-Pima Indians Diabetes,Media,attribute02,NA
OVERSAMPLING,03-Pima Indians Diabetes,Media,attribute03,NA
OVERSAMPLING,03-Pima Indians Diabetes,Media,attribute04,NA
OVERSAMPLING,03-Pima Indians Diabetes,Media,attribute05,NA
OVERSAMPLING,03-Pima Indians Diabetes,Media,attribute06,NA
OVERSAMPLING,03-Pima Indians Diabetes,Media,attribute07,NA
OVERSAMPLING,03-Pima Indians Diabetes,Media,attribute08,NA
OVERSAMPLING,03-Pima Indians Diabetes,Media,attribute09,NA
OVERSAMPLING,03-Pima Indians Diabetes,Media,attribute10,NA
OVERSAMPLING,03-Pima Indians Diabetes,Media,attribute11,NA
OVERSAMPLING,03-Pima Indians Diabetes,Media,attribute12,NA
OVERSAMPLING,03-Pima Indians Diabetes,Media,attribute13,NA
OVERSAMPLING,03-Pima Indians Diabetes,Media,attribute14,NA
OVERSAMPLING,03-Pima Indians Diabetes,Media,attribute15,NA
OVERSAMPLING,03-Pima Indians Diabetes,Media,attribute16,NA
OVERSAMPLING,03-Pima Indians Diabetes,Media,attribute17,NA
OVERSAMPLING,03-Pima Indians Diabetes,Media,attribute18,NA
OVERSAMPLING,03-Pima Indians Diabetes,Media,attribute19,NA
OVERSAMPLING,03-Pima Indians Diabetes,Media,attribute20,NA
OVERSAMPLING,03-Pima Indians Diabetes,Media,attribute21,NA
OVERSAMPLING,03-Pima Indians Diabetes,Media,attribute22,NA
OVERSAMPLING,03-Pima Indians Diabetes,Media,attribute23,NA
OVERSAMPLING,03-Pima Indians Diabetes,Media,attribute24,NA
OVERSAMPLING,03-Pima Indians Diabetes,Media,attribute25,NA
OVERSAMPLING,03-Pima Indians Diabetes,Media,attribute26,NA
OVERSAMPLING,03-Pima Indians Diabetes,Media,attribute27,NA
OVERSAMPLING,03-Pima Indians Diabetes,Media,attribute28,NA
OVERSAMPLING,03-Pima Indians Diabetes,Media,attribute29,NA
OVERSAMPLING,03-Pima Indians Diabetes,Media,attribute30,NA
OVERSAMPLING,03-Pima Indians Diabetes,Media,attribute31,NA
OVERSAMPLING,03-Pima Indians Diabetes,Media,attribute32,NA
OVERSAMPLING,03-Pima Indians Diabetes,Media,attribute33,NA
OVERSAMPLING,03-Pima Indians Diabetes,Media,attribute34,NA
OVERSAMPLING,03-Pima Indians Diabetes,Media,aa,NA
OVERSAMPLING,03-Pima Indians Diabetes,Media,ao,NA
OVERSAMPLING,03-Pima Indians Diabetes,Media,dcl,NA
OVERSAMPLING,03-Pima Indians Diabetes,Media,iy,NA
OVERSAMPLING,03-Pima Indians Diabetes,Media,sh,NA
OVERSAMPLING,03-Pima Indians Diabetes,Media,0,NA
OVERSAMPLING,03-Pima Indians Diabetes,Media,1,NA
OVERSAMPLING,03-Pima Indians Diabetes,Media,2,NA
OVERSAMPLING,03-Pima Indians Diabetes,Media,3,NA
OVERSAMPLING,03-Pima Indians Diabetes,Media,4,NA
OVERSAMPLING,03-Pima Indians Diabetes,Media,5,NA
OVERSAMPLING,03-Pima Indians Diabetes,Media,6,NA
OVERSAMPLING,03-Pima Indians Diabetes,Media,7,NA
OVERSAMPLING,03-Pima Indians Diabetes,Media,8,NA
OVERSAMPLING,03-Pima Indians Diabetes,Media,9,NA
OVERSAMPLING,03-Pima Indians Diabetes,Media,10,NA
OVERSAMPLING,03-Pima Indians Diabetes,Media,11,NA
OVERSAMPLING,03-Pima Indians Diabetes,Media,12,NA
OVERSAMPLING,03-Pima Indians Diabetes,Media,13,NA
OVERSAMPLING,03-Pima Indians Diabetes,Media,14,NA
OVERSAMPLING,03-Pima Indians Diabetes,Media,15,NA
OVERSAMPLING,03-Pima Indians Diabetes,Media,16,NA
OVERSAMPLING,03-Pima Indians Diabetes,Media,17,NA
OVERSAMPLING,03-Pima Indians Diabetes,Media,18,NA
OVERSAMPLING,03-Pima Indians Diabetes,Media,19,NA
OVERSAMPLING,03-Pima Indians Diabetes,Media,20,NA
OVERSAMPLING,03-Pima Indians Diabetes,Media,21,NA
OVERSAMPLING,03-Pima Indians Diabetes,Media,22,NA
OVERSAMPLING,03-Pima Indians Diabetes,Media,23,NA
OVERSAMPLING,03-Pima Indians Diabetes,Media,24,NA
OVERSAMPLING,03-Pima Indians Diabetes,Media,25,NA
OVERSAMPLING,03-Pima Indians Diabetes,Media,26,NA
OVERSAMPLING,03-Pima Indians Diabetes,Media,27,NA
OVERSAMPLING,03-Pima Indians Diabetes,Media,28,NA
OVERSAMPLING,03-Pima Indians Diabetes,Media,29,NA
OVERSAMPLING,03-Pima Indians Diabetes,Media,30,NA
OVERSAMPLING,03-Pima Indians Diabetes,Media,31,NA
OVERSAMPLING,03-Pima Indians Diabetes,Media,32,NA
OVERSAMPLING,03-Pima Indians Diabetes,Media,33,NA
OVERSAMPLING,03-Pima Indians Diabetes,Media,34,NA
OVERSAMPLING,03-Pima Indians Diabetes,Media,35,NA
OVERSAMPLING,03-Pima Indians Diabetes,Media,36,NA
OVERSAMPLING,03-Pima Indians Diabetes,Media,37,NA
OVERSAMPLING,03-Pima Indians Diabetes,Media,38,NA
OVERSAMPLING,03-Pima Indians Diabetes,Media,39,NA
OVERSAMPLING,03-Pima Indians Diabetes,Media,40,NA
OVERSAMPLING,03-Pima Indians Diabetes,Media,41,NA
OVERSAMPLING,03-Pima Indians Diabetes,Media,42,NA
OVERSAMPLING,03-Pima Indians Diabetes,Media,43,NA
OVERSAMPLING,03-Pima Indians Diabetes,Media,44,NA
OVERSAMPLING,03-Pima Indians Diabetes,Media,45,NA
OVERSAMPLING,03-Pima Indians Diabetes,Media,46,NA
OVERSAMPLING,03-Pima Indians Diabetes,Media,48,NA
OVERSAMPLING,03-Pima Indians Diabetes,Media,49,NA
OVERSAMPLING,03-Pima Indians Diabetes,Desvio_Padrao,time,NA
OVERSAMPLING,03-Pima Indians Diabetes,Desvio_Padrao,v1,NA
OVERSAMPLING,03-Pima Indians Diabetes,Desvio_Padrao,v2,NA
OVERSAMPLING,03-Pima Indians Diabetes,Desvio_Padrao,v3,NA
OVERSAMPLING,03-Pima Indians Diabetes,Desvio_Padrao,v4,NA
OVERSAMPLING,03-Pima Indians Diabetes,Desvio_Padrao,v5,NA
OVERSAMPLING,03-Pima Indians Diabetes,Desvio_Padrao,v6,NA
OVERSAMPLING,03-Pima Indians Diabetes,Desvio_Padrao,v7,NA
OVERSAMPLING,03-Pima Indians Diabetes,Desvio_Padrao,v8,NA
OVERSAMPLING,03-Pima Indians Diabetes,Desvio_Padrao,v9,NA
OVERSAMPLING,03-Pima Indians Diabetes,Desvio_Padrao,v10,NA
OVERSAMPLING,03-Pima Indians Diabetes,Desvio_Padrao,v11,NA
OVERSAMPLING,03-Pima Indians Diabetes,Desvio_Padrao,v12,NA
OVERSAMPLING,03-Pima Indians Diabetes,Desvio_Padrao,v13,NA
OVERSAMPLING,03-Pima Indians Diabetes,Desvio_Padrao,v14,NA
OVERSAMPLING,03-Pima Indians Diabetes,Desvio_Padrao,v15,NA
OVERSAMPLING,03-Pima Indians Diabetes,Desvio_Padrao,v16,NA
OVERSAMPLING,03-Pima Indians Diabetes,Desvio_Padrao,v17,NA
OVERSAMPLING,03-Pima Indians Diabetes,Desvio_Padrao,v18,NA
OVERSAMPLING,03-Pima Indians Diabetes,Desvio_Padrao,v19,NA
OVERSAMPLING,03-Pima Indians Diabetes,Desvio_Padrao,v20,NA
OVERSAMPLING,03-Pima Indians Diabetes,Desvio_Padrao,v21,NA
OVERSAMPLING,03-Pima Indians Diabetes,Desvio_Padrao,v22,NA
OVERSAMPLING,03-Pima Indians Diabetes,Desvio_Padrao,v23,NA
OVERSAMPLING,03-Pima Indians Diabetes,Desvio_Padrao,v24,NA
OVERSAMPLING,03-Pima Indians Diabetes,Desvio_Padrao,v25,NA
OVERSAMPLING,03-Pima Indians Diabetes,Desvio_Padrao,v26,NA
OVERSAMPLING,03-Pima Indians Diabetes,Desvio_Padrao,v27,NA
OVERSAMPLING,03-Pima Indians Diabetes,Desvio_Padrao,v28,NA
OVERSAMPLING,03-Pima Indians Diabetes,Desvio_Padrao,amount,NA
OVERSAMPLING,03-Pima Indians Diabetes,Desvio_Padrao,radius1,NA
OVERSAMPLING,03-Pima Indians Diabetes,Desvio_Padrao,texture1,NA
OVERSAMPLING,03-Pima Indians Diabetes,Desvio_Padrao,perimeter1,NA
OVERSAMPLING,03-Pima Indians Diabetes,Desvio_Padrao,area1,NA
OVERSAMPLING,03-Pima Indians Diabetes,Desvio_Padrao,smoothness1,NA
OVERSAMPLING,03-Pima Indians Diabetes,Desvio_Padrao,compactness1,NA
OVERSAMPLING,03-Pima Indians Diabetes,Desvio_Padrao,concavity1,NA
OVERSAMPLING,03-Pima Indians Diabetes,Desvio_Padrao,concave_points1,NA
OVERSAMPLING,03-Pima Indians Diabetes,Desvio_Padrao,symmetry1,NA
OVERSAMPLING,03-Pima Indians Diabetes,Desvio_Padrao,fractal_dimension1,NA
OVERSAMPLING,03-Pima Indians Diabetes,Desvio_Padrao,radius2,NA
OVERSAMPLING,03-Pima Indians Diabetes,Desvio_Padrao,texture2,NA
OVERSAMPLING,03-Pima Indians Diabetes,Desvio_Padrao,perimeter2,NA
OVERSAMPLING,03-Pima Indians Diabetes,Desvio_Padrao,area2,NA
OVERSAMPLING,03-Pima Indians Diabetes,Desvio_Padrao,smoothness2,NA
OVERSAMPLING,03-Pima Indians Diabetes,Desvio_Padrao,compactness2,NA
OVERSAMPLING,03-Pima Indians Diabetes,Desvio_Padrao,concavity2,NA
OVERSAMPLING,03-Pima Indians Diabetes,Desvio_Padrao,concave_points2,NA
OVERSAMPLING,03-Pima Indians Diabetes,Desvio_Padrao,symmetry2,NA
OVERSAMPLING,03-Pima Indians Diabetes,Desvio_Padrao,fractal_dimension2,NA
OVERSAMPLING,03-Pima Indians Diabetes,Desvio_Padrao,radius3,NA
OVERSAMPLING,03-Pima Indians Diabetes,Desvio_Padrao,texture3,NA
OVERSAMPLING,03-Pima Indians Diabetes,Desvio_Padrao,perimeter3,NA
OVERSAMPLING,03-Pima Indians Diabetes,Desvio_Padrao,area3,NA
OVERSAMPLING,03-Pima Indians Diabetes,Desvio_Padrao,smoothness3,NA
OVERSAMPLING,03-Pima Indians Diabetes,Desvio_Padrao,compactness3,NA
OVERSAMPLING,03-Pima Indians Diabetes,Desvio_Padrao,concavity3,NA
OVERSAMPLING,03-Pima Indians Diabetes,Desvio_Padrao,concave_points3,NA
OVERSAMPLING,03-Pima Indians Diabetes,Desvio_Padrao,symmetry3,NA
OVERSAMPLING,03-Pima Indians Diabetes,Desvio_Padrao,fractal_dimension3,NA
OVERSAMPLING,03-Pima Indians Diabetes,Desvio_Padrao,pregnancies,3.4519292889362343
OVERSAMPLING,03-Pima Indians Diabetes,Desvio_Padrao,glucose,33.35401064378954
OVERSAMPLING,03-Pima Indians Diabetes,Desvio_Padrao,bloodpressure,20.57611760307604
OVERSAMPLING,03-Pima Indians Diabetes,Desvio_Padrao,skinthickness,15.78787433367697
OVERSAMPLING,03-Pima Indians Diabetes,Desvio_Padrao,insulin,127.41785750204093
OVERSAMPLING,03-Pima Indians Diabetes,Desvio_Padrao,bmi,8.044564921409657
OVERSAMPLING,03-Pima Indians Diabetes,Desvio_Padrao,diabetespedigreefunction,0.34685035832628325
OVERSAMPLING,03-Pima Indians Diabetes,Desvio_Padrao,age,11.48604545699869
OVERSAMPLING,03-Pima Indians Diabetes,Desvio_Padrao,attribute01,NA
OVERSAMPLING,03-Pima Indians Diabetes,Desvio_Padrao,attribute02,NA
OVERSAMPLING,03-Pima Indians Diabetes,Desvio_Padrao,attribute03,NA
OVERSAMPLING,03-Pima Indians Diabetes,Desvio_Padrao,attribute04,NA
OVERSAMPLING,03-Pima Indians Diabetes,Desvio_Padrao,attribute05,NA
OVERSAMPLING,03-Pima Indians Diabetes,Desvio_Padrao,attribute06,NA
OVERSAMPLING,03-Pima Indians Diabetes,Desvio_Padrao,attribute07,NA
OVERSAMPLING,03-Pima Indians Diabetes,Desvio_Padrao,attribute08,NA
OVERSAMPLING,03-Pima Indians Diabetes,Desvio_Padrao,attribute09,NA
OVERSAMPLING,03-Pima Indians Diabetes,Desvio_Padrao,attribute10,NA
OVERSAMPLING,03-Pima Indians Diabetes,Desvio_Padrao,attribute11,NA
OVERSAMPLING,03-Pima Indians Diabetes,Desvio_Padrao,attribute12,NA
OVERSAMPLING,03-Pima Indians Diabetes,Desvio_Padrao,attribute13,NA
OVERSAMPLING,03-Pima Indians Diabetes,Desvio_Padrao,attribute14,NA
OVERSAMPLING,03-Pima Indians Diabetes,Desvio_Padrao,attribute15,NA
OVERSAMPLING,03-Pima Indians Diabetes,Desvio_Padrao,attribute16,NA
OVERSAMPLING,03-Pima Indians Diabetes,Desvio_Padrao,attribute17,NA
OVERSAMPLING,03-Pima Indians Diabetes,Desvio_Padrao,attribute18,NA
OVERSAMPLING,03-Pima Indians Diabetes,Desvio_Padrao,attribute19,NA
OVERSAMPLING,03-Pima Indians Diabetes,Desvio_Padrao,attribute20,NA
OVERSAMPLING,03-Pima Indians Diabetes,Desvio_Padrao,attribute21,NA
OVERSAMPLING,03-Pima Indians Diabetes,Desvio_Padrao,attribute22,NA
OVERSAMPLING,03-Pima Indians Diabetes,Desvio_Padrao,attribute23,NA
OVERSAMPLING,03-Pima Indians Diabetes,Desvio_Padrao,attribute24,NA
OVERSAMPLING,03-Pima Indians Diabetes,Desvio_Padrao,attribute25,NA
OVERSAMPLING,03-Pima Indians Diabetes,Desvio_Padrao,attribute26,NA
OVERSAMPLING,03-Pima Indians Diabetes,Desvio_Padrao,attribute27,NA
OVERSAMPLING,03-Pima Indians Diabetes,Desvio_Padrao,attribute28,NA
OVERSAMPLING,03-Pima Indians Diabetes,Desvio_Padrao,attribute29,NA
OVERSAMPLING,03-Pima Indians Diabetes,Desvio_Padrao,attribute30,NA
OVERSAMPLING,03-Pima Indians Diabetes,Desvio_Padrao,attribute31,NA
OVERSAMPLING,03-Pima Indians Diabetes,Desvio_Padrao,attribute32,NA
OVERSAMPLING,03-Pima Indians Diabetes,Desvio_Padrao,attribute33,NA
OVERSAMPLING,03-Pima Indians Diabetes,Desvio_Padrao,attribute34,NA
OVERSAMPLING,03-Pima Indians Diabetes,Desvio_Padrao,aa,NA
OVERSAMPLING,03-Pima Indians Diabetes,Desvio_Padrao,ao,NA
OVERSAMPLING,03-Pima Indians Diabetes,Desvio_Padrao,dcl,NA
OVERSAMPLING,03-Pima Indians Diabetes,Desvio_Padrao,iy,NA
OVERSAMPLING,03-Pima Indians Diabetes,Desvio_Padrao,sh,NA
OVERSAMPLING,03-Pima Indians Diabetes,Desvio_Padrao,0,NA
OVERSAMPLING,03-Pima Indians Diabetes,Desvio_Padrao,1,NA
OVERSAMPLING,03-Pima Indians Diabetes,Desvio_Padrao,2,NA
OVERSAMPLING,03-Pima Indians Diabetes,Desvio_Padrao,3,NA
OVERSAMPLING,03-Pima Indians Diabetes,Desvio_Padrao,4,NA
OVERSAMPLING,03-Pima Indians Diabetes,Desvio_Padrao,5,NA
OVERSAMPLING,03-Pima Indians Diabetes,Desvio_Padrao,6,NA
OVERSAMPLING,03-Pima Indians Diabetes,Desvio_Padrao,7,NA
OVERSAMPLING,03-Pima Indians Diabetes,Desvio_Padrao,8,NA
OVERSAMPLING,03-Pima Indians Diabetes,Desvio_Padrao,9,NA
OVERSAMPLING,03-Pima Indians Diabetes,Desvio_Padrao,10,NA
OVERSAMPLING,03-Pima Indians Diabetes,Desvio_Padrao,11,NA
OVERSAMPLING,03-Pima Indians Diabetes,Desvio_Padrao,12,NA
OVERSAMPLING,03-Pima Indians Diabetes,Desvio_Padrao,13,NA
OVERSAMPLING,03-Pima Indians Diabetes,Desvio_Padrao,14,NA
OVERSAMPLING,03-Pima Indians Diabetes,Desvio_Padrao,15,NA
OVERSAMPLING,03-Pima Indians Diabetes,Desvio_Padrao,16,NA
OVERSAMPLING,03-Pima Indians Diabetes,Desvio_Padrao,17,NA
OVERSAMPLING,03-Pima Indians Diabetes,Desvio_Padrao,18,NA
OVERSAMPLING,03-Pima Indians Diabetes,Desvio_Padrao,19,NA
OVERSAMPLING,03-Pima Indians Diabetes,Desvio_Padrao,20,NA
OVERSAMPLING,03-Pima Indians Diabetes,Desvio_Padrao,21,NA
OVERSAMPLING,03-Pima Indians Diabetes,Desvio_Padrao,22,NA
OVERSAMPLING,03-Pima Indians Diabetes,Desvio_Padrao,23,NA
OVERSAMPLING,03-Pima Indians Diabetes,Desvio_Padrao,24,NA
OVERSAMPLING,03-Pima Indians Diabetes,Desvio_Padrao,25,NA
OVERSAMPLING,03-Pima Indians Diabetes,Desvio_Padrao,26,NA
OVERSAMPLING,03-Pima Indians Diabetes,Desvio_Padrao,27,NA
OVERSAMPLING,03-Pima Indians Diabetes,Desvio_Padrao,28,NA
OVERSAMPLING,03-Pima Indians Diabetes,Desvio_Padrao,29,NA
OVERSAMPLING,03-Pima Indians Diabetes,Desvio_Padrao,30,NA
OVERSAMPLING,03-Pima Indians Diabetes,Desvio_Padrao,31,NA
OVERSAMPLING,03-Pima Indians Diabetes,Desvio_Padrao,32,NA
OVERSAMPLING,03-Pima Indians Diabetes,Desvio_Padrao,33,NA
OVERSAMPLING,03-Pima Indians Diabetes,Desvio_Padrao,34,NA
OVERSAMPLING,03-Pima Indians Diabetes,Desvio_Padrao,35,NA
OVERSAMPLING,03-Pima Indians Diabetes,Desvio_Padrao,36,NA
OVERSAMPLING,03-Pima Indians Diabetes,Desvio_Padrao,37,NA
OVERSAMPLING,03-Pima Indians Diabetes,Desvio_Padrao,38,NA
OVERSAMPLING,03-Pima Indians Diabetes,Desvio_Padrao,39,NA
OVERSAMPLING,03-Pima Indians Diabetes,Desvio_Padrao,40,NA
OVERSAMPLING,03-Pima Indians Diabetes,Desvio_Padrao,41,NA
OVERSAMPLING,03-Pima Indians Diabetes,Desvio_Padrao,42,NA
OVERSAMPLING,03-Pima Indians Diabetes,Desvio_Padrao,43,NA
OVERSAMPLING,03-Pima Indians Diabetes,Desvio_Padrao,44,NA
OVERSAMPLING,03-Pima Indians Diabetes,Desvio_Padrao,45,NA
OVERSAMPLING,03-Pima Indians Diabetes,Desvio_Padrao,46,NA
OVERSAMPLING,03-Pima Indians Diabetes,Desvio_Padrao,48,NA
OVERSAMPLING,03-Pima Indians Diabetes,Desvio_Padrao,49,NA
OVERSAMPLING,03-Pima Indians Diabetes,Minimo,time,NA
OVERSAMPLING,03-Pima Indians Diabetes,Minimo,v1,NA
OVERSAMPLING,03-Pima Indians Diabetes,Minimo,v2,NA
OVERSAMPLING,03-Pima Indians Diabetes,Minimo,v3,NA
OVERSAMPLING,03-Pima Indians Diabetes,Minimo,v4,NA
OVERSAMPLING,03-Pima Indians Diabetes,Minimo,v5,NA
OVERSAMPLING,03-Pima Indians Diabetes,Minimo,v6,NA
OVERSAMPLING,03-Pima Indians Diabetes,Minimo,v7,NA
OVERSAMPLING,03-Pima Indians Diabetes,Minimo,v8,NA
OVERSAMPLING,03-Pima Indians Diabetes,Minimo,v9,NA
OVERSAMPLING,03-Pima Indians Diabetes,Minimo,v10,NA
OVERSAMPLING,03-Pima Indians Diabetes,Minimo,v11,NA
OVERSAMPLING,03-Pima Indians Diabetes,Minimo,v12,NA
OVERSAMPLING,03-Pima Indians Diabetes,Minimo,v13,NA
OVERSAMPLING,03-Pima Indians Diabetes,Minimo,v14,NA
OVERSAMPLING,03-Pima Indians Diabetes,Minimo,v15,NA
OVERSAMPLING,03-Pima Indians Diabetes,Minimo,v16,NA
OVERSAMPLING,03-Pima Indians Diabetes,Minimo,v17,NA
OVERSAMPLING,03-Pima Indians Diabetes,Minimo,v18,NA
OVERSAMPLING,03-Pima Indians Diabetes,Minimo,v19,NA
OVERSAMPLING,03-Pima Indians Diabetes,Minimo,v20,NA
OVERSAMPLING,03-Pima Indians Diabetes,Minimo,v21,NA
OVERSAMPLING,03-Pima Indians Diabetes,Minimo,v22,NA
OVERSAMPLING,03-Pima Indians Diabetes,Minimo,v23,NA
OVERSAMPLING,03-Pima Indians Diabetes,Minimo,v24,NA
OVERSAMPLING,03-Pima Indians Diabetes,Minimo,v25,NA
OVERSAMPLING,03-Pima Indians Diabetes,Minimo,v26,NA
OVERSAMPLING,03-Pima Indians Diabetes,Minimo,v27,NA
OVERSAMPLING,03-Pima Indians Diabetes,Minimo,v28,NA
OVERSAMPLING,03-Pima Indians Diabetes,Minimo,amount,NA
OVERSAMPLING,03-Pima Indians Diabetes,Minimo,radius1,NA
OVERSAMPLING,03-Pima Indians Diabetes,Minimo,texture1,NA
OVERSAMPLING,03-Pima Indians Diabetes,Minimo,perimeter1,NA
OVERSAMPLING,03-Pima Indians Diabetes,Minimo,area1,NA
OVERSAMPLING,03-Pima Indians Diabetes,Minimo,smoothness1,NA
OVERSAMPLING,03-Pima Indians Diabetes,Minimo,compactness1,NA
OVERSAMPLING,03-Pima Indians Diabetes,Minimo,concavity1,NA
OVERSAMPLING,03-Pima Indians Diabetes,Minimo,concave_points1,NA
OVERSAMPLING,03-Pima Indians Diabetes,Minimo,symmetry1,NA
OVERSAMPLING,03-Pima Indians Diabetes,Minimo,fractal_dimension1,NA
OVERSAMPLING,03-Pima Indians Diabetes,Minimo,radius2,NA
OVERSAMPLING,03-Pima Indians Diabetes,Minimo,texture2,NA
OVERSAMPLING,03-Pima Indians Diabetes,Minimo,perimeter2,NA
OVERSAMPLING,03-Pima Indians Diabetes,Minimo,area2,NA
OVERSAMPLING,03-Pima Indians Diabetes,Minimo,smoothness2,NA
OVERSAMPLING,03-Pima Indians Diabetes,Minimo,compactness2,NA
OVERSAMPLING,03-Pima Indians Diabetes,Minimo,concavity2,NA
OVERSAMPLING,03-Pima Indians Diabetes,Minimo,concave_points2,NA
OVERSAMPLING,03-Pima Indians Diabetes,Minimo,symmetry2,NA
OVERSAMPLING,03-Pima Indians Diabetes,Minimo,fractal_dimension2,NA
OVERSAMPLING,03-Pima Indians Diabetes,Minimo,radius3,NA
OVERSAMPLING,03-Pima Indians Diabetes,Minimo,texture3,NA
OVERSAMPLING,03-Pima Indians Diabetes,Minimo,perimeter3,NA
OVERSAMPLING,03-Pima Indians Diabetes,Minimo,area3,NA
OVERSAMPLING,03-Pima Indians Diabetes,Minimo,smoothness3,NA
OVERSAMPLING,03-Pima Indians Diabetes,Minimo,compactness3,NA
OVERSAMPLING,03-Pima Indians Diabetes,Minimo,concavity3,NA
OVERSAMPLING,03-Pima Indians Diabetes,Minimo,concave_points3,NA
OVERSAMPLING,03-Pima Indians Diabetes,Minimo,symmetry3,NA
OVERSAMPLING,03-Pima Indians Diabetes,Minimo,fractal_dimension3,NA
OVERSAMPLING,03-Pima Indians Diabetes,Minimo,pregnancies,0
OVERSAMPLING,03-Pima Indians Diabetes,Minimo,glucose,0
OVERSAMPLING,03-Pima Indians Diabetes,Minimo,bloodpressure,0
OVERSAMPLING,03-Pima Indians Diabetes,Minimo,skinthickness,0
OVERSAMPLING,03-Pima Indians Diabetes,Minimo,insulin,0
OVERSAMPLING,03-Pima Indians Diabetes,Minimo,bmi,0
OVERSAMPLING,03-Pima Indians Diabetes,Minimo,diabetespedigreefunction,0.078
OVERSAMPLING,03-Pima Indians Diabetes,Minimo,age,21
OVERSAMPLING,03-Pima Indians Diabetes,Minimo,attribute01,NA
OVERSAMPLING,03-Pima Indians Diabetes,Minimo,attribute02,NA
OVERSAMPLING,03-Pima Indians Diabetes,Minimo,attribute03,NA
OVERSAMPLING,03-Pima Indians Diabetes,Minimo,attribute04,NA
OVERSAMPLING,03-Pima Indians Diabetes,Minimo,attribute05,NA
OVERSAMPLING,03-Pima Indians Diabetes,Minimo,attribute06,NA
OVERSAMPLING,03-Pima Indians Diabetes,Minimo,attribute07,NA
OVERSAMPLING,03-Pima Indians Diabetes,Minimo,attribute08,NA
OVERSAMPLING,03-Pima Indians Diabetes,Minimo,attribute09,NA
OVERSAMPLING,03-Pima Indians Diabetes,Minimo,attribute10,NA
OVERSAMPLING,03-Pima Indians Diabetes,Minimo,attribute11,NA
OVERSAMPLING,03-Pima Indians Diabetes,Minimo,attribute12,NA
OVERSAMPLING,03-Pima Indians Diabetes,Minimo,attribute13,NA
OVERSAMPLING,03-Pima Indians Diabetes,Minimo,attribute14,NA
OVERSAMPLING,03-Pima Indians Diabetes,Minimo,attribute15,NA
OVERSAMPLING,03-Pima Indians Diabetes,Minimo,attribute16,NA
OVERSAMPLING,03-Pima Indians Diabetes,Minimo,attribute17,NA
OVERSAMPLING,03-Pima Indians Diabetes,Minimo,attribute18,NA
OVERSAMPLING,03-Pima Indians Diabetes,Minimo,attribute19,NA
OVERSAMPLING,03-Pima Indians Diabetes,Minimo,attribute20,NA
OVERSAMPLING,03-Pima Indians Diabetes,Minimo,attribute21,NA
OVERSAMPLING,03-Pima Indians Diabetes,Minimo,attribute22,NA
OVERSAMPLING,03-Pima Indians Diabetes,Minimo,attribute23,NA
OVERSAMPLING,03-Pima Indians Diabetes,Minimo,attribute24,NA
OVERSAMPLING,03-Pima Indians Diabetes,Minimo,attribute25,NA
OVERSAMPLING,03-Pima Indians Diabetes,Minimo,attribute26,NA
OVERSAMPLING,03-Pima Indians Diabetes,Minimo,attribute27,NA
OVERSAMPLING,03-Pima Indians Diabetes,Minimo,attribute28,NA
OVERSAMPLING,03-Pima Indians Diabetes,Minimo,attribute29,NA
OVERSAMPLING,03-Pima Indians Diabetes,Minimo,attribute30,NA
OVERSAMPLING,03-Pima Indians Diabetes,Minimo,attribute31,NA
OVERSAMPLING,03-Pima Indians Diabetes,Minimo,attribute32,NA
OVERSAMPLING,03-Pima Indians Diabetes,Minimo,attribute33,NA
OVERSAMPLING,03-Pima Indians Diabetes,Minimo,attribute34,NA
OVERSAMPLING,03-Pima Indians Diabetes,Minimo,aa,NA
OVERSAMPLING,03-Pima Indians Diabetes,Minimo,ao,NA
OVERSAMPLING,03-Pima Indians Diabetes,Minimo,dcl,NA
OVERSAMPLING,03-Pima Indians Diabetes,Minimo,iy,NA
OVERSAMPLING,03-Pima Indians Diabetes,Minimo,sh,NA
OVERSAMPLING,03-Pima Indians Diabetes,Minimo,0,NA
OVERSAMPLING,03-Pima Indians Diabetes,Minimo,1,NA
OVERSAMPLING,03-Pima Indians Diabetes,Minimo,2,NA
OVERSAMPLING,03-Pima Indians Diabetes,Minimo,3,NA
OVERSAMPLING,03-Pima Indians Diabetes,Minimo,4,NA
OVERSAMPLING,03-Pima Indians Diabetes,Minimo,5,NA
OVERSAMPLING,03-Pima Indians Diabetes,Minimo,6,NA
OVERSAMPLING,03-Pima Indians Diabetes,Minimo,7,NA
OVERSAMPLING,03-Pima Indians Diabetes,Minimo,8,NA
OVERSAMPLING,03-Pima Indians Diabetes,Minimo,9,NA
OVERSAMPLING,03-Pima Indians Diabetes,Minimo,10,NA
OVERSAMPLING,03-Pima Indians Diabetes,Minimo,11,NA
OVERSAMPLING,03-Pima Indians Diabetes,Minimo,12,NA
OVERSAMPLING,03-Pima Indians Diabetes,Minimo,13,NA
OVERSAMPLING,03-Pima Indians Diabetes,Minimo,14,NA
OVERSAMPLING,03-Pima Indians Diabetes,Minimo,15,NA
OVERSAMPLING,03-Pima Indians Diabetes,Minimo,16,NA
OVERSAMPLING,03-Pima Indians Diabetes,Minimo,17,NA
OVERSAMPLING,03-Pima Indians Diabetes,Minimo,18,NA
OVERSAMPLING,03-Pima Indians Diabetes,Minimo,19,NA
OVERSAMPLING,03-Pima Indians Diabetes,Minimo,20,NA
OVERSAMPLING,03-Pima Indians Diabetes,Minimo,21,NA
OVERSAMPLING,03-Pima Indians Diabetes,Minimo,22,NA
OVERSAMPLING,03-Pima Indians Diabetes,Minimo,23,NA
OVERSAMPLING,03-Pima Indians Diabetes,Minimo,24,NA
OVERSAMPLING,03-Pima Indians Diabetes,Minimo,25,NA
OVERSAMPLING,03-Pima Indians Diabetes,Minimo,26,NA
OVERSAMPLING,03-Pima Indians Diabetes,Minimo,27,NA
OVERSAMPLING,03-Pima Indians Diabetes,Minimo,28,NA
OVERSAMPLING,03-Pima Indians Diabetes,Minimo,29,NA
OVERSAMPLING,03-Pima Indians Diabetes,Minimo,30,NA
OVERSAMPLING,03-Pima Indians Diabetes,Minimo,31,NA
OVERSAMPLING,03-Pima Indians Diabetes,Minimo,32,NA
OVERSAMPLING,03-Pima Indians Diabetes,Minimo,33,NA
OVERSAMPLING,03-Pima Indians Diabetes,Minimo,34,NA
OVERSAMPLING,03-Pima Indians Diabetes,Minimo,35,NA
OVERSAMPLING,03-Pima Indians Diabetes,Minimo,36,NA
OVERSAMPLING,03-Pima Indians Diabetes,Minimo,37,NA
OVERSAMPLING,03-Pima Indians Diabetes,Minimo,38,NA
OVERSAMPLING,03-Pima Indians Diabetes,Minimo,39,NA
OVERSAMPLING,03-Pima Indians Diabetes,Minimo,40,NA
OVERSAMPLING,03-Pima Indians Diabetes,Minimo,41,NA
OVERSAMPLING,03-Pima Indians Diabetes,Minimo,42,NA
OVERSAMPLING,03-Pima Indians Diabetes,Minimo,43,NA
OVERSAMPLING,03-Pima Indians Diabetes,Minimo,44,NA
OVERSAMPLING,03-Pima Indians Diabetes,Minimo,45,NA
OVERSAMPLING,03-Pima Indians Diabetes,Minimo,46,NA
OVERSAMPLING,03-Pima Indians Diabetes,Minimo,48,NA
OVERSAMPLING,03-Pima Indians Diabetes,Minimo,49,NA
OVERSAMPLING,03-Pima Indians Diabetes,Maximo,time,NA
OVERSAMPLING,03-Pima Indians Diabetes,Maximo,v1,NA
OVERSAMPLING,03-Pima Indians Diabetes,Maximo,v2,NA
OVERSAMPLING,03-Pima Indians Diabetes,Maximo,v3,NA
OVERSAMPLING,03-Pima Indians Diabetes,Maximo,v4,NA
OVERSAMPLING,03-Pima Indians Diabetes,Maximo,v5,NA
OVERSAMPLING,03-Pima Indians Diabetes,Maximo,v6,NA
OVERSAMPLING,03-Pima Indians Diabetes,Maximo,v7,NA
OVERSAMPLING,03-Pima Indians Diabetes,Maximo,v8,NA
OVERSAMPLING,03-Pima Indians Diabetes,Maximo,v9,NA
OVERSAMPLING,03-Pima Indians Diabetes,Maximo,v10,NA
OVERSAMPLING,03-Pima Indians Diabetes,Maximo,v11,NA
OVERSAMPLING,03-Pima Indians Diabetes,Maximo,v12,NA
OVERSAMPLING,03-Pima Indians Diabetes,Maximo,v13,NA
OVERSAMPLING,03-Pima Indians Diabetes,Maximo,v14,NA
OVERSAMPLING,03-Pima Indians Diabetes,Maximo,v15,NA
OVERSAMPLING,03-Pima Indians Diabetes,Maximo,v16,NA
OVERSAMPLING,03-Pima Indians Diabetes,Maximo,v17,NA
OVERSAMPLING,03-Pima Indians Diabetes,Maximo,v18,NA
OVERSAMPLING,03-Pima Indians Diabetes,Maximo,v19,NA
OVERSAMPLING,03-Pima Indians Diabetes,Maximo,v20,NA
OVERSAMPLING,03-Pima Indians Diabetes,Maximo,v21,NA
OVERSAMPLING,03-Pima Indians Diabetes,Maximo,v22,NA
OVERSAMPLING,03-Pima Indians Diabetes,Maximo,v23,NA
OVERSAMPLING,03-Pima Indians Diabetes,Maximo,v24,NA
OVERSAMPLING,03-Pima Indians Diabetes,Maximo,v25,NA
OVERSAMPLING,03-Pima Indians Diabetes,Maximo,v26,NA
OVERSAMPLING,03-Pima Indians Diabetes,Maximo,v27,NA
OVERSAMPLING,03-Pima Indians Diabetes,Maximo,v28,NA
OVERSAMPLING,03-Pima Indians Diabetes,Maximo,amount,NA
OVERSAMPLING,03-Pima Indians Diabetes,Maximo,radius1,NA
OVERSAMPLING,03-Pima Indians Diabetes,Maximo,texture1,NA
OVERSAMPLING,03-Pima Indians Diabetes,Maximo,perimeter1,NA
OVERSAMPLING,03-Pima Indians Diabetes,Maximo,area1,NA
OVERSAMPLING,03-Pima Indians Diabetes,Maximo,smoothness1,NA
OVERSAMPLING,03-Pima Indians Diabetes,Maximo,compactness1,NA
OVERSAMPLING,03-Pima Indians Diabetes,Maximo,concavity1,NA
OVERSAMPLING,03-Pima Indians Diabetes,Maximo,concave_points1,NA
OVERSAMPLING,03-Pima Indians Diabetes,Maximo,symmetry1,NA
OVERSAMPLING,03-Pima Indians Diabetes,Maximo,fractal_dimension1,NA
OVERSAMPLING,03-Pima Indians Diabetes,Maximo,radius2,NA
OVERSAMPLING,03-Pima Indians Diabetes,Maximo,texture2,NA
OVERSAMPLING,03-Pima Indians Diabetes,Maximo,perimeter2,NA
OVERSAMPLING,03-Pima Indians Diabetes,Maximo,area2,NA
OVERSAMPLING,03-Pima Indians Diabetes,Maximo,smoothness2,NA
OVERSAMPLING,03-Pima Indians Diabetes,Maximo,compactness2,NA
OVERSAMPLING,03-Pima Indians Diabetes,Maximo,concavity2,NA
OVERSAMPLING,03-Pima Indians Diabetes,Maximo,concave_points2,NA
OVERSAMPLING,03-Pima Indians Diabetes,Maximo,symmetry2,NA
OVERSAMPLING,03-Pima Indians Diabetes,Maximo,fractal_dimension2,NA
OVERSAMPLING,03-Pima Indians Diabetes,Maximo,radius3,NA
OVERSAMPLING,03-Pima Indians Diabetes,Maximo,texture3,NA
OVERSAMPLING,03-Pima Indians Diabetes,Maximo,perimeter3,NA
OVERSAMPLING,03-Pima Indians Diabetes,Maximo,area3,NA
OVERSAMPLING,03-Pima Indians Diabetes,Maximo,smoothness3,NA
OVERSAMPLING,03-Pima Indians Diabetes,Maximo,compactness3,NA
OVERSAMPLING,03-Pima Indians Diabetes,Maximo,concavity3,NA
OVERSAMPLING,03-Pima Indians Diabetes,Maximo,concave_points3,NA
OVERSAMPLING,03-Pima Indians Diabetes,Maximo,symmetry3,NA
OVERSAMPLING,03-Pima Indians Diabetes,Maximo,fractal_dimension3,NA
OVERSAMPLING,03-Pima Indians Diabetes,Maximo,pregnancies,17
OVERSAMPLING,03-Pima Indians Diabetes,Maximo,glucose,199
OVERSAMPLING,03-Pima Indians Diabetes,Maximo,bloodpressure,110
OVERSAMPLING,03-Pima Indians Diabetes,Maximo,skinthickness,63
OVERSAMPLING,03-Pima Indians Diabetes,Maximo,insulin,846
OVERSAMPLING,03-Pima Indians Diabetes,Maximo,bmi,67.1
OVERSAMPLING,03-Pima Indians Diabetes,Maximo,diabetespedigreefunction,2.42
OVERSAMPLING,03-Pima Indians Diabetes,Maximo,age,72
OVERSAMPLING,03-Pima Indians Diabetes,Maximo,attribute01,NA
OVERSAMPLING,03-Pima Indians Diabetes,Maximo,attribute02,NA
OVERSAMPLING,03-Pima Indians Diabetes,Maximo,attribute03,NA
OVERSAMPLING,03-Pima Indians Diabetes,Maximo,attribute04,NA
OVERSAMPLING,03-Pima Indians Diabetes,Maximo,attribute05,NA
OVERSAMPLING,03-Pima Indians Diabetes,Maximo,attribute06,NA
OVERSAMPLING,03-Pima Indians Diabetes,Maximo,attribute07,NA
OVERSAMPLING,03-Pima Indians Diabetes,Maximo,attribute08,NA
OVERSAMPLING,03-Pima Indians Diabetes,Maximo,attribute09,NA
OVERSAMPLING,03-Pima Indians Diabetes,Maximo,attribute10,NA
OVERSAMPLING,03-Pima Indians Diabetes,Maximo,attribute11,NA
OVERSAMPLING,03-Pima Indians Diabetes,Maximo,attribute12,NA
OVERSAMPLING,03-Pima Indians Diabetes,Maximo,attribute13,NA
OVERSAMPLING,03-Pima Indians Diabetes,Maximo,attribute14,NA
OVERSAMPLING,03-Pima Indians Diabetes,Maximo,attribute15,NA
OVERSAMPLING,03-Pima Indians Diabetes,Maximo,attribute16,NA
OVERSAMPLING,03-Pima Indians Diabetes,Maximo,attribute17,NA
OVERSAMPLING,03-Pima Indians Diabetes,Maximo,attribute18,NA
OVERSAMPLING,03-Pima Indians Diabetes,Maximo,attribute19,NA
OVERSAMPLING,03-Pima Indians Diabetes,Maximo,attribute20,NA
OVERSAMPLING,03-Pima Indians Diabetes,Maximo,attribute21,NA
OVERSAMPLING,03-Pima Indians Diabetes,Maximo,attribute22,NA
OVERSAMPLING,03-Pima Indians Diabetes,Maximo,attribute23,NA
OVERSAMPLING,03-Pima Indians Diabetes,Maximo,attribute24,NA
OVERSAMPLING,03-Pima Indians Diabetes,Maximo,attribute25,NA
OVERSAMPLING,03-Pima Indians Diabetes,Maximo,attribute26,NA
OVERSAMPLING,03-Pima Indians Diabetes,Maximo,attribute27,NA
OVERSAMPLING,03-Pima Indians Diabetes,Maximo,attribute28,NA
OVERSAMPLING,03-Pima Indians Diabetes,Maximo,attribute29,NA
OVERSAMPLING,03-Pima Indians Diabetes,Maximo,attribute30,NA
OVERSAMPLING,03-Pima Indians Diabetes,Maximo,attribute31,NA
OVERSAMPLING,03-Pima Indians Diabetes,Maximo,attribute32,NA
OVERSAMPLING,03-Pima Indians Diabetes,Maximo,attribute33,NA
OVERSAMPLING,03-Pima Indians Diabetes,Maximo,attribute34,NA
OVERSAMPLING,03-Pima Indians Diabetes,Maximo,aa,NA
OVERSAMPLING,03-Pima Indians Diabetes,Maximo,ao,NA
OVERSAMPLING,03-Pima Indians Diabetes,Maximo,dcl,NA
OVERSAMPLING,03-Pima Indians Diabetes,Maximo,iy,NA
OVERSAMPLING,03-Pima Indians Diabetes,Maximo,sh,NA
OVERSAMPLING,03-Pima Indians Diabetes,Maximo,0,NA
OVERSAMPLING,03-Pima Indians Diabetes,Maximo,1,NA
OVERSAMPLING,03-Pima Indians Diabetes,Maximo,2,NA
OVERSAMPLING,03-Pima Indians Diabetes,Maximo,3,NA
OVERSAMPLING,03-Pima Indians Diabetes,Maximo,4,NA
OVERSAMPLING,03-Pima Indians Diabetes,Maximo,5,NA
OVERSAMPLING,03-Pima Indians Diabetes,Maximo,6,NA
OVERSAMPLING,03-Pima Indians Diabetes,Maximo,7,NA
OVERSAMPLING,03-Pima Indians Diabetes,Maximo,8,NA
OVERSAMPLING,03-Pima Indians Diabetes,Maximo,9,NA
OVERSAMPLING,03-Pima Indians Diabetes,Maximo,10,NA
OVERSAMPLING,03-Pima Indians Diabetes,Maximo,11,NA
OVERSAMPLING,03-Pima Indians Diabetes,Maximo,12,NA
OVERSAMPLING,03-Pima Indians Diabetes,Maximo,13,NA
OVERSAMPLING,03-Pima Indians Diabetes,Maximo,14,NA
OVERSAMPLING,03-Pima Indians Diabetes,Maximo,15,NA
OVERSAMPLING,03-Pima Indians Diabetes,Maximo,16,NA
OVERSAMPLING,03-Pima Indians Diabetes,Maximo,17,NA
OVERSAMPLING,03-Pima Indians Diabetes,Maximo,18,NA
OVERSAMPLING,03-Pima Indians Diabetes,Maximo,19,NA
OVERSAMPLING,03-Pima Indians Diabetes,Maximo,20,NA
OVERSAMPLING,03-Pima Indians Diabetes,Maximo,21,NA
OVERSAMPLING,03-Pima Indians Diabetes,Maximo,22,NA
OVERSAMPLING,03-Pima Indians Diabetes,Maximo,23,NA
OVERSAMPLING,03-Pima Indians Diabetes,Maximo,24,NA
OVERSAMPLING,03-Pima Indians Diabetes,Maximo,25,NA
OVERSAMPLING,03-Pima Indians Diabetes,Maximo,26,NA
OVERSAMPLING,03-Pima Indians Diabetes,Maximo,27,NA
OVERSAMPLING,03-Pima Indians Diabetes,Maximo,28,NA
OVERSAMPLING,03-Pima Indians Diabetes,Maximo,29,NA
OVERSAMPLING,03-Pima Indians Diabetes,Maximo,30,NA
OVERSAMPLING,03-Pima Indians Diabetes,Maximo,31,NA
OVERSAMPLING,03-Pima Indians Diabetes,Maximo,32,NA
OVERSAMPLING,03-Pima Indians Diabetes,Maximo,33,NA
OVERSAMPLING,03-Pima Indians Diabetes,Maximo,34,NA
OVERSAMPLING,03-Pima Indians Diabetes,Maximo,35,NA
OVERSAMPLING,03-Pima Indians Diabetes,Maximo,36,NA
OVERSAMPLING,03-Pima Indians Diabetes,Maximo,37,NA
OVERSAMPLING,03-Pima Indians Diabetes,Maximo,38,NA
OVERSAMPLING,03-Pima Indians Diabetes,Maximo,39,NA
OVERSAMPLING,03-Pima Indians Diabetes,Maximo,40,NA
OVERSAMPLING,03-Pima Indians Diabetes,Maximo,41,NA
OVERSAMPLING,03-Pima Indians Diabetes,Maximo,42,NA
OVERSAMPLING,03-Pima Indians Diabetes,Maximo,43,NA
OVERSAMPLING,03-Pima Indians Diabetes,Maximo,44,NA
OVERSAMPLING,03-Pima Indians Diabetes,Maximo,45,NA
OVERSAMPLING,03-Pima Indians Diabetes,Maximo,46,NA
OVERSAMPLING,03-Pima Indians Diabetes,Maximo,48,NA
OVERSAMPLING,03-Pima Indians Diabetes,Maximo,49,NA
OVERSAMPLING,04-Ionosphere,Media,time,NA
OVERSAMPLING,04-Ionosphere,Media,v1,NA
OVERSAMPLING,04-Ionosphere,Media,v2,NA
OVERSAMPLING,04-Ionosphere,Media,v3,NA
OVERSAMPLING,04-Ionosphere,Media,v4,NA
OVERSAMPLING,04-Ionosphere,Media,v5,NA
OVERSAMPLING,04-Ionosphere,Media,v6,NA
OVERSAMPLING,04-Ionosphere,Media,v7,NA
OVERSAMPLING,04-Ionosphere,Media,v8,NA
OVERSAMPLING,04-Ionosphere,Media,v9,NA
OVERSAMPLING,04-Ionosphere,Media,v10,NA
OVERSAMPLING,04-Ionosphere,Media,v11,NA
OVERSAMPLING,04-Ionosphere,Media,v12,NA
OVERSAMPLING,04-Ionosphere,Media,v13,NA
OVERSAMPLING,04-Ionosphere,Media,v14,NA
OVERSAMPLING,04-Ionosphere,Media,v15,NA
OVERSAMPLING,04-Ionosphere,Media,v16,NA
OVERSAMPLING,04-Ionosphere,Media,v17,NA
OVERSAMPLING,04-Ionosphere,Media,v18,NA
OVERSAMPLING,04-Ionosphere,Media,v19,NA
OVERSAMPLING,04-Ionosphere,Media,v20,NA
OVERSAMPLING,04-Ionosphere,Media,v21,NA
OVERSAMPLING,04-Ionosphere,Media,v22,NA
OVERSAMPLING,04-Ionosphere,Media,v23,NA
OVERSAMPLING,04-Ionosphere,Media,v24,NA
OVERSAMPLING,04-Ionosphere,Media,v25,NA
OVERSAMPLING,04-Ionosphere,Media,v26,NA
OVERSAMPLING,04-Ionosphere,Media,v27,NA
OVERSAMPLING,04-Ionosphere,Media,v28,NA
OVERSAMPLING,04-Ionosphere,Media,amount,NA
OVERSAMPLING,04-Ionosphere,Media,radius1,NA
OVERSAMPLING,04-Ionosphere,Media,texture1,NA
OVERSAMPLING,04-Ionosphere,Media,perimeter1,NA
OVERSAMPLING,04-Ionosphere,Media,area1,NA
OVERSAMPLING,04-Ionosphere,Media,smoothness1,NA
OVERSAMPLING,04-Ionosphere,Media,compactness1,NA
OVERSAMPLING,04-Ionosphere,Media,concavity1,NA
OVERSAMPLING,04-Ionosphere,Media,concave_points1,NA
OVERSAMPLING,04-Ionosphere,Media,symmetry1,NA
OVERSAMPLING,04-Ionosphere,Media,fractal_dimension1,NA
OVERSAMPLING,04-Ionosphere,Media,radius2,NA
OVERSAMPLING,04-Ionosphere,Media,texture2,NA
OVERSAMPLING,04-Ionosphere,Media,perimeter2,NA
OVERSAMPLING,04-Ionosphere,Media,area2,NA
OVERSAMPLING,04-Ionosphere,Media,smoothness2,NA
OVERSAMPLING,04-Ionosphere,Media,compactness2,NA
OVERSAMPLING,04-Ionosphere,Media,concavity2,NA
OVERSAMPLING,04-Ionosphere,Media,concave_points2,NA
OVERSAMPLING,04-Ionosphere,Media,symmetry2,NA
OVERSAMPLING,04-Ionosphere,Media,fractal_dimension2,NA
OVERSAMPLING,04-Ionosphere,Media,radius3,NA
OVERSAMPLING,04-Ionosphere,Media,texture3,NA
OVERSAMPLING,04-Ionosphere,Media,perimeter3,NA
OVERSAMPLING,04-Ionosphere,Media,area3,NA
OVERSAMPLING,04-Ionosphere,Media,smoothness3,NA
OVERSAMPLING,04-Ionosphere,Media,compactness3,NA
OVERSAMPLING,04-Ionosphere,Media,concavity3,NA
OVERSAMPLING,04-Ionosphere,Media,concave_points3,NA
OVERSAMPLING,04-Ionosphere,Media,symmetry3,NA
OVERSAMPLING,04-Ionosphere,Media,fractal_dimension3,NA
OVERSAMPLING,04-Ionosphere,Media,pregnancies,NA
OVERSAMPLING,04-Ionosphere,Media,glucose,NA
OVERSAMPLING,04-Ionosphere,Media,bloodpressure,NA
OVERSAMPLING,04-Ionosphere,Media,skinthickness,NA
OVERSAMPLING,04-Ionosphere,Media,insulin,NA
OVERSAMPLING,04-Ionosphere,Media,bmi,NA
OVERSAMPLING,04-Ionosphere,Media,diabetespedigreefunction,NA
OVERSAMPLING,04-Ionosphere,Media,age,NA
OVERSAMPLING,04-Ionosphere,Media,attribute01,0.8705357142857143
OVERSAMPLING,04-Ionosphere,Media,attribute02,0
OVERSAMPLING,04-Ionosphere,Media,attribute03,0.58645515625
OVERSAMPLING,04-Ionosphere,Media,attribute04,0.036550535714285716
OVERSAMPLING,04-Ionosphere,Media,attribute05,0.5317065401785714
OVERSAMPLING,04-Ionosphere,Media,attribute06,0.13868323660714285
OVERSAMPLING,04-Ionosphere,Media,attribute07,0.48511520089285715
OVERSAMPLING,04-Ionosphere,Media,attribute08,0.11761167410714286
OVERSAMPLING,04-Ionosphere,Media,attribute09,0.47282495535714286
OVERSAMPLING,04-Ionosphere,Media,attribute10,0.19216254464285715
OVERSAMPLING,04-Ionosphere,Media,attribute11,0.4503738169642857
OVERSAMPLING,04-Ionosphere,Media,attribute12,0.13224426339285714
OVERSAMPLING,04-Ionosphere,Media,attribute13,0.34833189732142855
OVERSAMPLING,04-Ionosphere,Media,attribute14,0.058000357142857145
OVERSAMPLING,04-Ionosphere,Media,attribute15,0.2570115401785714
OVERSAMPLING,04-Ionosphere,Media,attribute16,0.03190357142857143
OVERSAMPLING,04-Ionosphere,Media,attribute17,0.38417147321428574
OVERSAMPLING,04-Ionosphere,Media,attribute18,-0.0217765625
OVERSAMPLING,04-Ionosphere,Media,attribute19,0.3592379017857143
OVERSAMPLING,04-Ionosphere,Media,attribute20,-0.03192395089285714
OVERSAMPLING,04-Ionosphere,Media,attribute21,0.2945585044642857
OVERSAMPLING,04-Ionosphere,Media,attribute22,0.04897611607142857
OVERSAMPLING,04-Ionosphere,Media,attribute23,0.33833158482142855
OVERSAMPLING,04-Ionosphere,Media,attribute24,-0.05165529017857143
OVERSAMPLING,04-Ionosphere,Media,attribute25,0.3927896205357143
OVERSAMPLING,04-Ionosphere,Media,attribute26,-0.053526450892857146
OVERSAMPLING,04-Ionosphere,Media,attribute27,0.5734537053571429
OVERSAMPLING,04-Ionosphere,Media,attribute28,-0.04310636160714286
OVERSAMPLING,04-Ionosphere,Media,attribute29,0.35764714285714283
OVERSAMPLING,04-Ionosphere,Media,attribute30,-4.3975446428571463e-4
OVERSAMPLING,04-Ionosphere,Media,attribute31,0.2931003125
OVERSAMPLING,04-Ionosphere,Media,attribute32,0.07293504464285715
OVERSAMPLING,04-Ionosphere,Media,attribute33,0.31056808035714284
OVERSAMPLING,04-Ionosphere,Media,attribute34,0.07850457589285714
OVERSAMPLING,04-Ionosphere,Media,aa,NA
OVERSAMPLING,04-Ionosphere,Media,ao,NA
OVERSAMPLING,04-Ionosphere,Media,dcl,NA
OVERSAMPLING,04-Ionosphere,Media,iy,NA
OVERSAMPLING,04-Ionosphere,Media,sh,NA
OVERSAMPLING,04-Ionosphere,Media,0,NA
OVERSAMPLING,04-Ionosphere,Media,1,NA
OVERSAMPLING,04-Ionosphere,Media,2,NA
OVERSAMPLING,04-Ionosphere,Media,3,NA
OVERSAMPLING,04-Ionosphere,Media,4,NA
OVERSAMPLING,04-Ionosphere,Media,5,NA
OVERSAMPLING,04-Ionosphere,Media,6,NA
OVERSAMPLING,04-Ionosphere,Media,7,NA
OVERSAMPLING,04-Ionosphere,Media,8,NA
OVERSAMPLING,04-Ionosphere,Media,9,NA
OVERSAMPLING,04-Ionosphere,Media,10,NA
OVERSAMPLING,04-Ionosphere,Media,11,NA
OVERSAMPLING,04-Ionosphere,Media,12,NA
OVERSAMPLING,04-Ionosphere,Media,13,NA
OVERSAMPLING,04-Ionosphere,Media,14,NA
OVERSAMPLING,04-Ionosphere,Media,15,NA
OVERSAMPLING,04-Ionosphere,Media,16,NA
OVERSAMPLING,04-Ionosphere,Media,17,NA
OVERSAMPLING,04-Ionosphere,Media,18,NA
OVERSAMPLING,04-Ionosphere,Media,19,NA
OVERSAMPLING,04-Ionosphere,Media,20,NA
OVERSAMPLING,04-Ionosphere,Media,21,NA
OVERSAMPLING,04-Ionosphere,Media,22,NA
OVERSAMPLING,04-Ionosphere,Media,23,NA
OVERSAMPLING,04-Ionosphere,Media,24,NA
OVERSAMPLING,04-Ionosphere,Media,25,NA
OVERSAMPLING,04-Ionosphere,Media,26,NA
OVERSAMPLING,04-Ionosphere,Media,27,NA
OVERSAMPLING,04-Ionosphere,Media,28,NA
OVERSAMPLING,04-Ionosphere,Media,29,NA
OVERSAMPLING,04-Ionosphere,Media,30,NA
OVERSAMPLING,04-Ionosphere,Media,31,NA
OVERSAMPLING,04-Ionosphere,Media,32,NA
OVERSAMPLING,04-Ionosphere,Media,33,NA
OVERSAMPLING,04-Ionosphere,Media,34,NA
OVERSAMPLING,04-Ionosphere,Media,35,NA
OVERSAMPLING,04-Ionosphere,Media,36,NA
OVERSAMPLING,04-Ionosphere,Media,37,NA
OVERSAMPLING,04-Ionosphere,Media,38,NA
OVERSAMPLING,04-Ionosphere,Media,39,NA
OVERSAMPLING,04-Ionosphere,Media,40,NA
OVERSAMPLING,04-Ionosphere,Media,41,NA
OVERSAMPLING,04-Ionosphere,Media,42,NA
OVERSAMPLING,04-Ionosphere,Media,43,NA
OVERSAMPLING,04-Ionosphere,Media,44,NA
OVERSAMPLING,04-Ionosphere,Media,45,NA
OVERSAMPLING,04-Ionosphere,Media,46,NA
OVERSAMPLING,04-Ionosphere,Media,48,NA
OVERSAMPLING,04-Ionosphere,Media,49,NA
OVERSAMPLING,04-Ionosphere,Desvio_Padrao,time,NA
OVERSAMPLING,04-Ionosphere,Desvio_Padrao,v1,NA
OVERSAMPLING,04-Ionosphere,Desvio_Padrao,v2,NA
OVERSAMPLING,04-Ionosphere,Desvio_Padrao,v3,NA
OVERSAMPLING,04-Ionosphere,Desvio_Padrao,v4,NA
OVERSAMPLING,04-Ionosphere,Desvio_Padrao,v5,NA
OVERSAMPLING,04-Ionosphere,Desvio_Padrao,v6,NA
OVERSAMPLING,04-Ionosphere,Desvio_Padrao,v7,NA
OVERSAMPLING,04-Ionosphere,Desvio_Padrao,v8,NA
OVERSAMPLING,04-Ionosphere,Desvio_Padrao,v9,NA
OVERSAMPLING,04-Ionosphere,Desvio_Padrao,v10,NA
OVERSAMPLING,04-Ionosphere,Desvio_Padrao,v11,NA
OVERSAMPLING,04-Ionosphere,Desvio_Padrao,v12,NA
OVERSAMPLING,04-Ionosphere,Desvio_Padrao,v13,NA
OVERSAMPLING,04-Ionosphere,Desvio_Padrao,v14,NA
OVERSAMPLING,04-Ionosphere,Desvio_Padrao,v15,NA
OVERSAMPLING,04-Ionosphere,Desvio_Padrao,v16,NA
OVERSAMPLING,04-Ionosphere,Desvio_Padrao,v17,NA
OVERSAMPLING,04-Ionosphere,Desvio_Padrao,v18,NA
OVERSAMPLING,04-Ionosphere,Desvio_Padrao,v19,NA
OVERSAMPLING,04-Ionosphere,Desvio_Padrao,v20,NA
OVERSAMPLING,04-Ionosphere,Desvio_Padrao,v21,NA
OVERSAMPLING,04-Ionosphere,Desvio_Padrao,v22,NA
OVERSAMPLING,04-Ionosphere,Desvio_Padrao,v23,NA
OVERSAMPLING,04-Ionosphere,Desvio_Padrao,v24,NA
OVERSAMPLING,04-Ionosphere,Desvio_Padrao,v25,NA
OVERSAMPLING,04-Ionosphere,Desvio_Padrao,v26,NA
OVERSAMPLING,04-Ionosphere,Desvio_Padrao,v27,NA
OVERSAMPLING,04-Ionosphere,Desvio_Padrao,v28,NA
OVERSAMPLING,04-Ionosphere,Desvio_Padrao,amount,NA
OVERSAMPLING,04-Ionosphere,Desvio_Padrao,radius1,NA
OVERSAMPLING,04-Ionosphere,Desvio_Padrao,texture1,NA
OVERSAMPLING,04-Ionosphere,Desvio_Padrao,perimeter1,NA
OVERSAMPLING,04-Ionosphere,Desvio_Padrao,area1,NA
OVERSAMPLING,04-Ionosphere,Desvio_Padrao,smoothness1,NA
OVERSAMPLING,04-Ionosphere,Desvio_Padrao,compactness1,NA
OVERSAMPLING,04-Ionosphere,Desvio_Padrao,concavity1,NA
OVERSAMPLING,04-Ionosphere,Desvio_Padrao,concave_points1,NA
OVERSAMPLING,04-Ionosphere,Desvio_Padrao,symmetry1,NA
OVERSAMPLING,04-Ionosphere,Desvio_Padrao,fractal_dimension1,NA
OVERSAMPLING,04-Ionosphere,Desvio_Padrao,radius2,NA
OVERSAMPLING,04-Ionosphere,Desvio_Padrao,texture2,NA
OVERSAMPLING,04-Ionosphere,Desvio_Padrao,perimeter2,NA
OVERSAMPLING,04-Ionosphere,Desvio_Padrao,area2,NA
OVERSAMPLING,04-Ionosphere,Desvio_Padrao,smoothness2,NA
OVERSAMPLING,04-Ionosphere,Desvio_Padrao,compactness2,NA
OVERSAMPLING,04-Ionosphere,Desvio_Padrao,concavity2,NA
OVERSAMPLING,04-Ionosphere,Desvio_Padrao,concave_points2,NA
OVERSAMPLING,04-Ionosphere,Desvio_Padrao,symmetry2,NA
OVERSAMPLING,04-Ionosphere,Desvio_Padrao,fractal_dimension2,NA
OVERSAMPLING,04-Ionosphere,Desvio_Padrao,radius3,NA
OVERSAMPLING,04-Ionosphere,Desvio_Padrao,texture3,NA
OVERSAMPLING,04-Ionosphere,Desvio_Padrao,perimeter3,NA
OVERSAMPLING,04-Ionosphere,Desvio_Padrao,area3,NA
OVERSAMPLING,04-Ionosphere,Desvio_Padrao,smoothness3,NA
OVERSAMPLING,04-Ionosphere,Desvio_Padrao,compactness3,NA
OVERSAMPLING,04-Ionosphere,Desvio_Padrao,concavity3,NA
OVERSAMPLING,04-Ionosphere,Desvio_Padrao,concave_points3,NA
OVERSAMPLING,04-Ionosphere,Desvio_Padrao,symmetry3,NA
OVERSAMPLING,04-Ionosphere,Desvio_Padrao,fractal_dimension3,NA
OVERSAMPLING,04-Ionosphere,Desvio_Padrao,pregnancies,NA
OVERSAMPLING,04-Ionosphere,Desvio_Padrao,glucose,NA
OVERSAMPLING,04-Ionosphere,Desvio_Padrao,bloodpressure,NA
OVERSAMPLING,04-Ionosphere,Desvio_Padrao,skinthickness,NA
OVERSAMPLING,04-Ionosphere,Desvio_Padrao,insulin,NA
OVERSAMPLING,04-Ionosphere,Desvio_Padrao,bmi,NA
OVERSAMPLING,04-Ionosphere,Desvio_Padrao,diabetespedigreefunction,NA
OVERSAMPLING,04-Ionosphere,Desvio_Padrao,age,NA
OVERSAMPLING,04-Ionosphere,Desvio_Padrao,attribute01,0.3360884066226553
OVERSAMPLING,04-Ionosphere,Desvio_Padrao,attribute02,0
OVERSAMPLING,04-Ionosphere,Desvio_Padrao,attribute03,0.5355545663210781
OVERSAMPLING,04-Ionosphere,Desvio_Padrao,attribute04,0.4918417314604123
OVERSAMPLING,04-Ionosphere,Desvio_Padrao,attribute05,0.5804031218244552
OVERSAMPLING,04-Ionosphere,Desvio_Padrao,attribute06,0.49709128574155714
OVERSAMPLING,04-Ionosphere,Desvio_Padrao,attribute07,0.5319755286927433
OVERSAMPLING,04-Ionosphere,Desvio_Padrao,attribute08,0.56163296641318
OVERSAMPLING,04-Ionosphere,Desvio_Padrao,attribute09,0.5361149530607219
OVERSAMPLING,04-Ionosphere,Desvio_Padrao,attribute10,0.5248043596452706
OVERSAMPLING,04-Ionosphere,Desvio_Padrao,attribute11,0.5691077971371994
OVERSAMPLING,04-Ionosphere,Desvio_Padrao,attribute12,0.5093038759235748
OVERSAMPLING,04-Ionosphere,Desvio_Padrao,attribute13,0.637297101245311
OVERSAMPLING,04-Ionosphere,Desvio_Padrao,attribute14,0.5148213031295659
OVERSAMPLING,04-Ionosphere,Desvio_Padrao,attribute15,0.6796192778350281
OVERSAMPLING,04-Ionosphere,Desvio_Padrao,attribute16,0.48039343305729787
OVERSAMPLING,04-Ionosphere,Desvio_Padrao,attribute17,0.5982926857309615
OVERSAMPLING,04-Ionosphere,Desvio_Padrao,attribute18,0.5279674969058721
OVERSAMPLING,04-Ionosphere,Desvio_Padrao,attribute19,0.6316090344580344
OVERSAMPLING,04-Ionosphere,Desvio_Padrao,attribute20,0.5502298032183279
OVERSAMPLING,04-Ionosphere,Desvio_Padrao,attribute21,0.6271559239389857
OVERSAMPLING,04-Ionosphere,Desvio_Padrao,attribute22,0.5543832648752086
OVERSAMPLING,04-Ionosphere,Desvio_Padrao,attribute23,0.6045077298998487
OVERSAMPLING,04-Ionosphere,Desvio_Padrao,attribute24,0.5504919148001343
OVERSAMPLING,04-Ionosphere,Desvio_Padrao,attribute25,0.58038731163818
OVERSAMPLING,04-Ionosphere,Desvio_Padrao,attribute26,0.5232980222176944
OVERSAMPLING,04-Ionosphere,Desvio_Padrao,attribute27,0.5175016947088271
OVERSAMPLING,04-Ionosphere,Desvio_Padrao,attribute28,0.5990910483550651
OVERSAMPLING,04-Ionosphere,Desvio_Padrao,attribute29,0.598587675922139
OVERSAMPLING,04-Ionosphere,Desvio_Padrao,attribute30,0.5174196710283189
OVERSAMPLING,04-Ionosphere,Desvio_Padrao,attribute31,0.6044812090257451
OVERSAMPLING,04-Ionosphere,Desvio_Padrao,attribute32,0.5327693599223156
OVERSAMPLING,04-Ionosphere,Desvio_Padrao,attribute33,0.5376729612125996
OVERSAMPLING,04-Ionosphere,Desvio_Padrao,attribute34,0.4767958182807616
OVERSAMPLING,04-Ionosphere,Desvio_Padrao,aa,NA
OVERSAMPLING,04-Ionosphere,Desvio_Padrao,ao,NA
OVERSAMPLING,04-Ionosphere,Desvio_Padrao,dcl,NA
OVERSAMPLING,04-Ionosphere,Desvio_Padrao,iy,NA
OVERSAMPLING,04-Ionosphere,Desvio_Padrao,sh,NA
OVERSAMPLING,04-Ionosphere,Desvio_Padrao,0,NA
OVERSAMPLING,04-Ionosphere,Desvio_Padrao,1,NA
OVERSAMPLING,04-Ionosphere,Desvio_Padrao,2,NA
OVERSAMPLING,04-Ionosphere,Desvio_Padrao,3,NA
OVERSAMPLING,04-Ionosphere,Desvio_Padrao,4,NA
OVERSAMPLING,04-Ionosphere,Desvio_Padrao,5,NA
OVERSAMPLING,04-Ionosphere,Desvio_Padrao,6,NA
OVERSAMPLING,04-Ionosphere,Desvio_Padrao,7,NA
OVERSAMPLING,04-Ionosphere,Desvio_Padrao,8,NA
OVERSAMPLING,04-Ionosphere,Desvio_Padrao,9,NA
OVERSAMPLING,04-Ionosphere,Desvio_Padrao,10,NA
OVERSAMPLING,04-Ionosphere,Desvio_Padrao,11,NA
OVERSAMPLING,04-Ionosphere,Desvio_Padrao,12,NA
OVERSAMPLING,04-Ionosphere,Desvio_Padrao,13,NA
OVERSAMPLING,04-Ionosphere,Desvio_Padrao,14,NA
OVERSAMPLING,04-Ionosphere,Desvio_Padrao,15,NA
OVERSAMPLING,04-Ionosphere,Desvio_Padrao,16,NA
OVERSAMPLING,04-Ionosphere,Desvio_Padrao,17,NA
OVERSAMPLING,04-Ionosphere,Desvio_Padrao,18,NA
OVERSAMPLING,04-Ionosphere,Desvio_Padrao,19,NA
OVERSAMPLING,04-Ionosphere,Desvio_Padrao,20,NA
OVERSAMPLING,04-Ionosphere,Desvio_Padrao,21,NA
OVERSAMPLING,04-Ionosphere,Desvio_Padrao,22,NA
OVERSAMPLING,04-Ionosphere,Desvio_Padrao,23,NA
OVERSAMPLING,04-Ionosphere,Desvio_Padrao,24,NA
OVERSAMPLING,04-Ionosphere,Desvio_Padrao,25,NA
OVERSAMPLING,04-Ionosphere,Desvio_Padrao,26,NA
OVERSAMPLING,04-Ionosphere,Desvio_Padrao,27,NA
OVERSAMPLING,04-Ionosphere,Desvio_Padrao,28,NA
OVERSAMPLING,04-Ionosphere,Desvio_Padrao,29,NA
OVERSAMPLING,04-Ionosphere,Desvio_Padrao,30,NA
OVERSAMPLING,04-Ionosphere,Desvio_Padrao,31,NA
OVERSAMPLING,04-Ionosphere,Desvio_Padrao,32,NA
OVERSAMPLING,04-Ionosphere,Desvio_Padrao,33,NA
OVERSAMPLING,04-Ionosphere,Desvio_Padrao,34,NA
OVERSAMPLING,04-Ionosphere,Desvio_Padrao,35,NA
OVERSAMPLING,04-Ionosphere,Desvio_Padrao,36,NA
OVERSAMPLING,04-Ionosphere,Desvio_Padrao,37,NA
OVERSAMPLING,04-Ionosphere,Desvio_Padrao,38,NA
OVERSAMPLING,04-Ionosphere,Desvio_Padrao,39,NA
OVERSAMPLING,04-Ionosphere,Desvio_Padrao,40,NA
OVERSAMPLING,04-Ionosphere,Desvio_Padrao,41,NA
OVERSAMPLING,04-Ionosphere,Desvio_Padrao,42,NA
OVERSAMPLING,04-Ionosphere,Desvio_Padrao,43,NA
OVERSAMPLING,04-Ionosphere,Desvio_Padrao,44,NA
OVERSAMPLING,04-Ionosphere,Desvio_Padrao,45,NA
OVERSAMPLING,04-Ionosphere,Desvio_Padrao,46,NA
OVERSAMPLING,04-Ionosphere,Desvio_Padrao,48,NA
OVERSAMPLING,04-Ionosphere,Desvio_Padrao,49,NA
OVERSAMPLING,04-Ionosphere,Minimo,time,NA
OVERSAMPLING,04-Ionosphere,Minimo,v1,NA
OVERSAMPLING,04-Ionosphere,Minimo,v2,NA
OVERSAMPLING,04-Ionosphere,Minimo,v3,NA
OVERSAMPLING,04-Ionosphere,Minimo,v4,NA
OVERSAMPLING,04-Ionosphere,Minimo,v5,NA
OVERSAMPLING,04-Ionosphere,Minimo,v6,NA
OVERSAMPLING,04-Ionosphere,Minimo,v7,NA
OVERSAMPLING,04-Ionosphere,Minimo,v8,NA
OVERSAMPLING,04-Ionosphere,Minimo,v9,NA
OVERSAMPLING,04-Ionosphere,Minimo,v10,NA
OVERSAMPLING,04-Ionosphere,Minimo,v11,NA
OVERSAMPLING,04-Ionosphere,Minimo,v12,NA
OVERSAMPLING,04-Ionosphere,Minimo,v13,NA
OVERSAMPLING,04-Ionosphere,Minimo,v14,NA
OVERSAMPLING,04-Ionosphere,Minimo,v15,NA
OVERSAMPLING,04-Ionosphere,Minimo,v16,NA
OVERSAMPLING,04-Ionosphere,Minimo,v17,NA
OVERSAMPLING,04-Ionosphere,Minimo,v18,NA
OVERSAMPLING,04-Ionosphere,Minimo,v19,NA
OVERSAMPLING,04-Ionosphere,Minimo,v20,NA
OVERSAMPLING,04-Ionosphere,Minimo,v21,NA
OVERSAMPLING,04-Ionosphere,Minimo,v22,NA
OVERSAMPLING,04-Ionosphere,Minimo,v23,NA
OVERSAMPLING,04-Ionosphere,Minimo,v24,NA
OVERSAMPLING,04-Ionosphere,Minimo,v25,NA
OVERSAMPLING,04-Ionosphere,Minimo,v26,NA
OVERSAMPLING,04-Ionosphere,Minimo,v27,NA
OVERSAMPLING,04-Ionosphere,Minimo,v28,NA
OVERSAMPLING,04-Ionosphere,Minimo,amount,NA
OVERSAMPLING,04-Ionosphere,Minimo,radius1,NA
OVERSAMPLING,04-Ionosphere,Minimo,texture1,NA
OVERSAMPLING,04-Ionosphere,Minimo,perimeter1,NA
OVERSAMPLING,04-Ionosphere,Minimo,area1,NA
OVERSAMPLING,04-Ionosphere,Minimo,smoothness1,NA
OVERSAMPLING,04-Ionosphere,Minimo,compactness1,NA
OVERSAMPLING,04-Ionosphere,Minimo,concavity1,NA
OVERSAMPLING,04-Ionosphere,Minimo,concave_points1,NA
OVERSAMPLING,04-Ionosphere,Minimo,symmetry1,NA
OVERSAMPLING,04-Ionosphere,Minimo,fractal_dimension1,NA
OVERSAMPLING,04-Ionosphere,Minimo,radius2,NA
OVERSAMPLING,04-Ionosphere,Minimo,texture2,NA
OVERSAMPLING,04-Ionosphere,Minimo,perimeter2,NA
OVERSAMPLING,04-Ionosphere,Minimo,area2,NA
OVERSAMPLING,04-Ionosphere,Minimo,smoothness2,NA
OVERSAMPLING,04-Ionosphere,Minimo,compactness2,NA
OVERSAMPLING,04-Ionosphere,Minimo,concavity2,NA
OVERSAMPLING,04-Ionosphere,Minimo,concave_points2,NA
OVERSAMPLING,04-Ionosphere,Minimo,symmetry2,NA
OVERSAMPLING,04-Ionosphere,Minimo,fractal_dimension2,NA
OVERSAMPLING,04-Ionosphere,Minimo,radius3,NA
OVERSAMPLING,04-Ionosphere,Minimo,texture3,NA
OVERSAMPLING,04-Ionosphere,Minimo,perimeter3,NA
OVERSAMPLING,04-Ionosphere,Minimo,area3,NA
OVERSAMPLING,04-Ionosphere,Minimo,smoothness3,NA
OVERSAMPLING,04-Ionosphere,Minimo,compactness3,NA
OVERSAMPLING,04-Ionosphere,Minimo,concavity3,NA
OVERSAMPLING,04-Ionosphere,Minimo,concave_points3,NA
OVERSAMPLING,04-Ionosphere,Minimo,symmetry3,NA
OVERSAMPLING,04-Ionosphere,Minimo,fractal_dimension3,NA
OVERSAMPLING,04-Ionosphere,Minimo,pregnancies,NA
OVERSAMPLING,04-Ionosphere,Minimo,glucose,NA
OVERSAMPLING,04-Ionosphere,Minimo,bloodpressure,NA
OVERSAMPLING,04-Ionosphere,Minimo,skinthickness,NA
OVERSAMPLING,04-Ionosphere,Minimo,insulin,NA
OVERSAMPLING,04-Ionosphere,Minimo,bmi,NA
OVERSAMPLING,04-Ionosphere,Minimo,diabetespedigreefunction,NA
OVERSAMPLING,04-Ionosphere,Minimo,age,NA
OVERSAMPLING,04-Ionosphere,Minimo,attribute01,0
OVERSAMPLING,04-Ionosphere,Minimo,attribute02,0
OVERSAMPLING,04-Ionosphere,Minimo,attribute03,-1
OVERSAMPLING,04-Ionosphere,Minimo,attribute04,-1
OVERSAMPLING,04-Ionosphere,Minimo,attribute05,-1
OVERSAMPLING,04-Ionosphere,Minimo,attribute06,-1
OVERSAMPLING,04-Ionosphere,Minimo,attribute07,-1
OVERSAMPLING,04-Ionosphere,Minimo,attribute08,-1
OVERSAMPLING,04-Ionosphere,Minimo,attribute09,-1
OVERSAMPLING,04-Ionosphere,Minimo,attribute10,-1
OVERSAMPLING,04-Ionosphere,Minimo,attribute11,-1
OVERSAMPLING,04-Ionosphere,Minimo,attribute12,-1
OVERSAMPLING,04-Ionosphere,Minimo,attribute13,-1
OVERSAMPLING,04-Ionosphere,Minimo,attribute14,-1
OVERSAMPLING,04-Ionosphere,Minimo,attribute15,-1
OVERSAMPLING,04-Ionosphere,Minimo,attribute16,-1
OVERSAMPLING,04-Ionosphere,Minimo,attribute17,-1
OVERSAMPLING,04-Ionosphere,Minimo,attribute18,-1
OVERSAMPLING,04-Ionosphere,Minimo,attribute19,-1
OVERSAMPLING,04-Ionosphere,Minimo,attribute20,-1
OVERSAMPLING,04-Ionosphere,Minimo,attribute21,-1
OVERSAMPLING,04-Ionosphere,Minimo,attribute22,-1
OVERSAMPLING,04-Ionosphere,Minimo,attribute23,-1
OVERSAMPLING,04-Ionosphere,Minimo,attribute24,-1
OVERSAMPLING,04-Ionosphere,Minimo,attribute25,-1
OVERSAMPLING,04-Ionosphere,Minimo,attribute26,-1
OVERSAMPLING,04-Ionosphere,Minimo,attribute27,-1
OVERSAMPLING,04-Ionosphere,Minimo,attribute28,-1
OVERSAMPLING,04-Ionosphere,Minimo,attribute29,-1
OVERSAMPLING,04-Ionosphere,Minimo,attribute30,-1
OVERSAMPLING,04-Ionosphere,Minimo,attribute31,-1
OVERSAMPLING,04-Ionosphere,Minimo,attribute32,-1
OVERSAMPLING,04-Ionosphere,Minimo,attribute33,-1
OVERSAMPLING,04-Ionosphere,Minimo,attribute34,-1
OVERSAMPLING,04-Ionosphere,Minimo,aa,NA
OVERSAMPLING,04-Ionosphere,Minimo,ao,NA
OVERSAMPLING,04-Ionosphere,Minimo,dcl,NA
OVERSAMPLING,04-Ionosphere,Minimo,iy,NA
OVERSAMPLING,04-Ionosphere,Minimo,sh,NA
OVERSAMPLING,04-Ionosphere,Minimo,0,NA
OVERSAMPLING,04-Ionosphere,Minimo,1,NA
OVERSAMPLING,04-Ionosphere,Minimo,2,NA
OVERSAMPLING,04-Ionosphere,Minimo,3,NA
OVERSAMPLING,04-Ionosphere,Minimo,4,NA
OVERSAMPLING,04-Ionosphere,Minimo,5,NA
OVERSAMPLING,04-Ionosphere,Minimo,6,NA
OVERSAMPLING,04-Ionosphere,Minimo,7,NA
OVERSAMPLING,04-Ionosphere,Minimo,8,NA
OVERSAMPLING,04-Ionosphere,Minimo,9,NA
OVERSAMPLING,04-Ionosphere,Minimo,10,NA
OVERSAMPLING,04-Ionosphere,Minimo,11,NA
OVERSAMPLING,04-Ionosphere,Minimo,12,NA
OVERSAMPLING,04-Ionosphere,Minimo,13,NA
OVERSAMPLING,04-Ionosphere,Minimo,14,NA
OVERSAMPLING,04-Ionosphere,Minimo,15,NA
OVERSAMPLING,04-Ionosphere,Minimo,16,NA
OVERSAMPLING,04-Ionosphere,Minimo,17,NA
OVERSAMPLING,04-Ionosphere,Minimo,18,NA
OVERSAMPLING,04-Ionosphere,Minimo,19,NA
OVERSAMPLING,04-Ionosphere,Minimo,20,NA
OVERSAMPLING,04-Ionosphere,Minimo,21,NA
OVERSAMPLING,04-Ionosphere,Minimo,22,NA
OVERSAMPLING,04-Ionosphere,Minimo,23,NA
OVERSAMPLING,04-Ionosphere,Minimo,24,NA
OVERSAMPLING,04-Ionosphere,Minimo,25,NA
OVERSAMPLING,04-Ionosphere,Minimo,26,NA
OVERSAMPLING,04-Ionosphere,Minimo,27,NA
OVERSAMPLING,04-Ionosphere,Minimo,28,NA
OVERSAMPLING,04-Ionosphere,Minimo,29,NA
OVERSAMPLING,04-Ionosphere,Minimo,30,NA
OVERSAMPLING,04-Ionosphere,Minimo,31,NA
OVERSAMPLING,04-Ionosphere,Minimo,32,NA
OVERSAMPLING,04-Ionosphere,Minimo,33,NA
OVERSAMPLING,04-Ionosphere,Minimo,34,NA
OVERSAMPLING,04-Ionosphere,Minimo,35,NA
OVERSAMPLING,04-Ionosphere,Minimo,36,NA
OVERSAMPLING,04-Ionosphere,Minimo,37,NA
OVERSAMPLING,04-Ionosphere,Minimo,38,NA
OVERSAMPLING,04-Ionosphere,Minimo,39,NA
OVERSAMPLING,04-Ionosphere,Minimo,40,NA
OVERSAMPLING,04-Ionosphere,Minimo,41,NA
OVERSAMPLING,04-Ionosphere,Minimo,42,NA
OVERSAMPLING,04-Ionosphere,Minimo,43,NA
OVERSAMPLING,04-Ionosphere,Minimo,44,NA
OVERSAMPLING,04-Ionosphere,Minimo,45,NA
OVERSAMPLING,04-Ionosphere,Minimo,46,NA
OVERSAMPLING,04-Ionosphere,Minimo,48,NA
OVERSAMPLING,04-Ionosphere,Minimo,49,NA
OVERSAMPLING,04-Ionosphere,Maximo,time,NA
OVERSAMPLING,04-Ionosphere,Maximo,v1,NA
OVERSAMPLING,04-Ionosphere,Maximo,v2,NA
OVERSAMPLING,04-Ionosphere,Maximo,v3,NA
OVERSAMPLING,04-Ionosphere,Maximo,v4,NA
OVERSAMPLING,04-Ionosphere,Maximo,v5,NA
OVERSAMPLING,04-Ionosphere,Maximo,v6,NA
OVERSAMPLING,04-Ionosphere,Maximo,v7,NA
OVERSAMPLING,04-Ionosphere,Maximo,v8,NA
OVERSAMPLING,04-Ionosphere,Maximo,v9,NA
OVERSAMPLING,04-Ionosphere,Maximo,v10,NA
OVERSAMPLING,04-Ionosphere,Maximo,v11,NA
OVERSAMPLING,04-Ionosphere,Maximo,v12,NA
OVERSAMPLING,04-Ionosphere,Maximo,v13,NA
OVERSAMPLING,04-Ionosphere,Maximo,v14,NA
OVERSAMPLING,04-Ionosphere,Maximo,v15,NA
OVERSAMPLING,04-Ionosphere,Maximo,v16,NA
OVERSAMPLING,04-Ionosphere,Maximo,v17,NA
OVERSAMPLING,04-Ionosphere,Maximo,v18,NA
OVERSAMPLING,04-Ionosphere,Maximo,v19,NA
OVERSAMPLING,04-Ionosphere,Maximo,v20,NA
OVERSAMPLING,04-Ionosphere,Maximo,v21,NA
OVERSAMPLING,04-Ionosphere,Maximo,v22,NA
OVERSAMPLING,04-Ionosphere,Maximo,v23,NA
OVERSAMPLING,04-Ionosphere,Maximo,v24,NA
OVERSAMPLING,04-Ionosphere,Maximo,v25,NA
OVERSAMPLING,04-Ionosphere,Maximo,v26,NA
OVERSAMPLING,04-Ionosphere,Maximo,v27,NA
OVERSAMPLING,04-Ionosphere,Maximo,v28,NA
OVERSAMPLING,04-Ionosphere,Maximo,amount,NA
OVERSAMPLING,04-Ionosphere,Maximo,radius1,NA
OVERSAMPLING,04-Ionosphere,Maximo,texture1,NA
OVERSAMPLING,04-Ionosphere,Maximo,perimeter1,NA
OVERSAMPLING,04-Ionosphere,Maximo,area1,NA
OVERSAMPLING,04-Ionosphere,Maximo,smoothness1,NA
OVERSAMPLING,04-Ionosphere,Maximo,compactness1,NA
OVERSAMPLING,04-Ionosphere,Maximo,concavity1,NA
OVERSAMPLING,04-Ionosphere,Maximo,concave_points1,NA
OVERSAMPLING,04-Ionosphere,Maximo,symmetry1,NA
OVERSAMPLING,04-Ionosphere,Maximo,fractal_dimension1,NA
OVERSAMPLING,04-Ionosphere,Maximo,radius2,NA
OVERSAMPLING,04-Ionosphere,Maximo,texture2,NA
OVERSAMPLING,04-Ionosphere,Maximo,perimeter2,NA
OVERSAMPLING,04-Ionosphere,Maximo,area2,NA
OVERSAMPLING,04-Ionosphere,Maximo,smoothness2,NA
OVERSAMPLING,04-Ionosphere,Maximo,compactness2,NA
OVERSAMPLING,04-Ionosphere,Maximo,concavity2,NA
OVERSAMPLING,04-Ionosphere,Maximo,concave_points2,NA
OVERSAMPLING,04-Ionosphere,Maximo,symmetry2,NA
OVERSAMPLING,04-Ionosphere,Maximo,fractal_dimension2,NA
OVERSAMPLING,04-Ionosphere,Maximo,radius3,NA
OVERSAMPLING,04-Ionosphere,Maximo,texture3,NA
OVERSAMPLING,04-Ionosphere,Maximo,perimeter3,NA
OVERSAMPLING,04-Ionosphere,Maximo,area3,NA
OVERSAMPLING,04-Ionosphere,Maximo,smoothness3,NA
OVERSAMPLING,04-Ionosphere,Maximo,compactness3,NA
OVERSAMPLING,04-Ionosphere,Maximo,concavity3,NA
OVERSAMPLING,04-Ionosphere,Maximo,concave_points3,NA
OVERSAMPLING,04-Ionosphere,Maximo,symmetry3,NA
OVERSAMPLING,04-Ionosphere,Maximo,fractal_dimension3,NA
OVERSAMPLING,04-Ionosphere,Maximo,pregnancies,NA
OVERSAMPLING,04-Ionosphere,Maximo,glucose,NA
OVERSAMPLING,04-Ionosphere,Maximo,bloodpressure,NA
OVERSAMPLING,04-Ionosphere,Maximo,skinthickness,NA
OVERSAMPLING,04-Ionosphere,Maximo,insulin,NA
OVERSAMPLING,04-Ionosphere,Maximo,bmi,NA
OVERSAMPLING,04-Ionosphere,Maximo,diabetespedigreefunction,NA
OVERSAMPLING,04-Ionosphere,Maximo,age,NA
OVERSAMPLING,04-Ionosphere,Maximo,attribute01,1
OVERSAMPLING,04-Ionosphere,Maximo,attribute02,0
OVERSAMPLING,04-Ionosphere,Maximo,attribute03,1
OVERSAMPLING,04-Ionosphere,Maximo,attribute04,1
OVERSAMPLING,04-Ionosphere,Maximo,attribute05,1
OVERSAMPLING,04-Ionosphere,Maximo,attribute06,1
OVERSAMPLING,04-Ionosphere,Maximo,attribute07,1
OVERSAMPLING,04-Ionosphere,Maximo,attribute08,1
OVERSAMPLING,04-Ionosphere,Maximo,attribute09,1
OVERSAMPLING,04-Ionosphere,Maximo,attribute10,1
OVERSAMPLING,04-Ionosphere,Maximo,attribute11,1
OVERSAMPLING,04-Ionosphere,Maximo,attribute12,1
OVERSAMPLING,04-Ionosphere,Maximo,attribute13,1
OVERSAMPLING,04-Ionosphere,Maximo,attribute14,1
OVERSAMPLING,04-Ionosphere,Maximo,attribute15,1
OVERSAMPLING,04-Ionosphere,Maximo,attribute16,1
OVERSAMPLING,04-Ionosphere,Maximo,attribute17,1
OVERSAMPLING,04-Ionosphere,Maximo,attribute18,1
OVERSAMPLING,04-Ionosphere,Maximo,attribute19,1
OVERSAMPLING,04-Ionosphere,Maximo,attribute20,1
OVERSAMPLING,04-Ionosphere,Maximo,attribute21,1
OVERSAMPLING,04-Ionosphere,Maximo,attribute22,1
OVERSAMPLING,04-Ionosphere,Maximo,attribute23,1
OVERSAMPLING,04-Ionosphere,Maximo,attribute24,1
OVERSAMPLING,04-Ionosphere,Maximo,attribute25,1
OVERSAMPLING,04-Ionosphere,Maximo,attribute26,1
OVERSAMPLING,04-Ionosphere,Maximo,attribute27,1
OVERSAMPLING,04-Ionosphere,Maximo,attribute28,1
OVERSAMPLING,04-Ionosphere,Maximo,attribute29,1
OVERSAMPLING,04-Ionosphere,Maximo,attribute30,1
OVERSAMPLING,04-Ionosphere,Maximo,attribute31,1
OVERSAMPLING,04-Ionosphere,Maximo,attribute32,1
OVERSAMPLING,04-Ionosphere,Maximo,attribute33,1
OVERSAMPLING,04-Ionosphere,Maximo,attribute34,1
OVERSAMPLING,04-Ionosphere,Maximo,aa,NA
OVERSAMPLING,04-Ionosphere,Maximo,ao,NA
OVERSAMPLING,04-Ionosphere,Maximo,dcl,NA
OVERSAMPLING,04-Ionosphere,Maximo,iy,NA
OVERSAMPLING,04-Ionosphere,Maximo,sh,NA
OVERSAMPLING,04-Ionosphere,Maximo,0,NA
OVERSAMPLING,04-Ionosphere,Maximo,1,NA
OVERSAMPLING,04-Ionosphere,Maximo,2,NA
OVERSAMPLING,04-Ionosphere,Maximo,3,NA
OVERSAMPLING,04-Ionosphere,Maximo,4,NA
OVERSAMPLING,04-Ionosphere,Maximo,5,NA
OVERSAMPLING,04-Ionosphere,Maximo,6,NA
OVERSAMPLING,04-Ionosphere,Maximo,7,NA
OVERSAMPLING,04-Ionosphere,Maximo,8,NA
OVERSAMPLING,04-Ionosphere,Maximo,9,NA
OVERSAMPLING,04-Ionosphere,Maximo,10,NA
OVERSAMPLING,04-Ionosphere,Maximo,11,NA
OVERSAMPLING,04-Ionosphere,Maximo,12,NA
OVERSAMPLING,04-Ionosphere,Maximo,13,NA
OVERSAMPLING,04-Ionosphere,Maximo,14,NA
OVERSAMPLING,04-Ionosphere,Maximo,15,NA
OVERSAMPLING,04-Ionosphere,Maximo,16,NA
OVERSAMPLING,04-Ionosphere,Maximo,17,NA
OVERSAMPLING,04-Ionosphere,Maximo,18,NA
OVERSAMPLING,04-Ionosphere,Maximo,19,NA
OVERSAMPLING,04-Ionosphere,Maximo,20,NA
OVERSAMPLING,04-Ionosphere,Maximo,21,NA
OVERSAMPLING,04-Ionosphere,Maximo,22,NA
OVERSAMPLING,04-Ionosphere,Maximo,23,NA
OVERSAMPLING,04-Ionosphere,Maximo,24,NA
OVERSAMPLING,04-Ionosphere,Maximo,25,NA
OVERSAMPLING,04-Ionosphere,Maximo,26,NA
OVERSAMPLING,04-Ionosphere,Maximo,27,NA
OVERSAMPLING,04-Ionosphere,Maximo,28,NA
OVERSAMPLING,04-Ionosphere,Maximo,29,NA
OVERSAMPLING,04-Ionosphere,Maximo,30,NA
OVERSAMPLING,04-Ionosphere,Maximo,31,NA
OVERSAMPLING,04-Ionosphere,Maximo,32,NA
OVERSAMPLING,04-Ionosphere,Maximo,33,NA
OVERSAMPLING,04-Ionosphere,Maximo,34,NA
OVERSAMPLING,04-Ionosphere,Maximo,35,NA
OVERSAMPLING,04-Ionosphere,Maximo,36,NA
OVERSAMPLING,04-Ionosphere,Maximo,37,NA
OVERSAMPLING,04-Ionosphere,Maximo,38,NA
OVERSAMPLING,04-Ionosphere,Maximo,39,NA
OVERSAMPLING,04-Ionosphere,Maximo,40,NA
OVERSAMPLING,04-Ionosphere,Maximo,41,NA
OVERSAMPLING,04-Ionosphere,Maximo,42,NA
OVERSAMPLING,04-Ionosphere,Maximo,43,NA
OVERSAMPLING,04-Ionosphere,Maximo,44,NA
OVERSAMPLING,04-Ionosphere,Maximo,45,NA
OVERSAMPLING,04-Ionosphere,Maximo,46,NA
OVERSAMPLING,04-Ionosphere,Maximo,48,NA
OVERSAMPLING,04-Ionosphere,Maximo,49,NA
OVERSAMPLING,05-phoneme,Media,time,NA
OVERSAMPLING,05-phoneme,Media,v1,NA
OVERSAMPLING,05-phoneme,Media,v2,NA
OVERSAMPLING,05-phoneme,Media,v3,NA
OVERSAMPLING,05-phoneme,Media,v4,NA
OVERSAMPLING,05-phoneme,Media,v5,NA
OVERSAMPLING,05-phoneme,Media,v6,NA
OVERSAMPLING,05-phoneme,Media,v7,NA
OVERSAMPLING,05-phoneme,Media,v8,NA
OVERSAMPLING,05-phoneme,Media,v9,NA
OVERSAMPLING,05-phoneme,Media,v10,NA
OVERSAMPLING,05-phoneme,Media,v11,NA
OVERSAMPLING,05-phoneme,Media,v12,NA
OVERSAMPLING,05-phoneme,Media,v13,NA
OVERSAMPLING,05-phoneme,Media,v14,NA
OVERSAMPLING,05-phoneme,Media,v15,NA
OVERSAMPLING,05-phoneme,Media,v16,NA
OVERSAMPLING,05-phoneme,Media,v17,NA
OVERSAMPLING,05-phoneme,Media,v18,NA
OVERSAMPLING,05-phoneme,Media,v19,NA
OVERSAMPLING,05-phoneme,Media,v20,NA
OVERSAMPLING,05-phoneme,Media,v21,NA
OVERSAMPLING,05-phoneme,Media,v22,NA
OVERSAMPLING,05-phoneme,Media,v23,NA
OVERSAMPLING,05-phoneme,Media,v24,NA
OVERSAMPLING,05-phoneme,Media,v25,NA
OVERSAMPLING,05-phoneme,Media,v26,NA
OVERSAMPLING,05-phoneme,Media,v27,NA
OVERSAMPLING,05-phoneme,Media,v28,NA
OVERSAMPLING,05-phoneme,Media,amount,NA
OVERSAMPLING,05-phoneme,Media,radius1,NA
OVERSAMPLING,05-phoneme,Media,texture1,NA
OVERSAMPLING,05-phoneme,Media,perimeter1,NA
OVERSAMPLING,05-phoneme,Media,area1,NA
OVERSAMPLING,05-phoneme,Media,smoothness1,NA
OVERSAMPLING,05-phoneme,Media,compactness1,NA
OVERSAMPLING,05-phoneme,Media,concavity1,NA
OVERSAMPLING,05-phoneme,Media,concave_points1,NA
OVERSAMPLING,05-phoneme,Media,symmetry1,NA
OVERSAMPLING,05-phoneme,Media,fractal_dimension1,NA
OVERSAMPLING,05-phoneme,Media,radius2,NA
OVERSAMPLING,05-phoneme,Media,texture2,NA
OVERSAMPLING,05-phoneme,Media,perimeter2,NA
OVERSAMPLING,05-phoneme,Media,area2,NA
OVERSAMPLING,05-phoneme,Media,smoothness2,NA
OVERSAMPLING,05-phoneme,Media,compactness2,NA
OVERSAMPLING,05-phoneme,Media,concavity2,NA
OVERSAMPLING,05-phoneme,Media,concave_points2,NA
OVERSAMPLING,05-phoneme,Media,symmetry2,NA
OVERSAMPLING,05-phoneme,Media,fractal_dimension2,NA
OVERSAMPLING,05-phoneme,Media,radius3,NA
OVERSAMPLING,05-phoneme,Media,texture3,NA
OVERSAMPLING,05-phoneme,Media,perimeter3,NA
OVERSAMPLING,05-phoneme,Media,area3,NA
OVERSAMPLING,05-phoneme,Media,smoothness3,NA
OVERSAMPLING,05-phoneme,Media,compactness3,NA
OVERSAMPLING,05-phoneme,Media,concavity3,NA
OVERSAMPLING,05-phoneme,Media,concave_points3,NA
OVERSAMPLING,05-phoneme,Media,symmetry3,NA
OVERSAMPLING,05-phoneme,Media,fractal_dimension3,NA
OVERSAMPLING,05-phoneme,Media,pregnancies,NA
OVERSAMPLING,05-phoneme,Media,glucose,NA
OVERSAMPLING,05-phoneme,Media,bloodpressure,NA
OVERSAMPLING,05-phoneme,Media,skinthickness,NA
OVERSAMPLING,05-phoneme,Media,insulin,NA
OVERSAMPLING,05-phoneme,Media,bmi,NA
OVERSAMPLING,05-phoneme,Media,diabetespedigreefunction,NA
OVERSAMPLING,05-phoneme,Media,age,NA
OVERSAMPLING,05-phoneme,Media,attribute01,NA
OVERSAMPLING,05-phoneme,Media,attribute02,NA
OVERSAMPLING,05-phoneme,Media,attribute03,NA
OVERSAMPLING,05-phoneme,Media,attribute04,NA
OVERSAMPLING,05-phoneme,Media,attribute05,NA
OVERSAMPLING,05-phoneme,Media,attribute06,NA
OVERSAMPLING,05-phoneme,Media,attribute07,NA
OVERSAMPLING,05-phoneme,Media,attribute08,NA
OVERSAMPLING,05-phoneme,Media,attribute09,NA
OVERSAMPLING,05-phoneme,Media,attribute10,NA
OVERSAMPLING,05-phoneme,Media,attribute11,NA
OVERSAMPLING,05-phoneme,Media,attribute12,NA
OVERSAMPLING,05-phoneme,Media,attribute13,NA
OVERSAMPLING,05-phoneme,Media,attribute14,NA
OVERSAMPLING,05-phoneme,Media,attribute15,NA
OVERSAMPLING,05-phoneme,Media,attribute16,NA
OVERSAMPLING,05-phoneme,Media,attribute17,NA
OVERSAMPLING,05-phoneme,Media,attribute18,NA
OVERSAMPLING,05-phoneme,Media,attribute19,NA
OVERSAMPLING,05-phoneme,Media,attribute20,NA
OVERSAMPLING,05-phoneme,Media,attribute21,NA
OVERSAMPLING,05-phoneme,Media,attribute22,NA
OVERSAMPLING,05-phoneme,Media,attribute23,NA
OVERSAMPLING,05-phoneme,Media,attribute24,NA
OVERSAMPLING,05-phoneme,Media,attribute25,NA
OVERSAMPLING,05-phoneme,Media,attribute26,NA
OVERSAMPLING,05-phoneme,Media,attribute27,NA
OVERSAMPLING,05-phoneme,Media,attribute28,NA
OVERSAMPLING,05-phoneme,Media,attribute29,NA
OVERSAMPLING,05-phoneme,Media,attribute30,NA
OVERSAMPLING,05-phoneme,Media,attribute31,NA
OVERSAMPLING,05-phoneme,Media,attribute32,NA
OVERSAMPLING,05-phoneme,Media,attribute33,NA
OVERSAMPLING,05-phoneme,Media,attribute34,NA
OVERSAMPLING,05-phoneme,Media,aa,0.707574777370351
OVERSAMPLING,05-phoneme,Media,ao,1.1770197747511786
OVERSAMPLING,05-phoneme,Media,dcl,0.8942197485594552
OVERSAMPLING,05-phoneme,Media,iy,0.5235890518596124
OVERSAMPLING,05-phoneme,Media,sh,0.1053387899423782
OVERSAMPLING,05-phoneme,Media,0,NA
OVERSAMPLING,05-phoneme,Media,1,NA
OVERSAMPLING,05-phoneme,Media,2,NA
OVERSAMPLING,05-phoneme,Media,3,NA
OVERSAMPLING,05-phoneme,Media,4,NA
OVERSAMPLING,05-phoneme,Media,5,NA
OVERSAMPLING,05-phoneme,Media,6,NA
OVERSAMPLING,05-phoneme,Media,7,NA
OVERSAMPLING,05-phoneme,Media,8,NA
OVERSAMPLING,05-phoneme,Media,9,NA
OVERSAMPLING,05-phoneme,Media,10,NA
OVERSAMPLING,05-phoneme,Media,11,NA
OVERSAMPLING,05-phoneme,Media,12,NA
OVERSAMPLING,05-phoneme,Media,13,NA
OVERSAMPLING,05-phoneme,Media,14,NA
OVERSAMPLING,05-phoneme,Media,15,NA
OVERSAMPLING,05-phoneme,Media,16,NA
OVERSAMPLING,05-phoneme,Media,17,NA
OVERSAMPLING,05-phoneme,Media,18,NA
OVERSAMPLING,05-phoneme,Media,19,NA
OVERSAMPLING,05-phoneme,Media,20,NA
OVERSAMPLING,05-phoneme,Media,21,NA
OVERSAMPLING,05-phoneme,Media,22,NA
OVERSAMPLING,05-phoneme,Media,23,NA
OVERSAMPLING,05-phoneme,Media,24,NA
OVERSAMPLING,05-phoneme,Media,25,NA
OVERSAMPLING,05-phoneme,Media,26,NA
OVERSAMPLING,05-phoneme,Media,27,NA
OVERSAMPLING,05-phoneme,Media,28,NA
OVERSAMPLING,05-phoneme,Media,29,NA
OVERSAMPLING,05-phoneme,Media,30,NA
OVERSAMPLING,05-phoneme,Media,31,NA
OVERSAMPLING,05-phoneme,Media,32,NA
OVERSAMPLING,05-phoneme,Media,33,NA
OVERSAMPLING,05-phoneme,Media,34,NA
OVERSAMPLING,05-phoneme,Media,35,NA
OVERSAMPLING,05-phoneme,Media,36,NA
OVERSAMPLING,05-phoneme,Media,37,NA
OVERSAMPLING,05-phoneme,Media,38,NA
OVERSAMPLING,05-phoneme,Media,39,NA
OVERSAMPLING,05-phoneme,Media,40,NA
OVERSAMPLING,05-phoneme,Media,41,NA
OVERSAMPLING,05-phoneme,Media,42,NA
OVERSAMPLING,05-phoneme,Media,43,NA
OVERSAMPLING,05-phoneme,Media,44,NA
OVERSAMPLING,05-phoneme,Media,45,NA
OVERSAMPLING,05-phoneme,Media,46,NA
OVERSAMPLING,05-phoneme,Media,48,NA
OVERSAMPLING,05-phoneme,Media,49,NA
OVERSAMPLING,05-phoneme,Desvio_Padrao,time,NA
OVERSAMPLING,05-phoneme,Desvio_Padrao,v1,NA
OVERSAMPLING,05-phoneme,Desvio_Padrao,v2,NA
OVERSAMPLING,05-phoneme,Desvio_Padrao,v3,NA
OVERSAMPLING,05-phoneme,Desvio_Padrao,v4,NA
OVERSAMPLING,05-phoneme,Desvio_Padrao,v5,NA
OVERSAMPLING,05-phoneme,Desvio_Padrao,v6,NA
OVERSAMPLING,05-phoneme,Desvio_Padrao,v7,NA
OVERSAMPLING,05-phoneme,Desvio_Padrao,v8,NA
OVERSAMPLING,05-phoneme,Desvio_Padrao,v9,NA
OVERSAMPLING,05-phoneme,Desvio_Padrao,v10,NA
OVERSAMPLING,05-phoneme,Desvio_Padrao,v11,NA
OVERSAMPLING,05-phoneme,Desvio_Padrao,v12,NA
OVERSAMPLING,05-phoneme,Desvio_Padrao,v13,NA
OVERSAMPLING,05-phoneme,Desvio_Padrao,v14,NA
OVERSAMPLING,05-phoneme,Desvio_Padrao,v15,NA
OVERSAMPLING,05-phoneme,Desvio_Padrao,v16,NA
OVERSAMPLING,05-phoneme,Desvio_Padrao,v17,NA
OVERSAMPLING,05-phoneme,Desvio_Padrao,v18,NA
OVERSAMPLING,05-phoneme,Desvio_Padrao,v19,NA
OVERSAMPLING,05-phoneme,Desvio_Padrao,v20,NA
OVERSAMPLING,05-phoneme,Desvio_Padrao,v21,NA
OVERSAMPLING,05-phoneme,Desvio_Padrao,v22,NA
OVERSAMPLING,05-phoneme,Desvio_Padrao,v23,NA
OVERSAMPLING,05-phoneme,Desvio_Padrao,v24,NA
OVERSAMPLING,05-phoneme,Desvio_Padrao,v25,NA
OVERSAMPLING,05-phoneme,Desvio_Padrao,v26,NA
OVERSAMPLING,05-phoneme,Desvio_Padrao,v27,NA
OVERSAMPLING,05-phoneme,Desvio_Padrao,v28,NA
OVERSAMPLING,05-phoneme,Desvio_Padrao,amount,NA
OVERSAMPLING,05-phoneme,Desvio_Padrao,radius1,NA
OVERSAMPLING,05-phoneme,Desvio_Padrao,texture1,NA
OVERSAMPLING,05-phoneme,Desvio_Padrao,perimeter1,NA
OVERSAMPLING,05-phoneme,Desvio_Padrao,area1,NA
OVERSAMPLING,05-phoneme,Desvio_Padrao,smoothness1,NA
OVERSAMPLING,05-phoneme,Desvio_Padrao,compactness1,NA
OVERSAMPLING,05-phoneme,Desvio_Padrao,concavity1,NA
OVERSAMPLING,05-phoneme,Desvio_Padrao,concave_points1,NA
OVERSAMPLING,05-phoneme,Desvio_Padrao,symmetry1,NA
OVERSAMPLING,05-phoneme,Desvio_Padrao,fractal_dimension1,NA
OVERSAMPLING,05-phoneme,Desvio_Padrao,radius2,NA
OVERSAMPLING,05-phoneme,Desvio_Padrao,texture2,NA
OVERSAMPLING,05-phoneme,Desvio_Padrao,perimeter2,NA
OVERSAMPLING,05-phoneme,Desvio_Padrao,area2,NA
OVERSAMPLING,05-phoneme,Desvio_Padrao,smoothness2,NA
OVERSAMPLING,05-phoneme,Desvio_Padrao,compactness2,NA
OVERSAMPLING,05-phoneme,Desvio_Padrao,concavity2,NA
OVERSAMPLING,05-phoneme,Desvio_Padrao,concave_points2,NA
OVERSAMPLING,05-phoneme,Desvio_Padrao,symmetry2,NA
OVERSAMPLING,05-phoneme,Desvio_Padrao,fractal_dimension2,NA
OVERSAMPLING,05-phoneme,Desvio_Padrao,radius3,NA
OVERSAMPLING,05-phoneme,Desvio_Padrao,texture3,NA
OVERSAMPLING,05-phoneme,Desvio_Padrao,perimeter3,NA
OVERSAMPLING,05-phoneme,Desvio_Padrao,area3,NA
OVERSAMPLING,05-phoneme,Desvio_Padrao,smoothness3,NA
OVERSAMPLING,05-phoneme,Desvio_Padrao,compactness3,NA
OVERSAMPLING,05-phoneme,Desvio_Padrao,concavity3,NA
OVERSAMPLING,05-phoneme,Desvio_Padrao,concave_points3,NA
OVERSAMPLING,05-phoneme,Desvio_Padrao,symmetry3,NA
OVERSAMPLING,05-phoneme,Desvio_Padrao,fractal_dimension3,NA
OVERSAMPLING,05-phoneme,Desvio_Padrao,pregnancies,NA
OVERSAMPLING,05-phoneme,Desvio_Padrao,glucose,NA
OVERSAMPLING,05-phoneme,Desvio_Padrao,bloodpressure,NA
OVERSAMPLING,05-phoneme,Desvio_Padrao,skinthickness,NA
OVERSAMPLING,05-phoneme,Desvio_Padrao,insulin,NA
OVERSAMPLING,05-phoneme,Desvio_Padrao,bmi,NA
OVERSAMPLING,05-phoneme,Desvio_Padrao,diabetespedigreefunction,NA
OVERSAMPLING,05-phoneme,Desvio_Padrao,age,NA
OVERSAMPLING,05-phoneme,Desvio_Padrao,attribute01,NA
OVERSAMPLING,05-phoneme,Desvio_Padrao,attribute02,NA
OVERSAMPLING,05-phoneme,Desvio_Padrao,attribute03,NA
OVERSAMPLING,05-phoneme,Desvio_Padrao,attribute04,NA
OVERSAMPLING,05-phoneme,Desvio_Padrao,attribute05,NA
OVERSAMPLING,05-phoneme,Desvio_Padrao,attribute06,NA
OVERSAMPLING,05-phoneme,Desvio_Padrao,attribute07,NA
OVERSAMPLING,05-phoneme,Desvio_Padrao,attribute08,NA
OVERSAMPLING,05-phoneme,Desvio_Padrao,attribute09,NA
OVERSAMPLING,05-phoneme,Desvio_Padrao,attribute10,NA
OVERSAMPLING,05-phoneme,Desvio_Padrao,attribute11,NA
OVERSAMPLING,05-phoneme,Desvio_Padrao,attribute12,NA
OVERSAMPLING,05-phoneme,Desvio_Padrao,attribute13,NA
OVERSAMPLING,05-phoneme,Desvio_Padrao,attribute14,NA
OVERSAMPLING,05-phoneme,Desvio_Padrao,attribute15,NA
OVERSAMPLING,05-phoneme,Desvio_Padrao,attribute16,NA
OVERSAMPLING,05-phoneme,Desvio_Padrao,attribute17,NA
OVERSAMPLING,05-phoneme,Desvio_Padrao,attribute18,NA
OVERSAMPLING,05-phoneme,Desvio_Padrao,attribute19,NA
OVERSAMPLING,05-phoneme,Desvio_Padrao,attribute20,NA
OVERSAMPLING,05-phoneme,Desvio_Padrao,attribute21,NA
OVERSAMPLING,05-phoneme,Desvio_Padrao,attribute22,NA
OVERSAMPLING,05-phoneme,Desvio_Padrao,attribute23,NA
OVERSAMPLING,05-phoneme,Desvio_Padrao,attribute24,NA
OVERSAMPLING,05-phoneme,Desvio_Padrao,attribute25,NA
OVERSAMPLING,05-phoneme,Desvio_Padrao,attribute26,NA
OVERSAMPLING,05-phoneme,Desvio_Padrao,attribute27,NA
OVERSAMPLING,05-phoneme,Desvio_Padrao,attribute28,NA
OVERSAMPLING,05-phoneme,Desvio_Padrao,attribute29,NA
OVERSAMPLING,05-phoneme,Desvio_Padrao,attribute30,NA
OVERSAMPLING,05-phoneme,Desvio_Padrao,attribute31,NA
OVERSAMPLING,05-phoneme,Desvio_Padrao,attribute32,NA
OVERSAMPLING,05-phoneme,Desvio_Padrao,attribute33,NA
OVERSAMPLING,05-phoneme,Desvio_Padrao,attribute34,NA
OVERSAMPLING,05-phoneme,Desvio_Padrao,aa,0.7667817981064007
OVERSAMPLING,05-phoneme,Desvio_Padrao,ao,0.8141741971565558
OVERSAMPLING,05-phoneme,Desvio_Padrao,dcl,0.8928052386385259
OVERSAMPLING,05-phoneme,Desvio_Padrao,iy,0.843312699047756
OVERSAMPLING,05-phoneme,Desvio_Padrao,sh,0.6469361978433036
OVERSAMPLING,05-phoneme,Desvio_Padrao,0,NA
OVERSAMPLING,05-phoneme,Desvio_Padrao,1,NA
OVERSAMPLING,05-phoneme,Desvio_Padrao,2,NA
OVERSAMPLING,05-phoneme,Desvio_Padrao,3,NA
OVERSAMPLING,05-phoneme,Desvio_Padrao,4,NA
OVERSAMPLING,05-phoneme,Desvio_Padrao,5,NA
OVERSAMPLING,05-phoneme,Desvio_Padrao,6,NA
OVERSAMPLING,05-phoneme,Desvio_Padrao,7,NA
OVERSAMPLING,05-phoneme,Desvio_Padrao,8,NA
OVERSAMPLING,05-phoneme,Desvio_Padrao,9,NA
OVERSAMPLING,05-phoneme,Desvio_Padrao,10,NA
OVERSAMPLING,05-phoneme,Desvio_Padrao,11,NA
OVERSAMPLING,05-phoneme,Desvio_Padrao,12,NA
OVERSAMPLING,05-phoneme,Desvio_Padrao,13,NA
OVERSAMPLING,05-phoneme,Desvio_Padrao,14,NA
OVERSAMPLING,05-phoneme,Desvio_Padrao,15,NA
OVERSAMPLING,05-phoneme,Desvio_Padrao,16,NA
OVERSAMPLING,05-phoneme,Desvio_Padrao,17,NA
OVERSAMPLING,05-phoneme,Desvio_Padrao,18,NA
OVERSAMPLING,05-phoneme,Desvio_Padrao,19,NA
OVERSAMPLING,05-phoneme,Desvio_Padrao,20,NA
OVERSAMPLING,05-phoneme,Desvio_Padrao,21,NA
OVERSAMPLING,05-phoneme,Desvio_Padrao,22,NA
OVERSAMPLING,05-phoneme,Desvio_Padrao,23,NA
OVERSAMPLING,05-phoneme,Desvio_Padrao,24,NA
OVERSAMPLING,05-phoneme,Desvio_Padrao,25,NA
OVERSAMPLING,05-phoneme,Desvio_Padrao,26,NA
OVERSAMPLING,05-phoneme,Desvio_Padrao,27,NA
OVERSAMPLING,05-phoneme,Desvio_Padrao,28,NA
OVERSAMPLING,05-phoneme,Desvio_Padrao,29,NA
OVERSAMPLING,05-phoneme,Desvio_Padrao,30,NA
OVERSAMPLING,05-phoneme,Desvio_Padrao,31,NA
OVERSAMPLING,05-phoneme,Desvio_Padrao,32,NA
OVERSAMPLING,05-phoneme,Desvio_Padrao,33,NA
OVERSAMPLING,05-phoneme,Desvio_Padrao,34,NA
OVERSAMPLING,05-phoneme,Desvio_Padrao,35,NA
OVERSAMPLING,05-phoneme,Desvio_Padrao,36,NA
OVERSAMPLING,05-phoneme,Desvio_Padrao,37,NA
OVERSAMPLING,05-phoneme,Desvio_Padrao,38,NA
OVERSAMPLING,05-phoneme,Desvio_Padrao,39,NA
OVERSAMPLING,05-phoneme,Desvio_Padrao,40,NA
OVERSAMPLING,05-phoneme,Desvio_Padrao,41,NA
OVERSAMPLING,05-phoneme,Desvio_Padrao,42,NA
OVERSAMPLING,05-phoneme,Desvio_Padrao,43,NA
OVERSAMPLING,05-phoneme,Desvio_Padrao,44,NA
OVERSAMPLING,05-phoneme,Desvio_Padrao,45,NA
OVERSAMPLING,05-phoneme,Desvio_Padrao,46,NA
OVERSAMPLING,05-phoneme,Desvio_Padrao,48,NA
OVERSAMPLING,05-phoneme,Desvio_Padrao,49,NA
OVERSAMPLING,05-phoneme,Minimo,time,NA
OVERSAMPLING,05-phoneme,Minimo,v1,NA
OVERSAMPLING,05-phoneme,Minimo,v2,NA
OVERSAMPLING,05-phoneme,Minimo,v3,NA
OVERSAMPLING,05-phoneme,Minimo,v4,NA
OVERSAMPLING,05-phoneme,Minimo,v5,NA
OVERSAMPLING,05-phoneme,Minimo,v6,NA
OVERSAMPLING,05-phoneme,Minimo,v7,NA
OVERSAMPLING,05-phoneme,Minimo,v8,NA
OVERSAMPLING,05-phoneme,Minimo,v9,NA
OVERSAMPLING,05-phoneme,Minimo,v10,NA
OVERSAMPLING,05-phoneme,Minimo,v11,NA
OVERSAMPLING,05-phoneme,Minimo,v12,NA
OVERSAMPLING,05-phoneme,Minimo,v13,NA
OVERSAMPLING,05-phoneme,Minimo,v14,NA
OVERSAMPLING,05-phoneme,Minimo,v15,NA
OVERSAMPLING,05-phoneme,Minimo,v16,NA
OVERSAMPLING,05-phoneme,Minimo,v17,NA
OVERSAMPLING,05-phoneme,Minimo,v18,NA
OVERSAMPLING,05-phoneme,Minimo,v19,NA
OVERSAMPLING,05-phoneme,Minimo,v20,NA
OVERSAMPLING,05-phoneme,Minimo,v21,NA
OVERSAMPLING,05-phoneme,Minimo,v22,NA
OVERSAMPLING,05-phoneme,Minimo,v23,NA
OVERSAMPLING,05-phoneme,Minimo,v24,NA
OVERSAMPLING,05-phoneme,Minimo,v25,NA
OVERSAMPLING,05-phoneme,Minimo,v26,NA
OVERSAMPLING,05-phoneme,Minimo,v27,NA
OVERSAMPLING,05-phoneme,Minimo,v28,NA
OVERSAMPLING,05-phoneme,Minimo,amount,NA
OVERSAMPLING,05-phoneme,Minimo,radius1,NA
OVERSAMPLING,05-phoneme,Minimo,texture1,NA
OVERSAMPLING,05-phoneme,Minimo,perimeter1,NA
OVERSAMPLING,05-phoneme,Minimo,area1,NA
OVERSAMPLING,05-phoneme,Minimo,smoothness1,NA
OVERSAMPLING,05-phoneme,Minimo,compactness1,NA
OVERSAMPLING,05-phoneme,Minimo,concavity1,NA
OVERSAMPLING,05-phoneme,Minimo,concave_points1,NA
OVERSAMPLING,05-phoneme,Minimo,symmetry1,NA
OVERSAMPLING,05-phoneme,Minimo,fractal_dimension1,NA
OVERSAMPLING,05-phoneme,Minimo,radius2,NA
OVERSAMPLING,05-phoneme,Minimo,texture2,NA
OVERSAMPLING,05-phoneme,Minimo,perimeter2,NA
OVERSAMPLING,05-phoneme,Minimo,area2,NA
OVERSAMPLING,05-phoneme,Minimo,smoothness2,NA
OVERSAMPLING,05-phoneme,Minimo,compactness2,NA
OVERSAMPLING,05-phoneme,Minimo,concavity2,NA
OVERSAMPLING,05-phoneme,Minimo,concave_points2,NA
OVERSAMPLING,05-phoneme,Minimo,symmetry2,NA
OVERSAMPLING,05-phoneme,Minimo,fractal_dimension2,NA
OVERSAMPLING,05-phoneme,Minimo,radius3,NA
OVERSAMPLING,05-phoneme,Minimo,texture3,NA
OVERSAMPLING,05-phoneme,Minimo,perimeter3,NA
OVERSAMPLING,05-phoneme,Minimo,area3,NA
OVERSAMPLING,05-phoneme,Minimo,smoothness3,NA
OVERSAMPLING,05-phoneme,Minimo,compactness3,NA
OVERSAMPLING,05-phoneme,Minimo,concavity3,NA
OVERSAMPLING,05-phoneme,Minimo,concave_points3,NA
OVERSAMPLING,05-phoneme,Minimo,symmetry3,NA
OVERSAMPLING,05-phoneme,Minimo,fractal_dimension3,NA
OVERSAMPLING,05-phoneme,Minimo,pregnancies,NA
OVERSAMPLING,05-phoneme,Minimo,glucose,NA
OVERSAMPLING,05-phoneme,Minimo,bloodpressure,NA
OVERSAMPLING,05-phoneme,Minimo,skinthickness,NA
OVERSAMPLING,05-phoneme,Minimo,insulin,NA
OVERSAMPLING,05-phoneme,Minimo,bmi,NA
OVERSAMPLING,05-phoneme,Minimo,diabetespedigreefunction,NA
OVERSAMPLING,05-phoneme,Minimo,age,NA
OVERSAMPLING,05-phoneme,Minimo,attribute01,NA
OVERSAMPLING,05-phoneme,Minimo,attribute02,NA
OVERSAMPLING,05-phoneme,Minimo,attribute03,NA
OVERSAMPLING,05-phoneme,Minimo,attribute04,NA
OVERSAMPLING,05-phoneme,Minimo,attribute05,NA
OVERSAMPLING,05-phoneme,Minimo,attribute06,NA
OVERSAMPLING,05-phoneme,Minimo,attribute07,NA
OVERSAMPLING,05-phoneme,Minimo,attribute08,NA
OVERSAMPLING,05-phoneme,Minimo,attribute09,NA
OVERSAMPLING,05-phoneme,Minimo,attribute10,NA
OVERSAMPLING,05-phoneme,Minimo,attribute11,NA
OVERSAMPLING,05-phoneme,Minimo,attribute12,NA
OVERSAMPLING,05-phoneme,Minimo,attribute13,NA
OVERSAMPLING,05-phoneme,Minimo,attribute14,NA
OVERSAMPLING,05-phoneme,Minimo,attribute15,NA
OVERSAMPLING,05-phoneme,Minimo,attribute16,NA
OVERSAMPLING,05-phoneme,Minimo,attribute17,NA
OVERSAMPLING,05-phoneme,Minimo,attribute18,NA
OVERSAMPLING,05-phoneme,Minimo,attribute19,NA
OVERSAMPLING,05-phoneme,Minimo,attribute20,NA
OVERSAMPLING,05-phoneme,Minimo,attribute21,NA
OVERSAMPLING,05-phoneme,Minimo,attribute22,NA
OVERSAMPLING,05-phoneme,Minimo,attribute23,NA
OVERSAMPLING,05-phoneme,Minimo,attribute24,NA
OVERSAMPLING,05-phoneme,Minimo,attribute25,NA
OVERSAMPLING,05-phoneme,Minimo,attribute26,NA
OVERSAMPLING,05-phoneme,Minimo,attribute27,NA
OVERSAMPLING,05-phoneme,Minimo,attribute28,NA
OVERSAMPLING,05-phoneme,Minimo,attribute29,NA
OVERSAMPLING,05-phoneme,Minimo,attribute30,NA
OVERSAMPLING,05-phoneme,Minimo,attribute31,NA
OVERSAMPLING,05-phoneme,Minimo,attribute32,NA
OVERSAMPLING,05-phoneme,Minimo,attribute33,NA
OVERSAMPLING,05-phoneme,Minimo,attribute34,NA
OVERSAMPLING,05-phoneme,Minimo,aa,-1.7
OVERSAMPLING,05-phoneme,Minimo,ao,-1.327
OVERSAMPLING,05-phoneme,Minimo,dcl,-1.823
OVERSAMPLING,05-phoneme,Minimo,iy,-1.581
OVERSAMPLING,05-phoneme,Minimo,sh,-1.284
OVERSAMPLING,05-phoneme,Minimo,0,NA
OVERSAMPLING,05-phoneme,Minimo,1,NA
OVERSAMPLING,05-phoneme,Minimo,2,NA
OVERSAMPLING,05-phoneme,Minimo,3,NA
OVERSAMPLING,05-phoneme,Minimo,4,NA
OVERSAMPLING,05-phoneme,Minimo,5,NA
OVERSAMPLING,05-phoneme,Minimo,6,NA
OVERSAMPLING,05-phoneme,Minimo,7,NA
OVERSAMPLING,05-phoneme,Minimo,8,NA
OVERSAMPLING,05-phoneme,Minimo,9,NA
OVERSAMPLING,05-phoneme,Minimo,10,NA
OVERSAMPLING,05-phoneme,Minimo,11,NA
OVERSAMPLING,05-phoneme,Minimo,12,NA
OVERSAMPLING,05-phoneme,Minimo,13,NA
OVERSAMPLING,05-phoneme,Minimo,14,NA
OVERSAMPLING,05-phoneme,Minimo,15,NA
OVERSAMPLING,05-phoneme,Minimo,16,NA
OVERSAMPLING,05-phoneme,Minimo,17,NA
OVERSAMPLING,05-phoneme,Minimo,18,NA
OVERSAMPLING,05-phoneme,Minimo,19,NA
OVERSAMPLING,05-phoneme,Minimo,20,NA
OVERSAMPLING,05-phoneme,Minimo,21,NA
OVERSAMPLING,05-phoneme,Minimo,22,NA
OVERSAMPLING,05-phoneme,Minimo,23,NA
OVERSAMPLING,05-phoneme,Minimo,24,NA
OVERSAMPLING,05-phoneme,Minimo,25,NA
OVERSAMPLING,05-phoneme,Minimo,26,NA
OVERSAMPLING,05-phoneme,Minimo,27,NA
OVERSAMPLING,05-phoneme,Minimo,28,NA
OVERSAMPLING,05-phoneme,Minimo,29,NA
OVERSAMPLING,05-phoneme,Minimo,30,NA
OVERSAMPLING,05-phoneme,Minimo,31,NA
OVERSAMPLING,05-phoneme,Minimo,32,NA
OVERSAMPLING,05-phoneme,Minimo,33,NA
OVERSAMPLING,05-phoneme,Minimo,34,NA
OVERSAMPLING,05-phoneme,Minimo,35,NA
OVERSAMPLING,05-phoneme,Minimo,36,NA
OVERSAMPLING,05-phoneme,Minimo,37,NA
OVERSAMPLING,05-phoneme,Minimo,38,NA
OVERSAMPLING,05-phoneme,Minimo,39,NA
OVERSAMPLING,05-phoneme,Minimo,40,NA
OVERSAMPLING,05-phoneme,Minimo,41,NA
OVERSAMPLING,05-phoneme,Minimo,42,NA
OVERSAMPLING,05-phoneme,Minimo,43,NA
OVERSAMPLING,05-phoneme,Minimo,44,NA
OVERSAMPLING,05-phoneme,Minimo,45,NA
OVERSAMPLING,05-phoneme,Minimo,46,NA
OVERSAMPLING,05-phoneme,Minimo,48,NA
OVERSAMPLING,05-phoneme,Minimo,49,NA
OVERSAMPLING,05-phoneme,Maximo,time,NA
OVERSAMPLING,05-phoneme,Maximo,v1,NA
OVERSAMPLING,05-phoneme,Maximo,v2,NA
OVERSAMPLING,05-phoneme,Maximo,v3,NA
OVERSAMPLING,05-phoneme,Maximo,v4,NA
OVERSAMPLING,05-phoneme,Maximo,v5,NA
OVERSAMPLING,05-phoneme,Maximo,v6,NA
OVERSAMPLING,05-phoneme,Maximo,v7,NA
OVERSAMPLING,05-phoneme,Maximo,v8,NA
OVERSAMPLING,05-phoneme,Maximo,v9,NA
OVERSAMPLING,05-phoneme,Maximo,v10,NA
OVERSAMPLING,05-phoneme,Maximo,v11,NA
OVERSAMPLING,05-phoneme,Maximo,v12,NA
OVERSAMPLING,05-phoneme,Maximo,v13,NA
OVERSAMPLING,05-phoneme,Maximo,v14,NA
OVERSAMPLING,05-phoneme,Maximo,v15,NA
OVERSAMPLING,05-phoneme,Maximo,v16,NA
OVERSAMPLING,05-phoneme,Maximo,v17,NA
OVERSAMPLING,05-phoneme,Maximo,v18,NA
OVERSAMPLING,05-phoneme,Maximo,v19,NA
OVERSAMPLING,05-phoneme,Maximo,v20,NA
OVERSAMPLING,05-phoneme,Maximo,v21,NA
OVERSAMPLING,05-phoneme,Maximo,v22,NA
OVERSAMPLING,05-phoneme,Maximo,v23,NA
OVERSAMPLING,05-phoneme,Maximo,v24,NA
OVERSAMPLING,05-phoneme,Maximo,v25,NA
OVERSAMPLING,05-phoneme,Maximo,v26,NA
OVERSAMPLING,05-phoneme,Maximo,v27,NA
OVERSAMPLING,05-phoneme,Maximo,v28,NA
OVERSAMPLING,05-phoneme,Maximo,amount,NA
OVERSAMPLING,05-phoneme,Maximo,radius1,NA
OVERSAMPLING,05-phoneme,Maximo,texture1,NA
OVERSAMPLING,05-phoneme,Maximo,perimeter1,NA
OVERSAMPLING,05-phoneme,Maximo,area1,NA
OVERSAMPLING,05-phoneme,Maximo,smoothness1,NA
OVERSAMPLING,05-phoneme,Maximo,compactness1,NA
OVERSAMPLING,05-phoneme,Maximo,concavity1,NA
OVERSAMPLING,05-phoneme,Maximo,concave_points1,NA
OVERSAMPLING,05-phoneme,Maximo,symmetry1,NA
OVERSAMPLING,05-phoneme,Maximo,fractal_dimension1,NA
OVERSAMPLING,05-phoneme,Maximo,radius2,NA
OVERSAMPLING,05-phoneme,Maximo,texture2,NA
OVERSAMPLING,05-phoneme,Maximo,perimeter2,NA
OVERSAMPLING,05-phoneme,Maximo,area2,NA
OVERSAMPLING,05-phoneme,Maximo,smoothness2,NA
OVERSAMPLING,05-phoneme,Maximo,compactness2,NA
OVERSAMPLING,05-phoneme,Maximo,concavity2,NA
OVERSAMPLING,05-phoneme,Maximo,concave_points2,NA
OVERSAMPLING,05-phoneme,Maximo,symmetry2,NA
OVERSAMPLING,05-phoneme,Maximo,fractal_dimension2,NA
OVERSAMPLING,05-phoneme,Maximo,radius3,NA
OVERSAMPLING,05-phoneme,Maximo,texture3,NA
OVERSAMPLING,05-phoneme,Maximo,perimeter3,NA
OVERSAMPLING,05-phoneme,Maximo,area3,NA
OVERSAMPLING,05-phoneme,Maximo,smoothness3,NA
OVERSAMPLING,05-phoneme,Maximo,compactness3,NA
OVERSAMPLING,05-phoneme,Maximo,concavity3,NA
OVERSAMPLING,05-phoneme,Maximo,concave_points3,NA
OVERSAMPLING,05-phoneme,Maximo,symmetry3,NA
OVERSAMPLING,05-phoneme,Maximo,fractal_dimension3,NA
OVERSAMPLING,05-phoneme,Maximo,pregnancies,NA
OVERSAMPLING,05-phoneme,Maximo,glucose,NA
OVERSAMPLING,05-phoneme,Maximo,bloodpressure,NA
OVERSAMPLING,05-phoneme,Maximo,skinthickness,NA
OVERSAMPLING,05-phoneme,Maximo,insulin,NA
OVERSAMPLING,05-phoneme,Maximo,bmi,NA
OVERSAMPLING,05-phoneme,Maximo,diabetespedigreefunction,NA
OVERSAMPLING,05-phoneme,Maximo,age,NA
OVERSAMPLING,05-phoneme,Maximo,attribute01,NA
OVERSAMPLING,05-phoneme,Maximo,attribute02,NA
OVERSAMPLING,05-phoneme,Maximo,attribute03,NA
OVERSAMPLING,05-phoneme,Maximo,attribute04,NA
OVERSAMPLING,05-phoneme,Maximo,attribute05,NA
OVERSAMPLING,05-phoneme,Maximo,attribute06,NA
OVERSAMPLING,05-phoneme,Maximo,attribute07,NA
OVERSAMPLING,05-phoneme,Maximo,attribute08,NA
OVERSAMPLING,05-phoneme,Maximo,attribute09,NA
OVERSAMPLING,05-phoneme,Maximo,attribute10,NA
OVERSAMPLING,05-phoneme,Maximo,attribute11,NA
OVERSAMPLING,05-phoneme,Maximo,attribute12,NA
OVERSAMPLING,05-phoneme,Maximo,attribute13,NA
OVERSAMPLING,05-phoneme,Maximo,attribute14,NA
OVERSAMPLING,05-phoneme,Maximo,attribute15,NA
OVERSAMPLING,05-phoneme,Maximo,attribute16,NA
OVERSAMPLING,05-phoneme,Maximo,attribute17,NA
OVERSAMPLING,05-phoneme,Maximo,attribute18,NA
OVERSAMPLING,05-phoneme,Maximo,attribute19,NA
OVERSAMPLING,05-phoneme,Maximo,attribute20,NA
OVERSAMPLING,05-phoneme,Maximo,attribute21,NA
OVERSAMPLING,05-phoneme,Maximo,attribute22,NA
OVERSAMPLING,05-phoneme,Maximo,attribute23,NA
OVERSAMPLING,05-phoneme,Maximo,attribute24,NA
OVERSAMPLING,05-phoneme,Maximo,attribute25,NA
OVERSAMPLING,05-phoneme,Maximo,attribute26,NA
OVERSAMPLING,05-phoneme,Maximo,attribute27,NA
OVERSAMPLING,05-phoneme,Maximo,attribute28,NA
OVERSAMPLING,05-phoneme,Maximo,attribute29,NA
OVERSAMPLING,05-phoneme,Maximo,attribute30,NA
OVERSAMPLING,05-phoneme,Maximo,attribute31,NA
OVERSAMPLING,05-phoneme,Maximo,attribute32,NA
OVERSAMPLING,05-phoneme,Maximo,attribute33,NA
OVERSAMPLING,05-phoneme,Maximo,attribute34,NA
OVERSAMPLING,05-phoneme,Maximo,aa,4.107
OVERSAMPLING,05-phoneme,Maximo,ao,4.378
OVERSAMPLING,05-phoneme,Maximo,dcl,3.199
OVERSAMPLING,05-phoneme,Maximo,iy,2.826
OVERSAMPLING,05-phoneme,Maximo,sh,2.719
OVERSAMPLING,05-phoneme,Maximo,0,NA
OVERSAMPLING,05-phoneme,Maximo,1,NA
OVERSAMPLING,05-phoneme,Maximo,2,NA
OVERSAMPLING,05-phoneme,Maximo,3,NA
OVERSAMPLING,05-phoneme,Maximo,4,NA
OVERSAMPLING,05-phoneme,Maximo,5,NA
OVERSAMPLING,05-phoneme,Maximo,6,NA
OVERSAMPLING,05-phoneme,Maximo,7,NA
OVERSAMPLING,05-phoneme,Maximo,8,NA
OVERSAMPLING,05-phoneme,Maximo,9,NA
OVERSAMPLING,05-phoneme,Maximo,10,NA
OVERSAMPLING,05-phoneme,Maximo,11,NA
OVERSAMPLING,05-phoneme,Maximo,12,NA
OVERSAMPLING,05-phoneme,Maximo,13,NA
OVERSAMPLING,05-phoneme,Maximo,14,NA
OVERSAMPLING,05-phoneme,Maximo,15,NA
OVERSAMPLING,05-phoneme,Maximo,16,NA
OVERSAMPLING,05-phoneme,Maximo,17,NA
OVERSAMPLING,05-phoneme,Maximo,18,NA
OVERSAMPLING,05-phoneme,Maximo,19,NA
OVERSAMPLING,05-phoneme,Maximo,20,NA
OVERSAMPLING,05-phoneme,Maximo,21,NA
OVERSAMPLING,05-phoneme,Maximo,22,NA
OVERSAMPLING,05-phoneme,Maximo,23,NA
OVERSAMPLING,05-phoneme,Maximo,24,NA
OVERSAMPLING,05-phoneme,Maximo,25,NA
OVERSAMPLING,05-phoneme,Maximo,26,NA
OVERSAMPLING,05-phoneme,Maximo,27,NA
OVERSAMPLING,05-phoneme,Maximo,28,NA
OVERSAMPLING,05-phoneme,Maximo,29,NA
OVERSAMPLING,05-phoneme,Maximo,30,NA
OVERSAMPLING,05-phoneme,Maximo,31,NA
OVERSAMPLING,05-phoneme,Maximo,32,NA
OVERSAMPLING,05-phoneme,Maximo,33,NA
OVERSAMPLING,05-phoneme,Maximo,34,NA
OVERSAMPLING,05-phoneme,Maximo,35,NA
OVERSAMPLING,05-phoneme,Maximo,36,NA
OVERSAMPLING,05-phoneme,Maximo,37,NA
OVERSAMPLING,05-phoneme,Maximo,38,NA
OVERSAMPLING,05-phoneme,Maximo,39,NA
OVERSAMPLING,05-phoneme,Maximo,40,NA
OVERSAMPLING,05-phoneme,Maximo,41,NA
OVERSAMPLING,05-phoneme,Maximo,42,NA
OVERSAMPLING,05-phoneme,Maximo,43,NA
OVERSAMPLING,05-phoneme,Maximo,44,NA
OVERSAMPLING,05-phoneme,Maximo,45,NA
OVERSAMPLING,05-phoneme,Maximo,46,NA
OVERSAMPLING,05-phoneme,Maximo,48,NA
OVERSAMPLING,05-phoneme,Maximo,49,NA
OVERSAMPLING,06-The Mammography (Kevin Woods),Media,time,NA
OVERSAMPLING,06-The Mammography (Kevin Woods),Media,v1,NA
OVERSAMPLING,06-The Mammography (Kevin Woods),Media,v2,NA
OVERSAMPLING,06-The Mammography (Kevin Woods),Media,v3,NA
OVERSAMPLING,06-The Mammography (Kevin Woods),Media,v4,NA
OVERSAMPLING,06-The Mammography (Kevin Woods),Media,v5,NA
OVERSAMPLING,06-The Mammography (Kevin Woods),Media,v6,NA
OVERSAMPLING,06-The Mammography (Kevin Woods),Media,v7,NA
OVERSAMPLING,06-The Mammography (Kevin Woods),Media,v8,NA
OVERSAMPLING,06-The Mammography (Kevin Woods),Media,v9,NA
OVERSAMPLING,06-The Mammography (Kevin Woods),Media,v10,NA
OVERSAMPLING,06-The Mammography (Kevin Woods),Media,v11,NA
OVERSAMPLING,06-The Mammography (Kevin Woods),Media,v12,NA
OVERSAMPLING,06-The Mammography (Kevin Woods),Media,v13,NA
OVERSAMPLING,06-The Mammography (Kevin Woods),Media,v14,NA
OVERSAMPLING,06-The Mammography (Kevin Woods),Media,v15,NA
OVERSAMPLING,06-The Mammography (Kevin Woods),Media,v16,NA
OVERSAMPLING,06-The Mammography (Kevin Woods),Media,v17,NA
OVERSAMPLING,06-The Mammography (Kevin Woods),Media,v18,NA
OVERSAMPLING,06-The Mammography (Kevin Woods),Media,v19,NA
OVERSAMPLING,06-The Mammography (Kevin Woods),Media,v20,NA
OVERSAMPLING,06-The Mammography (Kevin Woods),Media,v21,NA
OVERSAMPLING,06-The Mammography (Kevin Woods),Media,v22,NA
OVERSAMPLING,06-The Mammography (Kevin Woods),Media,v23,NA
OVERSAMPLING,06-The Mammography (Kevin Woods),Media,v24,NA
OVERSAMPLING,06-The Mammography (Kevin Woods),Media,v25,NA
OVERSAMPLING,06-The Mammography (Kevin Woods),Media,v26,NA
OVERSAMPLING,06-The Mammography (Kevin Woods),Media,v27,NA
OVERSAMPLING,06-The Mammography (Kevin Woods),Media,v28,NA
OVERSAMPLING,06-The Mammography (Kevin Woods),Media,amount,NA
OVERSAMPLING,06-The Mammography (Kevin Woods),Media,radius1,NA
OVERSAMPLING,06-The Mammography (Kevin Woods),Media,texture1,NA
OVERSAMPLING,06-The Mammography (Kevin Woods),Media,perimeter1,NA
OVERSAMPLING,06-The Mammography (Kevin Woods),Media,area1,NA
OVERSAMPLING,06-The Mammography (Kevin Woods),Media,smoothness1,NA
OVERSAMPLING,06-The Mammography (Kevin Woods),Media,compactness1,NA
OVERSAMPLING,06-The Mammography (Kevin Woods),Media,concavity1,NA
OVERSAMPLING,06-The Mammography (Kevin Woods),Media,concave_points1,NA
OVERSAMPLING,06-The Mammography (Kevin Woods),Media,symmetry1,NA
OVERSAMPLING,06-The Mammography (Kevin Woods),Media,fractal_dimension1,NA
OVERSAMPLING,06-The Mammography (Kevin Woods),Media,radius2,NA
OVERSAMPLING,06-The Mammography (Kevin Woods),Media,texture2,NA
OVERSAMPLING,06-The Mammography (Kevin Woods),Media,perimeter2,NA
OVERSAMPLING,06-The Mammography (Kevin Woods),Media,area2,NA
OVERSAMPLING,06-The Mammography (Kevin Woods),Media,smoothness2,NA
OVERSAMPLING,06-The Mammography (Kevin Woods),Media,compactness2,NA
OVERSAMPLING,06-The Mammography (Kevin Woods),Media,concavity2,NA
OVERSAMPLING,06-The Mammography (Kevin Woods),Media,concave_points2,NA
OVERSAMPLING,06-The Mammography (Kevin Woods),Media,symmetry2,NA
OVERSAMPLING,06-The Mammography (Kevin Woods),Media,fractal_dimension2,NA
OVERSAMPLING,06-The Mammography (Kevin Woods),Media,radius3,NA
OVERSAMPLING,06-The Mammography (Kevin Woods),Media,texture3,NA
OVERSAMPLING,06-The Mammography (Kevin Woods),Media,perimeter3,NA
OVERSAMPLING,06-The Mammography (Kevin Woods),Media,area3,NA
OVERSAMPLING,06-The Mammography (Kevin Woods),Media,smoothness3,NA
OVERSAMPLING,06-The Mammography (Kevin Woods),Media,compactness3,NA
OVERSAMPLING,06-The Mammography (Kevin Woods),Media,concavity3,NA
OVERSAMPLING,06-The Mammography (Kevin Woods),Media,concave_points3,NA
OVERSAMPLING,06-The Mammography (Kevin Woods),Media,symmetry3,NA
OVERSAMPLING,06-The Mammography (Kevin Woods),Media,fractal_dimension3,NA
OVERSAMPLING,06-The Mammography (Kevin Woods),Media,pregnancies,NA
OVERSAMPLING,06-The Mammography (Kevin Woods),Media,glucose,NA
OVERSAMPLING,06-The Mammography (Kevin Woods),Media,bloodpressure,NA
OVERSAMPLING,06-The Mammography (Kevin Woods),Media,skinthickness,NA
OVERSAMPLING,06-The Mammography (Kevin Woods),Media,insulin,NA
OVERSAMPLING,06-The Mammography (Kevin Woods),Media,bmi,NA
OVERSAMPLING,06-The Mammography (Kevin Woods),Media,diabetespedigreefunction,NA
OVERSAMPLING,06-The Mammography (Kevin Woods),Media,age,NA
OVERSAMPLING,06-The Mammography (Kevin Woods),Media,attribute01,NA
OVERSAMPLING,06-The Mammography (Kevin Woods),Media,attribute02,NA
OVERSAMPLING,06-The Mammography (Kevin Woods),Media,attribute03,NA
OVERSAMPLING,06-The Mammography (Kevin Woods),Media,attribute04,NA
OVERSAMPLING,06-The Mammography (Kevin Woods),Media,attribute05,NA
OVERSAMPLING,06-The Mammography (Kevin Woods),Media,attribute06,NA
OVERSAMPLING,06-The Mammography (Kevin Woods),Media,attribute07,NA
OVERSAMPLING,06-The Mammography (Kevin Woods),Media,attribute08,NA
OVERSAMPLING,06-The Mammography (Kevin Woods),Media,attribute09,NA
OVERSAMPLING,06-The Mammography (Kevin Woods),Media,attribute10,NA
OVERSAMPLING,06-The Mammography (Kevin Woods),Media,attribute11,NA
OVERSAMPLING,06-The Mammography (Kevin Woods),Media,attribute12,NA
OVERSAMPLING,06-The Mammography (Kevin Woods),Media,attribute13,NA
OVERSAMPLING,06-The Mammography (Kevin Woods),Media,attribute14,NA
OVERSAMPLING,06-The Mammography (Kevin Woods),Media,attribute15,NA
OVERSAMPLING,06-The Mammography (Kevin Woods),Media,attribute16,NA
OVERSAMPLING,06-The Mammography (Kevin Woods),Media,attribute17,NA
OVERSAMPLING,06-The Mammography (Kevin Woods),Media,attribute18,NA
OVERSAMPLING,06-The Mammography (Kevin Woods),Media,attribute19,NA
OVERSAMPLING,06-The Mammography (Kevin Woods),Media,attribute20,NA
OVERSAMPLING,06-The Mammography (Kevin Woods),Media,attribute21,NA
OVERSAMPLING,06-The Mammography (Kevin Woods),Media,attribute22,NA
OVERSAMPLING,06-The Mammography (Kevin Woods),Media,attribute23,NA
OVERSAMPLING,06-The Mammography (Kevin Woods),Media,attribute24,NA
OVERSAMPLING,06-The Mammography (Kevin Woods),Media,attribute25,NA
OVERSAMPLING,06-The Mammography (Kevin Woods),Media,attribute26,NA
OVERSAMPLING,06-The Mammography (Kevin Woods),Media,attribute27,NA
OVERSAMPLING,06-The Mammography (Kevin Woods),Media,attribute28,NA
OVERSAMPLING,06-The Mammography (Kevin Woods),Media,attribute29,NA
OVERSAMPLING,06-The Mammography (Kevin Woods),Media,attribute30,NA
OVERSAMPLING,06-The Mammography (Kevin Woods),Media,attribute31,NA
OVERSAMPLING,06-The Mammography (Kevin Woods),Media,attribute32,NA
OVERSAMPLING,06-The Mammography (Kevin Woods),Media,attribute33,NA
OVERSAMPLING,06-The Mammography (Kevin Woods),Media,attribute34,NA
OVERSAMPLING,06-The Mammography (Kevin Woods),Media,aa,NA
OVERSAMPLING,06-The Mammography (Kevin Woods),Media,ao,NA
OVERSAMPLING,06-The Mammography (Kevin Woods),Media,dcl,NA
OVERSAMPLING,06-The Mammography (Kevin Woods),Media,iy,NA
OVERSAMPLING,06-The Mammography (Kevin Woods),Media,sh,NA
OVERSAMPLING,06-The Mammography (Kevin Woods),Media,0,0.37258180937943036
OVERSAMPLING,06-The Mammography (Kevin Woods),Media,1,-0.06014283626612195
OVERSAMPLING,06-The Mammography (Kevin Woods),Media,2,-0.14502357033698618
OVERSAMPLING,06-The Mammography (Kevin Woods),Media,3,0.81755973928792
OVERSAMPLING,06-The Mammography (Kevin Woods),Media,4,1.5081775552207204
OVERSAMPLING,06-The Mammography (Kevin Woods),Media,5,0.5372116571767783
OVERSAMPLING,06-The Mammography (Kevin Woods),Media,6,NA
OVERSAMPLING,06-The Mammography (Kevin Woods),Media,7,NA
OVERSAMPLING,06-The Mammography (Kevin Woods),Media,8,NA
OVERSAMPLING,06-The Mammography (Kevin Woods),Media,9,NA
OVERSAMPLING,06-The Mammography (Kevin Woods),Media,10,NA
OVERSAMPLING,06-The Mammography (Kevin Woods),Media,11,NA
OVERSAMPLING,06-The Mammography (Kevin Woods),Media,12,NA
OVERSAMPLING,06-The Mammography (Kevin Woods),Media,13,NA
OVERSAMPLING,06-The Mammography (Kevin Woods),Media,14,NA
OVERSAMPLING,06-The Mammography (Kevin Woods),Media,15,NA
OVERSAMPLING,06-The Mammography (Kevin Woods),Media,16,NA
OVERSAMPLING,06-The Mammography (Kevin Woods),Media,17,NA
OVERSAMPLING,06-The Mammography (Kevin Woods),Media,18,NA
OVERSAMPLING,06-The Mammography (Kevin Woods),Media,19,NA
OVERSAMPLING,06-The Mammography (Kevin Woods),Media,20,NA
OVERSAMPLING,06-The Mammography (Kevin Woods),Media,21,NA
OVERSAMPLING,06-The Mammography (Kevin Woods),Media,22,NA
OVERSAMPLING,06-The Mammography (Kevin Woods),Media,23,NA
OVERSAMPLING,06-The Mammography (Kevin Woods),Media,24,NA
OVERSAMPLING,06-The Mammography (Kevin Woods),Media,25,NA
OVERSAMPLING,06-The Mammography (Kevin Woods),Media,26,NA
OVERSAMPLING,06-The Mammography (Kevin Woods),Media,27,NA
OVERSAMPLING,06-The Mammography (Kevin Woods),Media,28,NA
OVERSAMPLING,06-The Mammography (Kevin Woods),Media,29,NA
OVERSAMPLING,06-The Mammography (Kevin Woods),Media,30,NA
OVERSAMPLING,06-The Mammography (Kevin Woods),Media,31,NA
OVERSAMPLING,06-The Mammography (Kevin Woods),Media,32,NA
OVERSAMPLING,06-The Mammography (Kevin Woods),Media,33,NA
OVERSAMPLING,06-The Mammography (Kevin Woods),Media,34,NA
OVERSAMPLING,06-The Mammography (Kevin Woods),Media,35,NA
OVERSAMPLING,06-The Mammography (Kevin Woods),Media,36,NA
OVERSAMPLING,06-The Mammography (Kevin Woods),Media,37,NA
OVERSAMPLING,06-The Mammography (Kevin Woods),Media,38,NA
OVERSAMPLING,06-The Mammography (Kevin Woods),Media,39,NA
OVERSAMPLING,06-The Mammography (Kevin Woods),Media,40,NA
OVERSAMPLING,06-The Mammography (Kevin Woods),Media,41,NA
OVERSAMPLING,06-The Mammography (Kevin Woods),Media,42,NA
OVERSAMPLING,06-The Mammography (Kevin Woods),Media,43,NA
OVERSAMPLING,06-The Mammography (Kevin Woods),Media,44,NA
OVERSAMPLING,06-The Mammography (Kevin Woods),Media,45,NA
OVERSAMPLING,06-The Mammography (Kevin Woods),Media,46,NA
OVERSAMPLING,06-The Mammography (Kevin Woods),Media,48,NA
OVERSAMPLING,06-The Mammography (Kevin Woods),Media,49,NA
OVERSAMPLING,06-The Mammography (Kevin Woods),Desvio_Padrao,time,NA
OVERSAMPLING,06-The Mammography (Kevin Woods),Desvio_Padrao,v1,NA
OVERSAMPLING,06-The Mammography (Kevin Woods),Desvio_Padrao,v2,NA
OVERSAMPLING,06-The Mammography (Kevin Woods),Desvio_Padrao,v3,NA
OVERSAMPLING,06-The Mammography (Kevin Woods),Desvio_Padrao,v4,NA
OVERSAMPLING,06-The Mammography (Kevin Woods),Desvio_Padrao,v5,NA
OVERSAMPLING,06-The Mammography (Kevin Woods),Desvio_Padrao,v6,NA
OVERSAMPLING,06-The Mammography (Kevin Woods),Desvio_Padrao,v7,NA
OVERSAMPLING,06-The Mammography (Kevin Woods),Desvio_Padrao,v8,NA
OVERSAMPLING,06-The Mammography (Kevin Woods),Desvio_Padrao,v9,NA
OVERSAMPLING,06-The Mammography (Kevin Woods),Desvio_Padrao,v10,NA
OVERSAMPLING,06-The Mammography (Kevin Woods),Desvio_Padrao,v11,NA
OVERSAMPLING,06-The Mammography (Kevin Woods),Desvio_Padrao,v12,NA
OVERSAMPLING,06-The Mammography (Kevin Woods),Desvio_Padrao,v13,NA
OVERSAMPLING,06-The Mammography (Kevin Woods),Desvio_Padrao,v14,NA
OVERSAMPLING,06-The Mammography (Kevin Woods),Desvio_Padrao,v15,NA
OVERSAMPLING,06-The Mammography (Kevin Woods),Desvio_Padrao,v16,NA
OVERSAMPLING,06-The Mammography (Kevin Woods),Desvio_Padrao,v17,NA
OVERSAMPLING,06-The Mammography (Kevin Woods),Desvio_Padrao,v18,NA
OVERSAMPLING,06-The Mammography (Kevin Woods),Desvio_Padrao,v19,NA
OVERSAMPLING,06-The Mammography (Kevin Woods),Desvio_Padrao,v20,NA
OVERSAMPLING,06-The Mammography (Kevin Woods),Desvio_Padrao,v21,NA
OVERSAMPLING,06-The Mammography (Kevin Woods),Desvio_Padrao,v22,NA
OVERSAMPLING,06-The Mammography (Kevin Woods),Desvio_Padrao,v23,NA
OVERSAMPLING,06-The Mammography (Kevin Woods),Desvio_Padrao,v24,NA
OVERSAMPLING,06-The Mammography (Kevin Woods),Desvio_Padrao,v25,NA
OVERSAMPLING,06-The Mammography (Kevin Woods),Desvio_Padrao,v26,NA
OVERSAMPLING,06-The Mammography (Kevin Woods),Desvio_Padrao,v27,NA
OVERSAMPLING,06-The Mammography (Kevin Woods),Desvio_Padrao,v28,NA
OVERSAMPLING,06-The Mammography (Kevin Woods),Desvio_Padrao,amount,NA
OVERSAMPLING,06-The Mammography (Kevin Woods),Desvio_Padrao,radius1,NA
OVERSAMPLING,06-The Mammography (Kevin Woods),Desvio_Padrao,texture1,NA
OVERSAMPLING,06-The Mammography (Kevin Woods),Desvio_Padrao,perimeter1,NA
OVERSAMPLING,06-The Mammography (Kevin Woods),Desvio_Padrao,area1,NA
OVERSAMPLING,06-The Mammography (Kevin Woods),Desvio_Padrao,smoothness1,NA
OVERSAMPLING,06-The Mammography (Kevin Woods),Desvio_Padrao,compactness1,NA
OVERSAMPLING,06-The Mammography (Kevin Woods),Desvio_Padrao,concavity1,NA
OVERSAMPLING,06-The Mammography (Kevin Woods),Desvio_Padrao,concave_points1,NA
OVERSAMPLING,06-The Mammography (Kevin Woods),Desvio_Padrao,symmetry1,NA
OVERSAMPLING,06-The Mammography (Kevin Woods),Desvio_Padrao,fractal_dimension1,NA
OVERSAMPLING,06-The Mammography (Kevin Woods),Desvio_Padrao,radius2,NA
OVERSAMPLING,06-The Mammography (Kevin Woods),Desvio_Padrao,texture2,NA
OVERSAMPLING,06-The Mammography (Kevin Woods),Desvio_Padrao,perimeter2,NA
OVERSAMPLING,06-The Mammography (Kevin Woods),Desvio_Padrao,area2,NA
OVERSAMPLING,06-The Mammography (Kevin Woods),Desvio_Padrao,smoothness2,NA
OVERSAMPLING,06-The Mammography (Kevin Woods),Desvio_Padrao,compactness2,NA
OVERSAMPLING,06-The Mammography (Kevin Woods),Desvio_Padrao,concavity2,NA
OVERSAMPLING,06-The Mammography (Kevin Woods),Desvio_Padrao,concave_points2,NA
OVERSAMPLING,06-The Mammography (Kevin Woods),Desvio_Padrao,symmetry2,NA
OVERSAMPLING,06-The Mammography (Kevin Woods),Desvio_Padrao,fractal_dimension2,NA
OVERSAMPLING,06-The Mammography (Kevin Woods),Desvio_Padrao,radius3,NA
OVERSAMPLING,06-The Mammography (Kevin Woods),Desvio_Padrao,texture3,NA
OVERSAMPLING,06-The Mammography (Kevin Woods),Desvio_Padrao,perimeter3,NA
OVERSAMPLING,06-The Mammography (Kevin Woods),Desvio_Padrao,area3,NA
OVERSAMPLING,06-The Mammography (Kevin Woods),Desvio_Padrao,smoothness3,NA
OVERSAMPLING,06-The Mammography (Kevin Woods),Desvio_Padrao,compactness3,NA
OVERSAMPLING,06-The Mammography (Kevin Woods),Desvio_Padrao,concavity3,NA
OVERSAMPLING,06-The Mammography (Kevin Woods),Desvio_Padrao,concave_points3,NA
OVERSAMPLING,06-The Mammography (Kevin Woods),Desvio_Padrao,symmetry3,NA
OVERSAMPLING,06-The Mammography (Kevin Woods),Desvio_Padrao,fractal_dimension3,NA
OVERSAMPLING,06-The Mammography (Kevin Woods),Desvio_Padrao,pregnancies,NA
OVERSAMPLING,06-The Mammography (Kevin Woods),Desvio_Padrao,glucose,NA
OVERSAMPLING,06-The Mammography (Kevin Woods),Desvio_Padrao,bloodpressure,NA
OVERSAMPLING,06-The Mammography (Kevin Woods),Desvio_Padrao,skinthickness,NA
OVERSAMPLING,06-The Mammography (Kevin Woods),Desvio_Padrao,insulin,NA
OVERSAMPLING,06-The Mammography (Kevin Woods),Desvio_Padrao,bmi,NA
OVERSAMPLING,06-The Mammography (Kevin Woods),Desvio_Padrao,diabetespedigreefunction,NA
OVERSAMPLING,06-The Mammography (Kevin Woods),Desvio_Padrao,age,NA
OVERSAMPLING,06-The Mammography (Kevin Woods),Desvio_Padrao,attribute01,NA
OVERSAMPLING,06-The Mammography (Kevin Woods),Desvio_Padrao,attribute02,NA
OVERSAMPLING,06-The Mammography (Kevin Woods),Desvio_Padrao,attribute03,NA
OVERSAMPLING,06-The Mammography (Kevin Woods),Desvio_Padrao,attribute04,NA
OVERSAMPLING,06-The Mammography (Kevin Woods),Desvio_Padrao,attribute05,NA
OVERSAMPLING,06-The Mammography (Kevin Woods),Desvio_Padrao,attribute06,NA
OVERSAMPLING,06-The Mammography (Kevin Woods),Desvio_Padrao,attribute07,NA
OVERSAMPLING,06-The Mammography (Kevin Woods),Desvio_Padrao,attribute08,NA
OVERSAMPLING,06-The Mammography (Kevin Woods),Desvio_Padrao,attribute09,NA
OVERSAMPLING,06-The Mammography (Kevin Woods),Desvio_Padrao,attribute10,NA
OVERSAMPLING,06-The Mammography (Kevin Woods),Desvio_Padrao,attribute11,NA
OVERSAMPLING,06-The Mammography (Kevin Woods),Desvio_Padrao,attribute12,NA
OVERSAMPLING,06-The Mammography (Kevin Woods),Desvio_Padrao,attribute13,NA
OVERSAMPLING,06-The Mammography (Kevin Woods),Desvio_Padrao,attribute14,NA
OVERSAMPLING,06-The Mammography (Kevin Woods),Desvio_Padrao,attribute15,NA
OVERSAMPLING,06-The Mammography (Kevin Woods),Desvio_Padrao,attribute16,NA
OVERSAMPLING,06-The Mammography (Kevin Woods),Desvio_Padrao,attribute17,NA
OVERSAMPLING,06-The Mammography (Kevin Woods),Desvio_Padrao,attribute18,NA
OVERSAMPLING,06-The Mammography (Kevin Woods),Desvio_Padrao,attribute19,NA
OVERSAMPLING,06-The Mammography (Kevin Woods),Desvio_Padrao,attribute20,NA
OVERSAMPLING,06-The Mammography (Kevin Woods),Desvio_Padrao,attribute21,NA
OVERSAMPLING,06-The Mammography (Kevin Woods),Desvio_Padrao,attribute22,NA
OVERSAMPLING,06-The Mammography (Kevin Woods),Desvio_Padrao,attribute23,NA
OVERSAMPLING,06-The Mammography (Kevin Woods),Desvio_Padrao,attribute24,NA
OVERSAMPLING,06-The Mammography (Kevin Woods),Desvio_Padrao,attribute25,NA
OVERSAMPLING,06-The Mammography (Kevin Woods),Desvio_Padrao,attribute26,NA
OVERSAMPLING,06-The Mammography (Kevin Woods),Desvio_Padrao,attribute27,NA
OVERSAMPLING,06-The Mammography (Kevin Woods),Desvio_Padrao,attribute28,NA
OVERSAMPLING,06-The Mammography (Kevin Woods),Desvio_Padrao,attribute29,NA
OVERSAMPLING,06-The Mammography (Kevin Woods),Desvio_Padrao,attribute30,NA
OVERSAMPLING,06-The Mammography (Kevin Woods),Desvio_Padrao,attribute31,NA
OVERSAMPLING,06-The Mammography (Kevin Woods),Desvio_Padrao,attribute32,NA
OVERSAMPLING,06-The Mammography (Kevin Woods),Desvio_Padrao,attribute33,NA
OVERSAMPLING,06-The Mammography (Kevin Woods),Desvio_Padrao,attribute34,NA
OVERSAMPLING,06-The Mammography (Kevin Woods),Desvio_Padrao,aa,NA
OVERSAMPLING,06-The Mammography (Kevin Woods),Desvio_Padrao,ao,NA
OVERSAMPLING,06-The Mammography (Kevin Woods),Desvio_Padrao,dcl,NA
OVERSAMPLING,06-The Mammography (Kevin Woods),Desvio_Padrao,iy,NA
OVERSAMPLING,06-The Mammography (Kevin Woods),Desvio_Padrao,sh,NA
OVERSAMPLING,06-The Mammography (Kevin Woods),Desvio_Padrao,0,1.2031183993663381
OVERSAMPLING,06-The Mammography (Kevin Woods),Desvio_Padrao,1,0.801421925853944
OVERSAMPLING,06-The Mammography (Kevin Woods),Desvio_Padrao,2,0.7573494337185936
OVERSAMPLING,06-The Mammography (Kevin Woods),Desvio_Padrao,3,1.4969053365265312
OVERSAMPLING,06-The Mammography (Kevin Woods),Desvio_Padrao,4,2.993223436991801
OVERSAMPLING,06-The Mammography (Kevin Woods),Desvio_Padrao,5,1.0158909085889798
OVERSAMPLING,06-The Mammography (Kevin Woods),Desvio_Padrao,6,NA
OVERSAMPLING,06-The Mammography (Kevin Woods),Desvio_Padrao,7,NA
OVERSAMPLING,06-The Mammography (Kevin Woods),Desvio_Padrao,8,NA
OVERSAMPLING,06-The Mammography (Kevin Woods),Desvio_Padrao,9,NA
OVERSAMPLING,06-The Mammography (Kevin Woods),Desvio_Padrao,10,NA
OVERSAMPLING,06-The Mammography (Kevin Woods),Desvio_Padrao,11,NA
OVERSAMPLING,06-The Mammography (Kevin Woods),Desvio_Padrao,12,NA
OVERSAMPLING,06-The Mammography (Kevin Woods),Desvio_Padrao,13,NA
OVERSAMPLING,06-The Mammography (Kevin Woods),Desvio_Padrao,14,NA
OVERSAMPLING,06-The Mammography (Kevin Woods),Desvio_Padrao,15,NA
OVERSAMPLING,06-The Mammography (Kevin Woods),Desvio_Padrao,16,NA
OVERSAMPLING,06-The Mammography (Kevin Woods),Desvio_Padrao,17,NA
OVERSAMPLING,06-The Mammography (Kevin Woods),Desvio_Padrao,18,NA
OVERSAMPLING,06-The Mammography (Kevin Woods),Desvio_Padrao,19,NA
OVERSAMPLING,06-The Mammography (Kevin Woods),Desvio_Padrao,20,NA
OVERSAMPLING,06-The Mammography (Kevin Woods),Desvio_Padrao,21,NA
OVERSAMPLING,06-The Mammography (Kevin Woods),Desvio_Padrao,22,NA
OVERSAMPLING,06-The Mammography (Kevin Woods),Desvio_Padrao,23,NA
OVERSAMPLING,06-The Mammography (Kevin Woods),Desvio_Padrao,24,NA
OVERSAMPLING,06-The Mammography (Kevin Woods),Desvio_Padrao,25,NA
OVERSAMPLING,06-The Mammography (Kevin Woods),Desvio_Padrao,26,NA
OVERSAMPLING,06-The Mammography (Kevin Woods),Desvio_Padrao,27,NA
OVERSAMPLING,06-The Mammography (Kevin Woods),Desvio_Padrao,28,NA
OVERSAMPLING,06-The Mammography (Kevin Woods),Desvio_Padrao,29,NA
OVERSAMPLING,06-The Mammography (Kevin Woods),Desvio_Padrao,30,NA
OVERSAMPLING,06-The Mammography (Kevin Woods),Desvio_Padrao,31,NA
OVERSAMPLING,06-The Mammography (Kevin Woods),Desvio_Padrao,32,NA
OVERSAMPLING,06-The Mammography (Kevin Woods),Desvio_Padrao,33,NA
OVERSAMPLING,06-The Mammography (Kevin Woods),Desvio_Padrao,34,NA
OVERSAMPLING,06-The Mammography (Kevin Woods),Desvio_Padrao,35,NA
OVERSAMPLING,06-The Mammography (Kevin Woods),Desvio_Padrao,36,NA
OVERSAMPLING,06-The Mammography (Kevin Woods),Desvio_Padrao,37,NA
OVERSAMPLING,06-The Mammography (Kevin Woods),Desvio_Padrao,38,NA
OVERSAMPLING,06-The Mammography (Kevin Woods),Desvio_Padrao,39,NA
OVERSAMPLING,06-The Mammography (Kevin Woods),Desvio_Padrao,40,NA
OVERSAMPLING,06-The Mammography (Kevin Woods),Desvio_Padrao,41,NA
OVERSAMPLING,06-The Mammography (Kevin Woods),Desvio_Padrao,42,NA
OVERSAMPLING,06-The Mammography (Kevin Woods),Desvio_Padrao,43,NA
OVERSAMPLING,06-The Mammography (Kevin Woods),Desvio_Padrao,44,NA
OVERSAMPLING,06-The Mammography (Kevin Woods),Desvio_Padrao,45,NA
OVERSAMPLING,06-The Mammography (Kevin Woods),Desvio_Padrao,46,NA
OVERSAMPLING,06-The Mammography (Kevin Woods),Desvio_Padrao,48,NA
OVERSAMPLING,06-The Mammography (Kevin Woods),Desvio_Padrao,49,NA
OVERSAMPLING,06-The Mammography (Kevin Woods),Minimo,time,NA
OVERSAMPLING,06-The Mammography (Kevin Woods),Minimo,v1,NA
OVERSAMPLING,06-The Mammography (Kevin Woods),Minimo,v2,NA
OVERSAMPLING,06-The Mammography (Kevin Woods),Minimo,v3,NA
OVERSAMPLING,06-The Mammography (Kevin Woods),Minimo,v4,NA
OVERSAMPLING,06-The Mammography (Kevin Woods),Minimo,v5,NA
OVERSAMPLING,06-The Mammography (Kevin Woods),Minimo,v6,NA
OVERSAMPLING,06-The Mammography (Kevin Woods),Minimo,v7,NA
OVERSAMPLING,06-The Mammography (Kevin Woods),Minimo,v8,NA
OVERSAMPLING,06-The Mammography (Kevin Woods),Minimo,v9,NA
OVERSAMPLING,06-The Mammography (Kevin Woods),Minimo,v10,NA
OVERSAMPLING,06-The Mammography (Kevin Woods),Minimo,v11,NA
OVERSAMPLING,06-The Mammography (Kevin Woods),Minimo,v12,NA
OVERSAMPLING,06-The Mammography (Kevin Woods),Minimo,v13,NA
OVERSAMPLING,06-The Mammography (Kevin Woods),Minimo,v14,NA
OVERSAMPLING,06-The Mammography (Kevin Woods),Minimo,v15,NA
OVERSAMPLING,06-The Mammography (Kevin Woods),Minimo,v16,NA
OVERSAMPLING,06-The Mammography (Kevin Woods),Minimo,v17,NA
OVERSAMPLING,06-The Mammography (Kevin Woods),Minimo,v18,NA
OVERSAMPLING,06-The Mammography (Kevin Woods),Minimo,v19,NA
OVERSAMPLING,06-The Mammography (Kevin Woods),Minimo,v20,NA
OVERSAMPLING,06-The Mammography (Kevin Woods),Minimo,v21,NA
OVERSAMPLING,06-The Mammography (Kevin Woods),Minimo,v22,NA
OVERSAMPLING,06-The Mammography (Kevin Woods),Minimo,v23,NA
OVERSAMPLING,06-The Mammography (Kevin Woods),Minimo,v24,NA
OVERSAMPLING,06-The Mammography (Kevin Woods),Minimo,v25,NA
OVERSAMPLING,06-The Mammography (Kevin Woods),Minimo,v26,NA
OVERSAMPLING,06-The Mammography (Kevin Woods),Minimo,v27,NA
OVERSAMPLING,06-The Mammography (Kevin Woods),Minimo,v28,NA
OVERSAMPLING,06-The Mammography (Kevin Woods),Minimo,amount,NA
OVERSAMPLING,06-The Mammography (Kevin Woods),Minimo,radius1,NA
OVERSAMPLING,06-The Mammography (Kevin Woods),Minimo,texture1,NA
OVERSAMPLING,06-The Mammography (Kevin Woods),Minimo,perimeter1,NA
OVERSAMPLING,06-The Mammography (Kevin Woods),Minimo,area1,NA
OVERSAMPLING,06-The Mammography (Kevin Woods),Minimo,smoothness1,NA
OVERSAMPLING,06-The Mammography (Kevin Woods),Minimo,compactness1,NA
OVERSAMPLING,06-The Mammography (Kevin Woods),Minimo,concavity1,NA
OVERSAMPLING,06-The Mammography (Kevin Woods),Minimo,concave_points1,NA
OVERSAMPLING,06-The Mammography (Kevin Woods),Minimo,symmetry1,NA
OVERSAMPLING,06-The Mammography (Kevin Woods),Minimo,fractal_dimension1,NA
OVERSAMPLING,06-The Mammography (Kevin Woods),Minimo,radius2,NA
OVERSAMPLING,06-The Mammography (Kevin Woods),Minimo,texture2,NA
OVERSAMPLING,06-The Mammography (Kevin Woods),Minimo,perimeter2,NA
OVERSAMPLING,06-The Mammography (Kevin Woods),Minimo,area2,NA
OVERSAMPLING,06-The Mammography (Kevin Woods),Minimo,smoothness2,NA
OVERSAMPLING,06-The Mammography (Kevin Woods),Minimo,compactness2,NA
OVERSAMPLING,06-The Mammography (Kevin Woods),Minimo,concavity2,NA
OVERSAMPLING,06-The Mammography (Kevin Woods),Minimo,concave_points2,NA
OVERSAMPLING,06-The Mammography (Kevin Woods),Minimo,symmetry2,NA
OVERSAMPLING,06-The Mammography (Kevin Woods),Minimo,fractal_dimension2,NA
OVERSAMPLING,06-The Mammography (Kevin Woods),Minimo,radius3,NA
OVERSAMPLING,06-The Mammography (Kevin Woods),Minimo,texture3,NA
OVERSAMPLING,06-The Mammography (Kevin Woods),Minimo,perimeter3,NA
OVERSAMPLING,06-The Mammography (Kevin Woods),Minimo,area3,NA
OVERSAMPLING,06-The Mammography (Kevin Woods),Minimo,smoothness3,NA
OVERSAMPLING,06-The Mammography (Kevin Woods),Minimo,compactness3,NA
OVERSAMPLING,06-The Mammography (Kevin Woods),Minimo,concavity3,NA
OVERSAMPLING,06-The Mammography (Kevin Woods),Minimo,concave_points3,NA
OVERSAMPLING,06-The Mammography (Kevin Woods),Minimo,symmetry3,NA
OVERSAMPLING,06-The Mammography (Kevin Woods),Minimo,fractal_dimension3,NA
OVERSAMPLING,06-The Mammography (Kevin Woods),Minimo,pregnancies,NA
OVERSAMPLING,06-The Mammography (Kevin Woods),Minimo,glucose,NA
OVERSAMPLING,06-The Mammography (Kevin Woods),Minimo,bloodpressure,NA
OVERSAMPLING,06-The Mammography (Kevin Woods),Minimo,skinthickness,NA
OVERSAMPLING,06-The Mammography (Kevin Woods),Minimo,insulin,NA
OVERSAMPLING,06-The Mammography (Kevin Woods),Minimo,bmi,NA
OVERSAMPLING,06-The Mammography (Kevin Woods),Minimo,diabetespedigreefunction,NA
OVERSAMPLING,06-The Mammography (Kevin Woods),Minimo,age,NA
OVERSAMPLING,06-The Mammography (Kevin Woods),Minimo,attribute01,NA
OVERSAMPLING,06-The Mammography (Kevin Woods),Minimo,attribute02,NA
OVERSAMPLING,06-The Mammography (Kevin Woods),Minimo,attribute03,NA
OVERSAMPLING,06-The Mammography (Kevin Woods),Minimo,attribute04,NA
OVERSAMPLING,06-The Mammography (Kevin Woods),Minimo,attribute05,NA
OVERSAMPLING,06-The Mammography (Kevin Woods),Minimo,attribute06,NA
OVERSAMPLING,06-The Mammography (Kevin Woods),Minimo,attribute07,NA
OVERSAMPLING,06-The Mammography (Kevin Woods),Minimo,attribute08,NA
OVERSAMPLING,06-The Mammography (Kevin Woods),Minimo,attribute09,NA
OVERSAMPLING,06-The Mammography (Kevin Woods),Minimo,attribute10,NA
OVERSAMPLING,06-The Mammography (Kevin Woods),Minimo,attribute11,NA
OVERSAMPLING,06-The Mammography (Kevin Woods),Minimo,attribute12,NA
OVERSAMPLING,06-The Mammography (Kevin Woods),Minimo,attribute13,NA
OVERSAMPLING,06-The Mammography (Kevin Woods),Minimo,attribute14,NA
OVERSAMPLING,06-The Mammography (Kevin Woods),Minimo,attribute15,NA
OVERSAMPLING,06-The Mammography (Kevin Woods),Minimo,attribute16,NA
OVERSAMPLING,06-The Mammography (Kevin Woods),Minimo,attribute17,NA
OVERSAMPLING,06-The Mammography (Kevin Woods),Minimo,attribute18,NA
OVERSAMPLING,06-The Mammography (Kevin Woods),Minimo,attribute19,NA
OVERSAMPLING,06-The Mammography (Kevin Woods),Minimo,attribute20,NA
OVERSAMPLING,06-The Mammography (Kevin Woods),Minimo,attribute21,NA
OVERSAMPLING,06-The Mammography (Kevin Woods),Minimo,attribute22,NA
OVERSAMPLING,06-The Mammography (Kevin Woods),Minimo,attribute23,NA
OVERSAMPLING,06-The Mammography (Kevin Woods),Minimo,attribute24,NA
OVERSAMPLING,06-The Mammography (Kevin Woods),Minimo,attribute25,NA
OVERSAMPLING,06-The Mammography (Kevin Woods),Minimo,attribute26,NA
OVERSAMPLING,06-The Mammography (Kevin Woods),Minimo,attribute27,NA
OVERSAMPLING,06-The Mammography (Kevin Woods),Minimo,attribute28,NA
OVERSAMPLING,06-The Mammography (Kevin Woods),Minimo,attribute29,NA
OVERSAMPLING,06-The Mammography (Kevin Woods),Minimo,attribute30,NA
OVERSAMPLING,06-The Mammography (Kevin Woods),Minimo,attribute31,NA
OVERSAMPLING,06-The Mammography (Kevin Woods),Minimo,attribute32,NA
OVERSAMPLING,06-The Mammography (Kevin Woods),Minimo,attribute33,NA
OVERSAMPLING,06-The Mammography (Kevin Woods),Minimo,attribute34,NA
OVERSAMPLING,06-The Mammography (Kevin Woods),Minimo,aa,NA
OVERSAMPLING,06-The Mammography (Kevin Woods),Minimo,ao,NA
OVERSAMPLING,06-The Mammography (Kevin Woods),Minimo,dcl,NA
OVERSAMPLING,06-The Mammography (Kevin Woods),Minimo,iy,NA
OVERSAMPLING,06-The Mammography (Kevin Woods),Minimo,sh,NA
OVERSAMPLING,06-The Mammography (Kevin Woods),Minimo,0,-0.78441482
OVERSAMPLING,06-The Mammography (Kevin Woods),Minimo,1,-0.47019533
OVERSAMPLING,06-The Mammography (Kevin Woods),Minimo,2,-0.59163147
OVERSAMPLING,06-The Mammography (Kevin Woods),Minimo,3,-0.85955255
OVERSAMPLING,06-The Mammography (Kevin Woods),Minimo,4,-0.37786573
OVERSAMPLING,06-The Mammography (Kevin Woods),Minimo,5,-0.94572324
OVERSAMPLING,06-The Mammography (Kevin Woods),Minimo,6,NA
OVERSAMPLING,06-The Mammography (Kevin Woods),Minimo,7,NA
OVERSAMPLING,06-The Mammography (Kevin Woods),Minimo,8,NA
OVERSAMPLING,06-The Mammography (Kevin Woods),Minimo,9,NA
OVERSAMPLING,06-The Mammography (Kevin Woods),Minimo,10,NA
OVERSAMPLING,06-The Mammography (Kevin Woods),Minimo,11,NA
OVERSAMPLING,06-The Mammography (Kevin Woods),Minimo,12,NA
OVERSAMPLING,06-The Mammography (Kevin Woods),Minimo,13,NA
OVERSAMPLING,06-The Mammography (Kevin Woods),Minimo,14,NA
OVERSAMPLING,06-The Mammography (Kevin Woods),Minimo,15,NA
OVERSAMPLING,06-The Mammography (Kevin Woods),Minimo,16,NA
OVERSAMPLING,06-The Mammography (Kevin Woods),Minimo,17,NA
OVERSAMPLING,06-The Mammography (Kevin Woods),Minimo,18,NA
OVERSAMPLING,06-The Mammography (Kevin Woods),Minimo,19,NA
OVERSAMPLING,06-The Mammography (Kevin Woods),Minimo,20,NA
OVERSAMPLING,06-The Mammography (Kevin Woods),Minimo,21,NA
OVERSAMPLING,06-The Mammography (Kevin Woods),Minimo,22,NA
OVERSAMPLING,06-The Mammography (Kevin Woods),Minimo,23,NA
OVERSAMPLING,06-The Mammography (Kevin Woods),Minimo,24,NA
OVERSAMPLING,06-The Mammography (Kevin Woods),Minimo,25,NA
OVERSAMPLING,06-The Mammography (Kevin Woods),Minimo,26,NA
OVERSAMPLING,06-The Mammography (Kevin Woods),Minimo,27,NA
OVERSAMPLING,06-The Mammography (Kevin Woods),Minimo,28,NA
OVERSAMPLING,06-The Mammography (Kevin Woods),Minimo,29,NA
OVERSAMPLING,06-The Mammography (Kevin Woods),Minimo,30,NA
OVERSAMPLING,06-The Mammography (Kevin Woods),Minimo,31,NA
OVERSAMPLING,06-The Mammography (Kevin Woods),Minimo,32,NA
OVERSAMPLING,06-The Mammography (Kevin Woods),Minimo,33,NA
OVERSAMPLING,06-The Mammography (Kevin Woods),Minimo,34,NA
OVERSAMPLING,06-The Mammography (Kevin Woods),Minimo,35,NA
OVERSAMPLING,06-The Mammography (Kevin Woods),Minimo,36,NA
OVERSAMPLING,06-The Mammography (Kevin Woods),Minimo,37,NA
OVERSAMPLING,06-The Mammography (Kevin Woods),Minimo,38,NA
OVERSAMPLING,06-The Mammography (Kevin Woods),Minimo,39,NA
OVERSAMPLING,06-The Mammography (Kevin Woods),Minimo,40,NA
OVERSAMPLING,06-The Mammography (Kevin Woods),Minimo,41,NA
OVERSAMPLING,06-The Mammography (Kevin Woods),Minimo,42,NA
OVERSAMPLING,06-The Mammography (Kevin Woods),Minimo,43,NA
OVERSAMPLING,06-The Mammography (Kevin Woods),Minimo,44,NA
OVERSAMPLING,06-The Mammography (Kevin Woods),Minimo,45,NA
OVERSAMPLING,06-The Mammography (Kevin Woods),Minimo,46,NA
OVERSAMPLING,06-The Mammography (Kevin Woods),Minimo,48,NA
OVERSAMPLING,06-The Mammography (Kevin Woods),Minimo,49,NA
OVERSAMPLING,06-The Mammography (Kevin Woods),Maximo,time,NA
OVERSAMPLING,06-The Mammography (Kevin Woods),Maximo,v1,NA
OVERSAMPLING,06-The Mammography (Kevin Woods),Maximo,v2,NA
OVERSAMPLING,06-The Mammography (Kevin Woods),Maximo,v3,NA
OVERSAMPLING,06-The Mammography (Kevin Woods),Maximo,v4,NA
OVERSAMPLING,06-The Mammography (Kevin Woods),Maximo,v5,NA
OVERSAMPLING,06-The Mammography (Kevin Woods),Maximo,v6,NA
OVERSAMPLING,06-The Mammography (Kevin Woods),Maximo,v7,NA
OVERSAMPLING,06-The Mammography (Kevin Woods),Maximo,v8,NA
OVERSAMPLING,06-The Mammography (Kevin Woods),Maximo,v9,NA
OVERSAMPLING,06-The Mammography (Kevin Woods),Maximo,v10,NA
OVERSAMPLING,06-The Mammography (Kevin Woods),Maximo,v11,NA
OVERSAMPLING,06-The Mammography (Kevin Woods),Maximo,v12,NA
OVERSAMPLING,06-The Mammography (Kevin Woods),Maximo,v13,NA
OVERSAMPLING,06-The Mammography (Kevin Woods),Maximo,v14,NA
OVERSAMPLING,06-The Mammography (Kevin Woods),Maximo,v15,NA
OVERSAMPLING,06-The Mammography (Kevin Woods),Maximo,v16,NA
OVERSAMPLING,06-The Mammography (Kevin Woods),Maximo,v17,NA
OVERSAMPLING,06-The Mammography (Kevin Woods),Maximo,v18,NA
OVERSAMPLING,06-The Mammography (Kevin Woods),Maximo,v19,NA
OVERSAMPLING,06-The Mammography (Kevin Woods),Maximo,v20,NA
OVERSAMPLING,06-The Mammography (Kevin Woods),Maximo,v21,NA
OVERSAMPLING,06-The Mammography (Kevin Woods),Maximo,v22,NA
OVERSAMPLING,06-The Mammography (Kevin Woods),Maximo,v23,NA
OVERSAMPLING,06-The Mammography (Kevin Woods),Maximo,v24,NA
OVERSAMPLING,06-The Mammography (Kevin Woods),Maximo,v25,NA
OVERSAMPLING,06-The Mammography (Kevin Woods),Maximo,v26,NA
OVERSAMPLING,06-The Mammography (Kevin Woods),Maximo,v27,NA
OVERSAMPLING,06-The Mammography (Kevin Woods),Maximo,v28,NA
OVERSAMPLING,06-The Mammography (Kevin Woods),Maximo,amount,NA
OVERSAMPLING,06-The Mammography (Kevin Woods),Maximo,radius1,NA
OVERSAMPLING,06-The Mammography (Kevin Woods),Maximo,texture1,NA
OVERSAMPLING,06-The Mammography (Kevin Woods),Maximo,perimeter1,NA
OVERSAMPLING,06-The Mammography (Kevin Woods),Maximo,area1,NA
OVERSAMPLING,06-The Mammography (Kevin Woods),Maximo,smoothness1,NA
OVERSAMPLING,06-The Mammography (Kevin Woods),Maximo,compactness1,NA
OVERSAMPLING,06-The Mammography (Kevin Woods),Maximo,concavity1,NA
OVERSAMPLING,06-The Mammography (Kevin Woods),Maximo,concave_points1,NA
OVERSAMPLING,06-The Mammography (Kevin Woods),Maximo,symmetry1,NA
OVERSAMPLING,06-The Mammography (Kevin Woods),Maximo,fractal_dimension1,NA
OVERSAMPLING,06-The Mammography (Kevin Woods),Maximo,radius2,NA
OVERSAMPLING,06-The Mammography (Kevin Woods),Maximo,texture2,NA
OVERSAMPLING,06-The Mammography (Kevin Woods),Maximo,perimeter2,NA
OVERSAMPLING,06-The Mammography (Kevin Woods),Maximo,area2,NA
OVERSAMPLING,06-The Mammography (Kevin Woods),Maximo,smoothness2,NA
OVERSAMPLING,06-The Mammography (Kevin Woods),Maximo,compactness2,NA
OVERSAMPLING,06-The Mammography (Kevin Woods),Maximo,concavity2,NA
OVERSAMPLING,06-The Mammography (Kevin Woods),Maximo,concave_points2,NA
OVERSAMPLING,06-The Mammography (Kevin Woods),Maximo,symmetry2,NA
OVERSAMPLING,06-The Mammography (Kevin Woods),Maximo,fractal_dimension2,NA
OVERSAMPLING,06-The Mammography (Kevin Woods),Maximo,radius3,NA
OVERSAMPLING,06-The Mammography (Kevin Woods),Maximo,texture3,NA
OVERSAMPLING,06-The Mammography (Kevin Woods),Maximo,perimeter3,NA
OVERSAMPLING,06-The Mammography (Kevin Woods),Maximo,area3,NA
OVERSAMPLING,06-The Mammography (Kevin Woods),Maximo,smoothness3,NA
OVERSAMPLING,06-The Mammography (Kevin Woods),Maximo,compactness3,NA
OVERSAMPLING,06-The Mammography (Kevin Woods),Maximo,concavity3,NA
OVERSAMPLING,06-The Mammography (Kevin Woods),Maximo,concave_points3,NA
OVERSAMPLING,06-The Mammography (Kevin Woods),Maximo,symmetry3,NA
OVERSAMPLING,06-The Mammography (Kevin Woods),Maximo,fractal_dimension3,NA
OVERSAMPLING,06-The Mammography (Kevin Woods),Maximo,pregnancies,NA
OVERSAMPLING,06-The Mammography (Kevin Woods),Maximo,glucose,NA
OVERSAMPLING,06-The Mammography (Kevin Woods),Maximo,bloodpressure,NA
OVERSAMPLING,06-The Mammography (Kevin Woods),Maximo,skinthickness,NA
OVERSAMPLING,06-The Mammography (Kevin Woods),Maximo,insulin,NA
OVERSAMPLING,06-The Mammography (Kevin Woods),Maximo,bmi,NA
OVERSAMPLING,06-The Mammography (Kevin Woods),Maximo,diabetespedigreefunction,NA
OVERSAMPLING,06-The Mammography (Kevin Woods),Maximo,age,NA
OVERSAMPLING,06-The Mammography (Kevin Woods),Maximo,attribute01,NA
OVERSAMPLING,06-The Mammography (Kevin Woods),Maximo,attribute02,NA
OVERSAMPLING,06-The Mammography (Kevin Woods),Maximo,attribute03,NA
OVERSAMPLING,06-The Mammography (Kevin Woods),Maximo,attribute04,NA
OVERSAMPLING,06-The Mammography (Kevin Woods),Maximo,attribute05,NA
OVERSAMPLING,06-The Mammography (Kevin Woods),Maximo,attribute06,NA
OVERSAMPLING,06-The Mammography (Kevin Woods),Maximo,attribute07,NA
OVERSAMPLING,06-The Mammography (Kevin Woods),Maximo,attribute08,NA
OVERSAMPLING,06-The Mammography (Kevin Woods),Maximo,attribute09,NA
OVERSAMPLING,06-The Mammography (Kevin Woods),Maximo,attribute10,NA
OVERSAMPLING,06-The Mammography (Kevin Woods),Maximo,attribute11,NA
OVERSAMPLING,06-The Mammography (Kevin Woods),Maximo,attribute12,NA
OVERSAMPLING,06-The Mammography (Kevin Woods),Maximo,attribute13,NA
OVERSAMPLING,06-The Mammography (Kevin Woods),Maximo,attribute14,NA
OVERSAMPLING,06-The Mammography (Kevin Woods),Maximo,attribute15,NA
OVERSAMPLING,06-The Mammography (Kevin Woods),Maximo,attribute16,NA
OVERSAMPLING,06-The Mammography (Kevin Woods),Maximo,attribute17,NA
OVERSAMPLING,06-The Mammography (Kevin Woods),Maximo,attribute18,NA
OVERSAMPLING,06-The Mammography (Kevin Woods),Maximo,attribute19,NA
OVERSAMPLING,06-The Mammography (Kevin Woods),Maximo,attribute20,NA
OVERSAMPLING,06-The Mammography (Kevin Woods),Maximo,attribute21,NA
OVERSAMPLING,06-The Mammography (Kevin Woods),Maximo,attribute22,NA
OVERSAMPLING,06-The Mammography (Kevin Woods),Maximo,attribute23,NA
OVERSAMPLING,06-The Mammography (Kevin Woods),Maximo,attribute24,NA
OVERSAMPLING,06-The Mammography (Kevin Woods),Maximo,attribute25,NA
OVERSAMPLING,06-The Mammography (Kevin Woods),Maximo,attribute26,NA
OVERSAMPLING,06-The Mammography (Kevin Woods),Maximo,attribute27,NA
OVERSAMPLING,06-The Mammography (Kevin Woods),Maximo,attribute28,NA
OVERSAMPLING,06-The Mammography (Kevin Woods),Maximo,attribute29,NA
OVERSAMPLING,06-The Mammography (Kevin Woods),Maximo,attribute30,NA
OVERSAMPLING,06-The Mammography (Kevin Woods),Maximo,attribute31,NA
OVERSAMPLING,06-The Mammography (Kevin Woods),Maximo,attribute32,NA
OVERSAMPLING,06-The Mammography (Kevin Woods),Maximo,attribute33,NA
OVERSAMPLING,06-The Mammography (Kevin Woods),Maximo,attribute34,NA
OVERSAMPLING,06-The Mammography (Kevin Woods),Maximo,aa,NA
OVERSAMPLING,06-The Mammography (Kevin Woods),Maximo,ao,NA
OVERSAMPLING,06-The Mammography (Kevin Woods),Maximo,dcl,NA
OVERSAMPLING,06-The Mammography (Kevin Woods),Maximo,iy,NA
OVERSAMPLING,06-The Mammography (Kevin Woods),Maximo,sh,NA
OVERSAMPLING,06-The Mammography (Kevin Woods),Maximo,0,16.186909
OVERSAMPLING,06-The Mammography (Kevin Woods),Maximo,1,5.0858491
OVERSAMPLING,06-The Mammography (Kevin Woods),Maximo,2,20.686865
OVERSAMPLING,06-The Mammography (Kevin Woods),Maximo,3,9.591164
OVERSAMPLING,06-The Mammography (Kevin Woods),Maximo,4,23.617122
OVERSAMPLING,06-The Mammography (Kevin Woods),Maximo,5,1.9490273
OVERSAMPLING,06-The Mammography (Kevin Woods),Maximo,6,NA
OVERSAMPLING,06-The Mammography (Kevin Woods),Maximo,7,NA
OVERSAMPLING,06-The Mammography (Kevin Woods),Maximo,8,NA
OVERSAMPLING,06-The Mammography (Kevin Woods),Maximo,9,NA
OVERSAMPLING,06-The Mammography (Kevin Woods),Maximo,10,NA
OVERSAMPLING,06-The Mammography (Kevin Woods),Maximo,11,NA
OVERSAMPLING,06-The Mammography (Kevin Woods),Maximo,12,NA
OVERSAMPLING,06-The Mammography (Kevin Woods),Maximo,13,NA
OVERSAMPLING,06-The Mammography (Kevin Woods),Maximo,14,NA
OVERSAMPLING,06-The Mammography (Kevin Woods),Maximo,15,NA
OVERSAMPLING,06-The Mammography (Kevin Woods),Maximo,16,NA
OVERSAMPLING,06-The Mammography (Kevin Woods),Maximo,17,NA
OVERSAMPLING,06-The Mammography (Kevin Woods),Maximo,18,NA
OVERSAMPLING,06-The Mammography (Kevin Woods),Maximo,19,NA
OVERSAMPLING,06-The Mammography (Kevin Woods),Maximo,20,NA
OVERSAMPLING,06-The Mammography (Kevin Woods),Maximo,21,NA
OVERSAMPLING,06-The Mammography (Kevin Woods),Maximo,22,NA
OVERSAMPLING,06-The Mammography (Kevin Woods),Maximo,23,NA
OVERSAMPLING,06-The Mammography (Kevin Woods),Maximo,24,NA
OVERSAMPLING,06-The Mammography (Kevin Woods),Maximo,25,NA
OVERSAMPLING,06-The Mammography (Kevin Woods),Maximo,26,NA
OVERSAMPLING,06-The Mammography (Kevin Woods),Maximo,27,NA
OVERSAMPLING,06-The Mammography (Kevin Woods),Maximo,28,NA
OVERSAMPLING,06-The Mammography (Kevin Woods),Maximo,29,NA
OVERSAMPLING,06-The Mammography (Kevin Woods),Maximo,30,NA
OVERSAMPLING,06-The Mammography (Kevin Woods),Maximo,31,NA
OVERSAMPLING,06-The Mammography (Kevin Woods),Maximo,32,NA
OVERSAMPLING,06-The Mammography (Kevin Woods),Maximo,33,NA
OVERSAMPLING,06-The Mammography (Kevin Woods),Maximo,34,NA
OVERSAMPLING,06-The Mammography (Kevin Woods),Maximo,35,NA
OVERSAMPLING,06-The Mammography (Kevin Woods),Maximo,36,NA
OVERSAMPLING,06-The Mammography (Kevin Woods),Maximo,37,NA
OVERSAMPLING,06-The Mammography (Kevin Woods),Maximo,38,NA
OVERSAMPLING,06-The Mammography (Kevin Woods),Maximo,39,NA
OVERSAMPLING,06-The Mammography (Kevin Woods),Maximo,40,NA
OVERSAMPLING,06-The Mammography (Kevin Woods),Maximo,41,NA
OVERSAMPLING,06-The Mammography (Kevin Woods),Maximo,42,NA
OVERSAMPLING,06-The Mammography (Kevin Woods),Maximo,43,NA
OVERSAMPLING,06-The Mammography (Kevin Woods),Maximo,44,NA
OVERSAMPLING,06-The Mammography (Kevin Woods),Maximo,45,NA
OVERSAMPLING,06-The Mammography (Kevin Woods),Maximo,46,NA
OVERSAMPLING,06-The Mammography (Kevin Woods),Maximo,48,NA
OVERSAMPLING,06-The Mammography (Kevin Woods),Maximo,49,NA
OVERSAMPLING,07-Oil Spill Imbalanced Classification,Media,time,NA
OVERSAMPLING,07-Oil Spill Imbalanced Classification,Media,v1,NA
OVERSAMPLING,07-Oil Spill Imbalanced Classification,Media,v2,NA
OVERSAMPLING,07-Oil Spill Imbalanced Classification,Media,v3,NA
OVERSAMPLING,07-Oil Spill Imbalanced Classification,Media,v4,NA
OVERSAMPLING,07-Oil Spill Imbalanced Classification,Media,v5,NA
OVERSAMPLING,07-Oil Spill Imbalanced Classification,Media,v6,NA
OVERSAMPLING,07-Oil Spill Imbalanced Classification,Media,v7,NA
OVERSAMPLING,07-Oil Spill Imbalanced Classification,Media,v8,NA
OVERSAMPLING,07-Oil Spill Imbalanced Classification,Media,v9,NA
OVERSAMPLING,07-Oil Spill Imbalanced Classification,Media,v10,NA
OVERSAMPLING,07-Oil Spill Imbalanced Classification,Media,v11,NA
OVERSAMPLING,07-Oil Spill Imbalanced Classification,Media,v12,NA
OVERSAMPLING,07-Oil Spill Imbalanced Classification,Media,v13,NA
OVERSAMPLING,07-Oil Spill Imbalanced Classification,Media,v14,NA
OVERSAMPLING,07-Oil Spill Imbalanced Classification,Media,v15,NA
OVERSAMPLING,07-Oil Spill Imbalanced Classification,Media,v16,NA
OVERSAMPLING,07-Oil Spill Imbalanced Classification,Media,v17,NA
OVERSAMPLING,07-Oil Spill Imbalanced Classification,Media,v18,NA
OVERSAMPLING,07-Oil Spill Imbalanced Classification,Media,v19,NA
OVERSAMPLING,07-Oil Spill Imbalanced Classification,Media,v20,NA
OVERSAMPLING,07-Oil Spill Imbalanced Classification,Media,v21,NA
OVERSAMPLING,07-Oil Spill Imbalanced Classification,Media,v22,NA
OVERSAMPLING,07-Oil Spill Imbalanced Classification,Media,v23,NA
OVERSAMPLING,07-Oil Spill Imbalanced Classification,Media,v24,NA
OVERSAMPLING,07-Oil Spill Imbalanced Classification,Media,v25,NA
OVERSAMPLING,07-Oil Spill Imbalanced Classification,Media,v26,NA
OVERSAMPLING,07-Oil Spill Imbalanced Classification,Media,v27,NA
OVERSAMPLING,07-Oil Spill Imbalanced Classification,Media,v28,NA
OVERSAMPLING,07-Oil Spill Imbalanced Classification,Media,amount,NA
OVERSAMPLING,07-Oil Spill Imbalanced Classification,Media,radius1,NA
OVERSAMPLING,07-Oil Spill Imbalanced Classification,Media,texture1,NA
OVERSAMPLING,07-Oil Spill Imbalanced Classification,Media,perimeter1,NA
OVERSAMPLING,07-Oil Spill Imbalanced Classification,Media,area1,NA
OVERSAMPLING,07-Oil Spill Imbalanced Classification,Media,smoothness1,NA
OVERSAMPLING,07-Oil Spill Imbalanced Classification,Media,compactness1,NA
OVERSAMPLING,07-Oil Spill Imbalanced Classification,Media,concavity1,NA
OVERSAMPLING,07-Oil Spill Imbalanced Classification,Media,concave_points1,NA
OVERSAMPLING,07-Oil Spill Imbalanced Classification,Media,symmetry1,NA
OVERSAMPLING,07-Oil Spill Imbalanced Classification,Media,fractal_dimension1,NA
OVERSAMPLING,07-Oil Spill Imbalanced Classification,Media,radius2,NA
OVERSAMPLING,07-Oil Spill Imbalanced Classification,Media,texture2,NA
OVERSAMPLING,07-Oil Spill Imbalanced Classification,Media,perimeter2,NA
OVERSAMPLING,07-Oil Spill Imbalanced Classification,Media,area2,NA
OVERSAMPLING,07-Oil Spill Imbalanced Classification,Media,smoothness2,NA
OVERSAMPLING,07-Oil Spill Imbalanced Classification,Media,compactness2,NA
OVERSAMPLING,07-Oil Spill Imbalanced Classification,Media,concavity2,NA
OVERSAMPLING,07-Oil Spill Imbalanced Classification,Media,concave_points2,NA
OVERSAMPLING,07-Oil Spill Imbalanced Classification,Media,symmetry2,NA
OVERSAMPLING,07-Oil Spill Imbalanced Classification,Media,fractal_dimension2,NA
OVERSAMPLING,07-Oil Spill Imbalanced Classification,Media,radius3,NA
OVERSAMPLING,07-Oil Spill Imbalanced Classification,Media,texture3,NA
OVERSAMPLING,07-Oil Spill Imbalanced Classification,Media,perimeter3,NA
OVERSAMPLING,07-Oil Spill Imbalanced Classification,Media,area3,NA
OVERSAMPLING,07-Oil Spill Imbalanced Classification,Media,smoothness3,NA
OVERSAMPLING,07-Oil Spill Imbalanced Classification,Media,compactness3,NA
OVERSAMPLING,07-Oil Spill Imbalanced Classification,Media,concavity3,NA
OVERSAMPLING,07-Oil Spill Imbalanced Classification,Media,concave_points3,NA
OVERSAMPLING,07-Oil Spill Imbalanced Classification,Media,symmetry3,NA
OVERSAMPLING,07-Oil Spill Imbalanced Classification,Media,fractal_dimension3,NA
OVERSAMPLING,07-Oil Spill Imbalanced Classification,Media,pregnancies,NA
OVERSAMPLING,07-Oil Spill Imbalanced Classification,Media,glucose,NA
OVERSAMPLING,07-Oil Spill Imbalanced Classification,Media,bloodpressure,NA
OVERSAMPLING,07-Oil Spill Imbalanced Classification,Media,skinthickness,NA
OVERSAMPLING,07-Oil Spill Imbalanced Classification,Media,insulin,NA
OVERSAMPLING,07-Oil Spill Imbalanced Classification,Media,bmi,NA
OVERSAMPLING,07-Oil Spill Imbalanced Classification,Media,diabetespedigreefunction,NA
OVERSAMPLING,07-Oil Spill Imbalanced Classification,Media,age,NA
OVERSAMPLING,07-Oil Spill Imbalanced Classification,Media,attribute01,NA
OVERSAMPLING,07-Oil Spill Imbalanced Classification,Media,attribute02,NA
OVERSAMPLING,07-Oil Spill Imbalanced Classification,Media,attribute03,NA
OVERSAMPLING,07-Oil Spill Imbalanced Classification,Media,attribute04,NA
OVERSAMPLING,07-Oil Spill Imbalanced Classification,Media,attribute05,NA
OVERSAMPLING,07-Oil Spill Imbalanced Classification,Media,attribute06,NA
OVERSAMPLING,07-Oil Spill Imbalanced Classification,Media,attribute07,NA
OVERSAMPLING,07-Oil Spill Imbalanced Classification,Media,attribute08,NA
OVERSAMPLING,07-Oil Spill Imbalanced Classification,Media,attribute09,NA
OVERSAMPLING,07-Oil Spill Imbalanced Classification,Media,attribute10,NA
OVERSAMPLING,07-Oil Spill Imbalanced Classification,Media,attribute11,NA
OVERSAMPLING,07-Oil Spill Imbalanced Classification,Media,attribute12,NA
OVERSAMPLING,07-Oil Spill Imbalanced Classification,Media,attribute13,NA
OVERSAMPLING,07-Oil Spill Imbalanced Classification,Media,attribute14,NA
OVERSAMPLING,07-Oil Spill Imbalanced Classification,Media,attribute15,NA
OVERSAMPLING,07-Oil Spill Imbalanced Classification,Media,attribute16,NA
OVERSAMPLING,07-Oil Spill Imbalanced Classification,Media,attribute17,NA
OVERSAMPLING,07-Oil Spill Imbalanced Classification,Media,attribute18,NA
OVERSAMPLING,07-Oil Spill Imbalanced Classification,Media,attribute19,NA
OVERSAMPLING,07-Oil Spill Imbalanced Classification,Media,attribute20,NA
OVERSAMPLING,07-Oil Spill Imbalanced Classification,Media,attribute21,NA
OVERSAMPLING,07-Oil Spill Imbalanced Classification,Media,attribute22,NA
OVERSAMPLING,07-Oil Spill Imbalanced Classification,Media,attribute23,NA
OVERSAMPLING,07-Oil Spill Imbalanced Classification,Media,attribute24,NA
OVERSAMPLING,07-Oil Spill Imbalanced Classification,Media,attribute25,NA
OVERSAMPLING,07-Oil Spill Imbalanced Classification,Media,attribute26,NA
OVERSAMPLING,07-Oil Spill Imbalanced Classification,Media,attribute27,NA
OVERSAMPLING,07-Oil Spill Imbalanced Classification,Media,attribute28,NA
OVERSAMPLING,07-Oil Spill Imbalanced Classification,Media,attribute29,NA
OVERSAMPLING,07-Oil Spill Imbalanced Classification,Media,attribute30,NA
OVERSAMPLING,07-Oil Spill Imbalanced Classification,Media,attribute31,NA
OVERSAMPLING,07-Oil Spill Imbalanced Classification,Media,attribute32,NA
OVERSAMPLING,07-Oil Spill Imbalanced Classification,Media,attribute33,NA
OVERSAMPLING,07-Oil Spill Imbalanced Classification,Media,attribute34,NA
OVERSAMPLING,07-Oil Spill Imbalanced Classification,Media,aa,NA
OVERSAMPLING,07-Oil Spill Imbalanced Classification,Media,ao,NA
OVERSAMPLING,07-Oil Spill Imbalanced Classification,Media,dcl,NA
OVERSAMPLING,07-Oil Spill Imbalanced Classification,Media,iy,NA
OVERSAMPLING,07-Oil Spill Imbalanced Classification,Media,sh,NA
OVERSAMPLING,07-Oil Spill Imbalanced Classification,Media,0,NA
OVERSAMPLING,07-Oil Spill Imbalanced Classification,Media,1,55.578125
OVERSAMPLING,07-Oil Spill Imbalanced Classification,Media,2,476.8989955357143
OVERSAMPLING,07-Oil Spill Imbalanced Classification,Media,3,672.1396037946429
OVERSAMPLING,07-Oil Spill Imbalanced Classification,Media,4,812.7129966517857
OVERSAMPLING,07-Oil Spill Imbalanced Classification,Media,5,75.96205357142857
OVERSAMPLING,07-Oil Spill Imbalanced Classification,Media,6,1142838.5848214286
OVERSAMPLING,07-Oil Spill Imbalanced Classification,Media,7,42.1488671875
OVERSAMPLING,07-Oil Spill Imbalanced Classification,Media,8,8.865970982142857
OVERSAMPLING,07-Oil Spill Imbalanced Classification,Media,9,5241.403459821428
OVERSAMPLING,07-Oil Spill Imbalanced Classification,Media,10,0.21734933035714285
OVERSAMPLING,07-Oil Spill Imbalanced Classification,Media,11,132.60965401785714
OVERSAMPLING,07-Oil Spill Imbalanced Classification,Media,12,0.2552734375
OVERSAMPLING,07-Oil Spill Imbalanced Classification,Media,13,0.3228125
OVERSAMPLING,07-Oil Spill Imbalanced Classification,Media,14,0.5118526785714286
OVERSAMPLING,07-Oil Spill Imbalanced Classification,Media,15,0.1802734375
OVERSAMPLING,07-Oil Spill Imbalanced Classification,Media,16,0.3322154017857143
OVERSAMPLING,07-Oil Spill Imbalanced Classification,Media,17,89.3031640625
OVERSAMPLING,07-Oil Spill Imbalanced Classification,Media,18,28.268074776785713
OVERSAMPLING,07-Oil Spill Imbalanced Classification,Media,19,0.9682756696428572
OVERSAMPLING,07-Oil Spill Imbalanced Classification,Media,20,0.21904575892857142
OVERSAMPLING,07-Oil Spill Imbalanced Classification,Media,21,0.2843526785714286
OVERSAMPLING,07-Oil Spill Imbalanced Classification,Media,22,78.32961495535714
OVERSAMPLING,07-Oil Spill Imbalanced Classification,Media,23,0
OVERSAMPLING,07-Oil Spill Imbalanced Classification,Media,24,0.6070033482142857
OVERSAMPLING,07-Oil Spill Imbalanced Classification,Media,25,546.5797265625
OVERSAMPLING,07-Oil Spill Imbalanced Classification,Media,26,0.47834263392857146
OVERSAMPLING,07-Oil Spill Imbalanced Classification,Media,27,6.9076171875
OVERSAMPLING,07-Oil Spill Imbalanced Classification,Media,28,0.7349832589285714
OVERSAMPLING,07-Oil Spill Imbalanced Classification,Media,29,4.531233258928571
OVERSAMPLING,07-Oil Spill Imbalanced Classification,Media,30,-3.0463448660714287
OVERSAMPLING,07-Oil Spill Imbalanced Classification,Media,31,-0.4141294642857143
OVERSAMPLING,07-Oil Spill Imbalanced Classification,Media,32,1.8629017857142858
OVERSAMPLING,07-Oil Spill Imbalanced Classification,Media,33,0.002421875
OVERSAMPLING,07-Oil Spill Imbalanced Classification,Media,34,1.860474330357143
OVERSAMPLING,07-Oil Spill Imbalanced Classification,Media,35,52.598214285714285
OVERSAMPLING,07-Oil Spill Imbalanced Classification,Media,36,2877.940848214286
OVERSAMPLING,07-Oil Spill Imbalanced Classification,Media,37,0.005675223214285714
OVERSAMPLING,07-Oil Spill Imbalanced Classification,Media,38,33.7434765625
OVERSAMPLING,07-Oil Spill Imbalanced Classification,Media,39,92.81640625
OVERSAMPLING,07-Oil Spill Imbalanced Classification,Media,40,62.671875
OVERSAMPLING,07-Oil Spill Imbalanced Classification,Media,41,1258.1184821428571
OVERSAMPLING,07-Oil Spill Imbalanced Classification,Media,42,491.88586495535714
OVERSAMPLING,07-Oil Spill Imbalanced Classification,Media,43,297.6817857142857
OVERSAMPLING,07-Oil Spill Imbalanced Classification,Media,44,113.08921875
OVERSAMPLING,07-Oil Spill Imbalanced Classification,Media,45,5.186378348214285
OVERSAMPLING,07-Oil Spill Imbalanced Classification,Media,46,0.16294642857142858
OVERSAMPLING,07-Oil Spill Imbalanced Classification,Media,48,61.53809709821429
OVERSAMPLING,07-Oil Spill Imbalanced Classification,Media,49,8.214140625
OVERSAMPLING,07-Oil Spill Imbalanced Classification,Desvio_Padrao,time,NA
OVERSAMPLING,07-Oil Spill Imbalanced Classification,Desvio_Padrao,v1,NA
OVERSAMPLING,07-Oil Spill Imbalanced Classification,Desvio_Padrao,v2,NA
OVERSAMPLING,07-Oil Spill Imbalanced Classification,Desvio_Padrao,v3,NA
OVERSAMPLING,07-Oil Spill Imbalanced Classification,Desvio_Padrao,v4,NA
OVERSAMPLING,07-Oil Spill Imbalanced Classification,Desvio_Padrao,v5,NA
OVERSAMPLING,07-Oil Spill Imbalanced Classification,Desvio_Padrao,v6,NA
OVERSAMPLING,07-Oil Spill Imbalanced Classification,Desvio_Padrao,v7,NA
OVERSAMPLING,07-Oil Spill Imbalanced Classification,Desvio_Padrao,v8,NA
OVERSAMPLING,07-Oil Spill Imbalanced Classification,Desvio_Padrao,v9,NA
OVERSAMPLING,07-Oil Spill Imbalanced Classification,Desvio_Padrao,v10,NA
OVERSAMPLING,07-Oil Spill Imbalanced Classification,Desvio_Padrao,v11,NA
OVERSAMPLING,07-Oil Spill Imbalanced Classification,Desvio_Padrao,v12,NA
OVERSAMPLING,07-Oil Spill Imbalanced Classification,Desvio_Padrao,v13,NA
OVERSAMPLING,07-Oil Spill Imbalanced Classification,Desvio_Padrao,v14,NA
OVERSAMPLING,07-Oil Spill Imbalanced Classification,Desvio_Padrao,v15,NA
OVERSAMPLING,07-Oil Spill Imbalanced Classification,Desvio_Padrao,v16,NA
OVERSAMPLING,07-Oil Spill Imbalanced Classification,Desvio_Padrao,v17,NA
OVERSAMPLING,07-Oil Spill Imbalanced Classification,Desvio_Padrao,v18,NA
OVERSAMPLING,07-Oil Spill Imbalanced Classification,Desvio_Padrao,v19,NA
OVERSAMPLING,07-Oil Spill Imbalanced Classification,Desvio_Padrao,v20,NA
OVERSAMPLING,07-Oil Spill Imbalanced Classification,Desvio_Padrao,v21,NA
OVERSAMPLING,07-Oil Spill Imbalanced Classification,Desvio_Padrao,v22,NA
OVERSAMPLING,07-Oil Spill Imbalanced Classification,Desvio_Padrao,v23,NA
OVERSAMPLING,07-Oil Spill Imbalanced Classification,Desvio_Padrao,v24,NA
OVERSAMPLING,07-Oil Spill Imbalanced Classification,Desvio_Padrao,v25,NA
OVERSAMPLING,07-Oil Spill Imbalanced Classification,Desvio_Padrao,v26,NA
OVERSAMPLING,07-Oil Spill Imbalanced Classification,Desvio_Padrao,v27,NA
OVERSAMPLING,07-Oil Spill Imbalanced Classification,Desvio_Padrao,v28,NA
OVERSAMPLING,07-Oil Spill Imbalanced Classification,Desvio_Padrao,amount,NA
OVERSAMPLING,07-Oil Spill Imbalanced Classification,Desvio_Padrao,radius1,NA
OVERSAMPLING,07-Oil Spill Imbalanced Classification,Desvio_Padrao,texture1,NA
OVERSAMPLING,07-Oil Spill Imbalanced Classification,Desvio_Padrao,perimeter1,NA
OVERSAMPLING,07-Oil Spill Imbalanced Classification,Desvio_Padrao,area1,NA
OVERSAMPLING,07-Oil Spill Imbalanced Classification,Desvio_Padrao,smoothness1,NA
OVERSAMPLING,07-Oil Spill Imbalanced Classification,Desvio_Padrao,compactness1,NA
OVERSAMPLING,07-Oil Spill Imbalanced Classification,Desvio_Padrao,concavity1,NA
OVERSAMPLING,07-Oil Spill Imbalanced Classification,Desvio_Padrao,concave_points1,NA
OVERSAMPLING,07-Oil Spill Imbalanced Classification,Desvio_Padrao,symmetry1,NA
OVERSAMPLING,07-Oil Spill Imbalanced Classification,Desvio_Padrao,fractal_dimension1,NA
OVERSAMPLING,07-Oil Spill Imbalanced Classification,Desvio_Padrao,radius2,NA
OVERSAMPLING,07-Oil Spill Imbalanced Classification,Desvio_Padrao,texture2,NA
OVERSAMPLING,07-Oil Spill Imbalanced Classification,Desvio_Padrao,perimeter2,NA
OVERSAMPLING,07-Oil Spill Imbalanced Classification,Desvio_Padrao,area2,NA
OVERSAMPLING,07-Oil Spill Imbalanced Classification,Desvio_Padrao,smoothness2,NA
OVERSAMPLING,07-Oil Spill Imbalanced Classification,Desvio_Padrao,compactness2,NA
OVERSAMPLING,07-Oil Spill Imbalanced Classification,Desvio_Padrao,concavity2,NA
OVERSAMPLING,07-Oil Spill Imbalanced Classification,Desvio_Padrao,concave_points2,NA
OVERSAMPLING,07-Oil Spill Imbalanced Classification,Desvio_Padrao,symmetry2,NA
OVERSAMPLING,07-Oil Spill Imbalanced Classification,Desvio_Padrao,fractal_dimension2,NA
OVERSAMPLING,07-Oil Spill Imbalanced Classification,Desvio_Padrao,radius3,NA
OVERSAMPLING,07-Oil Spill Imbalanced Classification,Desvio_Padrao,texture3,NA
OVERSAMPLING,07-Oil Spill Imbalanced Classification,Desvio_Padrao,perimeter3,NA
OVERSAMPLING,07-Oil Spill Imbalanced Classification,Desvio_Padrao,area3,NA
OVERSAMPLING,07-Oil Spill Imbalanced Classification,Desvio_Padrao,smoothness3,NA
OVERSAMPLING,07-Oil Spill Imbalanced Classification,Desvio_Padrao,compactness3,NA
OVERSAMPLING,07-Oil Spill Imbalanced Classification,Desvio_Padrao,concavity3,NA
OVERSAMPLING,07-Oil Spill Imbalanced Classification,Desvio_Padrao,concave_points3,NA
OVERSAMPLING,07-Oil Spill Imbalanced Classification,Desvio_Padrao,symmetry3,NA
OVERSAMPLING,07-Oil Spill Imbalanced Classification,Desvio_Padrao,fractal_dimension3,NA
OVERSAMPLING,07-Oil Spill Imbalanced Classification,Desvio_Padrao,pregnancies,NA
OVERSAMPLING,07-Oil Spill Imbalanced Classification,Desvio_Padrao,glucose,NA
OVERSAMPLING,07-Oil Spill Imbalanced Classification,Desvio_Padrao,bloodpressure,NA
OVERSAMPLING,07-Oil Spill Imbalanced Classification,Desvio_Padrao,skinthickness,NA
OVERSAMPLING,07-Oil Spill Imbalanced Classification,Desvio_Padrao,insulin,NA
OVERSAMPLING,07-Oil Spill Imbalanced Classification,Desvio_Padrao,bmi,NA
OVERSAMPLING,07-Oil Spill Imbalanced Classification,Desvio_Padrao,diabetespedigreefunction,NA
OVERSAMPLING,07-Oil Spill Imbalanced Classification,Desvio_Padrao,age,NA
OVERSAMPLING,07-Oil Spill Imbalanced Classification,Desvio_Padrao,attribute01,NA
OVERSAMPLING,07-Oil Spill Imbalanced Classification,Desvio_Padrao,attribute02,NA
OVERSAMPLING,07-Oil Spill Imbalanced Classification,Desvio_Padrao,attribute03,NA
OVERSAMPLING,07-Oil Spill Imbalanced Classification,Desvio_Padrao,attribute04,NA
OVERSAMPLING,07-Oil Spill Imbalanced Classification,Desvio_Padrao,attribute05,NA
OVERSAMPLING,07-Oil Spill Imbalanced Classification,Desvio_Padrao,attribute06,NA
OVERSAMPLING,07-Oil Spill Imbalanced Classification,Desvio_Padrao,attribute07,NA
OVERSAMPLING,07-Oil Spill Imbalanced Classification,Desvio_Padrao,attribute08,NA
OVERSAMPLING,07-Oil Spill Imbalanced Classification,Desvio_Padrao,attribute09,NA
OVERSAMPLING,07-Oil Spill Imbalanced Classification,Desvio_Padrao,attribute10,NA
OVERSAMPLING,07-Oil Spill Imbalanced Classification,Desvio_Padrao,attribute11,NA
OVERSAMPLING,07-Oil Spill Imbalanced Classification,Desvio_Padrao,attribute12,NA
OVERSAMPLING,07-Oil Spill Imbalanced Classification,Desvio_Padrao,attribute13,NA
OVERSAMPLING,07-Oil Spill Imbalanced Classification,Desvio_Padrao,attribute14,NA
OVERSAMPLING,07-Oil Spill Imbalanced Classification,Desvio_Padrao,attribute15,NA
OVERSAMPLING,07-Oil Spill Imbalanced Classification,Desvio_Padrao,attribute16,NA
OVERSAMPLING,07-Oil Spill Imbalanced Classification,Desvio_Padrao,attribute17,NA
OVERSAMPLING,07-Oil Spill Imbalanced Classification,Desvio_Padrao,attribute18,NA
OVERSAMPLING,07-Oil Spill Imbalanced Classification,Desvio_Padrao,attribute19,NA
OVERSAMPLING,07-Oil Spill Imbalanced Classification,Desvio_Padrao,attribute20,NA
OVERSAMPLING,07-Oil Spill Imbalanced Classification,Desvio_Padrao,attribute21,NA
OVERSAMPLING,07-Oil Spill Imbalanced Classification,Desvio_Padrao,attribute22,NA
OVERSAMPLING,07-Oil Spill Imbalanced Classification,Desvio_Padrao,attribute23,NA
OVERSAMPLING,07-Oil Spill Imbalanced Classification,Desvio_Padrao,attribute24,NA
OVERSAMPLING,07-Oil Spill Imbalanced Classification,Desvio_Padrao,attribute25,NA
OVERSAMPLING,07-Oil Spill Imbalanced Classification,Desvio_Padrao,attribute26,NA
OVERSAMPLING,07-Oil Spill Imbalanced Classification,Desvio_Padrao,attribute27,NA
OVERSAMPLING,07-Oil Spill Imbalanced Classification,Desvio_Padrao,attribute28,NA
OVERSAMPLING,07-Oil Spill Imbalanced Classification,Desvio_Padrao,attribute29,NA
OVERSAMPLING,07-Oil Spill Imbalanced Classification,Desvio_Padrao,attribute30,NA
OVERSAMPLING,07-Oil Spill Imbalanced Classification,Desvio_Padrao,attribute31,NA
OVERSAMPLING,07-Oil Spill Imbalanced Classification,Desvio_Padrao,attribute32,NA
OVERSAMPLING,07-Oil Spill Imbalanced Classification,Desvio_Padrao,attribute33,NA
OVERSAMPLING,07-Oil Spill Imbalanced Classification,Desvio_Padrao,attribute34,NA
OVERSAMPLING,07-Oil Spill Imbalanced Classification,Desvio_Padrao,aa,NA
OVERSAMPLING,07-Oil Spill Imbalanced Classification,Desvio_Padrao,ao,NA
OVERSAMPLING,07-Oil Spill Imbalanced Classification,Desvio_Padrao,dcl,NA
OVERSAMPLING,07-Oil Spill Imbalanced Classification,Desvio_Padrao,iy,NA
OVERSAMPLING,07-Oil Spill Imbalanced Classification,Desvio_Padrao,sh,NA
OVERSAMPLING,07-Oil Spill Imbalanced Classification,Desvio_Padrao,0,NA
OVERSAMPLING,07-Oil Spill Imbalanced Classification,Desvio_Padrao,1,63.10184735257479
OVERSAMPLING,07-Oil Spill Imbalanced Classification,Desvio_Padrao,2,1554.7664664948209
OVERSAMPLING,07-Oil Spill Imbalanced Classification,Desvio_Padrao,3,545.8790202797549
OVERSAMPLING,07-Oil Spill Imbalanced Classification,Desvio_Padrao,4,521.3425593523666
OVERSAMPLING,07-Oil Spill Imbalanced Classification,Desvio_Padrao,5,43.87003940211197
OVERSAMPLING,07-Oil Spill Imbalanced Classification,Desvio_Padrao,6,2600507.570600134
OVERSAMPLING,07-Oil Spill Imbalanced Classification,Desvio_Padrao,7,12.082318504150145
OVERSAMPLING,07-Oil Spill Imbalanced Classification,Desvio_Padrao,8,3.7304161932884328
OVERSAMPLING,07-Oil Spill Imbalanced Classification,Desvio_Padrao,9,7106.0268578918385
OVERSAMPLING,07-Oil Spill Imbalanced Classification,Desvio_Padrao,10,0.08369439142099203
OVERSAMPLING,07-Oil Spill Imbalanced Classification,Desvio_Padrao,11,83.9496686007258
OVERSAMPLING,07-Oil Spill Imbalanced Classification,Desvio_Padrao,12,0.09123835068821955
OVERSAMPLING,07-Oil Spill Imbalanced Classification,Desvio_Padrao,13,0.12837998673414086
OVERSAMPLING,07-Oil Spill Imbalanced Classification,Desvio_Padrao,14,0.21068823054397307
OVERSAMPLING,07-Oil Spill Imbalanced Classification,Desvio_Padrao,15,0.08486849292828241
OVERSAMPLING,07-Oil Spill Imbalanced Classification,Desvio_Padrao,16,0.19485582130668455
OVERSAMPLING,07-Oil Spill Imbalanced Classification,Desvio_Padrao,17,233.91019176940796
OVERSAMPLING,07-Oil Spill Imbalanced Classification,Desvio_Padrao,18,69.28359494302322
OVERSAMPLING,07-Oil Spill Imbalanced Classification,Desvio_Padrao,19,0.6735909137231298
OVERSAMPLING,07-Oil Spill Imbalanced Classification,Desvio_Padrao,20,0.07317963277536117
OVERSAMPLING,07-Oil Spill Imbalanced Classification,Desvio_Padrao,21,0.09965336098010089
OVERSAMPLING,07-Oil Spill Imbalanced Classification,Desvio_Padrao,22,22.809297251636725
OVERSAMPLING,07-Oil Spill Imbalanced Classification,Desvio_Padrao,23,0
OVERSAMPLING,07-Oil Spill Imbalanced Classification,Desvio_Padrao,24,0.28479738796950893
OVERSAMPLING,07-Oil Spill Imbalanced Classification,Desvio_Padrao,25,627.39381021912
OVERSAMPLING,07-Oil Spill Imbalanced Classification,Desvio_Padrao,26,0.6852469335381055
OVERSAMPLING,07-Oil Spill Imbalanced Classification,Desvio_Padrao,27,3.864583864431059
OVERSAMPLING,07-Oil Spill Imbalanced Classification,Desvio_Padrao,28,0.7648719797771542
OVERSAMPLING,07-Oil Spill Imbalanced Classification,Desvio_Padrao,29,3.183743339158455
OVERSAMPLING,07-Oil Spill Imbalanced Classification,Desvio_Padrao,30,1.5891714037031124
OVERSAMPLING,07-Oil Spill Imbalanced Classification,Desvio_Padrao,31,0.220669811730569
OVERSAMPLING,07-Oil Spill Imbalanced Classification,Desvio_Padrao,32,0.6164984200355725
OVERSAMPLING,07-Oil Spill Imbalanced Classification,Desvio_Padrao,33,0.04569391197488956
OVERSAMPLING,07-Oil Spill Imbalanced Classification,Desvio_Padrao,34,0.6208924867299651
OVERSAMPLING,07-Oil Spill Imbalanced Classification,Desvio_Padrao,35,83.66644548839182
OVERSAMPLING,07-Oil Spill Imbalanced Classification,Desvio_Padrao,36,4378.913644073161
OVERSAMPLING,07-Oil Spill Imbalanced Classification,Desvio_Padrao,37,0.005218988860842719
OVERSAMPLING,07-Oil Spill Imbalanced Classification,Desvio_Padrao,38,28.173218674789293
OVERSAMPLING,07-Oil Spill Imbalanced Classification,Desvio_Padrao,39,21.532837526331065
OVERSAMPLING,07-Oil Spill Imbalanced Classification,Desvio_Padrao,40,13.376585260135109
OVERSAMPLING,07-Oil Spill Imbalanced Classification,Desvio_Padrao,41,1323.95758879556
OVERSAMPLING,07-Oil Spill Imbalanced Classification,Desvio_Padrao,42,580.7577863928985
OVERSAMPLING,07-Oil Spill Imbalanced Classification,Desvio_Padrao,43,381.469279564883
OVERSAMPLING,07-Oil Spill Imbalanced Classification,Desvio_Padrao,44,113.25132338037898
OVERSAMPLING,07-Oil Spill Imbalanced Classification,Desvio_Padrao,45,4.5241759166728635
OVERSAMPLING,07-Oil Spill Imbalanced Classification,Desvio_Padrao,46,0.3694198772463578
OVERSAMPLING,07-Oil Spill Imbalanced Classification,Desvio_Padrao,48,10.504977449126061
OVERSAMPLING,07-Oil Spill Imbalanced Classification,Desvio_Padrao,49,2.888781113922531
OVERSAMPLING,07-Oil Spill Imbalanced Classification,Minimo,time,NA
OVERSAMPLING,07-Oil Spill Imbalanced Classification,Minimo,v1,NA
OVERSAMPLING,07-Oil Spill Imbalanced Classification,Minimo,v2,NA
OVERSAMPLING,07-Oil Spill Imbalanced Classification,Minimo,v3,NA
OVERSAMPLING,07-Oil Spill Imbalanced Classification,Minimo,v4,NA
OVERSAMPLING,07-Oil Spill Imbalanced Classification,Minimo,v5,NA
OVERSAMPLING,07-Oil Spill Imbalanced Classification,Minimo,v6,NA
OVERSAMPLING,07-Oil Spill Imbalanced Classification,Minimo,v7,NA
OVERSAMPLING,07-Oil Spill Imbalanced Classification,Minimo,v8,NA
OVERSAMPLING,07-Oil Spill Imbalanced Classification,Minimo,v9,NA
OVERSAMPLING,07-Oil Spill Imbalanced Classification,Minimo,v10,NA
OVERSAMPLING,07-Oil Spill Imbalanced Classification,Minimo,v11,NA
OVERSAMPLING,07-Oil Spill Imbalanced Classification,Minimo,v12,NA
OVERSAMPLING,07-Oil Spill Imbalanced Classification,Minimo,v13,NA
OVERSAMPLING,07-Oil Spill Imbalanced Classification,Minimo,v14,NA
OVERSAMPLING,07-Oil Spill Imbalanced Classification,Minimo,v15,NA
OVERSAMPLING,07-Oil Spill Imbalanced Classification,Minimo,v16,NA
OVERSAMPLING,07-Oil Spill Imbalanced Classification,Minimo,v17,NA
OVERSAMPLING,07-Oil Spill Imbalanced Classification,Minimo,v18,NA
OVERSAMPLING,07-Oil Spill Imbalanced Classification,Minimo,v19,NA
OVERSAMPLING,07-Oil Spill Imbalanced Classification,Minimo,v20,NA
OVERSAMPLING,07-Oil Spill Imbalanced Classification,Minimo,v21,NA
OVERSAMPLING,07-Oil Spill Imbalanced Classification,Minimo,v22,NA
OVERSAMPLING,07-Oil Spill Imbalanced Classification,Minimo,v23,NA
OVERSAMPLING,07-Oil Spill Imbalanced Classification,Minimo,v24,NA
OVERSAMPLING,07-Oil Spill Imbalanced Classification,Minimo,v25,NA
OVERSAMPLING,07-Oil Spill Imbalanced Classification,Minimo,v26,NA
OVERSAMPLING,07-Oil Spill Imbalanced Classification,Minimo,v27,NA
OVERSAMPLING,07-Oil Spill Imbalanced Classification,Minimo,v28,NA
OVERSAMPLING,07-Oil Spill Imbalanced Classification,Minimo,amount,NA
OVERSAMPLING,07-Oil Spill Imbalanced Classification,Minimo,radius1,NA
OVERSAMPLING,07-Oil Spill Imbalanced Classification,Minimo,texture1,NA
OVERSAMPLING,07-Oil Spill Imbalanced Classification,Minimo,perimeter1,NA
OVERSAMPLING,07-Oil Spill Imbalanced Classification,Minimo,area1,NA
OVERSAMPLING,07-Oil Spill Imbalanced Classification,Minimo,smoothness1,NA
OVERSAMPLING,07-Oil Spill Imbalanced Classification,Minimo,compactness1,NA
OVERSAMPLING,07-Oil Spill Imbalanced Classification,Minimo,concavity1,NA
OVERSAMPLING,07-Oil Spill Imbalanced Classification,Minimo,concave_points1,NA
OVERSAMPLING,07-Oil Spill Imbalanced Classification,Minimo,symmetry1,NA
OVERSAMPLING,07-Oil Spill Imbalanced Classification,Minimo,fractal_dimension1,NA
OVERSAMPLING,07-Oil Spill Imbalanced Classification,Minimo,radius2,NA
OVERSAMPLING,07-Oil Spill Imbalanced Classification,Minimo,texture2,NA
OVERSAMPLING,07-Oil Spill Imbalanced Classification,Minimo,perimeter2,NA
OVERSAMPLING,07-Oil Spill Imbalanced Classification,Minimo,area2,NA
OVERSAMPLING,07-Oil Spill Imbalanced Classification,Minimo,smoothness2,NA
OVERSAMPLING,07-Oil Spill Imbalanced Classification,Minimo,compactness2,NA
OVERSAMPLING,07-Oil Spill Imbalanced Classification,Minimo,concavity2,NA
OVERSAMPLING,07-Oil Spill Imbalanced Classification,Minimo,concave_points2,NA
OVERSAMPLING,07-Oil Spill Imbalanced Classification,Minimo,symmetry2,NA
OVERSAMPLING,07-Oil Spill Imbalanced Classification,Minimo,fractal_dimension2,NA
OVERSAMPLING,07-Oil Spill Imbalanced Classification,Minimo,radius3,NA
OVERSAMPLING,07-Oil Spill Imbalanced Classification,Minimo,texture3,NA
OVERSAMPLING,07-Oil Spill Imbalanced Classification,Minimo,perimeter3,NA
OVERSAMPLING,07-Oil Spill Imbalanced Classification,Minimo,area3,NA
OVERSAMPLING,07-Oil Spill Imbalanced Classification,Minimo,smoothness3,NA
OVERSAMPLING,07-Oil Spill Imbalanced Classification,Minimo,compactness3,NA
OVERSAMPLING,07-Oil Spill Imbalanced Classification,Minimo,concavity3,NA
OVERSAMPLING,07-Oil Spill Imbalanced Classification,Minimo,concave_points3,NA
OVERSAMPLING,07-Oil Spill Imbalanced Classification,Minimo,symmetry3,NA
OVERSAMPLING,07-Oil Spill Imbalanced Classification,Minimo,fractal_dimension3,NA
OVERSAMPLING,07-Oil Spill Imbalanced Classification,Minimo,pregnancies,NA
OVERSAMPLING,07-Oil Spill Imbalanced Classification,Minimo,glucose,NA
OVERSAMPLING,07-Oil Spill Imbalanced Classification,Minimo,bloodpressure,NA
OVERSAMPLING,07-Oil Spill Imbalanced Classification,Minimo,skinthickness,NA
OVERSAMPLING,07-Oil Spill Imbalanced Classification,Minimo,insulin,NA
OVERSAMPLING,07-Oil Spill Imbalanced Classification,Minimo,bmi,NA
OVERSAMPLING,07-Oil Spill Imbalanced Classification,Minimo,diabetespedigreefunction,NA
OVERSAMPLING,07-Oil Spill Imbalanced Classification,Minimo,age,NA
OVERSAMPLING,07-Oil Spill Imbalanced Classification,Minimo,attribute01,NA
OVERSAMPLING,07-Oil Spill Imbalanced Classification,Minimo,attribute02,NA
OVERSAMPLING,07-Oil Spill Imbalanced Classification,Minimo,attribute03,NA
OVERSAMPLING,07-Oil Spill Imbalanced Classification,Minimo,attribute04,NA
OVERSAMPLING,07-Oil Spill Imbalanced Classification,Minimo,attribute05,NA
OVERSAMPLING,07-Oil Spill Imbalanced Classification,Minimo,attribute06,NA
OVERSAMPLING,07-Oil Spill Imbalanced Classification,Minimo,attribute07,NA
OVERSAMPLING,07-Oil Spill Imbalanced Classification,Minimo,attribute08,NA
OVERSAMPLING,07-Oil Spill Imbalanced Classification,Minimo,attribute09,NA
OVERSAMPLING,07-Oil Spill Imbalanced Classification,Minimo,attribute10,NA
OVERSAMPLING,07-Oil Spill Imbalanced Classification,Minimo,attribute11,NA
OVERSAMPLING,07-Oil Spill Imbalanced Classification,Minimo,attribute12,NA
OVERSAMPLING,07-Oil Spill Imbalanced Classification,Minimo,attribute13,NA
OVERSAMPLING,07-Oil Spill Imbalanced Classification,Minimo,attribute14,NA
OVERSAMPLING,07-Oil Spill Imbalanced Classification,Minimo,attribute15,NA
OVERSAMPLING,07-Oil Spill Imbalanced Classification,Minimo,attribute16,NA
OVERSAMPLING,07-Oil Spill Imbalanced Classification,Minimo,attribute17,NA
OVERSAMPLING,07-Oil Spill Imbalanced Classification,Minimo,attribute18,NA
OVERSAMPLING,07-Oil Spill Imbalanced Classification,Minimo,attribute19,NA
OVERSAMPLING,07-Oil Spill Imbalanced Classification,Minimo,attribute20,NA
OVERSAMPLING,07-Oil Spill Imbalanced Classification,Minimo,attribute21,NA
OVERSAMPLING,07-Oil Spill Imbalanced Classification,Minimo,attribute22,NA
OVERSAMPLING,07-Oil Spill Imbalanced Classification,Minimo,attribute23,NA
OVERSAMPLING,07-Oil Spill Imbalanced Classification,Minimo,attribute24,NA
OVERSAMPLING,07-Oil Spill Imbalanced Classification,Minimo,attribute25,NA
OVERSAMPLING,07-Oil Spill Imbalanced Classification,Minimo,attribute26,NA
OVERSAMPLING,07-Oil Spill Imbalanced Classification,Minimo,attribute27,NA
OVERSAMPLING,07-Oil Spill Imbalanced Classification,Minimo,attribute28,NA
OVERSAMPLING,07-Oil Spill Imbalanced Classification,Minimo,attribute29,NA
OVERSAMPLING,07-Oil Spill Imbalanced Classification,Minimo,attribute30,NA
OVERSAMPLING,07-Oil Spill Imbalanced Classification,Minimo,attribute31,NA
OVERSAMPLING,07-Oil Spill Imbalanced Classification,Minimo,attribute32,NA
OVERSAMPLING,07-Oil Spill Imbalanced Classification,Minimo,attribute33,NA
OVERSAMPLING,07-Oil Spill Imbalanced Classification,Minimo,attribute34,NA
OVERSAMPLING,07-Oil Spill Imbalanced Classification,Minimo,aa,NA
OVERSAMPLING,07-Oil Spill Imbalanced Classification,Minimo,ao,NA
OVERSAMPLING,07-Oil Spill Imbalanced Classification,Minimo,dcl,NA
OVERSAMPLING,07-Oil Spill Imbalanced Classification,Minimo,iy,NA
OVERSAMPLING,07-Oil Spill Imbalanced Classification,Minimo,sh,NA
OVERSAMPLING,07-Oil Spill Imbalanced Classification,Minimo,0,NA
OVERSAMPLING,07-Oil Spill Imbalanced Classification,Minimo,1,1
OVERSAMPLING,07-Oil Spill Imbalanced Classification,Minimo,2,10
OVERSAMPLING,07-Oil Spill Imbalanced Classification,Minimo,3,1.92
OVERSAMPLING,07-Oil Spill Imbalanced Classification,Minimo,4,1
OVERSAMPLING,07-Oil Spill Imbalanced Classification,Minimo,5,0
OVERSAMPLING,07-Oil Spill Imbalanced Classification,Minimo,6,73125
OVERSAMPLING,07-Oil Spill Imbalanced Classification,Minimo,7,21.24
OVERSAMPLING,07-Oil Spill Imbalanced Classification,Minimo,8,0.83
OVERSAMPLING,07-Oil Spill Imbalanced Classification,Minimo,9,667
OVERSAMPLING,07-Oil Spill Imbalanced Classification,Minimo,10,0.02
OVERSAMPLING,07-Oil Spill Imbalanced Classification,Minimo,11,41
OVERSAMPLING,07-Oil Spill Imbalanced Classification,Minimo,12,0.02
OVERSAMPLING,07-Oil Spill Imbalanced Classification,Minimo,13,0.03
OVERSAMPLING,07-Oil Spill Imbalanced Classification,Minimo,14,0.06
OVERSAMPLING,07-Oil Spill Imbalanced Classification,Minimo,15,0.02
OVERSAMPLING,07-Oil Spill Imbalanced Classification,Minimo,16,0.03
OVERSAMPLING,07-Oil Spill Imbalanced Classification,Minimo,17,4.82
OVERSAMPLING,07-Oil Spill Imbalanced Classification,Minimo,18,1.97
OVERSAMPLING,07-Oil Spill Imbalanced Classification,Minimo,19,0.13
OVERSAMPLING,07-Oil Spill Imbalanced Classification,Minimo,20,0.02
OVERSAMPLING,07-Oil Spill Imbalanced Classification,Minimo,21,0.03
OVERSAMPLING,07-Oil Spill Imbalanced Classification,Minimo,22,47.66
OVERSAMPLING,07-Oil Spill Imbalanced Classification,Minimo,23,0
OVERSAMPLING,07-Oil Spill Imbalanced Classification,Minimo,24,0.17
OVERSAMPLING,07-Oil Spill Imbalanced Classification,Minimo,25,132.78
OVERSAMPLING,07-Oil Spill Imbalanced Classification,Minimo,26,-0.71
OVERSAMPLING,07-Oil Spill Imbalanced Classification,Minimo,27,2.96
OVERSAMPLING,07-Oil Spill Imbalanced Classification,Minimo,28,-1.53
OVERSAMPLING,07-Oil Spill Imbalanced Classification,Minimo,29,1.45
OVERSAMPLING,07-Oil Spill Imbalanced Classification,Minimo,30,-7.76
OVERSAMPLING,07-Oil Spill Imbalanced Classification,Minimo,31,-1.37
OVERSAMPLING,07-Oil Spill Imbalanced Classification,Minimo,32,0
OVERSAMPLING,07-Oil Spill Imbalanced Classification,Minimo,33,0
OVERSAMPLING,07-Oil Spill Imbalanced Classification,Minimo,34,0
OVERSAMPLING,07-Oil Spill Imbalanced Classification,Minimo,35,5
OVERSAMPLING,07-Oil Spill Imbalanced Classification,Minimo,36,360
OVERSAMPLING,07-Oil Spill Imbalanced Classification,Minimo,37,0
OVERSAMPLING,07-Oil Spill Imbalanced Classification,Minimo,38,5.05
OVERSAMPLING,07-Oil Spill Imbalanced Classification,Minimo,39,64
OVERSAMPLING,07-Oil Spill Imbalanced Classification,Minimo,40,39
OVERSAMPLING,07-Oil Spill Imbalanced Classification,Minimo,41,0
OVERSAMPLING,07-Oil Spill Imbalanced Classification,Minimo,42,0
OVERSAMPLING,07-Oil Spill Imbalanced Classification,Minimo,43,0
OVERSAMPLING,07-Oil Spill Imbalanced Classification,Minimo,44,0
OVERSAMPLING,07-Oil Spill Imbalanced Classification,Minimo,45,0
OVERSAMPLING,07-Oil Spill Imbalanced Classification,Minimo,46,0
OVERSAMPLING,07-Oil Spill Imbalanced Classification,Minimo,48,35.96
OVERSAMPLING,07-Oil Spill Imbalanced Classification,Minimo,49,5.84
OVERSAMPLING,07-Oil Spill Imbalanced Classification,Maximo,time,NA
OVERSAMPLING,07-Oil Spill Imbalanced Classification,Maximo,v1,NA
OVERSAMPLING,07-Oil Spill Imbalanced Classification,Maximo,v2,NA
OVERSAMPLING,07-Oil Spill Imbalanced Classification,Maximo,v3,NA
OVERSAMPLING,07-Oil Spill Imbalanced Classification,Maximo,v4,NA
OVERSAMPLING,07-Oil Spill Imbalanced Classification,Maximo,v5,NA
OVERSAMPLING,07-Oil Spill Imbalanced Classification,Maximo,v6,NA
OVERSAMPLING,07-Oil Spill Imbalanced Classification,Maximo,v7,NA
OVERSAMPLING,07-Oil Spill Imbalanced Classification,Maximo,v8,NA
OVERSAMPLING,07-Oil Spill Imbalanced Classification,Maximo,v9,NA
OVERSAMPLING,07-Oil Spill Imbalanced Classification,Maximo,v10,NA
OVERSAMPLING,07-Oil Spill Imbalanced Classification,Maximo,v11,NA
OVERSAMPLING,07-Oil Spill Imbalanced Classification,Maximo,v12,NA
OVERSAMPLING,07-Oil Spill Imbalanced Classification,Maximo,v13,NA
OVERSAMPLING,07-Oil Spill Imbalanced Classification,Maximo,v14,NA
OVERSAMPLING,07-Oil Spill Imbalanced Classification,Maximo,v15,NA
OVERSAMPLING,07-Oil Spill Imbalanced Classification,Maximo,v16,NA
OVERSAMPLING,07-Oil Spill Imbalanced Classification,Maximo,v17,NA
OVERSAMPLING,07-Oil Spill Imbalanced Classification,Maximo,v18,NA
OVERSAMPLING,07-Oil Spill Imbalanced Classification,Maximo,v19,NA
OVERSAMPLING,07-Oil Spill Imbalanced Classification,Maximo,v20,NA
OVERSAMPLING,07-Oil Spill Imbalanced Classification,Maximo,v21,NA
OVERSAMPLING,07-Oil Spill Imbalanced Classification,Maximo,v22,NA
OVERSAMPLING,07-Oil Spill Imbalanced Classification,Maximo,v23,NA
OVERSAMPLING,07-Oil Spill Imbalanced Classification,Maximo,v24,NA
OVERSAMPLING,07-Oil Spill Imbalanced Classification,Maximo,v25,NA
OVERSAMPLING,07-Oil Spill Imbalanced Classification,Maximo,v26,NA
OVERSAMPLING,07-Oil Spill Imbalanced Classification,Maximo,v27,NA
OVERSAMPLING,07-Oil Spill Imbalanced Classification,Maximo,v28,NA
OVERSAMPLING,07-Oil Spill Imbalanced Classification,Maximo,amount,NA
OVERSAMPLING,07-Oil Spill Imbalanced Classification,Maximo,radius1,NA
OVERSAMPLING,07-Oil Spill Imbalanced Classification,Maximo,texture1,NA
OVERSAMPLING,07-Oil Spill Imbalanced Classification,Maximo,perimeter1,NA
OVERSAMPLING,07-Oil Spill Imbalanced Classification,Maximo,area1,NA
OVERSAMPLING,07-Oil Spill Imbalanced Classification,Maximo,smoothness1,NA
OVERSAMPLING,07-Oil Spill Imbalanced Classification,Maximo,compactness1,NA
OVERSAMPLING,07-Oil Spill Imbalanced Classification,Maximo,concavity1,NA
OVERSAMPLING,07-Oil Spill Imbalanced Classification,Maximo,concave_points1,NA
OVERSAMPLING,07-Oil Spill Imbalanced Classification,Maximo,symmetry1,NA
OVERSAMPLING,07-Oil Spill Imbalanced Classification,Maximo,fractal_dimension1,NA
OVERSAMPLING,07-Oil Spill Imbalanced Classification,Maximo,radius2,NA
OVERSAMPLING,07-Oil Spill Imbalanced Classification,Maximo,texture2,NA
OVERSAMPLING,07-Oil Spill Imbalanced Classification,Maximo,perimeter2,NA
OVERSAMPLING,07-Oil Spill Imbalanced Classification,Maximo,area2,NA
OVERSAMPLING,07-Oil Spill Imbalanced Classification,Maximo,smoothness2,NA
OVERSAMPLING,07-Oil Spill Imbalanced Classification,Maximo,compactness2,NA
OVERSAMPLING,07-Oil Spill Imbalanced Classification,Maximo,concavity2,NA
OVERSAMPLING,07-Oil Spill Imbalanced Classification,Maximo,concave_points2,NA
OVERSAMPLING,07-Oil Spill Imbalanced Classification,Maximo,symmetry2,NA
OVERSAMPLING,07-Oil Spill Imbalanced Classification,Maximo,fractal_dimension2,NA
OVERSAMPLING,07-Oil Spill Imbalanced Classification,Maximo,radius3,NA
OVERSAMPLING,07-Oil Spill Imbalanced Classification,Maximo,texture3,NA
OVERSAMPLING,07-Oil Spill Imbalanced Classification,Maximo,perimeter3,NA
OVERSAMPLING,07-Oil Spill Imbalanced Classification,Maximo,area3,NA
OVERSAMPLING,07-Oil Spill Imbalanced Classification,Maximo,smoothness3,NA
OVERSAMPLING,07-Oil Spill Imbalanced Classification,Maximo,compactness3,NA
OVERSAMPLING,07-Oil Spill Imbalanced Classification,Maximo,concavity3,NA
OVERSAMPLING,07-Oil Spill Imbalanced Classification,Maximo,concave_points3,NA
OVERSAMPLING,07-Oil Spill Imbalanced Classification,Maximo,symmetry3,NA
OVERSAMPLING,07-Oil Spill Imbalanced Classification,Maximo,fractal_dimension3,NA
OVERSAMPLING,07-Oil Spill Imbalanced Classification,Maximo,pregnancies,NA
OVERSAMPLING,07-Oil Spill Imbalanced Classification,Maximo,glucose,NA
OVERSAMPLING,07-Oil Spill Imbalanced Classification,Maximo,bloodpressure,NA
OVERSAMPLING,07-Oil Spill Imbalanced Classification,Maximo,skinthickness,NA
OVERSAMPLING,07-Oil Spill Imbalanced Classification,Maximo,insulin,NA
OVERSAMPLING,07-Oil Spill Imbalanced Classification,Maximo,bmi,NA
OVERSAMPLING,07-Oil Spill Imbalanced Classification,Maximo,diabetespedigreefunction,NA
OVERSAMPLING,07-Oil Spill Imbalanced Classification,Maximo,age,NA
OVERSAMPLING,07-Oil Spill Imbalanced Classification,Maximo,attribute01,NA
OVERSAMPLING,07-Oil Spill Imbalanced Classification,Maximo,attribute02,NA
OVERSAMPLING,07-Oil Spill Imbalanced Classification,Maximo,attribute03,NA
OVERSAMPLING,07-Oil Spill Imbalanced Classification,Maximo,attribute04,NA
OVERSAMPLING,07-Oil Spill Imbalanced Classification,Maximo,attribute05,NA
OVERSAMPLING,07-Oil Spill Imbalanced Classification,Maximo,attribute06,NA
OVERSAMPLING,07-Oil Spill Imbalanced Classification,Maximo,attribute07,NA
OVERSAMPLING,07-Oil Spill Imbalanced Classification,Maximo,attribute08,NA
OVERSAMPLING,07-Oil Spill Imbalanced Classification,Maximo,attribute09,NA
OVERSAMPLING,07-Oil Spill Imbalanced Classification,Maximo,attribute10,NA
OVERSAMPLING,07-Oil Spill Imbalanced Classification,Maximo,attribute11,NA
OVERSAMPLING,07-Oil Spill Imbalanced Classification,Maximo,attribute12,NA
OVERSAMPLING,07-Oil Spill Imbalanced Classification,Maximo,attribute13,NA
OVERSAMPLING,07-Oil Spill Imbalanced Classification,Maximo,attribute14,NA
OVERSAMPLING,07-Oil Spill Imbalanced Classification,Maximo,attribute15,NA
OVERSAMPLING,07-Oil Spill Imbalanced Classification,Maximo,attribute16,NA
OVERSAMPLING,07-Oil Spill Imbalanced Classification,Maximo,attribute17,NA
OVERSAMPLING,07-Oil Spill Imbalanced Classification,Maximo,attribute18,NA
OVERSAMPLING,07-Oil Spill Imbalanced Classification,Maximo,attribute19,NA
OVERSAMPLING,07-Oil Spill Imbalanced Classification,Maximo,attribute20,NA
OVERSAMPLING,07-Oil Spill Imbalanced Classification,Maximo,attribute21,NA
OVERSAMPLING,07-Oil Spill Imbalanced Classification,Maximo,attribute22,NA
OVERSAMPLING,07-Oil Spill Imbalanced Classification,Maximo,attribute23,NA
OVERSAMPLING,07-Oil Spill Imbalanced Classification,Maximo,attribute24,NA
OVERSAMPLING,07-Oil Spill Imbalanced Classification,Maximo,attribute25,NA
OVERSAMPLING,07-Oil Spill Imbalanced Classification,Maximo,attribute26,NA
OVERSAMPLING,07-Oil Spill Imbalanced Classification,Maximo,attribute27,NA
OVERSAMPLING,07-Oil Spill Imbalanced Classification,Maximo,attribute28,NA
OVERSAMPLING,07-Oil Spill Imbalanced Classification,Maximo,attribute29,NA
OVERSAMPLING,07-Oil Spill Imbalanced Classification,Maximo,attribute30,NA
OVERSAMPLING,07-Oil Spill Imbalanced Classification,Maximo,attribute31,NA
OVERSAMPLING,07-Oil Spill Imbalanced Classification,Maximo,attribute32,NA
OVERSAMPLING,07-Oil Spill Imbalanced Classification,Maximo,attribute33,NA
OVERSAMPLING,07-Oil Spill Imbalanced Classification,Maximo,attribute34,NA
OVERSAMPLING,07-Oil Spill Imbalanced Classification,Maximo,aa,NA
OVERSAMPLING,07-Oil Spill Imbalanced Classification,Maximo,ao,NA
OVERSAMPLING,07-Oil Spill Imbalanced Classification,Maximo,dcl,NA
OVERSAMPLING,07-Oil Spill Imbalanced Classification,Maximo,iy,NA
OVERSAMPLING,07-Oil Spill Imbalanced Classification,Maximo,sh,NA
OVERSAMPLING,07-Oil Spill Imbalanced Classification,Maximo,0,NA
OVERSAMPLING,07-Oil Spill Imbalanced Classification,Maximo,1,352
OVERSAMPLING,07-Oil Spill Imbalanced Classification,Maximo,2,25523
OVERSAMPLING,07-Oil Spill Imbalanced Classification,Maximo,3,1893.08
OVERSAMPLING,07-Oil Spill Imbalanced Classification,Maximo,4,2689.99
OVERSAMPLING,07-Oil Spill Imbalanced Classification,Maximo,5,180
OVERSAMPLING,07-Oil Spill Imbalanced Classification,Maximo,6,35891720
OVERSAMPLING,07-Oil Spill Imbalanced Classification,Maximo,7,79.6
OVERSAMPLING,07-Oil Spill Imbalanced Classification,Maximo,8,24.69
OVERSAMPLING,07-Oil Spill Imbalanced Classification,Maximo,9,61516.5
OVERSAMPLING,07-Oil Spill Imbalanced Classification,Maximo,10,0.72
OVERSAMPLING,07-Oil Spill Imbalanced Classification,Maximo,11,654.2
OVERSAMPLING,07-Oil Spill Imbalanced Classification,Maximo,12,0.66
OVERSAMPLING,07-Oil Spill Imbalanced Classification,Maximo,13,0.83
OVERSAMPLING,07-Oil Spill Imbalanced Classification,Maximo,14,1.23
OVERSAMPLING,07-Oil Spill Imbalanced Classification,Maximo,15,0.65
OVERSAMPLING,07-Oil Spill Imbalanced Classification,Maximo,16,1.12
OVERSAMPLING,07-Oil Spill Imbalanced Classification,Maximo,17,5717
OVERSAMPLING,07-Oil Spill Imbalanced Classification,Maximo,18,1678.13
OVERSAMPLING,07-Oil Spill Imbalanced Classification,Maximo,19,2.57
OVERSAMPLING,07-Oil Spill Imbalanced Classification,Maximo,20,0.65
OVERSAMPLING,07-Oil Spill Imbalanced Classification,Maximo,21,0.77
OVERSAMPLING,07-Oil Spill Imbalanced Classification,Maximo,22,126.08
OVERSAMPLING,07-Oil Spill Imbalanced Classification,Maximo,23,0
OVERSAMPLING,07-Oil Spill Imbalanced Classification,Maximo,24,1.29
OVERSAMPLING,07-Oil Spill Imbalanced Classification,Maximo,25,2036.8
OVERSAMPLING,07-Oil Spill Imbalanced Classification,Maximo,26,1.83
OVERSAMPLING,07-Oil Spill Imbalanced Classification,Maximo,27,14.78
OVERSAMPLING,07-Oil Spill Imbalanced Classification,Maximo,28,5.72
OVERSAMPLING,07-Oil Spill Imbalanced Classification,Maximo,29,39.42
OVERSAMPLING,07-Oil Spill Imbalanced Classification,Maximo,30,1.28
OVERSAMPLING,07-Oil Spill Imbalanced Classification,Maximo,31,0
OVERSAMPLING,07-Oil Spill Imbalanced Classification,Maximo,32,2.98
OVERSAMPLING,07-Oil Spill Imbalanced Classification,Maximo,33,0.87
OVERSAMPLING,07-Oil Spill Imbalanced Classification,Maximo,34,2.98
OVERSAMPLING,07-Oil Spill Imbalanced Classification,Maximo,35,882
OVERSAMPLING,07-Oil Spill Imbalanced Classification,Maximo,36,45630
OVERSAMPLING,07-Oil Spill Imbalanced Classification,Maximo,37,0.02
OVERSAMPLING,07-Oil Spill Imbalanced Classification,Maximo,38,441.23
OVERSAMPLING,07-Oil Spill Imbalanced Classification,Maximo,39,143
OVERSAMPLING,07-Oil Spill Imbalanced Classification,Maximo,40,86
OVERSAMPLING,07-Oil Spill Imbalanced Classification,Maximo,41,11949.33
OVERSAMPLING,07-Oil Spill Imbalanced Classification,Maximo,42,5020.46
OVERSAMPLING,07-Oil Spill Imbalanced Classification,Maximo,43,4531.14
OVERSAMPLING,07-Oil Spill Imbalanced Classification,Maximo,44,1155.84
OVERSAMPLING,07-Oil Spill Imbalanced Classification,Maximo,45,76.63
OVERSAMPLING,07-Oil Spill Imbalanced Classification,Maximo,46,1
OVERSAMPLING,07-Oil Spill Imbalanced Classification,Maximo,48,66.42
OVERSAMPLING,07-Oil Spill Imbalanced Classification,Maximo,49,15.44
UNDERSAMPLING,01-Credit Card Fraud Detection,Media,time,90226.94105691057
UNDERSAMPLING,01-Credit Card Fraud Detection,Media,v1,-2.44239790053321
UNDERSAMPLING,01-Credit Card Fraud Detection,Media,v2,1.7946739999935721
UNDERSAMPLING,01-Credit Card Fraud Detection,Media,v3,-3.49053738191116
UNDERSAMPLING,01-Credit Card Fraud Detection,Media,v4,2.2844716492690273
UNDERSAMPLING,01-Credit Card Fraud Detection,Media,v5,-1.5382974605695032
UNDERSAMPLING,01-Credit Card Fraud Detection,Media,v6,-0.718433616280958
UNDERSAMPLING,01-Credit Card Fraud Detection,Media,v7,-2.7787293723599764
UNDERSAMPLING,01-Credit Card Fraud Detection,Media,v8,0.2765995988770238
UNDERSAMPLING,01-Credit Card Fraud Detection,Media,v9,-1.2997301612751553
UNDERSAMPLING,01-Credit Card Fraud Detection,Media,v10,-2.814137192598821
UNDERSAMPLING,01-Credit Card Fraud Detection,Media,v11,1.830696796132388
UNDERSAMPLING,01-Credit Card Fraud Detection,Media,v12,-3.1442955780002384
UNDERSAMPLING,01-Credit Card Fraud Detection,Media,v13,-0.07195233621876712
UNDERSAMPLING,01-Credit Card Fraud Detection,Media,v14,-3.470689617591257
UNDERSAMPLING,01-Credit Card Fraud Detection,Media,v15,-0.06642903096417263
UNDERSAMPLING,01-Credit Card Fraud Detection,Media,v16,-2.0864826280074986
UNDERSAMPLING,01-Credit Card Fraud Detection,Media,v17,-3.35284406339236
UNDERSAMPLING,01-Credit Card Fraud Detection,Media,v18,-1.0830058557504776
UNDERSAMPLING,01-Credit Card Fraud Detection,Media,v19,0.3256203123610766
UNDERSAMPLING,01-Credit Card Fraud Detection,Media,v20,0.1902345891386727
UNDERSAMPLING,01-Credit Card Fraud Detection,Media,v21,0.36302232330290674
UNDERSAMPLING,01-Credit Card Fraud Detection,Media,v22,-0.007269492277747581
UNDERSAMPLING,01-Credit Card Fraud Detection,Media,v23,-0.03177046167967436
UNDERSAMPLING,01-Credit Card Fraud Detection,Media,v24,-0.0643047228381911
UNDERSAMPLING,01-Credit Card Fraud Detection,Media,v25,0.017889780132435692
UNDERSAMPLING,01-Credit Card Fraud Detection,Media,v26,0.01469815636456619
UNDERSAMPLING,01-Credit Card Fraud Detection,Media,v27,0.07628000562000577
UNDERSAMPLING,01-Credit Card Fraud Detection,Media,v28,0.03790372178143814
UNDERSAMPLING,01-Credit Card Fraud Detection,Media,amount,106.22283536585365
UNDERSAMPLING,01-Credit Card Fraud Detection,Media,radius1,NA
UNDERSAMPLING,01-Credit Card Fraud Detection,Media,texture1,NA
UNDERSAMPLING,01-Credit Card Fraud Detection,Media,perimeter1,NA
UNDERSAMPLING,01-Credit Card Fraud Detection,Media,area1,NA
UNDERSAMPLING,01-Credit Card Fraud Detection,Media,smoothness1,NA
UNDERSAMPLING,01-Credit Card Fraud Detection,Media,compactness1,NA
UNDERSAMPLING,01-Credit Card Fraud Detection,Media,concavity1,NA
UNDERSAMPLING,01-Credit Card Fraud Detection,Media,concave_points1,NA
UNDERSAMPLING,01-Credit Card Fraud Detection,Media,symmetry1,NA
UNDERSAMPLING,01-Credit Card Fraud Detection,Media,fractal_dimension1,NA
UNDERSAMPLING,01-Credit Card Fraud Detection,Media,radius2,NA
UNDERSAMPLING,01-Credit Card Fraud Detection,Media,texture2,NA
UNDERSAMPLING,01-Credit Card Fraud Detection,Media,perimeter2,NA
UNDERSAMPLING,01-Credit Card Fraud Detection,Media,area2,NA
UNDERSAMPLING,01-Credit Card Fraud Detection,Media,smoothness2,NA
UNDERSAMPLING,01-Credit Card Fraud Detection,Media,compactness2,NA
UNDERSAMPLING,01-Credit Card Fraud Detection,Media,concavity2,NA
UNDERSAMPLING,01-Credit Card Fraud Detection,Media,concave_points2,NA
UNDERSAMPLING,01-Credit Card Fraud Detection,Media,symmetry2,NA
UNDERSAMPLING,01-Credit Card Fraud Detection,Media,fractal_dimension2,NA
UNDERSAMPLING,01-Credit Card Fraud Detection,Media,radius3,NA
UNDERSAMPLING,01-Credit Card Fraud Detection,Media,texture3,NA
UNDERSAMPLING,01-Credit Card Fraud Detection,Media,perimeter3,NA
UNDERSAMPLING,01-Credit Card Fraud Detection,Media,area3,NA
UNDERSAMPLING,01-Credit Card Fraud Detection,Media,smoothness3,NA
UNDERSAMPLING,01-Credit Card Fraud Detection,Media,compactness3,NA
UNDERSAMPLING,01-Credit Card Fraud Detection,Media,concavity3,NA
UNDERSAMPLING,01-Credit Card Fraud Detection,Media,concave_points3,NA
UNDERSAMPLING,01-Credit Card Fraud Detection,Media,symmetry3,NA
UNDERSAMPLING,01-Credit Card Fraud Detection,Media,fractal_dimension3,NA
UNDERSAMPLING,01-Credit Card Fraud Detection,Media,pregnancies,NA
UNDERSAMPLING,01-Credit Card Fraud Detection,Media,glucose,NA
UNDERSAMPLING,01-Credit Card Fraud Detection,Media,bloodpressure,NA
UNDERSAMPLING,01-Credit Card Fraud Detection,Media,skinthickness,NA
UNDERSAMPLING,01-Credit Card Fraud Detection,Media,insulin,NA
UNDERSAMPLING,01-Credit Card Fraud Detection,Media,bmi,NA
UNDERSAMPLING,01-Credit Card Fraud Detection,Media,diabetespedigreefunction,NA
UNDERSAMPLING,01-Credit Card Fraud Detection,Media,age,NA
UNDERSAMPLING,01-Credit Card Fraud Detection,Media,attribute01,NA
UNDERSAMPLING,01-Credit Card Fraud Detection,Media,attribute02,NA
UNDERSAMPLING,01-Credit Card Fraud Detection,Media,attribute03,NA
UNDERSAMPLING,01-Credit Card Fraud Detection,Media,attribute04,NA
UNDERSAMPLING,01-Credit Card Fraud Detection,Media,attribute05,NA
UNDERSAMPLING,01-Credit Card Fraud Detection,Media,attribute06,NA
UNDERSAMPLING,01-Credit Card Fraud Detection,Media,attribute07,NA
UNDERSAMPLING,01-Credit Card Fraud Detection,Media,attribute08,NA
UNDERSAMPLING,01-Credit Card Fraud Detection,Media,attribute09,NA
UNDERSAMPLING,01-Credit Card Fraud Detection,Media,attribute10,NA
UNDERSAMPLING,01-Credit Card Fraud Detection,Media,attribute11,NA
UNDERSAMPLING,01-Credit Card Fraud Detection,Media,attribute12,NA
UNDERSAMPLING,01-Credit Card Fraud Detection,Media,attribute13,NA
UNDERSAMPLING,01-Credit Card Fraud Detection,Media,attribute14,NA
UNDERSAMPLING,01-Credit Card Fraud Detection,Media,attribute15,NA
UNDERSAMPLING,01-Credit Card Fraud Detection,Media,attribute16,NA
UNDERSAMPLING,01-Credit Card Fraud Detection,Media,attribute17,NA
UNDERSAMPLING,01-Credit Card Fraud Detection,Media,attribute18,NA
UNDERSAMPLING,01-Credit Card Fraud Detection,Media,attribute19,NA
UNDERSAMPLING,01-Credit Card Fraud Detection,Media,attribute20,NA
UNDERSAMPLING,01-Credit Card Fraud Detection,Media,attribute21,NA
UNDERSAMPLING,01-Credit Card Fraud Detection,Media,attribute22,NA
UNDERSAMPLING,01-Credit Card Fraud Detection,Media,attribute23,NA
UNDERSAMPLING,01-Credit Card Fraud Detection,Media,attribute24,NA
UNDERSAMPLING,01-Credit Card Fraud Detection,Media,attribute25,NA
UNDERSAMPLING,01-Credit Card Fraud Detection,Media,attribute26,NA
UNDERSAMPLING,01-Credit Card Fraud Detection,Media,attribute27,NA
UNDERSAMPLING,01-Credit Card Fraud Detection,Media,attribute28,NA
UNDERSAMPLING,01-Credit Card Fraud Detection,Media,attribute29,NA
UNDERSAMPLING,01-Credit Card Fraud Detection,Media,attribute30,NA
UNDERSAMPLING,01-Credit Card Fraud Detection,Media,attribute31,NA
UNDERSAMPLING,01-Credit Card Fraud Detection,Media,attribute32,NA
UNDERSAMPLING,01-Credit Card Fraud Detection,Media,attribute33,NA
UNDERSAMPLING,01-Credit Card Fraud Detection,Media,attribute34,NA
UNDERSAMPLING,01-Credit Card Fraud Detection,Media,aa,NA
UNDERSAMPLING,01-Credit Card Fraud Detection,Media,ao,NA
UNDERSAMPLING,01-Credit Card Fraud Detection,Media,dcl,NA
UNDERSAMPLING,01-Credit Card Fraud Detection,Media,iy,NA
UNDERSAMPLING,01-Credit Card Fraud Detection,Media,sh,NA
UNDERSAMPLING,01-Credit Card Fraud Detection,Media,0,NA
UNDERSAMPLING,01-Credit Card Fraud Detection,Media,1,NA
UNDERSAMPLING,01-Credit Card Fraud Detection,Media,2,NA
UNDERSAMPLING,01-Credit Card Fraud Detection,Media,3,NA
UNDERSAMPLING,01-Credit Card Fraud Detection,Media,4,NA
UNDERSAMPLING,01-Credit Card Fraud Detection,Media,5,NA
UNDERSAMPLING,01-Credit Card Fraud Detection,Media,6,NA
UNDERSAMPLING,01-Credit Card Fraud Detection,Media,7,NA
UNDERSAMPLING,01-Credit Card Fraud Detection,Media,8,NA
UNDERSAMPLING,01-Credit Card Fraud Detection,Media,9,NA
UNDERSAMPLING,01-Credit Card Fraud Detection,Media,10,NA
UNDERSAMPLING,01-Credit Card Fraud Detection,Media,11,NA
UNDERSAMPLING,01-Credit Card Fraud Detection,Media,12,NA
UNDERSAMPLING,01-Credit Card Fraud Detection,Media,13,NA
UNDERSAMPLING,01-Credit Card Fraud Detection,Media,14,NA
UNDERSAMPLING,01-Credit Card Fraud Detection,Media,15,NA
UNDERSAMPLING,01-Credit Card Fraud Detection,Media,16,NA
UNDERSAMPLING,01-Credit Card Fraud Detection,Media,17,NA
UNDERSAMPLING,01-Credit Card Fraud Detection,Media,18,NA
UNDERSAMPLING,01-Credit Card Fraud Detection,Media,19,NA
UNDERSAMPLING,01-Credit Card Fraud Detection,Media,20,NA
UNDERSAMPLING,01-Credit Card Fraud Detection,Media,21,NA
UNDERSAMPLING,01-Credit Card Fraud Detection,Media,22,NA
UNDERSAMPLING,01-Credit Card Fraud Detection,Media,23,NA
UNDERSAMPLING,01-Credit Card Fraud Detection,Media,24,NA
UNDERSAMPLING,01-Credit Card Fraud Detection,Media,25,NA
UNDERSAMPLING,01-Credit Card Fraud Detection,Media,26,NA
UNDERSAMPLING,01-Credit Card Fraud Detection,Media,27,NA
UNDERSAMPLING,01-Credit Card Fraud Detection,Media,28,NA
UNDERSAMPLING,01-Credit Card Fraud Detection,Media,29,NA
UNDERSAMPLING,01-Credit Card Fraud Detection,Media,30,NA
UNDERSAMPLING,01-Credit Card Fraud Detection,Media,31,NA
UNDERSAMPLING,01-Credit Card Fraud Detection,Media,32,NA
UNDERSAMPLING,01-Credit Card Fraud Detection,Media,33,NA
UNDERSAMPLING,01-Credit Card Fraud Detection,Media,34,NA
UNDERSAMPLING,01-Credit Card Fraud Detection,Media,35,NA
UNDERSAMPLING,01-Credit Card Fraud Detection,Media,36,NA
UNDERSAMPLING,01-Credit Card Fraud Detection,Media,37,NA
UNDERSAMPLING,01-Credit Card Fraud Detection,Media,38,NA
UNDERSAMPLING,01-Credit Card Fraud Detection,Media,39,NA
UNDERSAMPLING,01-Credit Card Fraud Detection,Media,40,NA
UNDERSAMPLING,01-Credit Card Fraud Detection,Media,41,NA
UNDERSAMPLING,01-Credit Card Fraud Detection,Media,42,NA
UNDERSAMPLING,01-Credit Card Fraud Detection,Media,43,NA
UNDERSAMPLING,01-Credit Card Fraud Detection,Media,44,NA
UNDERSAMPLING,01-Credit Card Fraud Detection,Media,45,NA
UNDERSAMPLING,01-Credit Card Fraud Detection,Media,46,NA
UNDERSAMPLING,01-Credit Card Fraud Detection,Media,48,NA
UNDERSAMPLING,01-Credit Card Fraud Detection,Media,49,NA
UNDERSAMPLING,01-Credit Card Fraud Detection,Desvio_Padrao,time,48546.34148997872
UNDERSAMPLING,01-Credit Card Fraud Detection,Desvio_Padrao,v1,5.497362268220524
UNDERSAMPLING,01-Credit Card Fraud Detection,Desvio_Padrao,v2,3.7511302026191586
UNDERSAMPLING,01-Credit Card Fraud Detection,Desvio_Padrao,v3,6.226141601246517
UNDERSAMPLING,01-Credit Card Fraud Detection,Desvio_Padrao,v4,3.2185108154632016
UNDERSAMPLING,01-Credit Card Fraud Detection,Desvio_Padrao,v5,4.233462481181523
UNDERSAMPLING,01-Credit Card Fraud Detection,Desvio_Padrao,v6,1.6997492156687544
UNDERSAMPLING,01-Credit Card Fraud Detection,Desvio_Padrao,v7,5.8631243976736664
UNDERSAMPLING,01-Credit Card Fraud Detection,Desvio_Padrao,v8,4.870616243152291
UNDERSAMPLING,01-Credit Card Fraud Detection,Desvio_Padrao,v9,2.320674461988858
UNDERSAMPLING,01-Credit Card Fraud Detection,Desvio_Padrao,v10,4.552853390561829
UNDERSAMPLING,01-Credit Card Fraud Detection,Desvio_Padrao,v11,2.822801353456072
UNDERSAMPLING,01-Credit Card Fraud Detection,Desvio_Padrao,v12,4.574314446116188
UNDERSAMPLING,01-Credit Card Fraud Detection,Desvio_Padrao,v13,1.0477671721831698
UNDERSAMPLING,01-Credit Card Fraud Detection,Desvio_Padrao,v14,4.665328375015407
UNDERSAMPLING,01-Credit Card Fraud Detection,Desvio_Padrao,v15,0.9794443897024829
UNDERSAMPLING,01-Credit Card Fraud Detection,Desvio_Padrao,v16,3.4696447266340553
UNDERSAMPLING,01-Credit Card Fraud Detection,Desvio_Padrao,v17,5.9598123609913465
UNDERSAMPLING,01-Credit Card Fraud Detection,Desvio_Padrao,v18,2.4339848484344775
UNDERSAMPLING,01-Credit Card Fraud Detection,Desvio_Padrao,v19,1.2840763943685445
UNDERSAMPLING,01-Credit Card Fraud Detection,Desvio_Padrao,v20,1.1274710627831503
UNDERSAMPLING,01-Credit Card Fraud Detection,Desvio_Padrao,v21,2.791038703825784
UNDERSAMPLING,01-Credit Card Fraud Detection,Desvio_Padrao,v22,1.1779505668083006
UNDERSAMPLING,01-Credit Card Fraud Detection,Desvio_Padrao,v23,1.1561777847567105
UNDERSAMPLING,01-Credit Card Fraud Detection,Desvio_Padrao,v24,0.5626911751339879
UNDERSAMPLING,01-Credit Card Fraud Detection,Desvio_Padrao,v25,0.6764518206803487
UNDERSAMPLING,01-Credit Card Fraud Detection,Desvio_Padrao,v26,0.48432105377445517
UNDERSAMPLING,01-Credit Card Fraud Detection,Desvio_Padrao,v27,1.004114240995154
UNDERSAMPLING,01-Credit Card Fraud Detection,Desvio_Padrao,v28,0.41871451658034564
UNDERSAMPLING,01-Credit Card Fraud Detection,Desvio_Padrao,amount,274.13564583947556
UNDERSAMPLING,01-Credit Card Fraud Detection,Desvio_Padrao,radius1,NA
UNDERSAMPLING,01-Credit Card Fraud Detection,Desvio_Padrao,texture1,NA
UNDERSAMPLING,01-Credit Card Fraud Detection,Desvio_Padrao,perimeter1,NA
UNDERSAMPLING,01-Credit Card Fraud Detection,Desvio_Padrao,area1,NA
UNDERSAMPLING,01-Credit Card Fraud Detection,Desvio_Padrao,smoothness1,NA
UNDERSAMPLING,01-Credit Card Fraud Detection,Desvio_Padrao,compactness1,NA
UNDERSAMPLING,01-Credit Card Fraud Detection,Desvio_Padrao,concavity1,NA
UNDERSAMPLING,01-Credit Card Fraud Detection,Desvio_Padrao,concave_points1,NA
UNDERSAMPLING,01-Credit Card Fraud Detection,Desvio_Padrao,symmetry1,NA
UNDERSAMPLING,01-Credit Card Fraud Detection,Desvio_Padrao,fractal_dimension1,NA
UNDERSAMPLING,01-Credit Card Fraud Detection,Desvio_Padrao,radius2,NA
UNDERSAMPLING,01-Credit Card Fraud Detection,Desvio_Padrao,texture2,NA
UNDERSAMPLING,01-Credit Card Fraud Detection,Desvio_Padrao,perimeter2,NA
UNDERSAMPLING,01-Credit Card Fraud Detection,Desvio_Padrao,area2,NA
UNDERSAMPLING,01-Credit Card Fraud Detection,Desvio_Padrao,smoothness2,NA
UNDERSAMPLING,01-Credit Card Fraud Detection,Desvio_Padrao,compactness2,NA
UNDERSAMPLING,01-Credit Card Fraud Detection,Desvio_Padrao,concavity2,NA
UNDERSAMPLING,01-Credit Card Fraud Detection,Desvio_Padrao,concave_points2,NA
UNDERSAMPLING,01-Credit Card Fraud Detection,Desvio_Padrao,symmetry2,NA
UNDERSAMPLING,01-Credit Card Fraud Detection,Desvio_Padrao,fractal_dimension2,NA
UNDERSAMPLING,01-Credit Card Fraud Detection,Desvio_Padrao,radius3,NA
UNDERSAMPLING,01-Credit Card Fraud Detection,Desvio_Padrao,texture3,NA
UNDERSAMPLING,01-Credit Card Fraud Detection,Desvio_Padrao,perimeter3,NA
UNDERSAMPLING,01-Credit Card Fraud Detection,Desvio_Padrao,area3,NA
UNDERSAMPLING,01-Credit Card Fraud Detection,Desvio_Padrao,smoothness3,NA
UNDERSAMPLING,01-Credit Card Fraud Detection,Desvio_Padrao,compactness3,NA
UNDERSAMPLING,01-Credit Card Fraud Detection,Desvio_Padrao,concavity3,NA
UNDERSAMPLING,01-Credit Card Fraud Detection,Desvio_Padrao,concave_points3,NA
UNDERSAMPLING,01-Credit Card Fraud Detection,Desvio_Padrao,symmetry3,NA
UNDERSAMPLING,01-Credit Card Fraud Detection,Desvio_Padrao,fractal_dimension3,NA
UNDERSAMPLING,01-Credit Card Fraud Detection,Desvio_Padrao,pregnancies,NA
UNDERSAMPLING,01-Credit Card Fraud Detection,Desvio_Padrao,glucose,NA
UNDERSAMPLING,01-Credit Card Fraud Detection,Desvio_Padrao,bloodpressure,NA
UNDERSAMPLING,01-Credit Card Fraud Detection,Desvio_Padrao,skinthickness,NA
UNDERSAMPLING,01-Credit Card Fraud Detection,Desvio_Padrao,insulin,NA
UNDERSAMPLING,01-Credit Card Fraud Detection,Desvio_Padrao,bmi,NA
UNDERSAMPLING,01-Credit Card Fraud Detection,Desvio_Padrao,diabetespedigreefunction,NA
UNDERSAMPLING,01-Credit Card Fraud Detection,Desvio_Padrao,age,NA
UNDERSAMPLING,01-Credit Card Fraud Detection,Desvio_Padrao,attribute01,NA
UNDERSAMPLING,01-Credit Card Fraud Detection,Desvio_Padrao,attribute02,NA
UNDERSAMPLING,01-Credit Card Fraud Detection,Desvio_Padrao,attribute03,NA
UNDERSAMPLING,01-Credit Card Fraud Detection,Desvio_Padrao,attribute04,NA
UNDERSAMPLING,01-Credit Card Fraud Detection,Desvio_Padrao,attribute05,NA
UNDERSAMPLING,01-Credit Card Fraud Detection,Desvio_Padrao,attribute06,NA
UNDERSAMPLING,01-Credit Card Fraud Detection,Desvio_Padrao,attribute07,NA
UNDERSAMPLING,01-Credit Card Fraud Detection,Desvio_Padrao,attribute08,NA
UNDERSAMPLING,01-Credit Card Fraud Detection,Desvio_Padrao,attribute09,NA
UNDERSAMPLING,01-Credit Card Fraud Detection,Desvio_Padrao,attribute10,NA
UNDERSAMPLING,01-Credit Card Fraud Detection,Desvio_Padrao,attribute11,NA
UNDERSAMPLING,01-Credit Card Fraud Detection,Desvio_Padrao,attribute12,NA
UNDERSAMPLING,01-Credit Card Fraud Detection,Desvio_Padrao,attribute13,NA
UNDERSAMPLING,01-Credit Card Fraud Detection,Desvio_Padrao,attribute14,NA
UNDERSAMPLING,01-Credit Card Fraud Detection,Desvio_Padrao,attribute15,NA
UNDERSAMPLING,01-Credit Card Fraud Detection,Desvio_Padrao,attribute16,NA
UNDERSAMPLING,01-Credit Card Fraud Detection,Desvio_Padrao,attribute17,NA
UNDERSAMPLING,01-Credit Card Fraud Detection,Desvio_Padrao,attribute18,NA
UNDERSAMPLING,01-Credit Card Fraud Detection,Desvio_Padrao,attribute19,NA
UNDERSAMPLING,01-Credit Card Fraud Detection,Desvio_Padrao,attribute20,NA
UNDERSAMPLING,01-Credit Card Fraud Detection,Desvio_Padrao,attribute21,NA
UNDERSAMPLING,01-Credit Card Fraud Detection,Desvio_Padrao,attribute22,NA
UNDERSAMPLING,01-Credit Card Fraud Detection,Desvio_Padrao,attribute23,NA
UNDERSAMPLING,01-Credit Card Fraud Detection,Desvio_Padrao,attribute24,NA
UNDERSAMPLING,01-Credit Card Fraud Detection,Desvio_Padrao,attribute25,NA
UNDERSAMPLING,01-Credit Card Fraud Detection,Desvio_Padrao,attribute26,NA
UNDERSAMPLING,01-Credit Card Fraud Detection,Desvio_Padrao,attribute27,NA
UNDERSAMPLING,01-Credit Card Fraud Detection,Desvio_Padrao,attribute28,NA
UNDERSAMPLING,01-Credit Card Fraud Detection,Desvio_Padrao,attribute29,NA
UNDERSAMPLING,01-Credit Card Fraud Detection,Desvio_Padrao,attribute30,NA
UNDERSAMPLING,01-Credit Card Fraud Detection,Desvio_Padrao,attribute31,NA
UNDERSAMPLING,01-Credit Card Fraud Detection,Desvio_Padrao,attribute32,NA
UNDERSAMPLING,01-Credit Card Fraud Detection,Desvio_Padrao,attribute33,NA
UNDERSAMPLING,01-Credit Card Fraud Detection,Desvio_Padrao,attribute34,NA
UNDERSAMPLING,01-Credit Card Fraud Detection,Desvio_Padrao,aa,NA
UNDERSAMPLING,01-Credit Card Fraud Detection,Desvio_Padrao,ao,NA
UNDERSAMPLING,01-Credit Card Fraud Detection,Desvio_Padrao,dcl,NA
UNDERSAMPLING,01-Credit Card Fraud Detection,Desvio_Padrao,iy,NA
UNDERSAMPLING,01-Credit Card Fraud Detection,Desvio_Padrao,sh,NA
UNDERSAMPLING,01-Credit Card Fraud Detection,Desvio_Padrao,0,NA
UNDERSAMPLING,01-Credit Card Fraud Detection,Desvio_Padrao,1,NA
UNDERSAMPLING,01-Credit Card Fraud Detection,Desvio_Padrao,2,NA
UNDERSAMPLING,01-Credit Card Fraud Detection,Desvio_Padrao,3,NA
UNDERSAMPLING,01-Credit Card Fraud Detection,Desvio_Padrao,4,NA
UNDERSAMPLING,01-Credit Card Fraud Detection,Desvio_Padrao,5,NA
UNDERSAMPLING,01-Credit Card Fraud Detection,Desvio_Padrao,6,NA
UNDERSAMPLING,01-Credit Card Fraud Detection,Desvio_Padrao,7,NA
UNDERSAMPLING,01-Credit Card Fraud Detection,Desvio_Padrao,8,NA
UNDERSAMPLING,01-Credit Card Fraud Detection,Desvio_Padrao,9,NA
UNDERSAMPLING,01-Credit Card Fraud Detection,Desvio_Padrao,10,NA
UNDERSAMPLING,01-Credit Card Fraud Detection,Desvio_Padrao,11,NA
UNDERSAMPLING,01-Credit Card Fraud Detection,Desvio_Padrao,12,NA
UNDERSAMPLING,01-Credit Card Fraud Detection,Desvio_Padrao,13,NA
UNDERSAMPLING,01-Credit Card Fraud Detection,Desvio_Padrao,14,NA
UNDERSAMPLING,01-Credit Card Fraud Detection,Desvio_Padrao,15,NA
UNDERSAMPLING,01-Credit Card Fraud Detection,Desvio_Padrao,16,NA
UNDERSAMPLING,01-Credit Card Fraud Detection,Desvio_Padrao,17,NA
UNDERSAMPLING,01-Credit Card Fraud Detection,Desvio_Padrao,18,NA
UNDERSAMPLING,01-Credit Card Fraud Detection,Desvio_Padrao,19,NA
UNDERSAMPLING,01-Credit Card Fraud Detection,Desvio_Padrao,20,NA
UNDERSAMPLING,01-Credit Card Fraud Detection,Desvio_Padrao,21,NA
UNDERSAMPLING,01-Credit Card Fraud Detection,Desvio_Padrao,22,NA
UNDERSAMPLING,01-Credit Card Fraud Detection,Desvio_Padrao,23,NA
UNDERSAMPLING,01-Credit Card Fraud Detection,Desvio_Padrao,24,NA
UNDERSAMPLING,01-Credit Card Fraud Detection,Desvio_Padrao,25,NA
UNDERSAMPLING,01-Credit Card Fraud Detection,Desvio_Padrao,26,NA
UNDERSAMPLING,01-Credit Card Fraud Detection,Desvio_Padrao,27,NA
UNDERSAMPLING,01-Credit Card Fraud Detection,Desvio_Padrao,28,NA
UNDERSAMPLING,01-Credit Card Fraud Detection,Desvio_Padrao,29,NA
UNDERSAMPLING,01-Credit Card Fraud Detection,Desvio_Padrao,30,NA
UNDERSAMPLING,01-Credit Card Fraud Detection,Desvio_Padrao,31,NA
UNDERSAMPLING,01-Credit Card Fraud Detection,Desvio_Padrao,32,NA
UNDERSAMPLING,01-Credit Card Fraud Detection,Desvio_Padrao,33,NA
UNDERSAMPLING,01-Credit Card Fraud Detection,Desvio_Padrao,34,NA
UNDERSAMPLING,01-Credit Card Fraud Detection,Desvio_Padrao,35,NA
UNDERSAMPLING,01-Credit Card Fraud Detection,Desvio_Padrao,36,NA
UNDERSAMPLING,01-Credit Card Fraud Detection,Desvio_Padrao,37,NA
UNDERSAMPLING,01-Credit Card Fraud Detection,Desvio_Padrao,38,NA
UNDERSAMPLING,01-Credit Card Fraud Detection,Desvio_Padrao,39,NA
UNDERSAMPLING,01-Credit Card Fraud Detection,Desvio_Padrao,40,NA
UNDERSAMPLING,01-Credit Card Fraud Detection,Desvio_Padrao,41,NA
UNDERSAMPLING,01-Credit Card Fraud Detection,Desvio_Padrao,42,NA
UNDERSAMPLING,01-Credit Card Fraud Detection,Desvio_Padrao,43,NA
UNDERSAMPLING,01-Credit Card Fraud Detection,Desvio_Padrao,44,NA
UNDERSAMPLING,01-Credit Card Fraud Detection,Desvio_Padrao,45,NA
UNDERSAMPLING,01-Credit Card Fraud Detection,Desvio_Padrao,46,NA
UNDERSAMPLING,01-Credit Card Fraud Detection,Desvio_Padrao,48,NA
UNDERSAMPLING,01-Credit Card Fraud Detection,Desvio_Padrao,49,NA
UNDERSAMPLING,01-Credit Card Fraud Detection,Minimo,time,399
UNDERSAMPLING,01-Credit Card Fraud Detection,Minimo,v1,-30.552380043581
UNDERSAMPLING,01-Credit Card Fraud Detection,Minimo,v2,-15.9028511034791
UNDERSAMPLING,01-Credit Card Fraud Detection,Minimo,v3,-31.1036848245812
UNDERSAMPLING,01-Credit Card Fraud Detection,Minimo,v4,-3.99896109510597
UNDERSAMPLING,01-Credit Card Fraud Detection,Minimo,v5,-22.105531524316
UNDERSAMPLING,01-Credit Card Fraud Detection,Minimo,v6,-6.40626663445964
UNDERSAMPLING,01-Credit Card Fraud Detection,Minimo,v7,-43.5572415712451
UNDERSAMPLING,01-Credit Card Fraud Detection,Minimo,v8,-41.0442609210741
UNDERSAMPLING,01-Credit Card Fraud Detection,Minimo,v9,-13.4340663182301
UNDERSAMPLING,01-Credit Card Fraud Detection,Minimo,v10,-24.5882624372475
UNDERSAMPLING,01-Credit Card Fraud Detection,Minimo,v11,-2.60975068555923
UNDERSAMPLING,01-Credit Card Fraud Detection,Minimo,v12,-18.6837146333443
UNDERSAMPLING,01-Credit Card Fraud Detection,Minimo,v13,-3.12779501198771
UNDERSAMPLING,01-Credit Card Fraud Detection,Minimo,v14,-19.2143254902614
UNDERSAMPLING,01-Credit Card Fraud Detection,Minimo,v15,-4.49894467676621
UNDERSAMPLING,01-Credit Card Fraud Detection,Minimo,v16,-14.1298545174931
UNDERSAMPLING,01-Credit Card Fraud Detection,Minimo,v17,-25.1627993693248
UNDERSAMPLING,01-Credit Card Fraud Detection,Minimo,v18,-9.49874592104677
UNDERSAMPLING,01-Credit Card Fraud Detection,Minimo,v19,-3.68190355226504
UNDERSAMPLING,01-Credit Card Fraud Detection,Minimo,v20,-7.90085532489375
UNDERSAMPLING,01-Credit Card Fraud Detection,Minimo,v21,-22.7976039055519
UNDERSAMPLING,01-Credit Card Fraud Detection,Minimo,v22,-8.88701714094871
UNDERSAMPLING,01-Credit Card Fraud Detection,Minimo,v23,-19.2543276173719
UNDERSAMPLING,01-Credit Card Fraud Detection,Minimo,v24,-2.02802422921896
UNDERSAMPLING,01-Credit Card Fraud Detection,Minimo,v25,-4.78160552206407
UNDERSAMPLING,01-Credit Card Fraud Detection,Minimo,v26,-1.33715642797164
UNDERSAMPLING,01-Credit Card Fraud Detection,Minimo,v27,-7.26348214633855
UNDERSAMPLING,01-Credit Card Fraud Detection,Minimo,v28,-1.86929047595671
UNDERSAMPLING,01-Credit Card Fraud Detection,Minimo,amount,0
UNDERSAMPLING,01-Credit Card Fraud Detection,Minimo,radius1,NA
UNDERSAMPLING,01-Credit Card Fraud Detection,Minimo,texture1,NA
UNDERSAMPLING,01-Credit Card Fraud Detection,Minimo,perimeter1,NA
UNDERSAMPLING,01-Credit Card Fraud Detection,Minimo,area1,NA
UNDERSAMPLING,01-Credit Card Fraud Detection,Minimo,smoothness1,NA
UNDERSAMPLING,01-Credit Card Fraud Detection,Minimo,compactness1,NA
UNDERSAMPLING,01-Credit Card Fraud Detection,Minimo,concavity1,NA
UNDERSAMPLING,01-Credit Card Fraud Detection,Minimo,concave_points1,NA
UNDERSAMPLING,01-Credit Card Fraud Detection,Minimo,symmetry1,NA
UNDERSAMPLING,01-Credit Card Fraud Detection,Minimo,fractal_dimension1,NA
UNDERSAMPLING,01-Credit Card Fraud Detection,Minimo,radius2,NA
UNDERSAMPLING,01-Credit Card Fraud Detection,Minimo,texture2,NA
UNDERSAMPLING,01-Credit Card Fraud Detection,Minimo,perimeter2,NA
UNDERSAMPLING,01-Credit Card Fraud Detection,Minimo,area2,NA
UNDERSAMPLING,01-Credit Card Fraud Detection,Minimo,smoothness2,NA
UNDERSAMPLING,01-Credit Card Fraud Detection,Minimo,compactness2,NA
UNDERSAMPLING,01-Credit Card Fraud Detection,Minimo,concavity2,NA
UNDERSAMPLING,01-Credit Card Fraud Detection,Minimo,concave_points2,NA
UNDERSAMPLING,01-Credit Card Fraud Detection,Minimo,symmetry2,NA
UNDERSAMPLING,01-Credit Card Fraud Detection,Minimo,fractal_dimension2,NA
UNDERSAMPLING,01-Credit Card Fraud Detection,Minimo,radius3,NA
UNDERSAMPLING,01-Credit Card Fraud Detection,Minimo,texture3,NA
UNDERSAMPLING,01-Credit Card Fraud Detection,Minimo,perimeter3,NA
UNDERSAMPLING,01-Credit Card Fraud Detection,Minimo,area3,NA
UNDERSAMPLING,01-Credit Card Fraud Detection,Minimo,smoothness3,NA
UNDERSAMPLING,01-Credit Card Fraud Detection,Minimo,compactness3,NA
UNDERSAMPLING,01-Credit Card Fraud Detection,Minimo,concavity3,NA
UNDERSAMPLING,01-Credit Card Fraud Detection,Minimo,concave_points3,NA
UNDERSAMPLING,01-Credit Card Fraud Detection,Minimo,symmetry3,NA
UNDERSAMPLING,01-Credit Card Fraud Detection,Minimo,fractal_dimension3,NA
UNDERSAMPLING,01-Credit Card Fraud Detection,Minimo,pregnancies,NA
UNDERSAMPLING,01-Credit Card Fraud Detection,Minimo,glucose,NA
UNDERSAMPLING,01-Credit Card Fraud Detection,Minimo,bloodpressure,NA
UNDERSAMPLING,01-Credit Card Fraud Detection,Minimo,skinthickness,NA
UNDERSAMPLING,01-Credit Card Fraud Detection,Minimo,insulin,NA
UNDERSAMPLING,01-Credit Card Fraud Detection,Minimo,bmi,NA
UNDERSAMPLING,01-Credit Card Fraud Detection,Minimo,diabetespedigreefunction,NA
UNDERSAMPLING,01-Credit Card Fraud Detection,Minimo,age,NA
UNDERSAMPLING,01-Credit Card Fraud Detection,Minimo,attribute01,NA
UNDERSAMPLING,01-Credit Card Fraud Detection,Minimo,attribute02,NA
UNDERSAMPLING,01-Credit Card Fraud Detection,Minimo,attribute03,NA
UNDERSAMPLING,01-Credit Card Fraud Detection,Minimo,attribute04,NA
UNDERSAMPLING,01-Credit Card Fraud Detection,Minimo,attribute05,NA
UNDERSAMPLING,01-Credit Card Fraud Detection,Minimo,attribute06,NA
UNDERSAMPLING,01-Credit Card Fraud Detection,Minimo,attribute07,NA
UNDERSAMPLING,01-Credit Card Fraud Detection,Minimo,attribute08,NA
UNDERSAMPLING,01-Credit Card Fraud Detection,Minimo,attribute09,NA
UNDERSAMPLING,01-Credit Card Fraud Detection,Minimo,attribute10,NA
UNDERSAMPLING,01-Credit Card Fraud Detection,Minimo,attribute11,NA
UNDERSAMPLING,01-Credit Card Fraud Detection,Minimo,attribute12,NA
UNDERSAMPLING,01-Credit Card Fraud Detection,Minimo,attribute13,NA
UNDERSAMPLING,01-Credit Card Fraud Detection,Minimo,attribute14,NA
UNDERSAMPLING,01-Credit Card Fraud Detection,Minimo,attribute15,NA
UNDERSAMPLING,01-Credit Card Fraud Detection,Minimo,attribute16,NA
UNDERSAMPLING,01-Credit Card Fraud Detection,Minimo,attribute17,NA
UNDERSAMPLING,01-Credit Card Fraud Detection,Minimo,attribute18,NA
UNDERSAMPLING,01-Credit Card Fraud Detection,Minimo,attribute19,NA
UNDERSAMPLING,01-Credit Card Fraud Detection,Minimo,attribute20,NA
UNDERSAMPLING,01-Credit Card Fraud Detection,Minimo,attribute21,NA
UNDERSAMPLING,01-Credit Card Fraud Detection,Minimo,attribute22,NA
UNDERSAMPLING,01-Credit Card Fraud Detection,Minimo,attribute23,NA
UNDERSAMPLING,01-Credit Card Fraud Detection,Minimo,attribute24,NA
UNDERSAMPLING,01-Credit Card Fraud Detection,Minimo,attribute25,NA
UNDERSAMPLING,01-Credit Card Fraud Detection,Minimo,attribute26,NA
UNDERSAMPLING,01-Credit Card Fraud Detection,Minimo,attribute27,NA
UNDERSAMPLING,01-Credit Card Fraud Detection,Minimo,attribute28,NA
UNDERSAMPLING,01-Credit Card Fraud Detection,Minimo,attribute29,NA
UNDERSAMPLING,01-Credit Card Fraud Detection,Minimo,attribute30,NA
UNDERSAMPLING,01-Credit Card Fraud Detection,Minimo,attribute31,NA
UNDERSAMPLING,01-Credit Card Fraud Detection,Minimo,attribute32,NA
UNDERSAMPLING,01-Credit Card Fraud Detection,Minimo,attribute33,NA
UNDERSAMPLING,01-Credit Card Fraud Detection,Minimo,attribute34,NA
UNDERSAMPLING,01-Credit Card Fraud Detection,Minimo,aa,NA
UNDERSAMPLING,01-Credit Card Fraud Detection,Minimo,ao,NA
UNDERSAMPLING,01-Credit Card Fraud Detection,Minimo,dcl,NA
UNDERSAMPLING,01-Credit Card Fraud Detection,Minimo,iy,NA
UNDERSAMPLING,01-Credit Card Fraud Detection,Minimo,sh,NA
UNDERSAMPLING,01-Credit Card Fraud Detection,Minimo,0,NA
UNDERSAMPLING,01-Credit Card Fraud Detection,Minimo,1,NA
UNDERSAMPLING,01-Credit Card Fraud Detection,Minimo,2,NA
UNDERSAMPLING,01-Credit Card Fraud Detection,Minimo,3,NA
UNDERSAMPLING,01-Credit Card Fraud Detection,Minimo,4,NA
UNDERSAMPLING,01-Credit Card Fraud Detection,Minimo,5,NA
UNDERSAMPLING,01-Credit Card Fraud Detection,Minimo,6,NA
UNDERSAMPLING,01-Credit Card Fraud Detection,Minimo,7,NA
UNDERSAMPLING,01-Credit Card Fraud Detection,Minimo,8,NA
UNDERSAMPLING,01-Credit Card Fraud Detection,Minimo,9,NA
UNDERSAMPLING,01-Credit Card Fraud Detection,Minimo,10,NA
UNDERSAMPLING,01-Credit Card Fraud Detection,Minimo,11,NA
UNDERSAMPLING,01-Credit Card Fraud Detection,Minimo,12,NA
UNDERSAMPLING,01-Credit Card Fraud Detection,Minimo,13,NA
UNDERSAMPLING,01-Credit Card Fraud Detection,Minimo,14,NA
UNDERSAMPLING,01-Credit Card Fraud Detection,Minimo,15,NA
UNDERSAMPLING,01-Credit Card Fraud Detection,Minimo,16,NA
UNDERSAMPLING,01-Credit Card Fraud Detection,Minimo,17,NA
UNDERSAMPLING,01-Credit Card Fraud Detection,Minimo,18,NA
UNDERSAMPLING,01-Credit Card Fraud Detection,Minimo,19,NA
UNDERSAMPLING,01-Credit Card Fraud Detection,Minimo,20,NA
UNDERSAMPLING,01-Credit Card Fraud Detection,Minimo,21,NA
UNDERSAMPLING,01-Credit Card Fraud Detection,Minimo,22,NA
UNDERSAMPLING,01-Credit Card Fraud Detection,Minimo,23,NA
UNDERSAMPLING,01-Credit Card Fraud Detection,Minimo,24,NA
UNDERSAMPLING,01-Credit Card Fraud Detection,Minimo,25,NA
UNDERSAMPLING,01-Credit Card Fraud Detection,Minimo,26,NA
UNDERSAMPLING,01-Credit Card Fraud Detection,Minimo,27,NA
UNDERSAMPLING,01-Credit Card Fraud Detection,Minimo,28,NA
UNDERSAMPLING,01-Credit Card Fraud Detection,Minimo,29,NA
UNDERSAMPLING,01-Credit Card Fraud Detection,Minimo,30,NA
UNDERSAMPLING,01-Credit Card Fraud Detection,Minimo,31,NA
UNDERSAMPLING,01-Credit Card Fraud Detection,Minimo,32,NA
UNDERSAMPLING,01-Credit Card Fraud Detection,Minimo,33,NA
UNDERSAMPLING,01-Credit Card Fraud Detection,Minimo,34,NA
UNDERSAMPLING,01-Credit Card Fraud Detection,Minimo,35,NA
UNDERSAMPLING,01-Credit Card Fraud Detection,Minimo,36,NA
UNDERSAMPLING,01-Credit Card Fraud Detection,Minimo,37,NA
UNDERSAMPLING,01-Credit Card Fraud Detection,Minimo,38,NA
UNDERSAMPLING,01-Credit Card Fraud Detection,Minimo,39,NA
UNDERSAMPLING,01-Credit Card Fraud Detection,Minimo,40,NA
UNDERSAMPLING,01-Credit Card Fraud Detection,Minimo,41,NA
UNDERSAMPLING,01-Credit Card Fraud Detection,Minimo,42,NA
UNDERSAMPLING,01-Credit Card Fraud Detection,Minimo,43,NA
UNDERSAMPLING,01-Credit Card Fraud Detection,Minimo,44,NA
UNDERSAMPLING,01-Credit Card Fraud Detection,Minimo,45,NA
UNDERSAMPLING,01-Credit Card Fraud Detection,Minimo,46,NA
UNDERSAMPLING,01-Credit Card Fraud Detection,Minimo,48,NA
UNDERSAMPLING,01-Credit Card Fraud Detection,Minimo,49,NA
UNDERSAMPLING,01-Credit Card Fraud Detection,Maximo,time,172211
UNDERSAMPLING,01-Credit Card Fraud Detection,Maximo,v1,2.34171123948535
UNDERSAMPLING,01-Credit Card Fraud Detection,Maximo,v2,22.0577289904909
UNDERSAMPLING,01-Credit Card Fraud Detection,Maximo,v3,3.51937366806354
UNDERSAMPLING,01-Credit Card Fraud Detection,Maximo,v4,12.1146718424589
UNDERSAMPLING,01-Credit Card Fraud Detection,Maximo,v5,11.0950886001596
UNDERSAMPLING,01-Credit Card Fraud Detection,Maximo,v6,6.47411462748849
UNDERSAMPLING,01-Credit Card Fraud Detection,Maximo,v7,6.23553977776305
UNDERSAMPLING,01-Credit Card Fraud Detection,Maximo,v8,20.0072083651213
UNDERSAMPLING,01-Credit Card Fraud Detection,Maximo,v9,6.24086492921722
UNDERSAMPLING,01-Credit Card Fraud Detection,Maximo,v10,10.4387075662013
UNDERSAMPLING,01-Credit Card Fraud Detection,Maximo,v11,12.0189131816199
UNDERSAMPLING,01-Credit Card Fraud Detection,Maximo,v12,2.06017216700642
UNDERSAMPLING,01-Credit Card Fraud Detection,Maximo,v13,3.45737388046256
UNDERSAMPLING,01-Credit Card Fraud Detection,Maximo,v14,3.44242199594215
UNDERSAMPLING,01-Credit Card Fraud Detection,Maximo,v15,3.00737641288018
UNDERSAMPLING,01-Credit Card Fraud Detection,Maximo,v16,3.13965565883069
UNDERSAMPLING,01-Credit Card Fraud Detection,Maximo,v17,6.73938438478335
UNDERSAMPLING,01-Credit Card Fraud Detection,Maximo,v18,3.79031621184375
UNDERSAMPLING,01-Credit Card Fraud Detection,Maximo,v19,5.2283417900513
UNDERSAMPLING,01-Credit Card Fraud Detection,Maximo,v20,11.0590042933942
UNDERSAMPLING,01-Credit Card Fraud Detection,Maximo,v21,27.2028391573154
UNDERSAMPLING,01-Credit Card Fraud Detection,Maximo,v22,8.36198519168435
UNDERSAMPLING,01-Credit Card Fraud Detection,Maximo,v23,5.46622995370963
UNDERSAMPLING,01-Credit Card Fraud Detection,Maximo,v24,1.24623796014203
UNDERSAMPLING,01-Credit Card Fraud Detection,Maximo,v25,2.27485035231425
UNDERSAMPLING,01-Credit Card Fraud Detection,Maximo,v26,2.7452606721766
UNDERSAMPLING,01-Credit Card Fraud Detection,Maximo,v27,3.05235768679424
UNDERSAMPLING,01-Credit Card Fraud Detection,Maximo,v28,1.77936385243205
UNDERSAMPLING,01-Credit Card Fraud Detection,Maximo,amount,4901
UNDERSAMPLING,01-Credit Card Fraud Detection,Maximo,radius1,NA
UNDERSAMPLING,01-Credit Card Fraud Detection,Maximo,texture1,NA
UNDERSAMPLING,01-Credit Card Fraud Detection,Maximo,perimeter1,NA
UNDERSAMPLING,01-Credit Card Fraud Detection,Maximo,area1,NA
UNDERSAMPLING,01-Credit Card Fraud Detection,Maximo,smoothness1,NA
UNDERSAMPLING,01-Credit Card Fraud Detection,Maximo,compactness1,NA
UNDERSAMPLING,01-Credit Card Fraud Detection,Maximo,concavity1,NA
UNDERSAMPLING,01-Credit Card Fraud Detection,Maximo,concave_points1,NA
UNDERSAMPLING,01-Credit Card Fraud Detection,Maximo,symmetry1,NA
UNDERSAMPLING,01-Credit Card Fraud Detection,Maximo,fractal_dimension1,NA
UNDERSAMPLING,01-Credit Card Fraud Detection,Maximo,radius2,NA
UNDERSAMPLING,01-Credit Card Fraud Detection,Maximo,texture2,NA
UNDERSAMPLING,01-Credit Card Fraud Detection,Maximo,perimeter2,NA
UNDERSAMPLING,01-Credit Card Fraud Detection,Maximo,area2,NA
UNDERSAMPLING,01-Credit Card Fraud Detection,Maximo,smoothness2,NA
UNDERSAMPLING,01-Credit Card Fraud Detection,Maximo,compactness2,NA
UNDERSAMPLING,01-Credit Card Fraud Detection,Maximo,concavity2,NA
UNDERSAMPLING,01-Credit Card Fraud Detection,Maximo,concave_points2,NA
UNDERSAMPLING,01-Credit Card Fraud Detection,Maximo,symmetry2,NA
UNDERSAMPLING,01-Credit Card Fraud Detection,Maximo,fractal_dimension2,NA
UNDERSAMPLING,01-Credit Card Fraud Detection,Maximo,radius3,NA
UNDERSAMPLING,01-Credit Card Fraud Detection,Maximo,texture3,NA
UNDERSAMPLING,01-Credit Card Fraud Detection,Maximo,perimeter3,NA
UNDERSAMPLING,01-Credit Card Fraud Detection,Maximo,area3,NA
UNDERSAMPLING,01-Credit Card Fraud Detection,Maximo,smoothness3,NA
UNDERSAMPLING,01-Credit Card Fraud Detection,Maximo,compactness3,NA
UNDERSAMPLING,01-Credit Card Fraud Detection,Maximo,concavity3,NA
UNDERSAMPLING,01-Credit Card Fraud Detection,Maximo,concave_points3,NA
UNDERSAMPLING,01-Credit Card Fraud Detection,Maximo,symmetry3,NA
UNDERSAMPLING,01-Credit Card Fraud Detection,Maximo,fractal_dimension3,NA
UNDERSAMPLING,01-Credit Card Fraud Detection,Maximo,pregnancies,NA
UNDERSAMPLING,01-Credit Card Fraud Detection,Maximo,glucose,NA
UNDERSAMPLING,01-Credit Card Fraud Detection,Maximo,bloodpressure,NA
UNDERSAMPLING,01-Credit Card Fraud Detection,Maximo,skinthickness,NA
UNDERSAMPLING,01-Credit Card Fraud Detection,Maximo,insulin,NA
UNDERSAMPLING,01-Credit Card Fraud Detection,Maximo,bmi,NA
UNDERSAMPLING,01-Credit Card Fraud Detection,Maximo,diabetespedigreefunction,NA
UNDERSAMPLING,01-Credit Card Fraud Detection,Maximo,age,NA
UNDERSAMPLING,01-Credit Card Fraud Detection,Maximo,attribute01,NA
UNDERSAMPLING,01-Credit Card Fraud Detection,Maximo,attribute02,NA
UNDERSAMPLING,01-Credit Card Fraud Detection,Maximo,attribute03,NA
UNDERSAMPLING,01-Credit Card Fraud Detection,Maximo,attribute04,NA
UNDERSAMPLING,01-Credit Card Fraud Detection,Maximo,attribute05,NA
UNDERSAMPLING,01-Credit Card Fraud Detection,Maximo,attribute06,NA
UNDERSAMPLING,01-Credit Card Fraud Detection,Maximo,attribute07,NA
UNDERSAMPLING,01-Credit Card Fraud Detection,Maximo,attribute08,NA
UNDERSAMPLING,01-Credit Card Fraud Detection,Maximo,attribute09,NA
UNDERSAMPLING,01-Credit Card Fraud Detection,Maximo,attribute10,NA
UNDERSAMPLING,01-Credit Card Fraud Detection,Maximo,attribute11,NA
UNDERSAMPLING,01-Credit Card Fraud Detection,Maximo,attribute12,NA
UNDERSAMPLING,01-Credit Card Fraud Detection,Maximo,attribute13,NA
UNDERSAMPLING,01-Credit Card Fraud Detection,Maximo,attribute14,NA
UNDERSAMPLING,01-Credit Card Fraud Detection,Maximo,attribute15,NA
UNDERSAMPLING,01-Credit Card Fraud Detection,Maximo,attribute16,NA
UNDERSAMPLING,01-Credit Card Fraud Detection,Maximo,attribute17,NA
UNDERSAMPLING,01-Credit Card Fraud Detection,Maximo,attribute18,NA
UNDERSAMPLING,01-Credit Card Fraud Detection,Maximo,attribute19,NA
UNDERSAMPLING,01-Credit Card Fraud Detection,Maximo,attribute20,NA
UNDERSAMPLING,01-Credit Card Fraud Detection,Maximo,attribute21,NA
UNDERSAMPLING,01-Credit Card Fraud Detection,Maximo,attribute22,NA
UNDERSAMPLING,01-Credit Card Fraud Detection,Maximo,attribute23,NA
UNDERSAMPLING,01-Credit Card Fraud Detection,Maximo,attribute24,NA
UNDERSAMPLING,01-Credit Card Fraud Detection,Maximo,attribute25,NA
UNDERSAMPLING,01-Credit Card Fraud Detection,Maximo,attribute26,NA
UNDERSAMPLING,01-Credit Card Fraud Detection,Maximo,attribute27,NA
UNDERSAMPLING,01-Credit Card Fraud Detection,Maximo,attribute28,NA
UNDERSAMPLING,01-Credit Card Fraud Detection,Maximo,attribute29,NA
UNDERSAMPLING,01-Credit Card Fraud Detection,Maximo,attribute30,NA
UNDERSAMPLING,01-Credit Card Fraud Detection,Maximo,attribute31,NA
UNDERSAMPLING,01-Credit Card Fraud Detection,Maximo,attribute32,NA
UNDERSAMPLING,01-Credit Card Fraud Detection,Maximo,attribute33,NA
UNDERSAMPLING,01-Credit Card Fraud Detection,Maximo,attribute34,NA
UNDERSAMPLING,01-Credit Card Fraud Detection,Maximo,aa,NA
UNDERSAMPLING,01-Credit Card Fraud Detection,Maximo,ao,NA
UNDERSAMPLING,01-Credit Card Fraud Detection,Maximo,dcl,NA
UNDERSAMPLING,01-Credit Card Fraud Detection,Maximo,iy,NA
UNDERSAMPLING,01-Credit Card Fraud Detection,Maximo,sh,NA
UNDERSAMPLING,01-Credit Card Fraud Detection,Maximo,0,NA
UNDERSAMPLING,01-Credit Card Fraud Detection,Maximo,1,NA
UNDERSAMPLING,01-Credit Card Fraud Detection,Maximo,2,NA
UNDERSAMPLING,01-Credit Card Fraud Detection,Maximo,3,NA
UNDERSAMPLING,01-Credit Card Fraud Detection,Maximo,4,NA
UNDERSAMPLING,01-Credit Card Fraud Detection,Maximo,5,NA
UNDERSAMPLING,01-Credit Card Fraud Detection,Maximo,6,NA
UNDERSAMPLING,01-Credit Card Fraud Detection,Maximo,7,NA
UNDERSAMPLING,01-Credit Card Fraud Detection,Maximo,8,NA
UNDERSAMPLING,01-Credit Card Fraud Detection,Maximo,9,NA
UNDERSAMPLING,01-Credit Card Fraud Detection,Maximo,10,NA
UNDERSAMPLING,01-Credit Card Fraud Detection,Maximo,11,NA
UNDERSAMPLING,01-Credit Card Fraud Detection,Maximo,12,NA
UNDERSAMPLING,01-Credit Card Fraud Detection,Maximo,13,NA
UNDERSAMPLING,01-Credit Card Fraud Detection,Maximo,14,NA
UNDERSAMPLING,01-Credit Card Fraud Detection,Maximo,15,NA
UNDERSAMPLING,01-Credit Card Fraud Detection,Maximo,16,NA
UNDERSAMPLING,01-Credit Card Fraud Detection,Maximo,17,NA
UNDERSAMPLING,01-Credit Card Fraud Detection,Maximo,18,NA
UNDERSAMPLING,01-Credit Card Fraud Detection,Maximo,19,NA
UNDERSAMPLING,01-Credit Card Fraud Detection,Maximo,20,NA
UNDERSAMPLING,01-Credit Card Fraud Detection,Maximo,21,NA
UNDERSAMPLING,01-Credit Card Fraud Detection,Maximo,22,NA
UNDERSAMPLING,01-Credit Card Fraud Detection,Maximo,23,NA
UNDERSAMPLING,01-Credit Card Fraud Detection,Maximo,24,NA
UNDERSAMPLING,01-Credit Card Fraud Detection,Maximo,25,NA
UNDERSAMPLING,01-Credit Card Fraud Detection,Maximo,26,NA
UNDERSAMPLING,01-Credit Card Fraud Detection,Maximo,27,NA
UNDERSAMPLING,01-Credit Card Fraud Detection,Maximo,28,NA
UNDERSAMPLING,01-Credit Card Fraud Detection,Maximo,29,NA
UNDERSAMPLING,01-Credit Card Fraud Detection,Maximo,30,NA
UNDERSAMPLING,01-Credit Card Fraud Detection,Maximo,31,NA
UNDERSAMPLING,01-Credit Card Fraud Detection,Maximo,32,NA
UNDERSAMPLING,01-Credit Card Fraud Detection,Maximo,33,NA
UNDERSAMPLING,01-Credit Card Fraud Detection,Maximo,34,NA
UNDERSAMPLING,01-Credit Card Fraud Detection,Maximo,35,NA
UNDERSAMPLING,01-Credit Card Fraud Detection,Maximo,36,NA
UNDERSAMPLING,01-Credit Card Fraud Detection,Maximo,37,NA
UNDERSAMPLING,01-Credit Card Fraud Detection,Maximo,38,NA
UNDERSAMPLING,01-Credit Card Fraud Detection,Maximo,39,NA
UNDERSAMPLING,01-Credit Card Fraud Detection,Maximo,40,NA
UNDERSAMPLING,01-Credit Card Fraud Detection,Maximo,41,NA
UNDERSAMPLING,01-Credit Card Fraud Detection,Maximo,42,NA
UNDERSAMPLING,01-Credit Card Fraud Detection,Maximo,43,NA
UNDERSAMPLING,01-Credit Card Fraud Detection,Maximo,44,NA
UNDERSAMPLING,01-Credit Card Fraud Detection,Maximo,45,NA
UNDERSAMPLING,01-Credit Card Fraud Detection,Maximo,46,NA
UNDERSAMPLING,01-Credit Card Fraud Detection,Maximo,48,NA
UNDERSAMPLING,01-Credit Card Fraud Detection,Maximo,49,NA
UNDERSAMPLING,02-Breast Cancer Wisconsin (Diagnostic),Media,time,NA
UNDERSAMPLING,02-Breast Cancer Wisconsin (Diagnostic),Media,v1,NA
UNDERSAMPLING,02-Breast Cancer Wisconsin (Diagnostic),Media,v2,NA
UNDERSAMPLING,02-Breast Cancer Wisconsin (Diagnostic),Media,v3,NA
UNDERSAMPLING,02-Breast Cancer Wisconsin (Diagnostic),Media,v4,NA
UNDERSAMPLING,02-Breast Cancer Wisconsin (Diagnostic),Media,v5,NA
UNDERSAMPLING,02-Breast Cancer Wisconsin (Diagnostic),Media,v6,NA
UNDERSAMPLING,02-Breast Cancer Wisconsin (Diagnostic),Media,v7,NA
UNDERSAMPLING,02-Breast Cancer Wisconsin (Diagnostic),Media,v8,NA
UNDERSAMPLING,02-Breast Cancer Wisconsin (Diagnostic),Media,v9,NA
UNDERSAMPLING,02-Breast Cancer Wisconsin (Diagnostic),Media,v10,NA
UNDERSAMPLING,02-Breast Cancer Wisconsin (Diagnostic),Media,v11,NA
UNDERSAMPLING,02-Breast Cancer Wisconsin (Diagnostic),Media,v12,NA
UNDERSAMPLING,02-Breast Cancer Wisconsin (Diagnostic),Media,v13,NA
UNDERSAMPLING,02-Breast Cancer Wisconsin (Diagnostic),Media,v14,NA
UNDERSAMPLING,02-Breast Cancer Wisconsin (Diagnostic),Media,v15,NA
UNDERSAMPLING,02-Breast Cancer Wisconsin (Diagnostic),Media,v16,NA
UNDERSAMPLING,02-Breast Cancer Wisconsin (Diagnostic),Media,v17,NA
UNDERSAMPLING,02-Breast Cancer Wisconsin (Diagnostic),Media,v18,NA
UNDERSAMPLING,02-Breast Cancer Wisconsin (Diagnostic),Media,v19,NA
UNDERSAMPLING,02-Breast Cancer Wisconsin (Diagnostic),Media,v20,NA
UNDERSAMPLING,02-Breast Cancer Wisconsin (Diagnostic),Media,v21,NA
UNDERSAMPLING,02-Breast Cancer Wisconsin (Diagnostic),Media,v22,NA
UNDERSAMPLING,02-Breast Cancer Wisconsin (Diagnostic),Media,v23,NA
UNDERSAMPLING,02-Breast Cancer Wisconsin (Diagnostic),Media,v24,NA
UNDERSAMPLING,02-Breast Cancer Wisconsin (Diagnostic),Media,v25,NA
UNDERSAMPLING,02-Breast Cancer Wisconsin (Diagnostic),Media,v26,NA
UNDERSAMPLING,02-Breast Cancer Wisconsin (Diagnostic),Media,v27,NA
UNDERSAMPLING,02-Breast Cancer Wisconsin (Diagnostic),Media,v28,NA
UNDERSAMPLING,02-Breast Cancer Wisconsin (Diagnostic),Media,amount,NA
UNDERSAMPLING,02-Breast Cancer Wisconsin (Diagnostic),Media,radius1,14.806964454976303
UNDERSAMPLING,02-Breast Cancer Wisconsin (Diagnostic),Media,texture1,19.614881516587676
UNDERSAMPLING,02-Breast Cancer Wisconsin (Diagnostic),Media,perimeter1,96.72687203791469
UNDERSAMPLING,02-Breast Cancer Wisconsin (Diagnostic),Media,area1,720.604028436019
UNDERSAMPLING,02-Breast Cancer Wisconsin (Diagnostic),Media,smoothness1,0.09761701421800947
UNDERSAMPLING,02-Breast Cancer Wisconsin (Diagnostic),Media,compactness1,0.1122353317535545
UNDERSAMPLING,02-Breast Cancer Wisconsin (Diagnostic),Media,concavity1,0.10381975995260663
UNDERSAMPLING,02-Breast Cancer Wisconsin (Diagnostic),Media,concave_points1,0.05704459478672986
UNDERSAMPLING,02-Breast Cancer Wisconsin (Diagnostic),Media,symmetry1,0.1839372037914692
UNDERSAMPLING,02-Breast Cancer Wisconsin (Diagnostic),Media,fractal_dimension1,0.06273962085308057
UNDERSAMPLING,02-Breast Cancer Wisconsin (Diagnostic),Media,radius2,0.44520971563981043
UNDERSAMPLING,02-Breast Cancer Wisconsin (Diagnostic),Media,texture2,1.2025843601895734
UNDERSAMPLING,02-Breast Cancer Wisconsin (Diagnostic),Media,perimeter2,3.1651876777251187
UNDERSAMPLING,02-Breast Cancer Wisconsin (Diagnostic),Media,area2,46.6555971563981
UNDERSAMPLING,02-Breast Cancer Wisconsin (Diagnostic),Media,smoothness2,0.006951528436018957
UNDERSAMPLING,02-Breast Cancer Wisconsin (Diagnostic),Media,compactness2,0.026947056872037915
UNDERSAMPLING,02-Breast Cancer Wisconsin (Diagnostic),Media,concavity2,0.03428970521327014
UNDERSAMPLING,02-Breast Cancer Wisconsin (Diagnostic),Media,concave_points2,0.012550042654028436
UNDERSAMPLING,02-Breast Cancer Wisconsin (Diagnostic),Media,symmetry2,0.020406796208530805
UNDERSAMPLING,02-Breast Cancer Wisconsin (Diagnostic),Media,fractal_dimension2,0.0038657281990521325
UNDERSAMPLING,02-Breast Cancer Wisconsin (Diagnostic),Media,radius3,17.255874407582937
UNDERSAMPLING,02-Breast Cancer Wisconsin (Diagnostic),Media,texture3,26.255995260663507
UNDERSAMPLING,02-Breast Cancer Wisconsin (Diagnostic),Media,perimeter3,114.20409952606636
UNDERSAMPLING,02-Breast Cancer Wisconsin (Diagnostic),Media,area3,989.4729857819905
UNDERSAMPLING,02-Breast Cancer Wisconsin (Diagnostic),Media,smoothness3,0.1348634123222749
UNDERSAMPLING,02-Breast Cancer Wisconsin (Diagnostic),Media,compactness3,0.2781705450236967
UNDERSAMPLING,02-Breast Cancer Wisconsin (Diagnostic),Media,concavity3,0.3088222535545024
UNDERSAMPLING,02-Breast Cancer Wisconsin (Diagnostic),Media,concave_points3,0.12886978436018956
UNDERSAMPLING,02-Breast Cancer Wisconsin (Diagnostic),Media,symmetry3,0.2969355450236967
UNDERSAMPLING,02-Breast Cancer Wisconsin (Diagnostic),Media,fractal_dimension3,0.08547817535545024
UNDERSAMPLING,02-Breast Cancer Wisconsin (Diagnostic),Media,pregnancies,NA
UNDERSAMPLING,02-Breast Cancer Wisconsin (Diagnostic),Media,glucose,NA
UNDERSAMPLING,02-Breast Cancer Wisconsin (Diagnostic),Media,bloodpressure,NA
UNDERSAMPLING,02-Breast Cancer Wisconsin (Diagnostic),Media,skinthickness,NA
UNDERSAMPLING,02-Breast Cancer Wisconsin (Diagnostic),Media,insulin,NA
UNDERSAMPLING,02-Breast Cancer Wisconsin (Diagnostic),Media,bmi,NA
UNDERSAMPLING,02-Breast Cancer Wisconsin (Diagnostic),Media,diabetespedigreefunction,NA
UNDERSAMPLING,02-Breast Cancer Wisconsin (Diagnostic),Media,age,NA
UNDERSAMPLING,02-Breast Cancer Wisconsin (Diagnostic),Media,attribute01,NA
UNDERSAMPLING,02-Breast Cancer Wisconsin (Diagnostic),Media,attribute02,NA
UNDERSAMPLING,02-Breast Cancer Wisconsin (Diagnostic),Media,attribute03,NA
UNDERSAMPLING,02-Breast Cancer Wisconsin (Diagnostic),Media,attribute04,NA
UNDERSAMPLING,02-Breast Cancer Wisconsin (Diagnostic),Media,attribute05,NA
UNDERSAMPLING,02-Breast Cancer Wisconsin (Diagnostic),Media,attribute06,NA
UNDERSAMPLING,02-Breast Cancer Wisconsin (Diagnostic),Media,attribute07,NA
UNDERSAMPLING,02-Breast Cancer Wisconsin (Diagnostic),Media,attribute08,NA
UNDERSAMPLING,02-Breast Cancer Wisconsin (Diagnostic),Media,attribute09,NA
UNDERSAMPLING,02-Breast Cancer Wisconsin (Diagnostic),Media,attribute10,NA
UNDERSAMPLING,02-Breast Cancer Wisconsin (Diagnostic),Media,attribute11,NA
UNDERSAMPLING,02-Breast Cancer Wisconsin (Diagnostic),Media,attribute12,NA
UNDERSAMPLING,02-Breast Cancer Wisconsin (Diagnostic),Media,attribute13,NA
UNDERSAMPLING,02-Breast Cancer Wisconsin (Diagnostic),Media,attribute14,NA
UNDERSAMPLING,02-Breast Cancer Wisconsin (Diagnostic),Media,attribute15,NA
UNDERSAMPLING,02-Breast Cancer Wisconsin (Diagnostic),Media,attribute16,NA
UNDERSAMPLING,02-Breast Cancer Wisconsin (Diagnostic),Media,attribute17,NA
UNDERSAMPLING,02-Breast Cancer Wisconsin (Diagnostic),Media,attribute18,NA
UNDERSAMPLING,02-Breast Cancer Wisconsin (Diagnostic),Media,attribute19,NA
UNDERSAMPLING,02-Breast Cancer Wisconsin (Diagnostic),Media,attribute20,NA
UNDERSAMPLING,02-Breast Cancer Wisconsin (Diagnostic),Media,attribute21,NA
UNDERSAMPLING,02-Breast Cancer Wisconsin (Diagnostic),Media,attribute22,NA
UNDERSAMPLING,02-Breast Cancer Wisconsin (Diagnostic),Media,attribute23,NA
UNDERSAMPLING,02-Breast Cancer Wisconsin (Diagnostic),Media,attribute24,NA
UNDERSAMPLING,02-Breast Cancer Wisconsin (Diagnostic),Media,attribute25,NA
UNDERSAMPLING,02-Breast Cancer Wisconsin (Diagnostic),Media,attribute26,NA
UNDERSAMPLING,02-Breast Cancer Wisconsin (Diagnostic),Media,attribute27,NA
UNDERSAMPLING,02-Breast Cancer Wisconsin (Diagnostic),Media,attribute28,NA
UNDERSAMPLING,02-Breast Cancer Wisconsin (Diagnostic),Media,attribute29,NA
UNDERSAMPLING,02-Breast Cancer Wisconsin (Diagnostic),Media,attribute30,NA
UNDERSAMPLING,02-Breast Cancer Wisconsin (Diagnostic),Media,attribute31,NA
UNDERSAMPLING,02-Breast Cancer Wisconsin (Diagnostic),Media,attribute32,NA
UNDERSAMPLING,02-Breast Cancer Wisconsin (Diagnostic),Media,attribute33,NA
UNDERSAMPLING,02-Breast Cancer Wisconsin (Diagnostic),Media,attribute34,NA
UNDERSAMPLING,02-Breast Cancer Wisconsin (Diagnostic),Media,aa,NA
UNDERSAMPLING,02-Breast Cancer Wisconsin (Diagnostic),Media,ao,NA
UNDERSAMPLING,02-Breast Cancer Wisconsin (Diagnostic),Media,dcl,NA
UNDERSAMPLING,02-Breast Cancer Wisconsin (Diagnostic),Media,iy,NA
UNDERSAMPLING,02-Breast Cancer Wisconsin (Diagnostic),Media,sh,NA
UNDERSAMPLING,02-Breast Cancer Wisconsin (Diagnostic),Media,0,NA
UNDERSAMPLING,02-Breast Cancer Wisconsin (Diagnostic),Media,1,NA
UNDERSAMPLING,02-Breast Cancer Wisconsin (Diagnostic),Media,2,NA
UNDERSAMPLING,02-Breast Cancer Wisconsin (Diagnostic),Media,3,NA
UNDERSAMPLING,02-Breast Cancer Wisconsin (Diagnostic),Media,4,NA
UNDERSAMPLING,02-Breast Cancer Wisconsin (Diagnostic),Media,5,NA
UNDERSAMPLING,02-Breast Cancer Wisconsin (Diagnostic),Media,6,NA
UNDERSAMPLING,02-Breast Cancer Wisconsin (Diagnostic),Media,7,NA
UNDERSAMPLING,02-Breast Cancer Wisconsin (Diagnostic),Media,8,NA
UNDERSAMPLING,02-Breast Cancer Wisconsin (Diagnostic),Media,9,NA
UNDERSAMPLING,02-Breast Cancer Wisconsin (Diagnostic),Media,10,NA
UNDERSAMPLING,02-Breast Cancer Wisconsin (Diagnostic),Media,11,NA
UNDERSAMPLING,02-Breast Cancer Wisconsin (Diagnostic),Media,12,NA
UNDERSAMPLING,02-Breast Cancer Wisconsin (Diagnostic),Media,13,NA
UNDERSAMPLING,02-Breast Cancer Wisconsin (Diagnostic),Media,14,NA
UNDERSAMPLING,02-Breast Cancer Wisconsin (Diagnostic),Media,15,NA
UNDERSAMPLING,02-Breast Cancer Wisconsin (Diagnostic),Media,16,NA
UNDERSAMPLING,02-Breast Cancer Wisconsin (Diagnostic),Media,17,NA
UNDERSAMPLING,02-Breast Cancer Wisconsin (Diagnostic),Media,18,NA
UNDERSAMPLING,02-Breast Cancer Wisconsin (Diagnostic),Media,19,NA
UNDERSAMPLING,02-Breast Cancer Wisconsin (Diagnostic),Media,20,NA
UNDERSAMPLING,02-Breast Cancer Wisconsin (Diagnostic),Media,21,NA
UNDERSAMPLING,02-Breast Cancer Wisconsin (Diagnostic),Media,22,NA
UNDERSAMPLING,02-Breast Cancer Wisconsin (Diagnostic),Media,23,NA
UNDERSAMPLING,02-Breast Cancer Wisconsin (Diagnostic),Media,24,NA
UNDERSAMPLING,02-Breast Cancer Wisconsin (Diagnostic),Media,25,NA
UNDERSAMPLING,02-Breast Cancer Wisconsin (Diagnostic),Media,26,NA
UNDERSAMPLING,02-Breast Cancer Wisconsin (Diagnostic),Media,27,NA
UNDERSAMPLING,02-Breast Cancer Wisconsin (Diagnostic),Media,28,NA
UNDERSAMPLING,02-Breast Cancer Wisconsin (Diagnostic),Media,29,NA
UNDERSAMPLING,02-Breast Cancer Wisconsin (Diagnostic),Media,30,NA
UNDERSAMPLING,02-Breast Cancer Wisconsin (Diagnostic),Media,31,NA
UNDERSAMPLING,02-Breast Cancer Wisconsin (Diagnostic),Media,32,NA
UNDERSAMPLING,02-Breast Cancer Wisconsin (Diagnostic),Media,33,NA
UNDERSAMPLING,02-Breast Cancer Wisconsin (Diagnostic),Media,34,NA
UNDERSAMPLING,02-Breast Cancer Wisconsin (Diagnostic),Media,35,NA
UNDERSAMPLING,02-Breast Cancer Wisconsin (Diagnostic),Media,36,NA
UNDERSAMPLING,02-Breast Cancer Wisconsin (Diagnostic),Media,37,NA
UNDERSAMPLING,02-Breast Cancer Wisconsin (Diagnostic),Media,38,NA
UNDERSAMPLING,02-Breast Cancer Wisconsin (Diagnostic),Media,39,NA
UNDERSAMPLING,02-Breast Cancer Wisconsin (Diagnostic),Media,40,NA
UNDERSAMPLING,02-Breast Cancer Wisconsin (Diagnostic),Media,41,NA
UNDERSAMPLING,02-Breast Cancer Wisconsin (Diagnostic),Media,42,NA
UNDERSAMPLING,02-Breast Cancer Wisconsin (Diagnostic),Media,43,NA
UNDERSAMPLING,02-Breast Cancer Wisconsin (Diagnostic),Media,44,NA
UNDERSAMPLING,02-Breast Cancer Wisconsin (Diagnostic),Media,45,NA
UNDERSAMPLING,02-Breast Cancer Wisconsin (Diagnostic),Media,46,NA
UNDERSAMPLING,02-Breast Cancer Wisconsin (Diagnostic),Media,48,NA
UNDERSAMPLING,02-Breast Cancer Wisconsin (Diagnostic),Media,49,NA
UNDERSAMPLING,02-Breast Cancer Wisconsin (Diagnostic),Desvio_Padrao,time,NA
UNDERSAMPLING,02-Breast Cancer Wisconsin (Diagnostic),Desvio_Padrao,v1,NA
UNDERSAMPLING,02-Breast Cancer Wisconsin (Diagnostic),Desvio_Padrao,v2,NA
UNDERSAMPLING,02-Breast Cancer Wisconsin (Diagnostic),Desvio_Padrao,v3,NA
UNDERSAMPLING,02-Breast Cancer Wisconsin (Diagnostic),Desvio_Padrao,v4,NA
UNDERSAMPLING,02-Breast Cancer Wisconsin (Diagnostic),Desvio_Padrao,v5,NA
UNDERSAMPLING,02-Breast Cancer Wisconsin (Diagnostic),Desvio_Padrao,v6,NA
UNDERSAMPLING,02-Breast Cancer Wisconsin (Diagnostic),Desvio_Padrao,v7,NA
UNDERSAMPLING,02-Breast Cancer Wisconsin (Diagnostic),Desvio_Padrao,v8,NA
UNDERSAMPLING,02-Breast Cancer Wisconsin (Diagnostic),Desvio_Padrao,v9,NA
UNDERSAMPLING,02-Breast Cancer Wisconsin (Diagnostic),Desvio_Padrao,v10,NA
UNDERSAMPLING,02-Breast Cancer Wisconsin (Diagnostic),Desvio_Padrao,v11,NA
UNDERSAMPLING,02-Breast Cancer Wisconsin (Diagnostic),Desvio_Padrao,v12,NA
UNDERSAMPLING,02-Breast Cancer Wisconsin (Diagnostic),Desvio_Padrao,v13,NA
UNDERSAMPLING,02-Breast Cancer Wisconsin (Diagnostic),Desvio_Padrao,v14,NA
UNDERSAMPLING,02-Breast Cancer Wisconsin (Diagnostic),Desvio_Padrao,v15,NA
UNDERSAMPLING,02-Breast Cancer Wisconsin (Diagnostic),Desvio_Padrao,v16,NA
UNDERSAMPLING,02-Breast Cancer Wisconsin (Diagnostic),Desvio_Padrao,v17,NA
UNDERSAMPLING,02-Breast Cancer Wisconsin (Diagnostic),Desvio_Padrao,v18,NA
UNDERSAMPLING,02-Breast Cancer Wisconsin (Diagnostic),Desvio_Padrao,v19,NA
UNDERSAMPLING,02-Breast Cancer Wisconsin (Diagnostic),Desvio_Padrao,v20,NA
UNDERSAMPLING,02-Breast Cancer Wisconsin (Diagnostic),Desvio_Padrao,v21,NA
UNDERSAMPLING,02-Breast Cancer Wisconsin (Diagnostic),Desvio_Padrao,v22,NA
UNDERSAMPLING,02-Breast Cancer Wisconsin (Diagnostic),Desvio_Padrao,v23,NA
UNDERSAMPLING,02-Breast Cancer Wisconsin (Diagnostic),Desvio_Padrao,v24,NA
UNDERSAMPLING,02-Breast Cancer Wisconsin (Diagnostic),Desvio_Padrao,v25,NA
UNDERSAMPLING,02-Breast Cancer Wisconsin (Diagnostic),Desvio_Padrao,v26,NA
UNDERSAMPLING,02-Breast Cancer Wisconsin (Diagnostic),Desvio_Padrao,v27,NA
UNDERSAMPLING,02-Breast Cancer Wisconsin (Diagnostic),Desvio_Padrao,v28,NA
UNDERSAMPLING,02-Breast Cancer Wisconsin (Diagnostic),Desvio_Padrao,amount,NA
UNDERSAMPLING,02-Breast Cancer Wisconsin (Diagnostic),Desvio_Padrao,radius1,3.702692072085025
UNDERSAMPLING,02-Breast Cancer Wisconsin (Diagnostic),Desvio_Padrao,texture1,4.325599087769648
UNDERSAMPLING,02-Breast Cancer Wisconsin (Diagnostic),Desvio_Padrao,perimeter1,25.53847493159229
UNDERSAMPLING,02-Breast Cancer Wisconsin (Diagnostic),Desvio_Padrao,area1,378.2605854517471
UNDERSAMPLING,02-Breast Cancer Wisconsin (Diagnostic),Desvio_Padrao,smoothness1,0.014154805487178016
UNDERSAMPLING,02-Breast Cancer Wisconsin (Diagnostic),Desvio_Padrao,compactness1,0.055543370456528386
UNDERSAMPLING,02-Breast Cancer Wisconsin (Diagnostic),Desvio_Padrao,concavity1,0.08386429755549107
UNDERSAMPLING,02-Breast Cancer Wisconsin (Diagnostic),Desvio_Padrao,concave_points1,0.040674291932651825
UNDERSAMPLING,02-Breast Cancer Wisconsin (Diagnostic),Desvio_Padrao,symmetry1,0.027889443507284596
UNDERSAMPLING,02-Breast Cancer Wisconsin (Diagnostic),Desvio_Padrao,fractal_dimension1,0.007392454382926528
UNDERSAMPLING,02-Breast Cancer Wisconsin (Diagnostic),Desvio_Padrao,radius2,0.30151275763559504
UNDERSAMPLING,02-Breast Cancer Wisconsin (Diagnostic),Desvio_Padrao,texture2,0.5387649920136083
UNDERSAMPLING,02-Breast Cancer Wisconsin (Diagnostic),Desvio_Padrao,perimeter2,2.2024749078923254
UNDERSAMPLING,02-Breast Cancer Wisconsin (Diagnostic),Desvio_Padrao,area2,50.63260201290693
UNDERSAMPLING,02-Breast Cancer Wisconsin (Diagnostic),Desvio_Padrao,smoothness2,0.002981991702841668
UNDERSAMPLING,02-Breast Cancer Wisconsin (Diagnostic),Desvio_Padrao,compactness2,0.01860530466234578
UNDERSAMPLING,02-Breast Cancer Wisconsin (Diagnostic),Desvio_Padrao,concavity2,0.029919643472256754
UNDERSAMPLING,02-Breast Cancer Wisconsin (Diagnostic),Desvio_Padrao,concave_points2,0.0062476608923063915
UNDERSAMPLING,02-Breast Cancer Wisconsin (Diagnostic),Desvio_Padrao,symmetry2,0.008439352110433661
UNDERSAMPLING,02-Breast Cancer Wisconsin (Diagnostic),Desvio_Padrao,fractal_dimension2,0.002732218740784257
UNDERSAMPLING,02-Breast Cancer Wisconsin (Diagnostic),Desvio_Padrao,radius3,5.096789447353097
UNDERSAMPLING,02-Breast Cancer Wisconsin (Diagnostic),Desvio_Padrao,texture3,6.198933731772251
UNDERSAMPLING,02-Breast Cancer Wisconsin (Diagnostic),Desvio_Padrao,perimeter3,35.34037349255659
UNDERSAMPLING,02-Breast Cancer Wisconsin (Diagnostic),Desvio_Padrao,area3,613.8446513109672
UNDERSAMPLING,02-Breast Cancer Wisconsin (Diagnostic),Desvio_Padrao,smoothness3,0.023515775151267678
UNDERSAMPLING,02-Breast Cancer Wisconsin (Diagnostic),Desvio_Padrao,compactness3,0.1674438873159146
UNDERSAMPLING,02-Breast Cancer Wisconsin (Diagnostic),Desvio_Padrao,concavity3,0.21430260505007656
UNDERSAMPLING,02-Breast Cancer Wisconsin (Diagnostic),Desvio_Padrao,concave_points3,0.06722032543293496
UNDERSAMPLING,02-Breast Cancer Wisconsin (Diagnostic),Desvio_Padrao,symmetry3,0.06521439312638266
UNDERSAMPLING,02-Breast Cancer Wisconsin (Diagnostic),Desvio_Padrao,fractal_dimension3,0.019484226002937557
UNDERSAMPLING,02-Breast Cancer Wisconsin (Diagnostic),Desvio_Padrao,pregnancies,NA
UNDERSAMPLING,02-Breast Cancer Wisconsin (Diagnostic),Desvio_Padrao,glucose,NA
UNDERSAMPLING,02-Breast Cancer Wisconsin (Diagnostic),Desvio_Padrao,bloodpressure,NA
UNDERSAMPLING,02-Breast Cancer Wisconsin (Diagnostic),Desvio_Padrao,skinthickness,NA
UNDERSAMPLING,02-Breast Cancer Wisconsin (Diagnostic),Desvio_Padrao,insulin,NA
UNDERSAMPLING,02-Breast Cancer Wisconsin (Diagnostic),Desvio_Padrao,bmi,NA
UNDERSAMPLING,02-Breast Cancer Wisconsin (Diagnostic),Desvio_Padrao,diabetespedigreefunction,NA
UNDERSAMPLING,02-Breast Cancer Wisconsin (Diagnostic),Desvio_Padrao,age,NA
UNDERSAMPLING,02-Breast Cancer Wisconsin (Diagnostic),Desvio_Padrao,attribute01,NA
UNDERSAMPLING,02-Breast Cancer Wisconsin (Diagnostic),Desvio_Padrao,attribute02,NA
UNDERSAMPLING,02-Breast Cancer Wisconsin (Diagnostic),Desvio_Padrao,attribute03,NA
UNDERSAMPLING,02-Breast Cancer Wisconsin (Diagnostic),Desvio_Padrao,attribute04,NA
UNDERSAMPLING,02-Breast Cancer Wisconsin (Diagnostic),Desvio_Padrao,attribute05,NA
UNDERSAMPLING,02-Breast Cancer Wisconsin (Diagnostic),Desvio_Padrao,attribute06,NA
UNDERSAMPLING,02-Breast Cancer Wisconsin (Diagnostic),Desvio_Padrao,attribute07,NA
UNDERSAMPLING,02-Breast Cancer Wisconsin (Diagnostic),Desvio_Padrao,attribute08,NA
UNDERSAMPLING,02-Breast Cancer Wisconsin (Diagnostic),Desvio_Padrao,attribute09,NA
UNDERSAMPLING,02-Breast Cancer Wisconsin (Diagnostic),Desvio_Padrao,attribute10,NA
UNDERSAMPLING,02-Breast Cancer Wisconsin (Diagnostic),Desvio_Padrao,attribute11,NA
UNDERSAMPLING,02-Breast Cancer Wisconsin (Diagnostic),Desvio_Padrao,attribute12,NA
UNDERSAMPLING,02-Breast Cancer Wisconsin (Diagnostic),Desvio_Padrao,attribute13,NA
UNDERSAMPLING,02-Breast Cancer Wisconsin (Diagnostic),Desvio_Padrao,attribute14,NA
UNDERSAMPLING,02-Breast Cancer Wisconsin (Diagnostic),Desvio_Padrao,attribute15,NA
UNDERSAMPLING,02-Breast Cancer Wisconsin (Diagnostic),Desvio_Padrao,attribute16,NA
UNDERSAMPLING,02-Breast Cancer Wisconsin (Diagnostic),Desvio_Padrao,attribute17,NA
UNDERSAMPLING,02-Breast Cancer Wisconsin (Diagnostic),Desvio_Padrao,attribute18,NA
UNDERSAMPLING,02-Breast Cancer Wisconsin (Diagnostic),Desvio_Padrao,attribute19,NA
UNDERSAMPLING,02-Breast Cancer Wisconsin (Diagnostic),Desvio_Padrao,attribute20,NA
UNDERSAMPLING,02-Breast Cancer Wisconsin (Diagnostic),Desvio_Padrao,attribute21,NA
UNDERSAMPLING,02-Breast Cancer Wisconsin (Diagnostic),Desvio_Padrao,attribute22,NA
UNDERSAMPLING,02-Breast Cancer Wisconsin (Diagnostic),Desvio_Padrao,attribute23,NA
UNDERSAMPLING,02-Breast Cancer Wisconsin (Diagnostic),Desvio_Padrao,attribute24,NA
UNDERSAMPLING,02-Breast Cancer Wisconsin (Diagnostic),Desvio_Padrao,attribute25,NA
UNDERSAMPLING,02-Breast Cancer Wisconsin (Diagnostic),Desvio_Padrao,attribute26,NA
UNDERSAMPLING,02-Breast Cancer Wisconsin (Diagnostic),Desvio_Padrao,attribute27,NA
UNDERSAMPLING,02-Breast Cancer Wisconsin (Diagnostic),Desvio_Padrao,attribute28,NA
UNDERSAMPLING,02-Breast Cancer Wisconsin (Diagnostic),Desvio_Padrao,attribute29,NA
UNDERSAMPLING,02-Breast Cancer Wisconsin (Diagnostic),Desvio_Padrao,attribute30,NA
UNDERSAMPLING,02-Breast Cancer Wisconsin (Diagnostic),Desvio_Padrao,attribute31,NA
UNDERSAMPLING,02-Breast Cancer Wisconsin (Diagnostic),Desvio_Padrao,attribute32,NA
UNDERSAMPLING,02-Breast Cancer Wisconsin (Diagnostic),Desvio_Padrao,attribute33,NA
UNDERSAMPLING,02-Breast Cancer Wisconsin (Diagnostic),Desvio_Padrao,attribute34,NA
UNDERSAMPLING,02-Breast Cancer Wisconsin (Diagnostic),Desvio_Padrao,aa,NA
UNDERSAMPLING,02-Breast Cancer Wisconsin (Diagnostic),Desvio_Padrao,ao,NA
UNDERSAMPLING,02-Breast Cancer Wisconsin (Diagnostic),Desvio_Padrao,dcl,NA
UNDERSAMPLING,02-Breast Cancer Wisconsin (Diagnostic),Desvio_Padrao,iy,NA
UNDERSAMPLING,02-Breast Cancer Wisconsin (Diagnostic),Desvio_Padrao,sh,NA
UNDERSAMPLING,02-Breast Cancer Wisconsin (Diagnostic),Desvio_Padrao,0,NA
UNDERSAMPLING,02-Breast Cancer Wisconsin (Diagnostic),Desvio_Padrao,1,NA
UNDERSAMPLING,02-Breast Cancer Wisconsin (Diagnostic),Desvio_Padrao,2,NA
UNDERSAMPLING,02-Breast Cancer Wisconsin (Diagnostic),Desvio_Padrao,3,NA
UNDERSAMPLING,02-Breast Cancer Wisconsin (Diagnostic),Desvio_Padrao,4,NA
UNDERSAMPLING,02-Breast Cancer Wisconsin (Diagnostic),Desvio_Padrao,5,NA
UNDERSAMPLING,02-Breast Cancer Wisconsin (Diagnostic),Desvio_Padrao,6,NA
UNDERSAMPLING,02-Breast Cancer Wisconsin (Diagnostic),Desvio_Padrao,7,NA
UNDERSAMPLING,02-Breast Cancer Wisconsin (Diagnostic),Desvio_Padrao,8,NA
UNDERSAMPLING,02-Breast Cancer Wisconsin (Diagnostic),Desvio_Padrao,9,NA
UNDERSAMPLING,02-Breast Cancer Wisconsin (Diagnostic),Desvio_Padrao,10,NA
UNDERSAMPLING,02-Breast Cancer Wisconsin (Diagnostic),Desvio_Padrao,11,NA
UNDERSAMPLING,02-Breast Cancer Wisconsin (Diagnostic),Desvio_Padrao,12,NA
UNDERSAMPLING,02-Breast Cancer Wisconsin (Diagnostic),Desvio_Padrao,13,NA
UNDERSAMPLING,02-Breast Cancer Wisconsin (Diagnostic),Desvio_Padrao,14,NA
UNDERSAMPLING,02-Breast Cancer Wisconsin (Diagnostic),Desvio_Padrao,15,NA
UNDERSAMPLING,02-Breast Cancer Wisconsin (Diagnostic),Desvio_Padrao,16,NA
UNDERSAMPLING,02-Breast Cancer Wisconsin (Diagnostic),Desvio_Padrao,17,NA
UNDERSAMPLING,02-Breast Cancer Wisconsin (Diagnostic),Desvio_Padrao,18,NA
UNDERSAMPLING,02-Breast Cancer Wisconsin (Diagnostic),Desvio_Padrao,19,NA
UNDERSAMPLING,02-Breast Cancer Wisconsin (Diagnostic),Desvio_Padrao,20,NA
UNDERSAMPLING,02-Breast Cancer Wisconsin (Diagnostic),Desvio_Padrao,21,NA
UNDERSAMPLING,02-Breast Cancer Wisconsin (Diagnostic),Desvio_Padrao,22,NA
UNDERSAMPLING,02-Breast Cancer Wisconsin (Diagnostic),Desvio_Padrao,23,NA
UNDERSAMPLING,02-Breast Cancer Wisconsin (Diagnostic),Desvio_Padrao,24,NA
UNDERSAMPLING,02-Breast Cancer Wisconsin (Diagnostic),Desvio_Padrao,25,NA
UNDERSAMPLING,02-Breast Cancer Wisconsin (Diagnostic),Desvio_Padrao,26,NA
UNDERSAMPLING,02-Breast Cancer Wisconsin (Diagnostic),Desvio_Padrao,27,NA
UNDERSAMPLING,02-Breast Cancer Wisconsin (Diagnostic),Desvio_Padrao,28,NA
UNDERSAMPLING,02-Breast Cancer Wisconsin (Diagnostic),Desvio_Padrao,29,NA
UNDERSAMPLING,02-Breast Cancer Wisconsin (Diagnostic),Desvio_Padrao,30,NA
UNDERSAMPLING,02-Breast Cancer Wisconsin (Diagnostic),Desvio_Padrao,31,NA
UNDERSAMPLING,02-Breast Cancer Wisconsin (Diagnostic),Desvio_Padrao,32,NA
UNDERSAMPLING,02-Breast Cancer Wisconsin (Diagnostic),Desvio_Padrao,33,NA
UNDERSAMPLING,02-Breast Cancer Wisconsin (Diagnostic),Desvio_Padrao,34,NA
UNDERSAMPLING,02-Breast Cancer Wisconsin (Diagnostic),Desvio_Padrao,35,NA
UNDERSAMPLING,02-Breast Cancer Wisconsin (Diagnostic),Desvio_Padrao,36,NA
UNDERSAMPLING,02-Breast Cancer Wisconsin (Diagnostic),Desvio_Padrao,37,NA
UNDERSAMPLING,02-Breast Cancer Wisconsin (Diagnostic),Desvio_Padrao,38,NA
UNDERSAMPLING,02-Breast Cancer Wisconsin (Diagnostic),Desvio_Padrao,39,NA
UNDERSAMPLING,02-Breast Cancer Wisconsin (Diagnostic),Desvio_Padrao,40,NA
UNDERSAMPLING,02-Breast Cancer Wisconsin (Diagnostic),Desvio_Padrao,41,NA
UNDERSAMPLING,02-Breast Cancer Wisconsin (Diagnostic),Desvio_Padrao,42,NA
UNDERSAMPLING,02-Breast Cancer Wisconsin (Diagnostic),Desvio_Padrao,43,NA
UNDERSAMPLING,02-Breast Cancer Wisconsin (Diagnostic),Desvio_Padrao,44,NA
UNDERSAMPLING,02-Breast Cancer Wisconsin (Diagnostic),Desvio_Padrao,45,NA
UNDERSAMPLING,02-Breast Cancer Wisconsin (Diagnostic),Desvio_Padrao,46,NA
UNDERSAMPLING,02-Breast Cancer Wisconsin (Diagnostic),Desvio_Padrao,48,NA
UNDERSAMPLING,02-Breast Cancer Wisconsin (Diagnostic),Desvio_Padrao,49,NA
UNDERSAMPLING,02-Breast Cancer Wisconsin (Diagnostic),Minimo,time,NA
UNDERSAMPLING,02-Breast Cancer Wisconsin (Diagnostic),Minimo,v1,NA
UNDERSAMPLING,02-Breast Cancer Wisconsin (Diagnostic),Minimo,v2,NA
UNDERSAMPLING,02-Breast Cancer Wisconsin (Diagnostic),Minimo,v3,NA
UNDERSAMPLING,02-Breast Cancer Wisconsin (Diagnostic),Minimo,v4,NA
UNDERSAMPLING,02-Breast Cancer Wisconsin (Diagnostic),Minimo,v5,NA
UNDERSAMPLING,02-Breast Cancer Wisconsin (Diagnostic),Minimo,v6,NA
UNDERSAMPLING,02-Breast Cancer Wisconsin (Diagnostic),Minimo,v7,NA
UNDERSAMPLING,02-Breast Cancer Wisconsin (Diagnostic),Minimo,v8,NA
UNDERSAMPLING,02-Breast Cancer Wisconsin (Diagnostic),Minimo,v9,NA
UNDERSAMPLING,02-Breast Cancer Wisconsin (Diagnostic),Minimo,v10,NA
UNDERSAMPLING,02-Breast Cancer Wisconsin (Diagnostic),Minimo,v11,NA
UNDERSAMPLING,02-Breast Cancer Wisconsin (Diagnostic),Minimo,v12,NA
UNDERSAMPLING,02-Breast Cancer Wisconsin (Diagnostic),Minimo,v13,NA
UNDERSAMPLING,02-Breast Cancer Wisconsin (Diagnostic),Minimo,v14,NA
UNDERSAMPLING,02-Breast Cancer Wisconsin (Diagnostic),Minimo,v15,NA
UNDERSAMPLING,02-Breast Cancer Wisconsin (Diagnostic),Minimo,v16,NA
UNDERSAMPLING,02-Breast Cancer Wisconsin (Diagnostic),Minimo,v17,NA
UNDERSAMPLING,02-Breast Cancer Wisconsin (Diagnostic),Minimo,v18,NA
UNDERSAMPLING,02-Breast Cancer Wisconsin (Diagnostic),Minimo,v19,NA
UNDERSAMPLING,02-Breast Cancer Wisconsin (Diagnostic),Minimo,v20,NA
UNDERSAMPLING,02-Breast Cancer Wisconsin (Diagnostic),Minimo,v21,NA
UNDERSAMPLING,02-Breast Cancer Wisconsin (Diagnostic),Minimo,v22,NA
UNDERSAMPLING,02-Breast Cancer Wisconsin (Diagnostic),Minimo,v23,NA
UNDERSAMPLING,02-Breast Cancer Wisconsin (Diagnostic),Minimo,v24,NA
UNDERSAMPLING,02-Breast Cancer Wisconsin (Diagnostic),Minimo,v25,NA
UNDERSAMPLING,02-Breast Cancer Wisconsin (Diagnostic),Minimo,v26,NA
UNDERSAMPLING,02-Breast Cancer Wisconsin (Diagnostic),Minimo,v27,NA
UNDERSAMPLING,02-Breast Cancer Wisconsin (Diagnostic),Minimo,v28,NA
UNDERSAMPLING,02-Breast Cancer Wisconsin (Diagnostic),Minimo,amount,NA
UNDERSAMPLING,02-Breast Cancer Wisconsin (Diagnostic),Minimo,radius1,7.729
UNDERSAMPLING,02-Breast Cancer Wisconsin (Diagnostic),Minimo,texture1,10.82
UNDERSAMPLING,02-Breast Cancer Wisconsin (Diagnostic),Minimo,perimeter1,47.98
UNDERSAMPLING,02-Breast Cancer Wisconsin (Diagnostic),Minimo,area1,178.8
UNDERSAMPLING,02-Breast Cancer Wisconsin (Diagnostic),Minimo,smoothness1,0.06251
UNDERSAMPLING,02-Breast Cancer Wisconsin (Diagnostic),Minimo,compactness1,0.01938
UNDERSAMPLING,02-Breast Cancer Wisconsin (Diagnostic),Minimo,concavity1,0
UNDERSAMPLING,02-Breast Cancer Wisconsin (Diagnostic),Minimo,concave_points1,0
UNDERSAMPLING,02-Breast Cancer Wisconsin (Diagnostic),Minimo,symmetry1,0.1203
UNDERSAMPLING,02-Breast Cancer Wisconsin (Diagnostic),Minimo,fractal_dimension1,0.04996
UNDERSAMPLING,02-Breast Cancer Wisconsin (Diagnostic),Minimo,radius2,0.1115
UNDERSAMPLING,02-Breast Cancer Wisconsin (Diagnostic),Minimo,texture2,0.3621
UNDERSAMPLING,02-Breast Cancer Wisconsin (Diagnostic),Minimo,perimeter2,0.757
UNDERSAMPLING,02-Breast Cancer Wisconsin (Diagnostic),Minimo,area2,6.802
UNDERSAMPLING,02-Breast Cancer Wisconsin (Diagnostic),Minimo,smoothness2,0.001713
UNDERSAMPLING,02-Breast Cancer Wisconsin (Diagnostic),Minimo,compactness2,0.002252
UNDERSAMPLING,02-Breast Cancer Wisconsin (Diagnostic),Minimo,concavity2,0
UNDERSAMPLING,02-Breast Cancer Wisconsin (Diagnostic),Minimo,concave_points2,0
UNDERSAMPLING,02-Breast Cancer Wisconsin (Diagnostic),Minimo,symmetry2,0.007882
UNDERSAMPLING,02-Breast Cancer Wisconsin (Diagnostic),Minimo,fractal_dimension2,8.948e-4
UNDERSAMPLING,02-Breast Cancer Wisconsin (Diagnostic),Minimo,radius3,9.077
UNDERSAMPLING,02-Breast Cancer Wisconsin (Diagnostic),Minimo,texture3,12.49
UNDERSAMPLING,02-Breast Cancer Wisconsin (Diagnostic),Minimo,perimeter3,57.17
UNDERSAMPLING,02-Breast Cancer Wisconsin (Diagnostic),Minimo,area3,248
UNDERSAMPLING,02-Breast Cancer Wisconsin (Diagnostic),Minimo,smoothness3,0.07117
UNDERSAMPLING,02-Breast Cancer Wisconsin (Diagnostic),Minimo,compactness3,0.02729
UNDERSAMPLING,02-Breast Cancer Wisconsin (Diagnostic),Minimo,concavity3,0
UNDERSAMPLING,02-Breast Cancer Wisconsin (Diagnostic),Minimo,concave_points3,0
UNDERSAMPLING,02-Breast Cancer Wisconsin (Diagnostic),Minimo,symmetry3,0.1565
UNDERSAMPLING,02-Breast Cancer Wisconsin (Diagnostic),Minimo,fractal_dimension3,0.05504
UNDERSAMPLING,02-Breast Cancer Wisconsin (Diagnostic),Minimo,pregnancies,NA
UNDERSAMPLING,02-Breast Cancer Wisconsin (Diagnostic),Minimo,glucose,NA
UNDERSAMPLING,02-Breast Cancer Wisconsin (Diagnostic),Minimo,bloodpressure,NA
UNDERSAMPLING,02-Breast Cancer Wisconsin (Diagnostic),Minimo,skinthickness,NA
UNDERSAMPLING,02-Breast Cancer Wisconsin (Diagnostic),Minimo,insulin,NA
UNDERSAMPLING,02-Breast Cancer Wisconsin (Diagnostic),Minimo,bmi,NA
UNDERSAMPLING,02-Breast Cancer Wisconsin (Diagnostic),Minimo,diabetespedigreefunction,NA
UNDERSAMPLING,02-Breast Cancer Wisconsin (Diagnostic),Minimo,age,NA
UNDERSAMPLING,02-Breast Cancer Wisconsin (Diagnostic),Minimo,attribute01,NA
UNDERSAMPLING,02-Breast Cancer Wisconsin (Diagnostic),Minimo,attribute02,NA
UNDERSAMPLING,02-Breast Cancer Wisconsin (Diagnostic),Minimo,attribute03,NA
UNDERSAMPLING,02-Breast Cancer Wisconsin (Diagnostic),Minimo,attribute04,NA
UNDERSAMPLING,02-Breast Cancer Wisconsin (Diagnostic),Minimo,attribute05,NA
UNDERSAMPLING,02-Breast Cancer Wisconsin (Diagnostic),Minimo,attribute06,NA
UNDERSAMPLING,02-Breast Cancer Wisconsin (Diagnostic),Minimo,attribute07,NA
UNDERSAMPLING,02-Breast Cancer Wisconsin (Diagnostic),Minimo,attribute08,NA
UNDERSAMPLING,02-Breast Cancer Wisconsin (Diagnostic),Minimo,attribute09,NA
UNDERSAMPLING,02-Breast Cancer Wisconsin (Diagnostic),Minimo,attribute10,NA
UNDERSAMPLING,02-Breast Cancer Wisconsin (Diagnostic),Minimo,attribute11,NA
UNDERSAMPLING,02-Breast Cancer Wisconsin (Diagnostic),Minimo,attribute12,NA
UNDERSAMPLING,02-Breast Cancer Wisconsin (Diagnostic),Minimo,attribute13,NA
UNDERSAMPLING,02-Breast Cancer Wisconsin (Diagnostic),Minimo,attribute14,NA
UNDERSAMPLING,02-Breast Cancer Wisconsin (Diagnostic),Minimo,attribute15,NA
UNDERSAMPLING,02-Breast Cancer Wisconsin (Diagnostic),Minimo,attribute16,NA
UNDERSAMPLING,02-Breast Cancer Wisconsin (Diagnostic),Minimo,attribute17,NA
UNDERSAMPLING,02-Breast Cancer Wisconsin (Diagnostic),Minimo,attribute18,NA
UNDERSAMPLING,02-Breast Cancer Wisconsin (Diagnostic),Minimo,attribute19,NA
UNDERSAMPLING,02-Breast Cancer Wisconsin (Diagnostic),Minimo,attribute20,NA
UNDERSAMPLING,02-Breast Cancer Wisconsin (Diagnostic),Minimo,attribute21,NA
UNDERSAMPLING,02-Breast Cancer Wisconsin (Diagnostic),Minimo,attribute22,NA
UNDERSAMPLING,02-Breast Cancer Wisconsin (Diagnostic),Minimo,attribute23,NA
UNDERSAMPLING,02-Breast Cancer Wisconsin (Diagnostic),Minimo,attribute24,NA
UNDERSAMPLING,02-Breast Cancer Wisconsin (Diagnostic),Minimo,attribute25,NA
UNDERSAMPLING,02-Breast Cancer Wisconsin (Diagnostic),Minimo,attribute26,NA
UNDERSAMPLING,02-Breast Cancer Wisconsin (Diagnostic),Minimo,attribute27,NA
UNDERSAMPLING,02-Breast Cancer Wisconsin (Diagnostic),Minimo,attribute28,NA
UNDERSAMPLING,02-Breast Cancer Wisconsin (Diagnostic),Minimo,attribute29,NA
UNDERSAMPLING,02-Breast Cancer Wisconsin (Diagnostic),Minimo,attribute30,NA
UNDERSAMPLING,02-Breast Cancer Wisconsin (Diagnostic),Minimo,attribute31,NA
UNDERSAMPLING,02-Breast Cancer Wisconsin (Diagnostic),Minimo,attribute32,NA
UNDERSAMPLING,02-Breast Cancer Wisconsin (Diagnostic),Minimo,attribute33,NA
UNDERSAMPLING,02-Breast Cancer Wisconsin (Diagnostic),Minimo,attribute34,NA
UNDERSAMPLING,02-Breast Cancer Wisconsin (Diagnostic),Minimo,aa,NA
UNDERSAMPLING,02-Breast Cancer Wisconsin (Diagnostic),Minimo,ao,NA
UNDERSAMPLING,02-Breast Cancer Wisconsin (Diagnostic),Minimo,dcl,NA
UNDERSAMPLING,02-Breast Cancer Wisconsin (Diagnostic),Minimo,iy,NA
UNDERSAMPLING,02-Breast Cancer Wisconsin (Diagnostic),Minimo,sh,NA
UNDERSAMPLING,02-Breast Cancer Wisconsin (Diagnostic),Minimo,0,NA
UNDERSAMPLING,02-Breast Cancer Wisconsin (Diagnostic),Minimo,1,NA
UNDERSAMPLING,02-Breast Cancer Wisconsin (Diagnostic),Minimo,2,NA
UNDERSAMPLING,02-Breast Cancer Wisconsin (Diagnostic),Minimo,3,NA
UNDERSAMPLING,02-Breast Cancer Wisconsin (Diagnostic),Minimo,4,NA
UNDERSAMPLING,02-Breast Cancer Wisconsin (Diagnostic),Minimo,5,NA
UNDERSAMPLING,02-Breast Cancer Wisconsin (Diagnostic),Minimo,6,NA
UNDERSAMPLING,02-Breast Cancer Wisconsin (Diagnostic),Minimo,7,NA
UNDERSAMPLING,02-Breast Cancer Wisconsin (Diagnostic),Minimo,8,NA
UNDERSAMPLING,02-Breast Cancer Wisconsin (Diagnostic),Minimo,9,NA
UNDERSAMPLING,02-Breast Cancer Wisconsin (Diagnostic),Minimo,10,NA
UNDERSAMPLING,02-Breast Cancer Wisconsin (Diagnostic),Minimo,11,NA
UNDERSAMPLING,02-Breast Cancer Wisconsin (Diagnostic),Minimo,12,NA
UNDERSAMPLING,02-Breast Cancer Wisconsin (Diagnostic),Minimo,13,NA
UNDERSAMPLING,02-Breast Cancer Wisconsin (Diagnostic),Minimo,14,NA
UNDERSAMPLING,02-Breast Cancer Wisconsin (Diagnostic),Minimo,15,NA
UNDERSAMPLING,02-Breast Cancer Wisconsin (Diagnostic),Minimo,16,NA
UNDERSAMPLING,02-Breast Cancer Wisconsin (Diagnostic),Minimo,17,NA
UNDERSAMPLING,02-Breast Cancer Wisconsin (Diagnostic),Minimo,18,NA
UNDERSAMPLING,02-Breast Cancer Wisconsin (Diagnostic),Minimo,19,NA
UNDERSAMPLING,02-Breast Cancer Wisconsin (Diagnostic),Minimo,20,NA
UNDERSAMPLING,02-Breast Cancer Wisconsin (Diagnostic),Minimo,21,NA
UNDERSAMPLING,02-Breast Cancer Wisconsin (Diagnostic),Minimo,22,NA
UNDERSAMPLING,02-Breast Cancer Wisconsin (Diagnostic),Minimo,23,NA
UNDERSAMPLING,02-Breast Cancer Wisconsin (Diagnostic),Minimo,24,NA
UNDERSAMPLING,02-Breast Cancer Wisconsin (Diagnostic),Minimo,25,NA
UNDERSAMPLING,02-Breast Cancer Wisconsin (Diagnostic),Minimo,26,NA
UNDERSAMPLING,02-Breast Cancer Wisconsin (Diagnostic),Minimo,27,NA
UNDERSAMPLING,02-Breast Cancer Wisconsin (Diagnostic),Minimo,28,NA
UNDERSAMPLING,02-Breast Cancer Wisconsin (Diagnostic),Minimo,29,NA
UNDERSAMPLING,02-Breast Cancer Wisconsin (Diagnostic),Minimo,30,NA
UNDERSAMPLING,02-Breast Cancer Wisconsin (Diagnostic),Minimo,31,NA
UNDERSAMPLING,02-Breast Cancer Wisconsin (Diagnostic),Minimo,32,NA
UNDERSAMPLING,02-Breast Cancer Wisconsin (Diagnostic),Minimo,33,NA
UNDERSAMPLING,02-Breast Cancer Wisconsin (Diagnostic),Minimo,34,NA
UNDERSAMPLING,02-Breast Cancer Wisconsin (Diagnostic),Minimo,35,NA
UNDERSAMPLING,02-Breast Cancer Wisconsin (Diagnostic),Minimo,36,NA
UNDERSAMPLING,02-Breast Cancer Wisconsin (Diagnostic),Minimo,37,NA
UNDERSAMPLING,02-Breast Cancer Wisconsin (Diagnostic),Minimo,38,NA
UNDERSAMPLING,02-Breast Cancer Wisconsin (Diagnostic),Minimo,39,NA
UNDERSAMPLING,02-Breast Cancer Wisconsin (Diagnostic),Minimo,40,NA
UNDERSAMPLING,02-Breast Cancer Wisconsin (Diagnostic),Minimo,41,NA
UNDERSAMPLING,02-Breast Cancer Wisconsin (Diagnostic),Minimo,42,NA
UNDERSAMPLING,02-Breast Cancer Wisconsin (Diagnostic),Minimo,43,NA
UNDERSAMPLING,02-Breast Cancer Wisconsin (Diagnostic),Minimo,44,NA
UNDERSAMPLING,02-Breast Cancer Wisconsin (Diagnostic),Minimo,45,NA
UNDERSAMPLING,02-Breast Cancer Wisconsin (Diagnostic),Minimo,46,NA
UNDERSAMPLING,02-Breast Cancer Wisconsin (Diagnostic),Minimo,48,NA
UNDERSAMPLING,02-Breast Cancer Wisconsin (Diagnostic),Minimo,49,NA
UNDERSAMPLING,02-Breast Cancer Wisconsin (Diagnostic),Maximo,time,NA
UNDERSAMPLING,02-Breast Cancer Wisconsin (Diagnostic),Maximo,v1,NA
UNDERSAMPLING,02-Breast Cancer Wisconsin (Diagnostic),Maximo,v2,NA
UNDERSAMPLING,02-Breast Cancer Wisconsin (Diagnostic),Maximo,v3,NA
UNDERSAMPLING,02-Breast Cancer Wisconsin (Diagnostic),Maximo,v4,NA
UNDERSAMPLING,02-Breast Cancer Wisconsin (Diagnostic),Maximo,v5,NA
UNDERSAMPLING,02-Breast Cancer Wisconsin (Diagnostic),Maximo,v6,NA
UNDERSAMPLING,02-Breast Cancer Wisconsin (Diagnostic),Maximo,v7,NA
UNDERSAMPLING,02-Breast Cancer Wisconsin (Diagnostic),Maximo,v8,NA
UNDERSAMPLING,02-Breast Cancer Wisconsin (Diagnostic),Maximo,v9,NA
UNDERSAMPLING,02-Breast Cancer Wisconsin (Diagnostic),Maximo,v10,NA
UNDERSAMPLING,02-Breast Cancer Wisconsin (Diagnostic),Maximo,v11,NA
UNDERSAMPLING,02-Breast Cancer Wisconsin (Diagnostic),Maximo,v12,NA
UNDERSAMPLING,02-Breast Cancer Wisconsin (Diagnostic),Maximo,v13,NA
UNDERSAMPLING,02-Breast Cancer Wisconsin (Diagnostic),Maximo,v14,NA
UNDERSAMPLING,02-Breast Cancer Wisconsin (Diagnostic),Maximo,v15,NA
UNDERSAMPLING,02-Breast Cancer Wisconsin (Diagnostic),Maximo,v16,NA
UNDERSAMPLING,02-Breast Cancer Wisconsin (Diagnostic),Maximo,v17,NA
UNDERSAMPLING,02-Breast Cancer Wisconsin (Diagnostic),Maximo,v18,NA
UNDERSAMPLING,02-Breast Cancer Wisconsin (Diagnostic),Maximo,v19,NA
UNDERSAMPLING,02-Breast Cancer Wisconsin (Diagnostic),Maximo,v20,NA
UNDERSAMPLING,02-Breast Cancer Wisconsin (Diagnostic),Maximo,v21,NA
UNDERSAMPLING,02-Breast Cancer Wisconsin (Diagnostic),Maximo,v22,NA
UNDERSAMPLING,02-Breast Cancer Wisconsin (Diagnostic),Maximo,v23,NA
UNDERSAMPLING,02-Breast Cancer Wisconsin (Diagnostic),Maximo,v24,NA
UNDERSAMPLING,02-Breast Cancer Wisconsin (Diagnostic),Maximo,v25,NA
UNDERSAMPLING,02-Breast Cancer Wisconsin (Diagnostic),Maximo,v26,NA
UNDERSAMPLING,02-Breast Cancer Wisconsin (Diagnostic),Maximo,v27,NA
UNDERSAMPLING,02-Breast Cancer Wisconsin (Diagnostic),Maximo,v28,NA
UNDERSAMPLING,02-Breast Cancer Wisconsin (Diagnostic),Maximo,amount,NA
UNDERSAMPLING,02-Breast Cancer Wisconsin (Diagnostic),Maximo,radius1,28.11
UNDERSAMPLING,02-Breast Cancer Wisconsin (Diagnostic),Maximo,texture1,39.28
UNDERSAMPLING,02-Breast Cancer Wisconsin (Diagnostic),Maximo,perimeter1,188.5
UNDERSAMPLING,02-Breast Cancer Wisconsin (Diagnostic),Maximo,area1,2501
UNDERSAMPLING,02-Breast Cancer Wisconsin (Diagnostic),Maximo,smoothness1,0.1634
UNDERSAMPLING,02-Breast Cancer Wisconsin (Diagnostic),Maximo,compactness1,0.3454
UNDERSAMPLING,02-Breast Cancer Wisconsin (Diagnostic),Maximo,concavity1,0.4268
UNDERSAMPLING,02-Breast Cancer Wisconsin (Diagnostic),Maximo,concave_points1,0.2012
UNDERSAMPLING,02-Breast Cancer Wisconsin (Diagnostic),Maximo,symmetry1,0.304
UNDERSAMPLING,02-Breast Cancer Wisconsin (Diagnostic),Maximo,fractal_dimension1,0.09744
UNDERSAMPLING,02-Breast Cancer Wisconsin (Diagnostic),Maximo,radius2,2.873
UNDERSAMPLING,02-Breast Cancer Wisconsin (Diagnostic),Maximo,texture2,4.885
UNDERSAMPLING,02-Breast Cancer Wisconsin (Diagnostic),Maximo,perimeter2,21.98
UNDERSAMPLING,02-Breast Cancer Wisconsin (Diagnostic),Maximo,area2,542.2
UNDERSAMPLING,02-Breast Cancer Wisconsin (Diagnostic),Maximo,smoothness2,0.03113
UNDERSAMPLING,02-Breast Cancer Wisconsin (Diagnostic),Maximo,compactness2,0.1354
UNDERSAMPLING,02-Breast Cancer Wisconsin (Diagnostic),Maximo,concavity2,0.396
UNDERSAMPLING,02-Breast Cancer Wisconsin (Diagnostic),Maximo,concave_points2,0.05279
UNDERSAMPLING,02-Breast Cancer Wisconsin (Diagnostic),Maximo,symmetry2,0.07895
UNDERSAMPLING,02-Breast Cancer Wisconsin (Diagnostic),Maximo,fractal_dimension2,0.02984
UNDERSAMPLING,02-Breast Cancer Wisconsin (Diagnostic),Maximo,radius3,36.04
UNDERSAMPLING,02-Breast Cancer Wisconsin (Diagnostic),Maximo,texture3,49.54
UNDERSAMPLING,02-Breast Cancer Wisconsin (Diagnostic),Maximo,perimeter3,251.2
UNDERSAMPLING,02-Breast Cancer Wisconsin (Diagnostic),Maximo,area3,4254
UNDERSAMPLING,02-Breast Cancer Wisconsin (Diagnostic),Maximo,smoothness3,0.2226
UNDERSAMPLING,02-Breast Cancer Wisconsin (Diagnostic),Maximo,compactness3,1.058
UNDERSAMPLING,02-Breast Cancer Wisconsin (Diagnostic),Maximo,concavity3,1.17
UNDERSAMPLING,02-Breast Cancer Wisconsin (Diagnostic),Maximo,concave_points3,0.291
UNDERSAMPLING,02-Breast Cancer Wisconsin (Diagnostic),Maximo,symmetry3,0.6638
UNDERSAMPLING,02-Breast Cancer Wisconsin (Diagnostic),Maximo,fractal_dimension3,0.2075
UNDERSAMPLING,02-Breast Cancer Wisconsin (Diagnostic),Maximo,pregnancies,NA
UNDERSAMPLING,02-Breast Cancer Wisconsin (Diagnostic),Maximo,glucose,NA
UNDERSAMPLING,02-Breast Cancer Wisconsin (Diagnostic),Maximo,bloodpressure,NA
UNDERSAMPLING,02-Breast Cancer Wisconsin (Diagnostic),Maximo,skinthickness,NA
UNDERSAMPLING,02-Breast Cancer Wisconsin (Diagnostic),Maximo,insulin,NA
UNDERSAMPLING,02-Breast Cancer Wisconsin (Diagnostic),Maximo,bmi,NA
UNDERSAMPLING,02-Breast Cancer Wisconsin (Diagnostic),Maximo,diabetespedigreefunction,NA
UNDERSAMPLING,02-Breast Cancer Wisconsin (Diagnostic),Maximo,age,NA
UNDERSAMPLING,02-Breast Cancer Wisconsin (Diagnostic),Maximo,attribute01,NA
UNDERSAMPLING,02-Breast Cancer Wisconsin (Diagnostic),Maximo,attribute02,NA
UNDERSAMPLING,02-Breast Cancer Wisconsin (Diagnostic),Maximo,attribute03,NA
UNDERSAMPLING,02-Breast Cancer Wisconsin (Diagnostic),Maximo,attribute04,NA
UNDERSAMPLING,02-Breast Cancer Wisconsin (Diagnostic),Maximo,attribute05,NA
UNDERSAMPLING,02-Breast Cancer Wisconsin (Diagnostic),Maximo,attribute06,NA
UNDERSAMPLING,02-Breast Cancer Wisconsin (Diagnostic),Maximo,attribute07,NA
UNDERSAMPLING,02-Breast Cancer Wisconsin (Diagnostic),Maximo,attribute08,NA
UNDERSAMPLING,02-Breast Cancer Wisconsin (Diagnostic),Maximo,attribute09,NA
UNDERSAMPLING,02-Breast Cancer Wisconsin (Diagnostic),Maximo,attribute10,NA
UNDERSAMPLING,02-Breast Cancer Wisconsin (Diagnostic),Maximo,attribute11,NA
UNDERSAMPLING,02-Breast Cancer Wisconsin (Diagnostic),Maximo,attribute12,NA
UNDERSAMPLING,02-Breast Cancer Wisconsin (Diagnostic),Maximo,attribute13,NA
UNDERSAMPLING,02-Breast Cancer Wisconsin (Diagnostic),Maximo,attribute14,NA
UNDERSAMPLING,02-Breast Cancer Wisconsin (Diagnostic),Maximo,attribute15,NA
UNDERSAMPLING,02-Breast Cancer Wisconsin (Diagnostic),Maximo,attribute16,NA
UNDERSAMPLING,02-Breast Cancer Wisconsin (Diagnostic),Maximo,attribute17,NA
UNDERSAMPLING,02-Breast Cancer Wisconsin (Diagnostic),Maximo,attribute18,NA
UNDERSAMPLING,02-Breast Cancer Wisconsin (Diagnostic),Maximo,attribute19,NA
UNDERSAMPLING,02-Breast Cancer Wisconsin (Diagnostic),Maximo,attribute20,NA
UNDERSAMPLING,02-Breast Cancer Wisconsin (Diagnostic),Maximo,attribute21,NA
UNDERSAMPLING,02-Breast Cancer Wisconsin (Diagnostic),Maximo,attribute22,NA
UNDERSAMPLING,02-Breast Cancer Wisconsin (Diagnostic),Maximo,attribute23,NA
UNDERSAMPLING,02-Breast Cancer Wisconsin (Diagnostic),Maximo,attribute24,NA
UNDERSAMPLING,02-Breast Cancer Wisconsin (Diagnostic),Maximo,attribute25,NA
UNDERSAMPLING,02-Breast Cancer Wisconsin (Diagnostic),Maximo,attribute26,NA
UNDERSAMPLING,02-Breast Cancer Wisconsin (Diagnostic),Maximo,attribute27,NA
UNDERSAMPLING,02-Breast Cancer Wisconsin (Diagnostic),Maximo,attribute28,NA
UNDERSAMPLING,02-Breast Cancer Wisconsin (Diagnostic),Maximo,attribute29,NA
UNDERSAMPLING,02-Breast Cancer Wisconsin (Diagnostic),Maximo,attribute30,NA
UNDERSAMPLING,02-Breast Cancer Wisconsin (Diagnostic),Maximo,attribute31,NA
UNDERSAMPLING,02-Breast Cancer Wisconsin (Diagnostic),Maximo,attribute32,NA
UNDERSAMPLING,02-Breast Cancer Wisconsin (Diagnostic),Maximo,attribute33,NA
UNDERSAMPLING,02-Breast Cancer Wisconsin (Diagnostic),Maximo,attribute34,NA
UNDERSAMPLING,02-Breast Cancer Wisconsin (Diagnostic),Maximo,aa,NA
UNDERSAMPLING,02-Breast Cancer Wisconsin (Diagnostic),Maximo,ao,NA
UNDERSAMPLING,02-Breast Cancer Wisconsin (Diagnostic),Maximo,dcl,NA
UNDERSAMPLING,02-Breast Cancer Wisconsin (Diagnostic),Maximo,iy,NA
UNDERSAMPLING,02-Breast Cancer Wisconsin (Diagnostic),Maximo,sh,NA
UNDERSAMPLING,02-Breast Cancer Wisconsin (Diagnostic),Maximo,0,NA
UNDERSAMPLING,02-Breast Cancer Wisconsin (Diagnostic),Maximo,1,NA
UNDERSAMPLING,02-Breast Cancer Wisconsin (Diagnostic),Maximo,2,NA
UNDERSAMPLING,02-Breast Cancer Wisconsin (Diagnostic),Maximo,3,NA
UNDERSAMPLING,02-Breast Cancer Wisconsin (Diagnostic),Maximo,4,NA
UNDERSAMPLING,02-Breast Cancer Wisconsin (Diagnostic),Maximo,5,NA
UNDERSAMPLING,02-Breast Cancer Wisconsin (Diagnostic),Maximo,6,NA
UNDERSAMPLING,02-Breast Cancer Wisconsin (Diagnostic),Maximo,7,NA
UNDERSAMPLING,02-Breast Cancer Wisconsin (Diagnostic),Maximo,8,NA
UNDERSAMPLING,02-Breast Cancer Wisconsin (Diagnostic),Maximo,9,NA
UNDERSAMPLING,02-Breast Cancer Wisconsin (Diagnostic),Maximo,10,NA
UNDERSAMPLING,02-Breast Cancer Wisconsin (Diagnostic),Maximo,11,NA
UNDERSAMPLING,02-Breast Cancer Wisconsin (Diagnostic),Maximo,12,NA
UNDERSAMPLING,02-Breast Cancer Wisconsin (Diagnostic),Maximo,13,NA
UNDERSAMPLING,02-Breast Cancer Wisconsin (Diagnostic),Maximo,14,NA
UNDERSAMPLING,02-Breast Cancer Wisconsin (Diagnostic),Maximo,15,NA
UNDERSAMPLING,02-Breast Cancer Wisconsin (Diagnostic),Maximo,16,NA
UNDERSAMPLING,02-Breast Cancer Wisconsin (Diagnostic),Maximo,17,NA
UNDERSAMPLING,02-Breast Cancer Wisconsin (Diagnostic),Maximo,18,NA
UNDERSAMPLING,02-Breast Cancer Wisconsin (Diagnostic),Maximo,19,NA
UNDERSAMPLING,02-Breast Cancer Wisconsin (Diagnostic),Maximo,20,NA
UNDERSAMPLING,02-Breast Cancer Wisconsin (Diagnostic),Maximo,21,NA
UNDERSAMPLING,02-Breast Cancer Wisconsin (Diagnostic),Maximo,22,NA
UNDERSAMPLING,02-Breast Cancer Wisconsin (Diagnostic),Maximo,23,NA
UNDERSAMPLING,02-Breast Cancer Wisconsin (Diagnostic),Maximo,24,NA
UNDERSAMPLING,02-Breast Cancer Wisconsin (Diagnostic),Maximo,25,NA
UNDERSAMPLING,02-Breast Cancer Wisconsin (Diagnostic),Maximo,26,NA
UNDERSAMPLING,02-Breast Cancer Wisconsin (Diagnostic),Maximo,27,NA
UNDERSAMPLING,02-Breast Cancer Wisconsin (Diagnostic),Maximo,28,NA
UNDERSAMPLING,02-Breast Cancer Wisconsin (Diagnostic),Maximo,29,NA
UNDERSAMPLING,02-Breast Cancer Wisconsin (Diagnostic),Maximo,30,NA
UNDERSAMPLING,02-Breast Cancer Wisconsin (Diagnostic),Maximo,31,NA
UNDERSAMPLING,02-Breast Cancer Wisconsin (Diagnostic),Maximo,32,NA
UNDERSAMPLING,02-Breast Cancer Wisconsin (Diagnostic),Maximo,33,NA
UNDERSAMPLING,02-Breast Cancer Wisconsin (Diagnostic),Maximo,34,NA
UNDERSAMPLING,02-Breast Cancer Wisconsin (Diagnostic),Maximo,35,NA
UNDERSAMPLING,02-Breast Cancer Wisconsin (Diagnostic),Maximo,36,NA
UNDERSAMPLING,02-Breast Cancer Wisconsin (Diagnostic),Maximo,37,NA
UNDERSAMPLING,02-Breast Cancer Wisconsin (Diagnostic),Maximo,38,NA
UNDERSAMPLING,02-Breast Cancer Wisconsin (Diagnostic),Maximo,39,NA
UNDERSAMPLING,02-Breast Cancer Wisconsin (Diagnostic),Maximo,40,NA
UNDERSAMPLING,02-Breast Cancer Wisconsin (Diagnostic),Maximo,41,NA
UNDERSAMPLING,02-Breast Cancer Wisconsin (Diagnostic),Maximo,42,NA
UNDERSAMPLING,02-Breast Cancer Wisconsin (Diagnostic),Maximo,43,NA
UNDERSAMPLING,02-Breast Cancer Wisconsin (Diagnostic),Maximo,44,NA
UNDERSAMPLING,02-Breast Cancer Wisconsin (Diagnostic),Maximo,45,NA
UNDERSAMPLING,02-Breast Cancer Wisconsin (Diagnostic),Maximo,46,NA
UNDERSAMPLING,02-Breast Cancer Wisconsin (Diagnostic),Maximo,48,NA
UNDERSAMPLING,02-Breast Cancer Wisconsin (Diagnostic),Maximo,49,NA
UNDERSAMPLING,03-Pima Indians Diabetes,Media,time,NA
UNDERSAMPLING,03-Pima Indians Diabetes,Media,v1,NA
UNDERSAMPLING,03-Pima Indians Diabetes,Media,v2,NA
UNDERSAMPLING,03-Pima Indians Diabetes,Media,v3,NA
UNDERSAMPLING,03-Pima Indians Diabetes,Media,v4,NA
UNDERSAMPLING,03-Pima Indians Diabetes,Media,v5,NA
UNDERSAMPLING,03-Pima Indians Diabetes,Media,v6,NA
UNDERSAMPLING,03-Pima Indians Diabetes,Media,v7,NA
UNDERSAMPLING,03-Pima Indians Diabetes,Media,v8,NA
UNDERSAMPLING,03-Pima Indians Diabetes,Media,v9,NA
UNDERSAMPLING,03-Pima Indians Diabetes,Media,v10,NA
UNDERSAMPLING,03-Pima Indians Diabetes,Media,v11,NA
UNDERSAMPLING,03-Pima Indians Diabetes,Media,v12,NA
UNDERSAMPLING,03-Pima Indians Diabetes,Media,v13,NA
UNDERSAMPLING,03-Pima Indians Diabetes,Media,v14,NA
UNDERSAMPLING,03-Pima Indians Diabetes,Media,v15,NA
UNDERSAMPLING,03-Pima Indians Diabetes,Media,v16,NA
UNDERSAMPLING,03-Pima Indians Diabetes,Media,v17,NA
UNDERSAMPLING,03-Pima Indians Diabetes,Media,v18,NA
UNDERSAMPLING,03-Pima Indians Diabetes,Media,v19,NA
UNDERSAMPLING,03-Pima Indians Diabetes,Media,v20,NA
UNDERSAMPLING,03-Pima Indians Diabetes,Media,v21,NA
UNDERSAMPLING,03-Pima Indians Diabetes,Media,v22,NA
UNDERSAMPLING,03-Pima Indians Diabetes,Media,v23,NA
UNDERSAMPLING,03-Pima Indians Diabetes,Media,v24,NA
UNDERSAMPLING,03-Pima Indians Diabetes,Media,v25,NA
UNDERSAMPLING,03-Pima Indians Diabetes,Media,v26,NA
UNDERSAMPLING,03-Pima Indians Diabetes,Media,v27,NA
UNDERSAMPLING,03-Pima Indians Diabetes,Media,v28,NA
UNDERSAMPLING,03-Pima Indians Diabetes,Media,amount,NA
UNDERSAMPLING,03-Pima Indians Diabetes,Media,radius1,NA
UNDERSAMPLING,03-Pima Indians Diabetes,Media,texture1,NA
UNDERSAMPLING,03-Pima Indians Diabetes,Media,perimeter1,NA
UNDERSAMPLING,03-Pima Indians Diabetes,Media,area1,NA
UNDERSAMPLING,03-Pima Indians Diabetes,Media,smoothness1,NA
UNDERSAMPLING,03-Pima Indians Diabetes,Media,compactness1,NA
UNDERSAMPLING,03-Pima Indians Diabetes,Media,concavity1,NA
UNDERSAMPLING,03-Pima Indians Diabetes,Media,concave_points1,NA
UNDERSAMPLING,03-Pima Indians Diabetes,Media,symmetry1,NA
UNDERSAMPLING,03-Pima Indians Diabetes,Media,fractal_dimension1,NA
UNDERSAMPLING,03-Pima Indians Diabetes,Media,radius2,NA
UNDERSAMPLING,03-Pima Indians Diabetes,Media,texture2,NA
UNDERSAMPLING,03-Pima Indians Diabetes,Media,perimeter2,NA
UNDERSAMPLING,03-Pima Indians Diabetes,Media,area2,NA
UNDERSAMPLING,03-Pima Indians Diabetes,Media,smoothness2,NA
UNDERSAMPLING,03-Pima Indians Diabetes,Media,compactness2,NA
UNDERSAMPLING,03-Pima Indians Diabetes,Media,concavity2,NA
UNDERSAMPLING,03-Pima Indians Diabetes,Media,concave_points2,NA
UNDERSAMPLING,03-Pima Indians Diabetes,Media,symmetry2,NA
UNDERSAMPLING,03-Pima Indians Diabetes,Media,fractal_dimension2,NA
UNDERSAMPLING,03-Pima Indians Diabetes,Media,radius3,NA
UNDERSAMPLING,03-Pima Indians Diabetes,Media,texture3,NA
UNDERSAMPLING,03-Pima Indians Diabetes,Media,perimeter3,NA
UNDERSAMPLING,03-Pima Indians Diabetes,Media,area3,NA
UNDERSAMPLING,03-Pima Indians Diabetes,Media,smoothness3,NA
UNDERSAMPLING,03-Pima Indians Diabetes,Media,compactness3,NA
UNDERSAMPLING,03-Pima Indians Diabetes,Media,concavity3,NA
UNDERSAMPLING,03-Pima Indians Diabetes,Media,concave_points3,NA
UNDERSAMPLING,03-Pima Indians Diabetes,Media,symmetry3,NA
UNDERSAMPLING,03-Pima Indians Diabetes,Media,fractal_dimension3,NA
UNDERSAMPLING,03-Pima Indians Diabetes,Media,pregnancies,4.139925373134329
UNDERSAMPLING,03-Pima Indians Diabetes,Media,glucose,125.6231343283582
UNDERSAMPLING,03-Pima Indians Diabetes,Media,bloodpressure,69.3768656716418
UNDERSAMPLING,03-Pima Indians Diabetes,Media,skinthickness,21.253731343283583
UNDERSAMPLING,03-Pima Indians Diabetes,Media,insulin,85.01119402985074
UNDERSAMPLING,03-Pima Indians Diabetes,Media,bmi,32.78861940298508
UNDERSAMPLING,03-Pima Indians Diabetes,Media,diabetespedigreefunction,0.4834850746268657
UNDERSAMPLING,03-Pima Indians Diabetes,Media,age,33.91044776119403
UNDERSAMPLING,03-Pima Indians Diabetes,Media,attribute01,NA
UNDERSAMPLING,03-Pima Indians Diabetes,Media,attribute02,NA
UNDERSAMPLING,03-Pima Indians Diabetes,Media,attribute03,NA
UNDERSAMPLING,03-Pima Indians Diabetes,Media,attribute04,NA
UNDERSAMPLING,03-Pima Indians Diabetes,Media,attribute05,NA
UNDERSAMPLING,03-Pima Indians Diabetes,Media,attribute06,NA
UNDERSAMPLING,03-Pima Indians Diabetes,Media,attribute07,NA
UNDERSAMPLING,03-Pima Indians Diabetes,Media,attribute08,NA
UNDERSAMPLING,03-Pima Indians Diabetes,Media,attribute09,NA
UNDERSAMPLING,03-Pima Indians Diabetes,Media,attribute10,NA
UNDERSAMPLING,03-Pima Indians Diabetes,Media,attribute11,NA
UNDERSAMPLING,03-Pima Indians Diabetes,Media,attribute12,NA
UNDERSAMPLING,03-Pima Indians Diabetes,Media,attribute13,NA
UNDERSAMPLING,03-Pima Indians Diabetes,Media,attribute14,NA
UNDERSAMPLING,03-Pima Indians Diabetes,Media,attribute15,NA
UNDERSAMPLING,03-Pima Indians Diabetes,Media,attribute16,NA
UNDERSAMPLING,03-Pima Indians Diabetes,Media,attribute17,NA
UNDERSAMPLING,03-Pima Indians Diabetes,Media,attribute18,NA
UNDERSAMPLING,03-Pima Indians Diabetes,Media,attribute19,NA
UNDERSAMPLING,03-Pima Indians Diabetes,Media,attribute20,NA
UNDERSAMPLING,03-Pima Indians Diabetes,Media,attribute21,NA
UNDERSAMPLING,03-Pima Indians Diabetes,Media,attribute22,NA
UNDERSAMPLING,03-Pima Indians Diabetes,Media,attribute23,NA
UNDERSAMPLING,03-Pima Indians Diabetes,Media,attribute24,NA
UNDERSAMPLING,03-Pima Indians Diabetes,Media,attribute25,NA
UNDERSAMPLING,03-Pima Indians Diabetes,Media,attribute26,NA
UNDERSAMPLING,03-Pima Indians Diabetes,Media,attribute27,NA
UNDERSAMPLING,03-Pima Indians Diabetes,Media,attribute28,NA
UNDERSAMPLING,03-Pima Indians Diabetes,Media,attribute29,NA
UNDERSAMPLING,03-Pima Indians Diabetes,Media,attribute30,NA
UNDERSAMPLING,03-Pima Indians Diabetes,Media,attribute31,NA
UNDERSAMPLING,03-Pima Indians Diabetes,Media,attribute32,NA
UNDERSAMPLING,03-Pima Indians Diabetes,Media,attribute33,NA
UNDERSAMPLING,03-Pima Indians Diabetes,Media,attribute34,NA
UNDERSAMPLING,03-Pima Indians Diabetes,Media,aa,NA
UNDERSAMPLING,03-Pima Indians Diabetes,Media,ao,NA
UNDERSAMPLING,03-Pima Indians Diabetes,Media,dcl,NA
UNDERSAMPLING,03-Pima Indians Diabetes,Media,iy,NA
UNDERSAMPLING,03-Pima Indians Diabetes,Media,sh,NA
UNDERSAMPLING,03-Pima Indians Diabetes,Media,0,NA
UNDERSAMPLING,03-Pima Indians Diabetes,Media,1,NA
UNDERSAMPLING,03-Pima Indians Diabetes,Media,2,NA
UNDERSAMPLING,03-Pima Indians Diabetes,Media,3,NA
UNDERSAMPLING,03-Pima Indians Diabetes,Media,4,NA
UNDERSAMPLING,03-Pima Indians Diabetes,Media,5,NA
UNDERSAMPLING,03-Pima Indians Diabetes,Media,6,NA
UNDERSAMPLING,03-Pima Indians Diabetes,Media,7,NA
UNDERSAMPLING,03-Pima Indians Diabetes,Media,8,NA
UNDERSAMPLING,03-Pima Indians Diabetes,Media,9,NA
UNDERSAMPLING,03-Pima Indians Diabetes,Media,10,NA
UNDERSAMPLING,03-Pima Indians Diabetes,Media,11,NA
UNDERSAMPLING,03-Pima Indians Diabetes,Media,12,NA
UNDERSAMPLING,03-Pima Indians Diabetes,Media,13,NA
UNDERSAMPLING,03-Pima Indians Diabetes,Media,14,NA
UNDERSAMPLING,03-Pima Indians Diabetes,Media,15,NA
UNDERSAMPLING,03-Pima Indians Diabetes,Media,16,NA
UNDERSAMPLING,03-Pima Indians Diabetes,Media,17,NA
UNDERSAMPLING,03-Pima Indians Diabetes,Media,18,NA
UNDERSAMPLING,03-Pima Indians Diabetes,Media,19,NA
UNDERSAMPLING,03-Pima Indians Diabetes,Media,20,NA
UNDERSAMPLING,03-Pima Indians Diabetes,Media,21,NA
UNDERSAMPLING,03-Pima Indians Diabetes,Media,22,NA
UNDERSAMPLING,03-Pima Indians Diabetes,Media,23,NA
UNDERSAMPLING,03-Pima Indians Diabetes,Media,24,NA
UNDERSAMPLING,03-Pima Indians Diabetes,Media,25,NA
UNDERSAMPLING,03-Pima Indians Diabetes,Media,26,NA
UNDERSAMPLING,03-Pima Indians Diabetes,Media,27,NA
UNDERSAMPLING,03-Pima Indians Diabetes,Media,28,NA
UNDERSAMPLING,03-Pima Indians Diabetes,Media,29,NA
UNDERSAMPLING,03-Pima Indians Diabetes,Media,30,NA
UNDERSAMPLING,03-Pima Indians Diabetes,Media,31,NA
UNDERSAMPLING,03-Pima Indians Diabetes,Media,32,NA
UNDERSAMPLING,03-Pima Indians Diabetes,Media,33,NA
UNDERSAMPLING,03-Pima Indians Diabetes,Media,34,NA
UNDERSAMPLING,03-Pima Indians Diabetes,Media,35,NA
UNDERSAMPLING,03-Pima Indians Diabetes,Media,36,NA
UNDERSAMPLING,03-Pima Indians Diabetes,Media,37,NA
UNDERSAMPLING,03-Pima Indians Diabetes,Media,38,NA
UNDERSAMPLING,03-Pima Indians Diabetes,Media,39,NA
UNDERSAMPLING,03-Pima Indians Diabetes,Media,40,NA
UNDERSAMPLING,03-Pima Indians Diabetes,Media,41,NA
UNDERSAMPLING,03-Pima Indians Diabetes,Media,42,NA
UNDERSAMPLING,03-Pima Indians Diabetes,Media,43,NA
UNDERSAMPLING,03-Pima Indians Diabetes,Media,44,NA
UNDERSAMPLING,03-Pima Indians Diabetes,Media,45,NA
UNDERSAMPLING,03-Pima Indians Diabetes,Media,46,NA
UNDERSAMPLING,03-Pima Indians Diabetes,Media,48,NA
UNDERSAMPLING,03-Pima Indians Diabetes,Media,49,NA
UNDERSAMPLING,03-Pima Indians Diabetes,Desvio_Padrao,time,NA
UNDERSAMPLING,03-Pima Indians Diabetes,Desvio_Padrao,v1,NA
UNDERSAMPLING,03-Pima Indians Diabetes,Desvio_Padrao,v2,NA
UNDERSAMPLING,03-Pima Indians Diabetes,Desvio_Padrao,v3,NA
UNDERSAMPLING,03-Pima Indians Diabetes,Desvio_Padrao,v4,NA
UNDERSAMPLING,03-Pima Indians Diabetes,Desvio_Padrao,v5,NA
UNDERSAMPLING,03-Pima Indians Diabetes,Desvio_Padrao,v6,NA
UNDERSAMPLING,03-Pima Indians Diabetes,Desvio_Padrao,v7,NA
UNDERSAMPLING,03-Pima Indians Diabetes,Desvio_Padrao,v8,NA
UNDERSAMPLING,03-Pima Indians Diabetes,Desvio_Padrao,v9,NA
UNDERSAMPLING,03-Pima Indians Diabetes,Desvio_Padrao,v10,NA
UNDERSAMPLING,03-Pima Indians Diabetes,Desvio_Padrao,v11,NA
UNDERSAMPLING,03-Pima Indians Diabetes,Desvio_Padrao,v12,NA
UNDERSAMPLING,03-Pima Indians Diabetes,Desvio_Padrao,v13,NA
UNDERSAMPLING,03-Pima Indians Diabetes,Desvio_Padrao,v14,NA
UNDERSAMPLING,03-Pima Indians Diabetes,Desvio_Padrao,v15,NA
UNDERSAMPLING,03-Pima Indians Diabetes,Desvio_Padrao,v16,NA
UNDERSAMPLING,03-Pima Indians Diabetes,Desvio_Padrao,v17,NA
UNDERSAMPLING,03-Pima Indians Diabetes,Desvio_Padrao,v18,NA
UNDERSAMPLING,03-Pima Indians Diabetes,Desvio_Padrao,v19,NA
UNDERSAMPLING,03-Pima Indians Diabetes,Desvio_Padrao,v20,NA
UNDERSAMPLING,03-Pima Indians Diabetes,Desvio_Padrao,v21,NA
UNDERSAMPLING,03-Pima Indians Diabetes,Desvio_Padrao,v22,NA
UNDERSAMPLING,03-Pima Indians Diabetes,Desvio_Padrao,v23,NA
UNDERSAMPLING,03-Pima Indians Diabetes,Desvio_Padrao,v24,NA
UNDERSAMPLING,03-Pima Indians Diabetes,Desvio_Padrao,v25,NA
UNDERSAMPLING,03-Pima Indians Diabetes,Desvio_Padrao,v26,NA
UNDERSAMPLING,03-Pima Indians Diabetes,Desvio_Padrao,v27,NA
UNDERSAMPLING,03-Pima Indians Diabetes,Desvio_Padrao,v28,NA
UNDERSAMPLING,03-Pima Indians Diabetes,Desvio_Padrao,amount,NA
UNDERSAMPLING,03-Pima Indians Diabetes,Desvio_Padrao,radius1,NA
UNDERSAMPLING,03-Pima Indians Diabetes,Desvio_Padrao,texture1,NA
UNDERSAMPLING,03-Pima Indians Diabetes,Desvio_Padrao,perimeter1,NA
UNDERSAMPLING,03-Pima Indians Diabetes,Desvio_Padrao,area1,NA
UNDERSAMPLING,03-Pima Indians Diabetes,Desvio_Padrao,smoothness1,NA
UNDERSAMPLING,03-Pima Indians Diabetes,Desvio_Padrao,compactness1,NA
UNDERSAMPLING,03-Pima Indians Diabetes,Desvio_Padrao,concavity1,NA
UNDERSAMPLING,03-Pima Indians Diabetes,Desvio_Padrao,concave_points1,NA
UNDERSAMPLING,03-Pima Indians Diabetes,Desvio_Padrao,symmetry1,NA
UNDERSAMPLING,03-Pima Indians Diabetes,Desvio_Padrao,fractal_dimension1,NA
UNDERSAMPLING,03-Pima Indians Diabetes,Desvio_Padrao,radius2,NA
UNDERSAMPLING,03-Pima Indians Diabetes,Desvio_Padrao,texture2,NA
UNDERSAMPLING,03-Pima Indians Diabetes,Desvio_Padrao,perimeter2,NA
UNDERSAMPLING,03-Pima Indians Diabetes,Desvio_Padrao,area2,NA
UNDERSAMPLING,03-Pima Indians Diabetes,Desvio_Padrao,smoothness2,NA
UNDERSAMPLING,03-Pima Indians Diabetes,Desvio_Padrao,compactness2,NA
UNDERSAMPLING,03-Pima Indians Diabetes,Desvio_Padrao,concavity2,NA
UNDERSAMPLING,03-Pima Indians Diabetes,Desvio_Padrao,concave_points2,NA
UNDERSAMPLING,03-Pima Indians Diabetes,Desvio_Padrao,symmetry2,NA
UNDERSAMPLING,03-Pima Indians Diabetes,Desvio_Padrao,fractal_dimension2,NA
UNDERSAMPLING,03-Pima Indians Diabetes,Desvio_Padrao,radius3,NA
UNDERSAMPLING,03-Pima Indians Diabetes,Desvio_Padrao,texture3,NA
UNDERSAMPLING,03-Pima Indians Diabetes,Desvio_Padrao,perimeter3,NA
UNDERSAMPLING,03-Pima Indians Diabetes,Desvio_Padrao,area3,NA
UNDERSAMPLING,03-Pima Indians Diabetes,Desvio_Padrao,smoothness3,NA
UNDERSAMPLING,03-Pima Indians Diabetes,Desvio_Padrao,compactness3,NA
UNDERSAMPLING,03-Pima Indians Diabetes,Desvio_Padrao,concavity3,NA
UNDERSAMPLING,03-Pima Indians Diabetes,Desvio_Padrao,concave_points3,NA
UNDERSAMPLING,03-Pima Indians Diabetes,Desvio_Padrao,symmetry3,NA
UNDERSAMPLING,03-Pima Indians Diabetes,Desvio_Padrao,fractal_dimension3,NA
UNDERSAMPLING,03-Pima Indians Diabetes,Desvio_Padrao,pregnancies,3.5023371627953037
UNDERSAMPLING,03-Pima Indians Diabetes,Desvio_Padrao,glucose,32.947987136179464
UNDERSAMPLING,03-Pima Indians Diabetes,Desvio_Padrao,bloodpressure,20.018676939780644
UNDERSAMPLING,03-Pima Indians Diabetes,Desvio_Padrao,skinthickness,16.38288898429132
UNDERSAMPLING,03-Pima Indians Diabetes,Desvio_Padrao,insulin,123.11363896318939
UNDERSAMPLING,03-Pima Indians Diabetes,Desvio_Padrao,bmi,7.923378465950509
UNDERSAMPLING,03-Pima Indians Diabetes,Desvio_Padrao,diabetespedigreefunction,0.34124087987017887
UNDERSAMPLING,03-Pima Indians Diabetes,Desvio_Padrao,age,11.725338126964976
UNDERSAMPLING,03-Pima Indians Diabetes,Desvio_Padrao,attribute01,NA
UNDERSAMPLING,03-Pima Indians Diabetes,Desvio_Padrao,attribute02,NA
UNDERSAMPLING,03-Pima Indians Diabetes,Desvio_Padrao,attribute03,NA
UNDERSAMPLING,03-Pima Indians Diabetes,Desvio_Padrao,attribute04,NA
UNDERSAMPLING,03-Pima Indians Diabetes,Desvio_Padrao,attribute05,NA
UNDERSAMPLING,03-Pima Indians Diabetes,Desvio_Padrao,attribute06,NA
UNDERSAMPLING,03-Pima Indians Diabetes,Desvio_Padrao,attribute07,NA
UNDERSAMPLING,03-Pima Indians Diabetes,Desvio_Padrao,attribute08,NA
UNDERSAMPLING,03-Pima Indians Diabetes,Desvio_Padrao,attribute09,NA
UNDERSAMPLING,03-Pima Indians Diabetes,Desvio_Padrao,attribute10,NA
UNDERSAMPLING,03-Pima Indians Diabetes,Desvio_Padrao,attribute11,NA
UNDERSAMPLING,03-Pima Indians Diabetes,Desvio_Padrao,attribute12,NA
UNDERSAMPLING,03-Pima Indians Diabetes,Desvio_Padrao,attribute13,NA
UNDERSAMPLING,03-Pima Indians Diabetes,Desvio_Padrao,attribute14,NA
UNDERSAMPLING,03-Pima Indians Diabetes,Desvio_Padrao,attribute15,NA
UNDERSAMPLING,03-Pima Indians Diabetes,Desvio_Padrao,attribute16,NA
UNDERSAMPLING,03-Pima Indians Diabetes,Desvio_Padrao,attribute17,NA
UNDERSAMPLING,03-Pima Indians Diabetes,Desvio_Padrao,attribute18,NA
UNDERSAMPLING,03-Pima Indians Diabetes,Desvio_Padrao,attribute19,NA
UNDERSAMPLING,03-Pima Indians Diabetes,Desvio_Padrao,attribute20,NA
UNDERSAMPLING,03-Pima Indians Diabetes,Desvio_Padrao,attribute21,NA
UNDERSAMPLING,03-Pima Indians Diabetes,Desvio_Padrao,attribute22,NA
UNDERSAMPLING,03-Pima Indians Diabetes,Desvio_Padrao,attribute23,NA
UNDERSAMPLING,03-Pima Indians Diabetes,Desvio_Padrao,attribute24,NA
UNDERSAMPLING,03-Pima Indians Diabetes,Desvio_Padrao,attribute25,NA
UNDERSAMPLING,03-Pima Indians Diabetes,Desvio_Padrao,attribute26,NA
UNDERSAMPLING,03-Pima Indians Diabetes,Desvio_Padrao,attribute27,NA
UNDERSAMPLING,03-Pima Indians Diabetes,Desvio_Padrao,attribute28,NA
UNDERSAMPLING,03-Pima Indians Diabetes,Desvio_Padrao,attribute29,NA
UNDERSAMPLING,03-Pima Indians Diabetes,Desvio_Padrao,attribute30,NA
UNDERSAMPLING,03-Pima Indians Diabetes,Desvio_Padrao,attribute31,NA
UNDERSAMPLING,03-Pima Indians Diabetes,Desvio_Padrao,attribute32,NA
UNDERSAMPLING,03-Pima Indians Diabetes,Desvio_Padrao,attribute33,NA
UNDERSAMPLING,03-Pima Indians Diabetes,Desvio_Padrao,attribute34,NA
UNDERSAMPLING,03-Pima Indians Diabetes,Desvio_Padrao,aa,NA
UNDERSAMPLING,03-Pima Indians Diabetes,Desvio_Padrao,ao,NA
UNDERSAMPLING,03-Pima Indians Diabetes,Desvio_Padrao,dcl,NA
UNDERSAMPLING,03-Pima Indians Diabetes,Desvio_Padrao,iy,NA
UNDERSAMPLING,03-Pima Indians Diabetes,Desvio_Padrao,sh,NA
UNDERSAMPLING,03-Pima Indians Diabetes,Desvio_Padrao,0,NA
UNDERSAMPLING,03-Pima Indians Diabetes,Desvio_Padrao,1,NA
UNDERSAMPLING,03-Pima Indians Diabetes,Desvio_Padrao,2,NA
UNDERSAMPLING,03-Pima Indians Diabetes,Desvio_Padrao,3,NA
UNDERSAMPLING,03-Pima Indians Diabetes,Desvio_Padrao,4,NA
UNDERSAMPLING,03-Pima Indians Diabetes,Desvio_Padrao,5,NA
UNDERSAMPLING,03-Pima Indians Diabetes,Desvio_Padrao,6,NA
UNDERSAMPLING,03-Pima Indians Diabetes,Desvio_Padrao,7,NA
UNDERSAMPLING,03-Pima Indians Diabetes,Desvio_Padrao,8,NA
UNDERSAMPLING,03-Pima Indians Diabetes,Desvio_Padrao,9,NA
UNDERSAMPLING,03-Pima Indians Diabetes,Desvio_Padrao,10,NA
UNDERSAMPLING,03-Pima Indians Diabetes,Desvio_Padrao,11,NA
UNDERSAMPLING,03-Pima Indians Diabetes,Desvio_Padrao,12,NA
UNDERSAMPLING,03-Pima Indians Diabetes,Desvio_Padrao,13,NA
UNDERSAMPLING,03-Pima Indians Diabetes,Desvio_Padrao,14,NA
UNDERSAMPLING,03-Pima Indians Diabetes,Desvio_Padrao,15,NA
UNDERSAMPLING,03-Pima Indians Diabetes,Desvio_Padrao,16,NA
UNDERSAMPLING,03-Pima Indians Diabetes,Desvio_Padrao,17,NA
UNDERSAMPLING,03-Pima Indians Diabetes,Desvio_Padrao,18,NA
UNDERSAMPLING,03-Pima Indians Diabetes,Desvio_Padrao,19,NA
UNDERSAMPLING,03-Pima Indians Diabetes,Desvio_Padrao,20,NA
UNDERSAMPLING,03-Pima Indians Diabetes,Desvio_Padrao,21,NA
UNDERSAMPLING,03-Pima Indians Diabetes,Desvio_Padrao,22,NA
UNDERSAMPLING,03-Pima Indians Diabetes,Desvio_Padrao,23,NA
UNDERSAMPLING,03-Pima Indians Diabetes,Desvio_Padrao,24,NA
UNDERSAMPLING,03-Pima Indians Diabetes,Desvio_Padrao,25,NA
UNDERSAMPLING,03-Pima Indians Diabetes,Desvio_Padrao,26,NA
UNDERSAMPLING,03-Pima Indians Diabetes,Desvio_Padrao,27,NA
UNDERSAMPLING,03-Pima Indians Diabetes,Desvio_Padrao,28,NA
UNDERSAMPLING,03-Pima Indians Diabetes,Desvio_Padrao,29,NA
UNDERSAMPLING,03-Pima Indians Diabetes,Desvio_Padrao,30,NA
UNDERSAMPLING,03-Pima Indians Diabetes,Desvio_Padrao,31,NA
UNDERSAMPLING,03-Pima Indians Diabetes,Desvio_Padrao,32,NA
UNDERSAMPLING,03-Pima Indians Diabetes,Desvio_Padrao,33,NA
UNDERSAMPLING,03-Pima Indians Diabetes,Desvio_Padrao,34,NA
UNDERSAMPLING,03-Pima Indians Diabetes,Desvio_Padrao,35,NA
UNDERSAMPLING,03-Pima Indians Diabetes,Desvio_Padrao,36,NA
UNDERSAMPLING,03-Pima Indians Diabetes,Desvio_Padrao,37,NA
UNDERSAMPLING,03-Pima Indians Diabetes,Desvio_Padrao,38,NA
UNDERSAMPLING,03-Pima Indians Diabetes,Desvio_Padrao,39,NA
UNDERSAMPLING,03-Pima Indians Diabetes,Desvio_Padrao,40,NA
UNDERSAMPLING,03-Pima Indians Diabetes,Desvio_Padrao,41,NA
UNDERSAMPLING,03-Pima Indians Diabetes,Desvio_Padrao,42,NA
UNDERSAMPLING,03-Pima Indians Diabetes,Desvio_Padrao,43,NA
UNDERSAMPLING,03-Pima Indians Diabetes,Desvio_Padrao,44,NA
UNDERSAMPLING,03-Pima Indians Diabetes,Desvio_Padrao,45,NA
UNDERSAMPLING,03-Pima Indians Diabetes,Desvio_Padrao,46,NA
UNDERSAMPLING,03-Pima Indians Diabetes,Desvio_Padrao,48,NA
UNDERSAMPLING,03-Pima Indians Diabetes,Desvio_Padrao,49,NA
UNDERSAMPLING,03-Pima Indians Diabetes,Minimo,time,NA
UNDERSAMPLING,03-Pima Indians Diabetes,Minimo,v1,NA
UNDERSAMPLING,03-Pima Indians Diabetes,Minimo,v2,NA
UNDERSAMPLING,03-Pima Indians Diabetes,Minimo,v3,NA
UNDERSAMPLING,03-Pima Indians Diabetes,Minimo,v4,NA
UNDERSAMPLING,03-Pima Indians Diabetes,Minimo,v5,NA
UNDERSAMPLING,03-Pima Indians Diabetes,Minimo,v6,NA
UNDERSAMPLING,03-Pima Indians Diabetes,Minimo,v7,NA
UNDERSAMPLING,03-Pima Indians Diabetes,Minimo,v8,NA
UNDERSAMPLING,03-Pima Indians Diabetes,Minimo,v9,NA
UNDERSAMPLING,03-Pima Indians Diabetes,Minimo,v10,NA
UNDERSAMPLING,03-Pima Indians Diabetes,Minimo,v11,NA
UNDERSAMPLING,03-Pima Indians Diabetes,Minimo,v12,NA
UNDERSAMPLING,03-Pima Indians Diabetes,Minimo,v13,NA
UNDERSAMPLING,03-Pima Indians Diabetes,Minimo,v14,NA
UNDERSAMPLING,03-Pima Indians Diabetes,Minimo,v15,NA
UNDERSAMPLING,03-Pima Indians Diabetes,Minimo,v16,NA
UNDERSAMPLING,03-Pima Indians Diabetes,Minimo,v17,NA
UNDERSAMPLING,03-Pima Indians Diabetes,Minimo,v18,NA
UNDERSAMPLING,03-Pima Indians Diabetes,Minimo,v19,NA
UNDERSAMPLING,03-Pima Indians Diabetes,Minimo,v20,NA
UNDERSAMPLING,03-Pima Indians Diabetes,Minimo,v21,NA
UNDERSAMPLING,03-Pima Indians Diabetes,Minimo,v22,NA
UNDERSAMPLING,03-Pima Indians Diabetes,Minimo,v23,NA
UNDERSAMPLING,03-Pima Indians Diabetes,Minimo,v24,NA
UNDERSAMPLING,03-Pima Indians Diabetes,Minimo,v25,NA
UNDERSAMPLING,03-Pima Indians Diabetes,Minimo,v26,NA
UNDERSAMPLING,03-Pima Indians Diabetes,Minimo,v27,NA
UNDERSAMPLING,03-Pima Indians Diabetes,Minimo,v28,NA
UNDERSAMPLING,03-Pima Indians Diabetes,Minimo,amount,NA
UNDERSAMPLING,03-Pima Indians Diabetes,Minimo,radius1,NA
UNDERSAMPLING,03-Pima Indians Diabetes,Minimo,texture1,NA
UNDERSAMPLING,03-Pima Indians Diabetes,Minimo,perimeter1,NA
UNDERSAMPLING,03-Pima Indians Diabetes,Minimo,area1,NA
UNDERSAMPLING,03-Pima Indians Diabetes,Minimo,smoothness1,NA
UNDERSAMPLING,03-Pima Indians Diabetes,Minimo,compactness1,NA
UNDERSAMPLING,03-Pima Indians Diabetes,Minimo,concavity1,NA
UNDERSAMPLING,03-Pima Indians Diabetes,Minimo,concave_points1,NA
UNDERSAMPLING,03-Pima Indians Diabetes,Minimo,symmetry1,NA
UNDERSAMPLING,03-Pima Indians Diabetes,Minimo,fractal_dimension1,NA
UNDERSAMPLING,03-Pima Indians Diabetes,Minimo,radius2,NA
UNDERSAMPLING,03-Pima Indians Diabetes,Minimo,texture2,NA
UNDERSAMPLING,03-Pima Indians Diabetes,Minimo,perimeter2,NA
UNDERSAMPLING,03-Pima Indians Diabetes,Minimo,area2,NA
UNDERSAMPLING,03-Pima Indians Diabetes,Minimo,smoothness2,NA
UNDERSAMPLING,03-Pima Indians Diabetes,Minimo,compactness2,NA
UNDERSAMPLING,03-Pima Indians Diabetes,Minimo,concavity2,NA
UNDERSAMPLING,03-Pima Indians Diabetes,Minimo,concave_points2,NA
UNDERSAMPLING,03-Pima Indians Diabetes,Minimo,symmetry2,NA
UNDERSAMPLING,03-Pima Indians Diabetes,Minimo,fractal_dimension2,NA
UNDERSAMPLING,03-Pima Indians Diabetes,Minimo,radius3,NA
UNDERSAMPLING,03-Pima Indians Diabetes,Minimo,texture3,NA
UNDERSAMPLING,03-Pima Indians Diabetes,Minimo,perimeter3,NA
UNDERSAMPLING,03-Pima Indians Diabetes,Minimo,area3,NA
UNDERSAMPLING,03-Pima Indians Diabetes,Minimo,smoothness3,NA
UNDERSAMPLING,03-Pima Indians Diabetes,Minimo,compactness3,NA
UNDERSAMPLING,03-Pima Indians Diabetes,Minimo,concavity3,NA
UNDERSAMPLING,03-Pima Indians Diabetes,Minimo,concave_points3,NA
UNDERSAMPLING,03-Pima Indians Diabetes,Minimo,symmetry3,NA
UNDERSAMPLING,03-Pima Indians Diabetes,Minimo,fractal_dimension3,NA
UNDERSAMPLING,03-Pima Indians Diabetes,Minimo,pregnancies,0
UNDERSAMPLING,03-Pima Indians Diabetes,Minimo,glucose,0
UNDERSAMPLING,03-Pima Indians Diabetes,Minimo,bloodpressure,0
UNDERSAMPLING,03-Pima Indians Diabetes,Minimo,skinthickness,0
UNDERSAMPLING,03-Pima Indians Diabetes,Minimo,insulin,0
UNDERSAMPLING,03-Pima Indians Diabetes,Minimo,bmi,0
UNDERSAMPLING,03-Pima Indians Diabetes,Minimo,diabetespedigreefunction,0.078
UNDERSAMPLING,03-Pima Indians Diabetes,Minimo,age,21
UNDERSAMPLING,03-Pima Indians Diabetes,Minimo,attribute01,NA
UNDERSAMPLING,03-Pima Indians Diabetes,Minimo,attribute02,NA
UNDERSAMPLING,03-Pima Indians Diabetes,Minimo,attribute03,NA
UNDERSAMPLING,03-Pima Indians Diabetes,Minimo,attribute04,NA
UNDERSAMPLING,03-Pima Indians Diabetes,Minimo,attribute05,NA
UNDERSAMPLING,03-Pima Indians Diabetes,Minimo,attribute06,NA
UNDERSAMPLING,03-Pima Indians Diabetes,Minimo,attribute07,NA
UNDERSAMPLING,03-Pima Indians Diabetes,Minimo,attribute08,NA
UNDERSAMPLING,03-Pima Indians Diabetes,Minimo,attribute09,NA
UNDERSAMPLING,03-Pima Indians Diabetes,Minimo,attribute10,NA
UNDERSAMPLING,03-Pima Indians Diabetes,Minimo,attribute11,NA
UNDERSAMPLING,03-Pima Indians Diabetes,Minimo,attribute12,NA
UNDERSAMPLING,03-Pima Indians Diabetes,Minimo,attribute13,NA
UNDERSAMPLING,03-Pima Indians Diabetes,Minimo,attribute14,NA
UNDERSAMPLING,03-Pima Indians Diabetes,Minimo,attribute15,NA
UNDERSAMPLING,03-Pima Indians Diabetes,Minimo,attribute16,NA
UNDERSAMPLING,03-Pima Indians Diabetes,Minimo,attribute17,NA
UNDERSAMPLING,03-Pima Indians Diabetes,Minimo,attribute18,NA
UNDERSAMPLING,03-Pima Indians Diabetes,Minimo,attribute19,NA
UNDERSAMPLING,03-Pima Indians Diabetes,Minimo,attribute20,NA
UNDERSAMPLING,03-Pima Indians Diabetes,Minimo,attribute21,NA
UNDERSAMPLING,03-Pima Indians Diabetes,Minimo,attribute22,NA
UNDERSAMPLING,03-Pima Indians Diabetes,Minimo,attribute23,NA
UNDERSAMPLING,03-Pima Indians Diabetes,Minimo,attribute24,NA
UNDERSAMPLING,03-Pima Indians Diabetes,Minimo,attribute25,NA
UNDERSAMPLING,03-Pima Indians Diabetes,Minimo,attribute26,NA
UNDERSAMPLING,03-Pima Indians Diabetes,Minimo,attribute27,NA
UNDERSAMPLING,03-Pima Indians Diabetes,Minimo,attribute28,NA
UNDERSAMPLING,03-Pima Indians Diabetes,Minimo,attribute29,NA
UNDERSAMPLING,03-Pima Indians Diabetes,Minimo,attribute30,NA
UNDERSAMPLING,03-Pima Indians Diabetes,Minimo,attribute31,NA
UNDERSAMPLING,03-Pima Indians Diabetes,Minimo,attribute32,NA
UNDERSAMPLING,03-Pima Indians Diabetes,Minimo,attribute33,NA
UNDERSAMPLING,03-Pima Indians Diabetes,Minimo,attribute34,NA
UNDERSAMPLING,03-Pima Indians Diabetes,Minimo,aa,NA
UNDERSAMPLING,03-Pima Indians Diabetes,Minimo,ao,NA
UNDERSAMPLING,03-Pima Indians Diabetes,Minimo,dcl,NA
UNDERSAMPLING,03-Pima Indians Diabetes,Minimo,iy,NA
UNDERSAMPLING,03-Pima Indians Diabetes,Minimo,sh,NA
UNDERSAMPLING,03-Pima Indians Diabetes,Minimo,0,NA
UNDERSAMPLING,03-Pima Indians Diabetes,Minimo,1,NA
UNDERSAMPLING,03-Pima Indians Diabetes,Minimo,2,NA
UNDERSAMPLING,03-Pima Indians Diabetes,Minimo,3,NA
UNDERSAMPLING,03-Pima Indians Diabetes,Minimo,4,NA
UNDERSAMPLING,03-Pima Indians Diabetes,Minimo,5,NA
UNDERSAMPLING,03-Pima Indians Diabetes,Minimo,6,NA
UNDERSAMPLING,03-Pima Indians Diabetes,Minimo,7,NA
UNDERSAMPLING,03-Pima Indians Diabetes,Minimo,8,NA
UNDERSAMPLING,03-Pima Indians Diabetes,Minimo,9,NA
UNDERSAMPLING,03-Pima Indians Diabetes,Minimo,10,NA
UNDERSAMPLING,03-Pima Indians Diabetes,Minimo,11,NA
UNDERSAMPLING,03-Pima Indians Diabetes,Minimo,12,NA
UNDERSAMPLING,03-Pima Indians Diabetes,Minimo,13,NA
UNDERSAMPLING,03-Pima Indians Diabetes,Minimo,14,NA
UNDERSAMPLING,03-Pima Indians Diabetes,Minimo,15,NA
UNDERSAMPLING,03-Pima Indians Diabetes,Minimo,16,NA
UNDERSAMPLING,03-Pima Indians Diabetes,Minimo,17,NA
UNDERSAMPLING,03-Pima Indians Diabetes,Minimo,18,NA
UNDERSAMPLING,03-Pima Indians Diabetes,Minimo,19,NA
UNDERSAMPLING,03-Pima Indians Diabetes,Minimo,20,NA
UNDERSAMPLING,03-Pima Indians Diabetes,Minimo,21,NA
UNDERSAMPLING,03-Pima Indians Diabetes,Minimo,22,NA
UNDERSAMPLING,03-Pima Indians Diabetes,Minimo,23,NA
UNDERSAMPLING,03-Pima Indians Diabetes,Minimo,24,NA
UNDERSAMPLING,03-Pima Indians Diabetes,Minimo,25,NA
UNDERSAMPLING,03-Pima Indians Diabetes,Minimo,26,NA
UNDERSAMPLING,03-Pima Indians Diabetes,Minimo,27,NA
UNDERSAMPLING,03-Pima Indians Diabetes,Minimo,28,NA
UNDERSAMPLING,03-Pima Indians Diabetes,Minimo,29,NA
UNDERSAMPLING,03-Pima Indians Diabetes,Minimo,30,NA
UNDERSAMPLING,03-Pima Indians Diabetes,Minimo,31,NA
UNDERSAMPLING,03-Pima Indians Diabetes,Minimo,32,NA
UNDERSAMPLING,03-Pima Indians Diabetes,Minimo,33,NA
UNDERSAMPLING,03-Pima Indians Diabetes,Minimo,34,NA
UNDERSAMPLING,03-Pima Indians Diabetes,Minimo,35,NA
UNDERSAMPLING,03-Pima Indians Diabetes,Minimo,36,NA
UNDERSAMPLING,03-Pima Indians Diabetes,Minimo,37,NA
UNDERSAMPLING,03-Pima Indians Diabetes,Minimo,38,NA
UNDERSAMPLING,03-Pima Indians Diabetes,Minimo,39,NA
UNDERSAMPLING,03-Pima Indians Diabetes,Minimo,40,NA
UNDERSAMPLING,03-Pima Indians Diabetes,Minimo,41,NA
UNDERSAMPLING,03-Pima Indians Diabetes,Minimo,42,NA
UNDERSAMPLING,03-Pima Indians Diabetes,Minimo,43,NA
UNDERSAMPLING,03-Pima Indians Diabetes,Minimo,44,NA
UNDERSAMPLING,03-Pima Indians Diabetes,Minimo,45,NA
UNDERSAMPLING,03-Pima Indians Diabetes,Minimo,46,NA
UNDERSAMPLING,03-Pima Indians Diabetes,Minimo,48,NA
UNDERSAMPLING,03-Pima Indians Diabetes,Minimo,49,NA
UNDERSAMPLING,03-Pima Indians Diabetes,Maximo,time,NA
UNDERSAMPLING,03-Pima Indians Diabetes,Maximo,v1,NA
UNDERSAMPLING,03-Pima Indians Diabetes,Maximo,v2,NA
UNDERSAMPLING,03-Pima Indians Diabetes,Maximo,v3,NA
UNDERSAMPLING,03-Pima Indians Diabetes,Maximo,v4,NA
UNDERSAMPLING,03-Pima Indians Diabetes,Maximo,v5,NA
UNDERSAMPLING,03-Pima Indians Diabetes,Maximo,v6,NA
UNDERSAMPLING,03-Pima Indians Diabetes,Maximo,v7,NA
UNDERSAMPLING,03-Pima Indians Diabetes,Maximo,v8,NA
UNDERSAMPLING,03-Pima Indians Diabetes,Maximo,v9,NA
UNDERSAMPLING,03-Pima Indians Diabetes,Maximo,v10,NA
UNDERSAMPLING,03-Pima Indians Diabetes,Maximo,v11,NA
UNDERSAMPLING,03-Pima Indians Diabetes,Maximo,v12,NA
UNDERSAMPLING,03-Pima Indians Diabetes,Maximo,v13,NA
UNDERSAMPLING,03-Pima Indians Diabetes,Maximo,v14,NA
UNDERSAMPLING,03-Pima Indians Diabetes,Maximo,v15,NA
UNDERSAMPLING,03-Pima Indians Diabetes,Maximo,v16,NA
UNDERSAMPLING,03-Pima Indians Diabetes,Maximo,v17,NA
UNDERSAMPLING,03-Pima Indians Diabetes,Maximo,v18,NA
UNDERSAMPLING,03-Pima Indians Diabetes,Maximo,v19,NA
UNDERSAMPLING,03-Pima Indians Diabetes,Maximo,v20,NA
UNDERSAMPLING,03-Pima Indians Diabetes,Maximo,v21,NA
UNDERSAMPLING,03-Pima Indians Diabetes,Maximo,v22,NA
UNDERSAMPLING,03-Pima Indians Diabetes,Maximo,v23,NA
UNDERSAMPLING,03-Pima Indians Diabetes,Maximo,v24,NA
UNDERSAMPLING,03-Pima Indians Diabetes,Maximo,v25,NA
UNDERSAMPLING,03-Pima Indians Diabetes,Maximo,v26,NA
UNDERSAMPLING,03-Pima Indians Diabetes,Maximo,v27,NA
UNDERSAMPLING,03-Pima Indians Diabetes,Maximo,v28,NA
UNDERSAMPLING,03-Pima Indians Diabetes,Maximo,amount,NA
UNDERSAMPLING,03-Pima Indians Diabetes,Maximo,radius1,NA
UNDERSAMPLING,03-Pima Indians Diabetes,Maximo,texture1,NA
UNDERSAMPLING,03-Pima Indians Diabetes,Maximo,perimeter1,NA
UNDERSAMPLING,03-Pima Indians Diabetes,Maximo,area1,NA
UNDERSAMPLING,03-Pima Indians Diabetes,Maximo,smoothness1,NA
UNDERSAMPLING,03-Pima Indians Diabetes,Maximo,compactness1,NA
UNDERSAMPLING,03-Pima Indians Diabetes,Maximo,concavity1,NA
UNDERSAMPLING,03-Pima Indians Diabetes,Maximo,concave_points1,NA
UNDERSAMPLING,03-Pima Indians Diabetes,Maximo,symmetry1,NA
UNDERSAMPLING,03-Pima Indians Diabetes,Maximo,fractal_dimension1,NA
UNDERSAMPLING,03-Pima Indians Diabetes,Maximo,radius2,NA
UNDERSAMPLING,03-Pima Indians Diabetes,Maximo,texture2,NA
UNDERSAMPLING,03-Pima Indians Diabetes,Maximo,perimeter2,NA
UNDERSAMPLING,03-Pima Indians Diabetes,Maximo,area2,NA
UNDERSAMPLING,03-Pima Indians Diabetes,Maximo,smoothness2,NA
UNDERSAMPLING,03-Pima Indians Diabetes,Maximo,compactness2,NA
UNDERSAMPLING,03-Pima Indians Diabetes,Maximo,concavity2,NA
UNDERSAMPLING,03-Pima Indians Diabetes,Maximo,concave_points2,NA
UNDERSAMPLING,03-Pima Indians Diabetes,Maximo,symmetry2,NA
UNDERSAMPLING,03-Pima Indians Diabetes,Maximo,fractal_dimension2,NA
UNDERSAMPLING,03-Pima Indians Diabetes,Maximo,radius3,NA
UNDERSAMPLING,03-Pima Indians Diabetes,Maximo,texture3,NA
UNDERSAMPLING,03-Pima Indians Diabetes,Maximo,perimeter3,NA
UNDERSAMPLING,03-Pima Indians Diabetes,Maximo,area3,NA
UNDERSAMPLING,03-Pima Indians Diabetes,Maximo,smoothness3,NA
UNDERSAMPLING,03-Pima Indians Diabetes,Maximo,compactness3,NA
UNDERSAMPLING,03-Pima Indians Diabetes,Maximo,concavity3,NA
UNDERSAMPLING,03-Pima Indians Diabetes,Maximo,concave_points3,NA
UNDERSAMPLING,03-Pima Indians Diabetes,Maximo,symmetry3,NA
UNDERSAMPLING,03-Pima Indians Diabetes,Maximo,fractal_dimension3,NA
UNDERSAMPLING,03-Pima Indians Diabetes,Maximo,pregnancies,17
UNDERSAMPLING,03-Pima Indians Diabetes,Maximo,glucose,199
UNDERSAMPLING,03-Pima Indians Diabetes,Maximo,bloodpressure,114
UNDERSAMPLING,03-Pima Indians Diabetes,Maximo,skinthickness,99
UNDERSAMPLING,03-Pima Indians Diabetes,Maximo,insulin,846
UNDERSAMPLING,03-Pima Indians Diabetes,Maximo,bmi,67.1
UNDERSAMPLING,03-Pima Indians Diabetes,Maximo,diabetespedigreefunction,2.42
UNDERSAMPLING,03-Pima Indians Diabetes,Maximo,age,81
UNDERSAMPLING,03-Pima Indians Diabetes,Maximo,attribute01,NA
UNDERSAMPLING,03-Pima Indians Diabetes,Maximo,attribute02,NA
UNDERSAMPLING,03-Pima Indians Diabetes,Maximo,attribute03,NA
UNDERSAMPLING,03-Pima Indians Diabetes,Maximo,attribute04,NA
UNDERSAMPLING,03-Pima Indians Diabetes,Maximo,attribute05,NA
UNDERSAMPLING,03-Pima Indians Diabetes,Maximo,attribute06,NA
UNDERSAMPLING,03-Pima Indians Diabetes,Maximo,attribute07,NA
UNDERSAMPLING,03-Pima Indians Diabetes,Maximo,attribute08,NA
UNDERSAMPLING,03-Pima Indians Diabetes,Maximo,attribute09,NA
UNDERSAMPLING,03-Pima Indians Diabetes,Maximo,attribute10,NA
UNDERSAMPLING,03-Pima Indians Diabetes,Maximo,attribute11,NA
UNDERSAMPLING,03-Pima Indians Diabetes,Maximo,attribute12,NA
UNDERSAMPLING,03-Pima Indians Diabetes,Maximo,attribute13,NA
UNDERSAMPLING,03-Pima Indians Diabetes,Maximo,attribute14,NA
UNDERSAMPLING,03-Pima Indians Diabetes,Maximo,attribute15,NA
UNDERSAMPLING,03-Pima Indians Diabetes,Maximo,attribute16,NA
UNDERSAMPLING,03-Pima Indians Diabetes,Maximo,attribute17,NA
UNDERSAMPLING,03-Pima Indians Diabetes,Maximo,attribute18,NA
UNDERSAMPLING,03-Pima Indians Diabetes,Maximo,attribute19,NA
UNDERSAMPLING,03-Pima Indians Diabetes,Maximo,attribute20,NA
UNDERSAMPLING,03-Pima Indians Diabetes,Maximo,attribute21,NA
UNDERSAMPLING,03-Pima Indians Diabetes,Maximo,attribute22,NA
UNDERSAMPLING,03-Pima Indians Diabetes,Maximo,attribute23,NA
UNDERSAMPLING,03-Pima Indians Diabetes,Maximo,attribute24,NA
UNDERSAMPLING,03-Pima Indians Diabetes,Maximo,attribute25,NA
UNDERSAMPLING,03-Pima Indians Diabetes,Maximo,attribute26,NA
UNDERSAMPLING,03-Pima Indians Diabetes,Maximo,attribute27,NA
UNDERSAMPLING,03-Pima Indians Diabetes,Maximo,attribute28,NA
UNDERSAMPLING,03-Pima Indians Diabetes,Maximo,attribute29,NA
UNDERSAMPLING,03-Pima Indians Diabetes,Maximo,attribute30,NA
UNDERSAMPLING,03-Pima Indians Diabetes,Maximo,attribute31,NA
UNDERSAMPLING,03-Pima Indians Diabetes,Maximo,attribute32,NA
UNDERSAMPLING,03-Pima Indians Diabetes,Maximo,attribute33,NA
UNDERSAMPLING,03-Pima Indians Diabetes,Maximo,attribute34,NA
UNDERSAMPLING,03-Pima Indians Diabetes,Maximo,aa,NA
UNDERSAMPLING,03-Pima Indians Diabetes,Maximo,ao,NA
UNDERSAMPLING,03-Pima Indians Diabetes,Maximo,dcl,NA
UNDERSAMPLING,03-Pima Indians Diabetes,Maximo,iy,NA
UNDERSAMPLING,03-Pima Indians Diabetes,Maximo,sh,NA
UNDERSAMPLING,03-Pima Indians Diabetes,Maximo,0,NA
UNDERSAMPLING,03-Pima Indians Diabetes,Maximo,1,NA
UNDERSAMPLING,03-Pima Indians Diabetes,Maximo,2,NA
UNDERSAMPLING,03-Pima Indians Diabetes,Maximo,3,NA
UNDERSAMPLING,03-Pima Indians Diabetes,Maximo,4,NA
UNDERSAMPLING,03-Pima Indians Diabetes,Maximo,5,NA
UNDERSAMPLING,03-Pima Indians Diabetes,Maximo,6,NA
UNDERSAMPLING,03-Pima Indians Diabetes,Maximo,7,NA
UNDERSAMPLING,03-Pima Indians Diabetes,Maximo,8,NA
UNDERSAMPLING,03-Pima Indians Diabetes,Maximo,9,NA
UNDERSAMPLING,03-Pima Indians Diabetes,Maximo,10,NA
UNDERSAMPLING,03-Pima Indians Diabetes,Maximo,11,NA
UNDERSAMPLING,03-Pima Indians Diabetes,Maximo,12,NA
UNDERSAMPLING,03-Pima Indians Diabetes,Maximo,13,NA
UNDERSAMPLING,03-Pima Indians Diabetes,Maximo,14,NA
UNDERSAMPLING,03-Pima Indians Diabetes,Maximo,15,NA
UNDERSAMPLING,03-Pima Indians Diabetes,Maximo,16,NA
UNDERSAMPLING,03-Pima Indians Diabetes,Maximo,17,NA
UNDERSAMPLING,03-Pima Indians Diabetes,Maximo,18,NA
UNDERSAMPLING,03-Pima Indians Diabetes,Maximo,19,NA
UNDERSAMPLING,03-Pima Indians Diabetes,Maximo,20,NA
UNDERSAMPLING,03-Pima Indians Diabetes,Maximo,21,NA
UNDERSAMPLING,03-Pima Indians Diabetes,Maximo,22,NA
UNDERSAMPLING,03-Pima Indians Diabetes,Maximo,23,NA
UNDERSAMPLING,03-Pima Indians Diabetes,Maximo,24,NA
UNDERSAMPLING,03-Pima Indians Diabetes,Maximo,25,NA
UNDERSAMPLING,03-Pima Indians Diabetes,Maximo,26,NA
UNDERSAMPLING,03-Pima Indians Diabetes,Maximo,27,NA
UNDERSAMPLING,03-Pima Indians Diabetes,Maximo,28,NA
UNDERSAMPLING,03-Pima Indians Diabetes,Maximo,29,NA
UNDERSAMPLING,03-Pima Indians Diabetes,Maximo,30,NA
UNDERSAMPLING,03-Pima Indians Diabetes,Maximo,31,NA
UNDERSAMPLING,03-Pima Indians Diabetes,Maximo,32,NA
UNDERSAMPLING,03-Pima Indians Diabetes,Maximo,33,NA
UNDERSAMPLING,03-Pima Indians Diabetes,Maximo,34,NA
UNDERSAMPLING,03-Pima Indians Diabetes,Maximo,35,NA
UNDERSAMPLING,03-Pima Indians Diabetes,Maximo,36,NA
UNDERSAMPLING,03-Pima Indians Diabetes,Maximo,37,NA
UNDERSAMPLING,03-Pima Indians Diabetes,Maximo,38,NA
UNDERSAMPLING,03-Pima Indians Diabetes,Maximo,39,NA
UNDERSAMPLING,03-Pima Indians Diabetes,Maximo,40,NA
UNDERSAMPLING,03-Pima Indians Diabetes,Maximo,41,NA
UNDERSAMPLING,03-Pima Indians Diabetes,Maximo,42,NA
UNDERSAMPLING,03-Pima Indians Diabetes,Maximo,43,NA
UNDERSAMPLING,03-Pima Indians Diabetes,Maximo,44,NA
UNDERSAMPLING,03-Pima Indians Diabetes,Maximo,45,NA
UNDERSAMPLING,03-Pima Indians Diabetes,Maximo,46,NA
UNDERSAMPLING,03-Pima Indians Diabetes,Maximo,48,NA
UNDERSAMPLING,03-Pima Indians Diabetes,Maximo,49,NA
UNDERSAMPLING,04-Ionosphere,Media,time,NA
UNDERSAMPLING,04-Ionosphere,Media,v1,NA
UNDERSAMPLING,04-Ionosphere,Media,v2,NA
UNDERSAMPLING,04-Ionosphere,Media,v3,NA
UNDERSAMPLING,04-Ionosphere,Media,v4,NA
UNDERSAMPLING,04-Ionosphere,Media,v5,NA
UNDERSAMPLING,04-Ionosphere,Media,v6,NA
UNDERSAMPLING,04-Ionosphere,Media,v7,NA
UNDERSAMPLING,04-Ionosphere,Media,v8,NA
UNDERSAMPLING,04-Ionosphere,Media,v9,NA
UNDERSAMPLING,04-Ionosphere,Media,v10,NA
UNDERSAMPLING,04-Ionosphere,Media,v11,NA
UNDERSAMPLING,04-Ionosphere,Media,v12,NA
UNDERSAMPLING,04-Ionosphere,Media,v13,NA
UNDERSAMPLING,04-Ionosphere,Media,v14,NA
UNDERSAMPLING,04-Ionosphere,Media,v15,NA
UNDERSAMPLING,04-Ionosphere,Media,v16,NA
UNDERSAMPLING,04-Ionosphere,Media,v17,NA
UNDERSAMPLING,04-Ionosphere,Media,v18,NA
UNDERSAMPLING,04-Ionosphere,Media,v19,NA
UNDERSAMPLING,04-Ionosphere,Media,v20,NA
UNDERSAMPLING,04-Ionosphere,Media,v21,NA
UNDERSAMPLING,04-Ionosphere,Media,v22,NA
UNDERSAMPLING,04-Ionosphere,Media,v23,NA
UNDERSAMPLING,04-Ionosphere,Media,v24,NA
UNDERSAMPLING,04-Ionosphere,Media,v25,NA
UNDERSAMPLING,04-Ionosphere,Media,v26,NA
UNDERSAMPLING,04-Ionosphere,Media,v27,NA
UNDERSAMPLING,04-Ionosphere,Media,v28,NA
UNDERSAMPLING,04-Ionosphere,Media,amount,NA
UNDERSAMPLING,04-Ionosphere,Media,radius1,NA
UNDERSAMPLING,04-Ionosphere,Media,texture1,NA
UNDERSAMPLING,04-Ionosphere,Media,perimeter1,NA
UNDERSAMPLING,04-Ionosphere,Media,area1,NA
UNDERSAMPLING,04-Ionosphere,Media,smoothness1,NA
UNDERSAMPLING,04-Ionosphere,Media,compactness1,NA
UNDERSAMPLING,04-Ionosphere,Media,concavity1,NA
UNDERSAMPLING,04-Ionosphere,Media,concave_points1,NA
UNDERSAMPLING,04-Ionosphere,Media,symmetry1,NA
UNDERSAMPLING,04-Ionosphere,Media,fractal_dimension1,NA
UNDERSAMPLING,04-Ionosphere,Media,radius2,NA
UNDERSAMPLING,04-Ionosphere,Media,texture2,NA
UNDERSAMPLING,04-Ionosphere,Media,perimeter2,NA
UNDERSAMPLING,04-Ionosphere,Media,area2,NA
UNDERSAMPLING,04-Ionosphere,Media,smoothness2,NA
UNDERSAMPLING,04-Ionosphere,Media,compactness2,NA
UNDERSAMPLING,04-Ionosphere,Media,concavity2,NA
UNDERSAMPLING,04-Ionosphere,Media,concave_points2,NA
UNDERSAMPLING,04-Ionosphere,Media,symmetry2,NA
UNDERSAMPLING,04-Ionosphere,Media,fractal_dimension2,NA
UNDERSAMPLING,04-Ionosphere,Media,radius3,NA
UNDERSAMPLING,04-Ionosphere,Media,texture3,NA
UNDERSAMPLING,04-Ionosphere,Media,perimeter3,NA
UNDERSAMPLING,04-Ionosphere,Media,area3,NA
UNDERSAMPLING,04-Ionosphere,Media,smoothness3,NA
UNDERSAMPLING,04-Ionosphere,Media,compactness3,NA
UNDERSAMPLING,04-Ionosphere,Media,concavity3,NA
UNDERSAMPLING,04-Ionosphere,Media,concave_points3,NA
UNDERSAMPLING,04-Ionosphere,Media,symmetry3,NA
UNDERSAMPLING,04-Ionosphere,Media,fractal_dimension3,NA
UNDERSAMPLING,04-Ionosphere,Media,pregnancies,NA
UNDERSAMPLING,04-Ionosphere,Media,glucose,NA
UNDERSAMPLING,04-Ionosphere,Media,bloodpressure,NA
UNDERSAMPLING,04-Ionosphere,Media,skinthickness,NA
UNDERSAMPLING,04-Ionosphere,Media,insulin,NA
UNDERSAMPLING,04-Ionosphere,Media,bmi,NA
UNDERSAMPLING,04-Ionosphere,Media,diabetespedigreefunction,NA
UNDERSAMPLING,04-Ionosphere,Media,age,NA
UNDERSAMPLING,04-Ionosphere,Media,attribute01,0.8492063492063492
UNDERSAMPLING,04-Ionosphere,Media,attribute02,0
UNDERSAMPLING,04-Ionosphere,Media,attribute03,0.5659575
UNDERSAMPLING,04-Ionosphere,Media,attribute04,0.03447484126984127
UNDERSAMPLING,04-Ionosphere,Media,attribute05,0.522969880952381
UNDERSAMPLING,04-Ionosphere,Media,attribute06,0.10375202380952381
UNDERSAMPLING,04-Ionosphere,Media,attribute07,0.4833643650793651
UNDERSAMPLING,04-Ionosphere,Media,attribute08,0.09891857142857143
UNDERSAMPLING,04-Ionosphere,Media,attribute09,0.4599084523809524
UNDERSAMPLING,04-Ionosphere,Media,attribute10,0.1777431746031746
UNDERSAMPLING,04-Ionosphere,Media,attribute11,0.4352113888888889
UNDERSAMPLING,04-Ionosphere,Media,attribute12,0.1308211111111111
UNDERSAMPLING,04-Ionosphere,Media,attribute13,0.3507811507936508
UNDERSAMPLING,04-Ionosphere,Media,attribute14,0.06234456349206349
UNDERSAMPLING,04-Ionosphere,Media,attribute15,0.28483996031746034
UNDERSAMPLING,04-Ionosphere,Media,attribute16,0.046552777777777776
UNDERSAMPLING,04-Ionosphere,Media,attribute17,0.35499960317460316
UNDERSAMPLING,04-Ionosphere,Media,attribute18,-0.027398214285714286
UNDERSAMPLING,04-Ionosphere,Media,attribute19,0.3337411111111111
UNDERSAMPLING,04-Ionosphere,Media,attribute20,-0.04873126984126984
UNDERSAMPLING,04-Ionosphere,Media,attribute21,0.2960048015873016
UNDERSAMPLING,04-Ionosphere,Media,attribute22,0.0022524206349206354
UNDERSAMPLING,04-Ionosphere,Media,attribute23,0.3349145238095238
UNDERSAMPLING,04-Ionosphere,Media,attribute24,-0.07764595238095238
UNDERSAMPLING,04-Ionosphere,Media,attribute25,0.379603373015873
UNDERSAMPLING,04-Ionosphere,Media,attribute26,-0.0842465873015873
UNDERSAMPLING,04-Ionosphere,Media,attribute27,0.576173373015873
UNDERSAMPLING,04-Ionosphere,Media,attribute28,-0.08579055555555555
UNDERSAMPLING,04-Ionosphere,Media,attribute29,0.35379773809523807
UNDERSAMPLING,04-Ionosphere,Media,attribute30,-0.030913888888888887
UNDERSAMPLING,04-Ionosphere,Media,attribute31,0.3165351984126984
UNDERSAMPLING,04-Ionosphere,Media,attribute32,5.877777777777783e-4
UNDERSAMPLING,04-Ionosphere,Media,attribute33,0.3171926984126984
UNDERSAMPLING,04-Ionosphere,Media,attribute34,0.0338934126984127
UNDERSAMPLING,04-Ionosphere,Media,aa,NA
UNDERSAMPLING,04-Ionosphere,Media,ao,NA
UNDERSAMPLING,04-Ionosphere,Media,dcl,NA
UNDERSAMPLING,04-Ionosphere,Media,iy,NA
UNDERSAMPLING,04-Ionosphere,Media,sh,NA
UNDERSAMPLING,04-Ionosphere,Media,0,NA
UNDERSAMPLING,04-Ionosphere,Media,1,NA
UNDERSAMPLING,04-Ionosphere,Media,2,NA
UNDERSAMPLING,04-Ionosphere,Media,3,NA
UNDERSAMPLING,04-Ionosphere,Media,4,NA
UNDERSAMPLING,04-Ionosphere,Media,5,NA
UNDERSAMPLING,04-Ionosphere,Media,6,NA
UNDERSAMPLING,04-Ionosphere,Media,7,NA
UNDERSAMPLING,04-Ionosphere,Media,8,NA
UNDERSAMPLING,04-Ionosphere,Media,9,NA
UNDERSAMPLING,04-Ionosphere,Media,10,NA
UNDERSAMPLING,04-Ionosphere,Media,11,NA
UNDERSAMPLING,04-Ionosphere,Media,12,NA
UNDERSAMPLING,04-Ionosphere,Media,13,NA
UNDERSAMPLING,04-Ionosphere,Media,14,NA
UNDERSAMPLING,04-Ionosphere,Media,15,NA
UNDERSAMPLING,04-Ionosphere,Media,16,NA
UNDERSAMPLING,04-Ionosphere,Media,17,NA
UNDERSAMPLING,04-Ionosphere,Media,18,NA
UNDERSAMPLING,04-Ionosphere,Media,19,NA
UNDERSAMPLING,04-Ionosphere,Media,20,NA
UNDERSAMPLING,04-Ionosphere,Media,21,NA
UNDERSAMPLING,04-Ionosphere,Media,22,NA
UNDERSAMPLING,04-Ionosphere,Media,23,NA
UNDERSAMPLING,04-Ionosphere,Media,24,NA
UNDERSAMPLING,04-Ionosphere,Media,25,NA
UNDERSAMPLING,04-Ionosphere,Media,26,NA
UNDERSAMPLING,04-Ionosphere,Media,27,NA
UNDERSAMPLING,04-Ionosphere,Media,28,NA
UNDERSAMPLING,04-Ionosphere,Media,29,NA
UNDERSAMPLING,04-Ionosphere,Media,30,NA
UNDERSAMPLING,04-Ionosphere,Media,31,NA
UNDERSAMPLING,04-Ionosphere,Media,32,NA
UNDERSAMPLING,04-Ionosphere,Media,33,NA
UNDERSAMPLING,04-Ionosphere,Media,34,NA
UNDERSAMPLING,04-Ionosphere,Media,35,NA
UNDERSAMPLING,04-Ionosphere,Media,36,NA
UNDERSAMPLING,04-Ionosphere,Media,37,NA
UNDERSAMPLING,04-Ionosphere,Media,38,NA
UNDERSAMPLING,04-Ionosphere,Media,39,NA
UNDERSAMPLING,04-Ionosphere,Media,40,NA
UNDERSAMPLING,04-Ionosphere,Media,41,NA
UNDERSAMPLING,04-Ionosphere,Media,42,NA
UNDERSAMPLING,04-Ionosphere,Media,43,NA
UNDERSAMPLING,04-Ionosphere,Media,44,NA
UNDERSAMPLING,04-Ionosphere,Media,45,NA
UNDERSAMPLING,04-Ionosphere,Media,46,NA
UNDERSAMPLING,04-Ionosphere,Media,48,NA
UNDERSAMPLING,04-Ionosphere,Media,49,NA
UNDERSAMPLING,04-Ionosphere,Desvio_Padrao,time,NA
UNDERSAMPLING,04-Ionosphere,Desvio_Padrao,v1,NA
UNDERSAMPLING,04-Ionosphere,Desvio_Padrao,v2,NA
UNDERSAMPLING,04-Ionosphere,Desvio_Padrao,v3,NA
UNDERSAMPLING,04-Ionosphere,Desvio_Padrao,v4,NA
UNDERSAMPLING,04-Ionosphere,Desvio_Padrao,v5,NA
UNDERSAMPLING,04-Ionosphere,Desvio_Padrao,v6,NA
UNDERSAMPLING,04-Ionosphere,Desvio_Padrao,v7,NA
UNDERSAMPLING,04-Ionosphere,Desvio_Padrao,v8,NA
UNDERSAMPLING,04-Ionosphere,Desvio_Padrao,v9,NA
UNDERSAMPLING,04-Ionosphere,Desvio_Padrao,v10,NA
UNDERSAMPLING,04-Ionosphere,Desvio_Padrao,v11,NA
UNDERSAMPLING,04-Ionosphere,Desvio_Padrao,v12,NA
UNDERSAMPLING,04-Ionosphere,Desvio_Padrao,v13,NA
UNDERSAMPLING,04-Ionosphere,Desvio_Padrao,v14,NA
UNDERSAMPLING,04-Ionosphere,Desvio_Padrao,v15,NA
UNDERSAMPLING,04-Ionosphere,Desvio_Padrao,v16,NA
UNDERSAMPLING,04-Ionosphere,Desvio_Padrao,v17,NA
UNDERSAMPLING,04-Ionosphere,Desvio_Padrao,v18,NA
UNDERSAMPLING,04-Ionosphere,Desvio_Padrao,v19,NA
UNDERSAMPLING,04-Ionosphere,Desvio_Padrao,v20,NA
UNDERSAMPLING,04-Ionosphere,Desvio_Padrao,v21,NA
UNDERSAMPLING,04-Ionosphere,Desvio_Padrao,v22,NA
UNDERSAMPLING,04-Ionosphere,Desvio_Padrao,v23,NA
UNDERSAMPLING,04-Ionosphere,Desvio_Padrao,v24,NA
UNDERSAMPLING,04-Ionosphere,Desvio_Padrao,v25,NA
UNDERSAMPLING,04-Ionosphere,Desvio_Padrao,v26,NA
UNDERSAMPLING,04-Ionosphere,Desvio_Padrao,v27,NA
UNDERSAMPLING,04-Ionosphere,Desvio_Padrao,v28,NA
UNDERSAMPLING,04-Ionosphere,Desvio_Padrao,amount,NA
UNDERSAMPLING,04-Ionosphere,Desvio_Padrao,radius1,NA
UNDERSAMPLING,04-Ionosphere,Desvio_Padrao,texture1,NA
UNDERSAMPLING,04-Ionosphere,Desvio_Padrao,perimeter1,NA
UNDERSAMPLING,04-Ionosphere,Desvio_Padrao,area1,NA
UNDERSAMPLING,04-Ionosphere,Desvio_Padrao,smoothness1,NA
UNDERSAMPLING,04-Ionosphere,Desvio_Padrao,compactness1,NA
UNDERSAMPLING,04-Ionosphere,Desvio_Padrao,concavity1,NA
UNDERSAMPLING,04-Ionosphere,Desvio_Padrao,concave_points1,NA
UNDERSAMPLING,04-Ionosphere,Desvio_Padrao,symmetry1,NA
UNDERSAMPLING,04-Ionosphere,Desvio_Padrao,fractal_dimension1,NA
UNDERSAMPLING,04-Ionosphere,Desvio_Padrao,radius2,NA
UNDERSAMPLING,04-Ionosphere,Desvio_Padrao,texture2,NA
UNDERSAMPLING,04-Ionosphere,Desvio_Padrao,perimeter2,NA
UNDERSAMPLING,04-Ionosphere,Desvio_Padrao,area2,NA
UNDERSAMPLING,04-Ionosphere,Desvio_Padrao,smoothness2,NA
UNDERSAMPLING,04-Ionosphere,Desvio_Padrao,compactness2,NA
UNDERSAMPLING,04-Ionosphere,Desvio_Padrao,concavity2,NA
UNDERSAMPLING,04-Ionosphere,Desvio_Padrao,concave_points2,NA
UNDERSAMPLING,04-Ionosphere,Desvio_Padrao,symmetry2,NA
UNDERSAMPLING,04-Ionosphere,Desvio_Padrao,fractal_dimension2,NA
UNDERSAMPLING,04-Ionosphere,Desvio_Padrao,radius3,NA
UNDERSAMPLING,04-Ionosphere,Desvio_Padrao,texture3,NA
UNDERSAMPLING,04-Ionosphere,Desvio_Padrao,perimeter3,NA
UNDERSAMPLING,04-Ionosphere,Desvio_Padrao,area3,NA
UNDERSAMPLING,04-Ionosphere,Desvio_Padrao,smoothness3,NA
UNDERSAMPLING,04-Ionosphere,Desvio_Padrao,compactness3,NA
UNDERSAMPLING,04-Ionosphere,Desvio_Padrao,concavity3,NA
UNDERSAMPLING,04-Ionosphere,Desvio_Padrao,concave_points3,NA
UNDERSAMPLING,04-Ionosphere,Desvio_Padrao,symmetry3,NA
UNDERSAMPLING,04-Ionosphere,Desvio_Padrao,fractal_dimension3,NA
UNDERSAMPLING,04-Ionosphere,Desvio_Padrao,pregnancies,NA
UNDERSAMPLING,04-Ionosphere,Desvio_Padrao,glucose,NA
UNDERSAMPLING,04-Ionosphere,Desvio_Padrao,bloodpressure,NA
UNDERSAMPLING,04-Ionosphere,Desvio_Padrao,skinthickness,NA
UNDERSAMPLING,04-Ionosphere,Desvio_Padrao,insulin,NA
UNDERSAMPLING,04-Ionosphere,Desvio_Padrao,bmi,NA
UNDERSAMPLING,04-Ionosphere,Desvio_Padrao,diabetespedigreefunction,NA
UNDERSAMPLING,04-Ionosphere,Desvio_Padrao,age,NA
UNDERSAMPLING,04-Ionosphere,Desvio_Padrao,attribute01,0.35855976441971593
UNDERSAMPLING,04-Ionosphere,Desvio_Padrao,attribute02,0
UNDERSAMPLING,04-Ionosphere,Desvio_Padrao,attribute03,0.5552772052180432
UNDERSAMPLING,04-Ionosphere,Desvio_Padrao,attribute04,0.503278291098682
UNDERSAMPLING,04-Ionosphere,Desvio_Padrao,attribute05,0.5810515394181012
UNDERSAMPLING,04-Ionosphere,Desvio_Padrao,attribute06,0.5135301767228984
UNDERSAMPLING,04-Ionosphere,Desvio_Padrao,attribute07,0.5388643699995146
UNDERSAMPLING,04-Ionosphere,Desvio_Padrao,attribute08,0.5718907007834386
UNDERSAMPLING,04-Ionosphere,Desvio_Padrao,attribute09,0.5420618521884691
UNDERSAMPLING,04-Ionosphere,Desvio_Padrao,attribute10,0.5245799889650301
UNDERSAMPLING,04-Ionosphere,Desvio_Padrao,attribute11,0.599630551202583
UNDERSAMPLING,04-Ionosphere,Desvio_Padrao,attribute12,0.5343597233719127
UNDERSAMPLING,04-Ionosphere,Desvio_Padrao,attribute13,0.6533803346634831
UNDERSAMPLING,04-Ionosphere,Desvio_Padrao,attribute14,0.5372011833422101
UNDERSAMPLING,04-Ionosphere,Desvio_Padrao,attribute15,0.6768551025907876
UNDERSAMPLING,04-Ionosphere,Desvio_Padrao,attribute16,0.4922916791662408
UNDERSAMPLING,04-Ionosphere,Desvio_Padrao,attribute17,0.6337864889735498
UNDERSAMPLING,04-Ionosphere,Desvio_Padrao,attribute18,0.5331948719514138
UNDERSAMPLING,04-Ionosphere,Desvio_Padrao,attribute19,0.6470245413724295
UNDERSAMPLING,04-Ionosphere,Desvio_Padrao,attribute20,0.5616482579186748
UNDERSAMPLING,04-Ionosphere,Desvio_Padrao,attribute21,0.6259671310092444
UNDERSAMPLING,04-Ionosphere,Desvio_Padrao,attribute22,0.5626868015993597
UNDERSAMPLING,04-Ionosphere,Desvio_Padrao,attribute23,0.6249822341559232
UNDERSAMPLING,04-Ionosphere,Desvio_Padrao,attribute24,0.5724228618477966
UNDERSAMPLING,04-Ionosphere,Desvio_Padrao,attribute25,0.5967455425872411
UNDERSAMPLING,04-Ionosphere,Desvio_Padrao,attribute26,0.5491187297563102
UNDERSAMPLING,04-Ionosphere,Desvio_Padrao,attribute27,0.5194076287304589
UNDERSAMPLING,04-Ionosphere,Desvio_Padrao,attribute28,0.6081650583515056
UNDERSAMPLING,04-Ionosphere,Desvio_Padrao,attribute29,0.6062028964790949
UNDERSAMPLING,04-Ionosphere,Desvio_Padrao,attribute30,0.5457669290579471
UNDERSAMPLING,04-Ionosphere,Desvio_Padrao,attribute31,0.6066797582593586
UNDERSAMPLING,04-Ionosphere,Desvio_Padrao,attribute32,0.5529074506510835
UNDERSAMPLING,04-Ionosphere,Desvio_Padrao,attribute33,0.546919971989337
UNDERSAMPLING,04-Ionosphere,Desvio_Padrao,attribute34,0.4925023947864404
UNDERSAMPLING,04-Ionosphere,Desvio_Padrao,aa,NA
UNDERSAMPLING,04-Ionosphere,Desvio_Padrao,ao,NA
UNDERSAMPLING,04-Ionosphere,Desvio_Padrao,dcl,NA
UNDERSAMPLING,04-Ionosphere,Desvio_Padrao,iy,NA
UNDERSAMPLING,04-Ionosphere,Desvio_Padrao,sh,NA
UNDERSAMPLING,04-Ionosphere,Desvio_Padrao,0,NA
UNDERSAMPLING,04-Ionosphere,Desvio_Padrao,1,NA
UNDERSAMPLING,04-Ionosphere,Desvio_Padrao,2,NA
UNDERSAMPLING,04-Ionosphere,Desvio_Padrao,3,NA
UNDERSAMPLING,04-Ionosphere,Desvio_Padrao,4,NA
UNDERSAMPLING,04-Ionosphere,Desvio_Padrao,5,NA
UNDERSAMPLING,04-Ionosphere,Desvio_Padrao,6,NA
UNDERSAMPLING,04-Ionosphere,Desvio_Padrao,7,NA
UNDERSAMPLING,04-Ionosphere,Desvio_Padrao,8,NA
UNDERSAMPLING,04-Ionosphere,Desvio_Padrao,9,NA
UNDERSAMPLING,04-Ionosphere,Desvio_Padrao,10,NA
UNDERSAMPLING,04-Ionosphere,Desvio_Padrao,11,NA
UNDERSAMPLING,04-Ionosphere,Desvio_Padrao,12,NA
UNDERSAMPLING,04-Ionosphere,Desvio_Padrao,13,NA
UNDERSAMPLING,04-Ionosphere,Desvio_Padrao,14,NA
UNDERSAMPLING,04-Ionosphere,Desvio_Padrao,15,NA
UNDERSAMPLING,04-Ionosphere,Desvio_Padrao,16,NA
UNDERSAMPLING,04-Ionosphere,Desvio_Padrao,17,NA
UNDERSAMPLING,04-Ionosphere,Desvio_Padrao,18,NA
UNDERSAMPLING,04-Ionosphere,Desvio_Padrao,19,NA
UNDERSAMPLING,04-Ionosphere,Desvio_Padrao,20,NA
UNDERSAMPLING,04-Ionosphere,Desvio_Padrao,21,NA
UNDERSAMPLING,04-Ionosphere,Desvio_Padrao,22,NA
UNDERSAMPLING,04-Ionosphere,Desvio_Padrao,23,NA
UNDERSAMPLING,04-Ionosphere,Desvio_Padrao,24,NA
UNDERSAMPLING,04-Ionosphere,Desvio_Padrao,25,NA
UNDERSAMPLING,04-Ionosphere,Desvio_Padrao,26,NA
UNDERSAMPLING,04-Ionosphere,Desvio_Padrao,27,NA
UNDERSAMPLING,04-Ionosphere,Desvio_Padrao,28,NA
UNDERSAMPLING,04-Ionosphere,Desvio_Padrao,29,NA
UNDERSAMPLING,04-Ionosphere,Desvio_Padrao,30,NA
UNDERSAMPLING,04-Ionosphere,Desvio_Padrao,31,NA
UNDERSAMPLING,04-Ionosphere,Desvio_Padrao,32,NA
UNDERSAMPLING,04-Ionosphere,Desvio_Padrao,33,NA
UNDERSAMPLING,04-Ionosphere,Desvio_Padrao,34,NA
UNDERSAMPLING,04-Ionosphere,Desvio_Padrao,35,NA
UNDERSAMPLING,04-Ionosphere,Desvio_Padrao,36,NA
UNDERSAMPLING,04-Ionosphere,Desvio_Padrao,37,NA
UNDERSAMPLING,04-Ionosphere,Desvio_Padrao,38,NA
UNDERSAMPLING,04-Ionosphere,Desvio_Padrao,39,NA
UNDERSAMPLING,04-Ionosphere,Desvio_Padrao,40,NA
UNDERSAMPLING,04-Ionosphere,Desvio_Padrao,41,NA
UNDERSAMPLING,04-Ionosphere,Desvio_Padrao,42,NA
UNDERSAMPLING,04-Ionosphere,Desvio_Padrao,43,NA
UNDERSAMPLING,04-Ionosphere,Desvio_Padrao,44,NA
UNDERSAMPLING,04-Ionosphere,Desvio_Padrao,45,NA
UNDERSAMPLING,04-Ionosphere,Desvio_Padrao,46,NA
UNDERSAMPLING,04-Ionosphere,Desvio_Padrao,48,NA
UNDERSAMPLING,04-Ionosphere,Desvio_Padrao,49,NA
UNDERSAMPLING,04-Ionosphere,Minimo,time,NA
UNDERSAMPLING,04-Ionosphere,Minimo,v1,NA
UNDERSAMPLING,04-Ionosphere,Minimo,v2,NA
UNDERSAMPLING,04-Ionosphere,Minimo,v3,NA
UNDERSAMPLING,04-Ionosphere,Minimo,v4,NA
UNDERSAMPLING,04-Ionosphere,Minimo,v5,NA
UNDERSAMPLING,04-Ionosphere,Minimo,v6,NA
UNDERSAMPLING,04-Ionosphere,Minimo,v7,NA
UNDERSAMPLING,04-Ionosphere,Minimo,v8,NA
UNDERSAMPLING,04-Ionosphere,Minimo,v9,NA
UNDERSAMPLING,04-Ionosphere,Minimo,v10,NA
UNDERSAMPLING,04-Ionosphere,Minimo,v11,NA
UNDERSAMPLING,04-Ionosphere,Minimo,v12,NA
UNDERSAMPLING,04-Ionosphere,Minimo,v13,NA
UNDERSAMPLING,04-Ionosphere,Minimo,v14,NA
UNDERSAMPLING,04-Ionosphere,Minimo,v15,NA
UNDERSAMPLING,04-Ionosphere,Minimo,v16,NA
UNDERSAMPLING,04-Ionosphere,Minimo,v17,NA
UNDERSAMPLING,04-Ionosphere,Minimo,v18,NA
UNDERSAMPLING,04-Ionosphere,Minimo,v19,NA
UNDERSAMPLING,04-Ionosphere,Minimo,v20,NA
UNDERSAMPLING,04-Ionosphere,Minimo,v21,NA
UNDERSAMPLING,04-Ionosphere,Minimo,v22,NA
UNDERSAMPLING,04-Ionosphere,Minimo,v23,NA
UNDERSAMPLING,04-Ionosphere,Minimo,v24,NA
UNDERSAMPLING,04-Ionosphere,Minimo,v25,NA
UNDERSAMPLING,04-Ionosphere,Minimo,v26,NA
UNDERSAMPLING,04-Ionosphere,Minimo,v27,NA
UNDERSAMPLING,04-Ionosphere,Minimo,v28,NA
UNDERSAMPLING,04-Ionosphere,Minimo,amount,NA
UNDERSAMPLING,04-Ionosphere,Minimo,radius1,NA
UNDERSAMPLING,04-Ionosphere,Minimo,texture1,NA
UNDERSAMPLING,04-Ionosphere,Minimo,perimeter1,NA
UNDERSAMPLING,04-Ionosphere,Minimo,area1,NA
UNDERSAMPLING,04-Ionosphere,Minimo,smoothness1,NA
UNDERSAMPLING,04-Ionosphere,Minimo,compactness1,NA
UNDERSAMPLING,04-Ionosphere,Minimo,concavity1,NA
UNDERSAMPLING,04-Ionosphere,Minimo,concave_points1,NA
UNDERSAMPLING,04-Ionosphere,Minimo,symmetry1,NA
UNDERSAMPLING,04-Ionosphere,Minimo,fractal_dimension1,NA
UNDERSAMPLING,04-Ionosphere,Minimo,radius2,NA
UNDERSAMPLING,04-Ionosphere,Minimo,texture2,NA
UNDERSAMPLING,04-Ionosphere,Minimo,perimeter2,NA
UNDERSAMPLING,04-Ionosphere,Minimo,area2,NA
UNDERSAMPLING,04-Ionosphere,Minimo,smoothness2,NA
UNDERSAMPLING,04-Ionosphere,Minimo,compactness2,NA
UNDERSAMPLING,04-Ionosphere,Minimo,concavity2,NA
UNDERSAMPLING,04-Ionosphere,Minimo,concave_points2,NA
UNDERSAMPLING,04-Ionosphere,Minimo,symmetry2,NA
UNDERSAMPLING,04-Ionosphere,Minimo,fractal_dimension2,NA
UNDERSAMPLING,04-Ionosphere,Minimo,radius3,NA
UNDERSAMPLING,04-Ionosphere,Minimo,texture3,NA
UNDERSAMPLING,04-Ionosphere,Minimo,perimeter3,NA
UNDERSAMPLING,04-Ionosphere,Minimo,area3,NA
UNDERSAMPLING,04-Ionosphere,Minimo,smoothness3,NA
UNDERSAMPLING,04-Ionosphere,Minimo,compactness3,NA
UNDERSAMPLING,04-Ionosphere,Minimo,concavity3,NA
UNDERSAMPLING,04-Ionosphere,Minimo,concave_points3,NA
UNDERSAMPLING,04-Ionosphere,Minimo,symmetry3,NA
UNDERSAMPLING,04-Ionosphere,Minimo,fractal_dimension3,NA
UNDERSAMPLING,04-Ionosphere,Minimo,pregnancies,NA
UNDERSAMPLING,04-Ionosphere,Minimo,glucose,NA
UNDERSAMPLING,04-Ionosphere,Minimo,bloodpressure,NA
UNDERSAMPLING,04-Ionosphere,Minimo,skinthickness,NA
UNDERSAMPLING,04-Ionosphere,Minimo,insulin,NA
UNDERSAMPLING,04-Ionosphere,Minimo,bmi,NA
UNDERSAMPLING,04-Ionosphere,Minimo,diabetespedigreefunction,NA
UNDERSAMPLING,04-Ionosphere,Minimo,age,NA
UNDERSAMPLING,04-Ionosphere,Minimo,attribute01,0
UNDERSAMPLING,04-Ionosphere,Minimo,attribute02,0
UNDERSAMPLING,04-Ionosphere,Minimo,attribute03,-1
UNDERSAMPLING,04-Ionosphere,Minimo,attribute04,-1
UNDERSAMPLING,04-Ionosphere,Minimo,attribute05,-1
UNDERSAMPLING,04-Ionosphere,Minimo,attribute06,-1
UNDERSAMPLING,04-Ionosphere,Minimo,attribute07,-1
UNDERSAMPLING,04-Ionosphere,Minimo,attribute08,-1
UNDERSAMPLING,04-Ionosphere,Minimo,attribute09,-1
UNDERSAMPLING,04-Ionosphere,Minimo,attribute10,-1
UNDERSAMPLING,04-Ionosphere,Minimo,attribute11,-1
UNDERSAMPLING,04-Ionosphere,Minimo,attribute12,-1
UNDERSAMPLING,04-Ionosphere,Minimo,attribute13,-1
UNDERSAMPLING,04-Ionosphere,Minimo,attribute14,-1
UNDERSAMPLING,04-Ionosphere,Minimo,attribute15,-1
UNDERSAMPLING,04-Ionosphere,Minimo,attribute16,-1
UNDERSAMPLING,04-Ionosphere,Minimo,attribute17,-1
UNDERSAMPLING,04-Ionosphere,Minimo,attribute18,-1
UNDERSAMPLING,04-Ionosphere,Minimo,attribute19,-1
UNDERSAMPLING,04-Ionosphere,Minimo,attribute20,-1
UNDERSAMPLING,04-Ionosphere,Minimo,attribute21,-1
UNDERSAMPLING,04-Ionosphere,Minimo,attribute22,-1
UNDERSAMPLING,04-Ionosphere,Minimo,attribute23,-1
UNDERSAMPLING,04-Ionosphere,Minimo,attribute24,-1
UNDERSAMPLING,04-Ionosphere,Minimo,attribute25,-1
UNDERSAMPLING,04-Ionosphere,Minimo,attribute26,-1
UNDERSAMPLING,04-Ionosphere,Minimo,attribute27,-1
UNDERSAMPLING,04-Ionosphere,Minimo,attribute28,-1
UNDERSAMPLING,04-Ionosphere,Minimo,attribute29,-1
UNDERSAMPLING,04-Ionosphere,Minimo,attribute30,-1
UNDERSAMPLING,04-Ionosphere,Minimo,attribute31,-1
UNDERSAMPLING,04-Ionosphere,Minimo,attribute32,-1
UNDERSAMPLING,04-Ionosphere,Minimo,attribute33,-1
UNDERSAMPLING,04-Ionosphere,Minimo,attribute34,-1
UNDERSAMPLING,04-Ionosphere,Minimo,aa,NA
UNDERSAMPLING,04-Ionosphere,Minimo,ao,NA
UNDERSAMPLING,04-Ionosphere,Minimo,dcl,NA
UNDERSAMPLING,04-Ionosphere,Minimo,iy,NA
UNDERSAMPLING,04-Ionosphere,Minimo,sh,NA
UNDERSAMPLING,04-Ionosphere,Minimo,0,NA
UNDERSAMPLING,04-Ionosphere,Minimo,1,NA
UNDERSAMPLING,04-Ionosphere,Minimo,2,NA
UNDERSAMPLING,04-Ionosphere,Minimo,3,NA
UNDERSAMPLING,04-Ionosphere,Minimo,4,NA
UNDERSAMPLING,04-Ionosphere,Minimo,5,NA
UNDERSAMPLING,04-Ionosphere,Minimo,6,NA
UNDERSAMPLING,04-Ionosphere,Minimo,7,NA
UNDERSAMPLING,04-Ionosphere,Minimo,8,NA
UNDERSAMPLING,04-Ionosphere,Minimo,9,NA
UNDERSAMPLING,04-Ionosphere,Minimo,10,NA
UNDERSAMPLING,04-Ionosphere,Minimo,11,NA
UNDERSAMPLING,04-Ionosphere,Minimo,12,NA
UNDERSAMPLING,04-Ionosphere,Minimo,13,NA
UNDERSAMPLING,04-Ionosphere,Minimo,14,NA
UNDERSAMPLING,04-Ionosphere,Minimo,15,NA
UNDERSAMPLING,04-Ionosphere,Minimo,16,NA
UNDERSAMPLING,04-Ionosphere,Minimo,17,NA
UNDERSAMPLING,04-Ionosphere,Minimo,18,NA
UNDERSAMPLING,04-Ionosphere,Minimo,19,NA
UNDERSAMPLING,04-Ionosphere,Minimo,20,NA
UNDERSAMPLING,04-Ionosphere,Minimo,21,NA
UNDERSAMPLING,04-Ionosphere,Minimo,22,NA
UNDERSAMPLING,04-Ionosphere,Minimo,23,NA
UNDERSAMPLING,04-Ionosphere,Minimo,24,NA
UNDERSAMPLING,04-Ionosphere,Minimo,25,NA
UNDERSAMPLING,04-Ionosphere,Minimo,26,NA
UNDERSAMPLING,04-Ionosphere,Minimo,27,NA
UNDERSAMPLING,04-Ionosphere,Minimo,28,NA
UNDERSAMPLING,04-Ionosphere,Minimo,29,NA
UNDERSAMPLING,04-Ionosphere,Minimo,30,NA
UNDERSAMPLING,04-Ionosphere,Minimo,31,NA
UNDERSAMPLING,04-Ionosphere,Minimo,32,NA
UNDERSAMPLING,04-Ionosphere,Minimo,33,NA
UNDERSAMPLING,04-Ionosphere,Minimo,34,NA
UNDERSAMPLING,04-Ionosphere,Minimo,35,NA
UNDERSAMPLING,04-Ionosphere,Minimo,36,NA
UNDERSAMPLING,04-Ionosphere,Minimo,37,NA
UNDERSAMPLING,04-Ionosphere,Minimo,38,NA
UNDERSAMPLING,04-Ionosphere,Minimo,39,NA
UNDERSAMPLING,04-Ionosphere,Minimo,40,NA
UNDERSAMPLING,04-Ionosphere,Minimo,41,NA
UNDERSAMPLING,04-Ionosphere,Minimo,42,NA
UNDERSAMPLING,04-Ionosphere,Minimo,43,NA
UNDERSAMPLING,04-Ionosphere,Minimo,44,NA
UNDERSAMPLING,04-Ionosphere,Minimo,45,NA
UNDERSAMPLING,04-Ionosphere,Minimo,46,NA
UNDERSAMPLING,04-Ionosphere,Minimo,48,NA
UNDERSAMPLING,04-Ionosphere,Minimo,49,NA
UNDERSAMPLING,04-Ionosphere,Maximo,time,NA
UNDERSAMPLING,04-Ionosphere,Maximo,v1,NA
UNDERSAMPLING,04-Ionosphere,Maximo,v2,NA
UNDERSAMPLING,04-Ionosphere,Maximo,v3,NA
UNDERSAMPLING,04-Ionosphere,Maximo,v4,NA
UNDERSAMPLING,04-Ionosphere,Maximo,v5,NA
UNDERSAMPLING,04-Ionosphere,Maximo,v6,NA
UNDERSAMPLING,04-Ionosphere,Maximo,v7,NA
UNDERSAMPLING,04-Ionosphere,Maximo,v8,NA
UNDERSAMPLING,04-Ionosphere,Maximo,v9,NA
UNDERSAMPLING,04-Ionosphere,Maximo,v10,NA
UNDERSAMPLING,04-Ionosphere,Maximo,v11,NA
UNDERSAMPLING,04-Ionosphere,Maximo,v12,NA
UNDERSAMPLING,04-Ionosphere,Maximo,v13,NA
UNDERSAMPLING,04-Ionosphere,Maximo,v14,NA
UNDERSAMPLING,04-Ionosphere,Maximo,v15,NA
UNDERSAMPLING,04-Ionosphere,Maximo,v16,NA
UNDERSAMPLING,04-Ionosphere,Maximo,v17,NA
UNDERSAMPLING,04-Ionosphere,Maximo,v18,NA
UNDERSAMPLING,04-Ionosphere,Maximo,v19,NA
UNDERSAMPLING,04-Ionosphere,Maximo,v20,NA
UNDERSAMPLING,04-Ionosphere,Maximo,v21,NA
UNDERSAMPLING,04-Ionosphere,Maximo,v22,NA
UNDERSAMPLING,04-Ionosphere,Maximo,v23,NA
UNDERSAMPLING,04-Ionosphere,Maximo,v24,NA
UNDERSAMPLING,04-Ionosphere,Maximo,v25,NA
UNDERSAMPLING,04-Ionosphere,Maximo,v26,NA
UNDERSAMPLING,04-Ionosphere,Maximo,v27,NA
UNDERSAMPLING,04-Ionosphere,Maximo,v28,NA
UNDERSAMPLING,04-Ionosphere,Maximo,amount,NA
UNDERSAMPLING,04-Ionosphere,Maximo,radius1,NA
UNDERSAMPLING,04-Ionosphere,Maximo,texture1,NA
UNDERSAMPLING,04-Ionosphere,Maximo,perimeter1,NA
UNDERSAMPLING,04-Ionosphere,Maximo,area1,NA
UNDERSAMPLING,04-Ionosphere,Maximo,smoothness1,NA
UNDERSAMPLING,04-Ionosphere,Maximo,compactness1,NA
UNDERSAMPLING,04-Ionosphere,Maximo,concavity1,NA
UNDERSAMPLING,04-Ionosphere,Maximo,concave_points1,NA
UNDERSAMPLING,04-Ionosphere,Maximo,symmetry1,NA
UNDERSAMPLING,04-Ionosphere,Maximo,fractal_dimension1,NA
UNDERSAMPLING,04-Ionosphere,Maximo,radius2,NA
UNDERSAMPLING,04-Ionosphere,Maximo,texture2,NA
UNDERSAMPLING,04-Ionosphere,Maximo,perimeter2,NA
UNDERSAMPLING,04-Ionosphere,Maximo,area2,NA
UNDERSAMPLING,04-Ionosphere,Maximo,smoothness2,NA
UNDERSAMPLING,04-Ionosphere,Maximo,compactness2,NA
UNDERSAMPLING,04-Ionosphere,Maximo,concavity2,NA
UNDERSAMPLING,04-Ionosphere,Maximo,concave_points2,NA
UNDERSAMPLING,04-Ionosphere,Maximo,symmetry2,NA
UNDERSAMPLING,04-Ionosphere,Maximo,fractal_dimension2,NA
UNDERSAMPLING,04-Ionosphere,Maximo,radius3,NA
UNDERSAMPLING,04-Ionosphere,Maximo,texture3,NA
UNDERSAMPLING,04-Ionosphere,Maximo,perimeter3,NA
UNDERSAMPLING,04-Ionosphere,Maximo,area3,NA
UNDERSAMPLING,04-Ionosphere,Maximo,smoothness3,NA
UNDERSAMPLING,04-Ionosphere,Maximo,compactness3,NA
UNDERSAMPLING,04-Ionosphere,Maximo,concavity3,NA
UNDERSAMPLING,04-Ionosphere,Maximo,concave_points3,NA
UNDERSAMPLING,04-Ionosphere,Maximo,symmetry3,NA
UNDERSAMPLING,04-Ionosphere,Maximo,fractal_dimension3,NA
UNDERSAMPLING,04-Ionosphere,Maximo,pregnancies,NA
UNDERSAMPLING,04-Ionosphere,Maximo,glucose,NA
UNDERSAMPLING,04-Ionosphere,Maximo,bloodpressure,NA
UNDERSAMPLING,04-Ionosphere,Maximo,skinthickness,NA
UNDERSAMPLING,04-Ionosphere,Maximo,insulin,NA
UNDERSAMPLING,04-Ionosphere,Maximo,bmi,NA
UNDERSAMPLING,04-Ionosphere,Maximo,diabetespedigreefunction,NA
UNDERSAMPLING,04-Ionosphere,Maximo,age,NA
UNDERSAMPLING,04-Ionosphere,Maximo,attribute01,1
UNDERSAMPLING,04-Ionosphere,Maximo,attribute02,0
UNDERSAMPLING,04-Ionosphere,Maximo,attribute03,1
UNDERSAMPLING,04-Ionosphere,Maximo,attribute04,1
UNDERSAMPLING,04-Ionosphere,Maximo,attribute05,1
UNDERSAMPLING,04-Ionosphere,Maximo,attribute06,1
UNDERSAMPLING,04-Ionosphere,Maximo,attribute07,1
UNDERSAMPLING,04-Ionosphere,Maximo,attribute08,1
UNDERSAMPLING,04-Ionosphere,Maximo,attribute09,1
UNDERSAMPLING,04-Ionosphere,Maximo,attribute10,1
UNDERSAMPLING,04-Ionosphere,Maximo,attribute11,1
UNDERSAMPLING,04-Ionosphere,Maximo,attribute12,1
UNDERSAMPLING,04-Ionosphere,Maximo,attribute13,1
UNDERSAMPLING,04-Ionosphere,Maximo,attribute14,1
UNDERSAMPLING,04-Ionosphere,Maximo,attribute15,1
UNDERSAMPLING,04-Ionosphere,Maximo,attribute16,1
UNDERSAMPLING,04-Ionosphere,Maximo,attribute17,1
UNDERSAMPLING,04-Ionosphere,Maximo,attribute18,1
UNDERSAMPLING,04-Ionosphere,Maximo,attribute19,1
UNDERSAMPLING,04-Ionosphere,Maximo,attribute20,1
UNDERSAMPLING,04-Ionosphere,Maximo,attribute21,1
UNDERSAMPLING,04-Ionosphere,Maximo,attribute22,1
UNDERSAMPLING,04-Ionosphere,Maximo,attribute23,1
UNDERSAMPLING,04-Ionosphere,Maximo,attribute24,1
UNDERSAMPLING,04-Ionosphere,Maximo,attribute25,1
UNDERSAMPLING,04-Ionosphere,Maximo,attribute26,1
UNDERSAMPLING,04-Ionosphere,Maximo,attribute27,1
UNDERSAMPLING,04-Ionosphere,Maximo,attribute28,1
UNDERSAMPLING,04-Ionosphere,Maximo,attribute29,1
UNDERSAMPLING,04-Ionosphere,Maximo,attribute30,1
UNDERSAMPLING,04-Ionosphere,Maximo,attribute31,1
UNDERSAMPLING,04-Ionosphere,Maximo,attribute32,1
UNDERSAMPLING,04-Ionosphere,Maximo,attribute33,1
UNDERSAMPLING,04-Ionosphere,Maximo,attribute34,1
UNDERSAMPLING,04-Ionosphere,Maximo,aa,NA
UNDERSAMPLING,04-Ionosphere,Maximo,ao,NA
UNDERSAMPLING,04-Ionosphere,Maximo,dcl,NA
UNDERSAMPLING,04-Ionosphere,Maximo,iy,NA
UNDERSAMPLING,04-Ionosphere,Maximo,sh,NA
UNDERSAMPLING,04-Ionosphere,Maximo,0,NA
UNDERSAMPLING,04-Ionosphere,Maximo,1,NA
UNDERSAMPLING,04-Ionosphere,Maximo,2,NA
UNDERSAMPLING,04-Ionosphere,Maximo,3,NA
UNDERSAMPLING,04-Ionosphere,Maximo,4,NA
UNDERSAMPLING,04-Ionosphere,Maximo,5,NA
UNDERSAMPLING,04-Ionosphere,Maximo,6,NA
UNDERSAMPLING,04-Ionosphere,Maximo,7,NA
UNDERSAMPLING,04-Ionosphere,Maximo,8,NA
UNDERSAMPLING,04-Ionosphere,Maximo,9,NA
UNDERSAMPLING,04-Ionosphere,Maximo,10,NA
UNDERSAMPLING,04-Ionosphere,Maximo,11,NA
UNDERSAMPLING,04-Ionosphere,Maximo,12,NA
UNDERSAMPLING,04-Ionosphere,Maximo,13,NA
UNDERSAMPLING,04-Ionosphere,Maximo,14,NA
UNDERSAMPLING,04-Ionosphere,Maximo,15,NA
UNDERSAMPLING,04-Ionosphere,Maximo,16,NA
UNDERSAMPLING,04-Ionosphere,Maximo,17,NA
UNDERSAMPLING,04-Ionosphere,Maximo,18,NA
UNDERSAMPLING,04-Ionosphere,Maximo,19,NA
UNDERSAMPLING,04-Ionosphere,Maximo,20,NA
UNDERSAMPLING,04-Ionosphere,Maximo,21,NA
UNDERSAMPLING,04-Ionosphere,Maximo,22,NA
UNDERSAMPLING,04-Ionosphere,Maximo,23,NA
UNDERSAMPLING,04-Ionosphere,Maximo,24,NA
UNDERSAMPLING,04-Ionosphere,Maximo,25,NA
UNDERSAMPLING,04-Ionosphere,Maximo,26,NA
UNDERSAMPLING,04-Ionosphere,Maximo,27,NA
UNDERSAMPLING,04-Ionosphere,Maximo,28,NA
UNDERSAMPLING,04-Ionosphere,Maximo,29,NA
UNDERSAMPLING,04-Ionosphere,Maximo,30,NA
UNDERSAMPLING,04-Ionosphere,Maximo,31,NA
UNDERSAMPLING,04-Ionosphere,Maximo,32,NA
UNDERSAMPLING,04-Ionosphere,Maximo,33,NA
UNDERSAMPLING,04-Ionosphere,Maximo,34,NA
UNDERSAMPLING,04-Ionosphere,Maximo,35,NA
UNDERSAMPLING,04-Ionosphere,Maximo,36,NA
UNDERSAMPLING,04-Ionosphere,Maximo,37,NA
UNDERSAMPLING,04-Ionosphere,Maximo,38,NA
UNDERSAMPLING,04-Ionosphere,Maximo,39,NA
UNDERSAMPLING,04-Ionosphere,Maximo,40,NA
UNDERSAMPLING,04-Ionosphere,Maximo,41,NA
UNDERSAMPLING,04-Ionosphere,Maximo,42,NA
UNDERSAMPLING,04-Ionosphere,Maximo,43,NA
UNDERSAMPLING,04-Ionosphere,Maximo,44,NA
UNDERSAMPLING,04-Ionosphere,Maximo,45,NA
UNDERSAMPLING,04-Ionosphere,Maximo,46,NA
UNDERSAMPLING,04-Ionosphere,Maximo,48,NA
UNDERSAMPLING,04-Ionosphere,Maximo,49,NA
UNDERSAMPLING,05-phoneme,Media,time,NA
UNDERSAMPLING,05-phoneme,Media,v1,NA
UNDERSAMPLING,05-phoneme,Media,v2,NA
UNDERSAMPLING,05-phoneme,Media,v3,NA
UNDERSAMPLING,05-phoneme,Media,v4,NA
UNDERSAMPLING,05-phoneme,Media,v5,NA
UNDERSAMPLING,05-phoneme,Media,v6,NA
UNDERSAMPLING,05-phoneme,Media,v7,NA
UNDERSAMPLING,05-phoneme,Media,v8,NA
UNDERSAMPLING,05-phoneme,Media,v9,NA
UNDERSAMPLING,05-phoneme,Media,v10,NA
UNDERSAMPLING,05-phoneme,Media,v11,NA
UNDERSAMPLING,05-phoneme,Media,v12,NA
UNDERSAMPLING,05-phoneme,Media,v13,NA
UNDERSAMPLING,05-phoneme,Media,v14,NA
UNDERSAMPLING,05-phoneme,Media,v15,NA
UNDERSAMPLING,05-phoneme,Media,v16,NA
UNDERSAMPLING,05-phoneme,Media,v17,NA
UNDERSAMPLING,05-phoneme,Media,v18,NA
UNDERSAMPLING,05-phoneme,Media,v19,NA
UNDERSAMPLING,05-phoneme,Media,v20,NA
UNDERSAMPLING,05-phoneme,Media,v21,NA
UNDERSAMPLING,05-phoneme,Media,v22,NA
UNDERSAMPLING,05-phoneme,Media,v23,NA
UNDERSAMPLING,05-phoneme,Media,v24,NA
UNDERSAMPLING,05-phoneme,Media,v25,NA
UNDERSAMPLING,05-phoneme,Media,v26,NA
UNDERSAMPLING,05-phoneme,Media,v27,NA
UNDERSAMPLING,05-phoneme,Media,v28,NA
UNDERSAMPLING,05-phoneme,Media,amount,NA
UNDERSAMPLING,05-phoneme,Media,radius1,NA
UNDERSAMPLING,05-phoneme,Media,texture1,NA
UNDERSAMPLING,05-phoneme,Media,perimeter1,NA
UNDERSAMPLING,05-phoneme,Media,area1,NA
UNDERSAMPLING,05-phoneme,Media,smoothness1,NA
UNDERSAMPLING,05-phoneme,Media,compactness1,NA
UNDERSAMPLING,05-phoneme,Media,concavity1,NA
UNDERSAMPLING,05-phoneme,Media,concave_points1,NA
UNDERSAMPLING,05-phoneme,Media,symmetry1,NA
UNDERSAMPLING,05-phoneme,Media,fractal_dimension1,NA
UNDERSAMPLING,05-phoneme,Media,radius2,NA
UNDERSAMPLING,05-phoneme,Media,texture2,NA
UNDERSAMPLING,05-phoneme,Media,perimeter2,NA
UNDERSAMPLING,05-phoneme,Media,area2,NA
UNDERSAMPLING,05-phoneme,Media,smoothness2,NA
UNDERSAMPLING,05-phoneme,Media,compactness2,NA
UNDERSAMPLING,05-phoneme,Media,concavity2,NA
UNDERSAMPLING,05-phoneme,Media,concave_points2,NA
UNDERSAMPLING,05-phoneme,Media,symmetry2,NA
UNDERSAMPLING,05-phoneme,Media,fractal_dimension2,NA
UNDERSAMPLING,05-phoneme,Media,radius3,NA
UNDERSAMPLING,05-phoneme,Media,texture3,NA
UNDERSAMPLING,05-phoneme,Media,perimeter3,NA
UNDERSAMPLING,05-phoneme,Media,area3,NA
UNDERSAMPLING,05-phoneme,Media,smoothness3,NA
UNDERSAMPLING,05-phoneme,Media,compactness3,NA
UNDERSAMPLING,05-phoneme,Media,concavity3,NA
UNDERSAMPLING,05-phoneme,Media,concave_points3,NA
UNDERSAMPLING,05-phoneme,Media,symmetry3,NA
UNDERSAMPLING,05-phoneme,Media,fractal_dimension3,NA
UNDERSAMPLING,05-phoneme,Media,pregnancies,NA
UNDERSAMPLING,05-phoneme,Media,glucose,NA
UNDERSAMPLING,05-phoneme,Media,bloodpressure,NA
UNDERSAMPLING,05-phoneme,Media,skinthickness,NA
UNDERSAMPLING,05-phoneme,Media,insulin,NA
UNDERSAMPLING,05-phoneme,Media,bmi,NA
UNDERSAMPLING,05-phoneme,Media,diabetespedigreefunction,NA
UNDERSAMPLING,05-phoneme,Media,age,NA
UNDERSAMPLING,05-phoneme,Media,attribute01,NA
UNDERSAMPLING,05-phoneme,Media,attribute02,NA
UNDERSAMPLING,05-phoneme,Media,attribute03,NA
UNDERSAMPLING,05-phoneme,Media,attribute04,NA
UNDERSAMPLING,05-phoneme,Media,attribute05,NA
UNDERSAMPLING,05-phoneme,Media,attribute06,NA
UNDERSAMPLING,05-phoneme,Media,attribute07,NA
UNDERSAMPLING,05-phoneme,Media,attribute08,NA
UNDERSAMPLING,05-phoneme,Media,attribute09,NA
UNDERSAMPLING,05-phoneme,Media,attribute10,NA
UNDERSAMPLING,05-phoneme,Media,attribute11,NA
UNDERSAMPLING,05-phoneme,Media,attribute12,NA
UNDERSAMPLING,05-phoneme,Media,attribute13,NA
UNDERSAMPLING,05-phoneme,Media,attribute14,NA
UNDERSAMPLING,05-phoneme,Media,attribute15,NA
UNDERSAMPLING,05-phoneme,Media,attribute16,NA
UNDERSAMPLING,05-phoneme,Media,attribute17,NA
UNDERSAMPLING,05-phoneme,Media,attribute18,NA
UNDERSAMPLING,05-phoneme,Media,attribute19,NA
UNDERSAMPLING,05-phoneme,Media,attribute20,NA
UNDERSAMPLING,05-phoneme,Media,attribute21,NA
UNDERSAMPLING,05-phoneme,Media,attribute22,NA
UNDERSAMPLING,05-phoneme,Media,attribute23,NA
UNDERSAMPLING,05-phoneme,Media,attribute24,NA
UNDERSAMPLING,05-phoneme,Media,attribute25,NA
UNDERSAMPLING,05-phoneme,Media,attribute26,NA
UNDERSAMPLING,05-phoneme,Media,attribute27,NA
UNDERSAMPLING,05-phoneme,Media,attribute28,NA
UNDERSAMPLING,05-phoneme,Media,attribute29,NA
UNDERSAMPLING,05-phoneme,Media,attribute30,NA
UNDERSAMPLING,05-phoneme,Media,attribute31,NA
UNDERSAMPLING,05-phoneme,Media,attribute32,NA
UNDERSAMPLING,05-phoneme,Media,attribute33,NA
UNDERSAMPLING,05-phoneme,Media,attribute34,NA
UNDERSAMPLING,05-phoneme,Media,aa,0.7076923076923077
UNDERSAMPLING,05-phoneme,Media,ao,1.163499054224464
UNDERSAMPLING,05-phoneme,Media,dcl,0.9118486759142497
UNDERSAMPLING,05-phoneme,Media,iy,0.5165825977301387
UNDERSAMPLING,05-phoneme,Media,sh,0.11902427490542244
UNDERSAMPLING,05-phoneme,Media,0,NA
UNDERSAMPLING,05-phoneme,Media,1,NA
UNDERSAMPLING,05-phoneme,Media,2,NA
UNDERSAMPLING,05-phoneme,Media,3,NA
UNDERSAMPLING,05-phoneme,Media,4,NA
UNDERSAMPLING,05-phoneme,Media,5,NA
UNDERSAMPLING,05-phoneme,Media,6,NA
UNDERSAMPLING,05-phoneme,Media,7,NA
UNDERSAMPLING,05-phoneme,Media,8,NA
UNDERSAMPLING,05-phoneme,Media,9,NA
UNDERSAMPLING,05-phoneme,Media,10,NA
UNDERSAMPLING,05-phoneme,Media,11,NA
UNDERSAMPLING,05-phoneme,Media,12,NA
UNDERSAMPLING,05-phoneme,Media,13,NA
UNDERSAMPLING,05-phoneme,Media,14,NA
UNDERSAMPLING,05-phoneme,Media,15,NA
UNDERSAMPLING,05-phoneme,Media,16,NA
UNDERSAMPLING,05-phoneme,Media,17,NA
UNDERSAMPLING,05-phoneme,Media,18,NA
UNDERSAMPLING,05-phoneme,Media,19,NA
UNDERSAMPLING,05-phoneme,Media,20,NA
UNDERSAMPLING,05-phoneme,Media,21,NA
UNDERSAMPLING,05-phoneme,Media,22,NA
UNDERSAMPLING,05-phoneme,Media,23,NA
UNDERSAMPLING,05-phoneme,Media,24,NA
UNDERSAMPLING,05-phoneme,Media,25,NA
UNDERSAMPLING,05-phoneme,Media,26,NA
UNDERSAMPLING,05-phoneme,Media,27,NA
UNDERSAMPLING,05-phoneme,Media,28,NA
UNDERSAMPLING,05-phoneme,Media,29,NA
UNDERSAMPLING,05-phoneme,Media,30,NA
UNDERSAMPLING,05-phoneme,Media,31,NA
UNDERSAMPLING,05-phoneme,Media,32,NA
UNDERSAMPLING,05-phoneme,Media,33,NA
UNDERSAMPLING,05-phoneme,Media,34,NA
UNDERSAMPLING,05-phoneme,Media,35,NA
UNDERSAMPLING,05-phoneme,Media,36,NA
UNDERSAMPLING,05-phoneme,Media,37,NA
UNDERSAMPLING,05-phoneme,Media,38,NA
UNDERSAMPLING,05-phoneme,Media,39,NA
UNDERSAMPLING,05-phoneme,Media,40,NA
UNDERSAMPLING,05-phoneme,Media,41,NA
UNDERSAMPLING,05-phoneme,Media,42,NA
UNDERSAMPLING,05-phoneme,Media,43,NA
UNDERSAMPLING,05-phoneme,Media,44,NA
UNDERSAMPLING,05-phoneme,Media,45,NA
UNDERSAMPLING,05-phoneme,Media,46,NA
UNDERSAMPLING,05-phoneme,Media,48,NA
UNDERSAMPLING,05-phoneme,Media,49,NA
UNDERSAMPLING,05-phoneme,Desvio_Padrao,time,NA
UNDERSAMPLING,05-phoneme,Desvio_Padrao,v1,NA
UNDERSAMPLING,05-phoneme,Desvio_Padrao,v2,NA
UNDERSAMPLING,05-phoneme,Desvio_Padrao,v3,NA
UNDERSAMPLING,05-phoneme,Desvio_Padrao,v4,NA
UNDERSAMPLING,05-phoneme,Desvio_Padrao,v5,NA
UNDERSAMPLING,05-phoneme,Desvio_Padrao,v6,NA
UNDERSAMPLING,05-phoneme,Desvio_Padrao,v7,NA
UNDERSAMPLING,05-phoneme,Desvio_Padrao,v8,NA
UNDERSAMPLING,05-phoneme,Desvio_Padrao,v9,NA
UNDERSAMPLING,05-phoneme,Desvio_Padrao,v10,NA
UNDERSAMPLING,05-phoneme,Desvio_Padrao,v11,NA
UNDERSAMPLING,05-phoneme,Desvio_Padrao,v12,NA
UNDERSAMPLING,05-phoneme,Desvio_Padrao,v13,NA
UNDERSAMPLING,05-phoneme,Desvio_Padrao,v14,NA
UNDERSAMPLING,05-phoneme,Desvio_Padrao,v15,NA
UNDERSAMPLING,05-phoneme,Desvio_Padrao,v16,NA
UNDERSAMPLING,05-phoneme,Desvio_Padrao,v17,NA
UNDERSAMPLING,05-phoneme,Desvio_Padrao,v18,NA
UNDERSAMPLING,05-phoneme,Desvio_Padrao,v19,NA
UNDERSAMPLING,05-phoneme,Desvio_Padrao,v20,NA
UNDERSAMPLING,05-phoneme,Desvio_Padrao,v21,NA
UNDERSAMPLING,05-phoneme,Desvio_Padrao,v22,NA
UNDERSAMPLING,05-phoneme,Desvio_Padrao,v23,NA
UNDERSAMPLING,05-phoneme,Desvio_Padrao,v24,NA
UNDERSAMPLING,05-phoneme,Desvio_Padrao,v25,NA
UNDERSAMPLING,05-phoneme,Desvio_Padrao,v26,NA
UNDERSAMPLING,05-phoneme,Desvio_Padrao,v27,NA
UNDERSAMPLING,05-phoneme,Desvio_Padrao,v28,NA
UNDERSAMPLING,05-phoneme,Desvio_Padrao,amount,NA
UNDERSAMPLING,05-phoneme,Desvio_Padrao,radius1,NA
UNDERSAMPLING,05-phoneme,Desvio_Padrao,texture1,NA
UNDERSAMPLING,05-phoneme,Desvio_Padrao,perimeter1,NA
UNDERSAMPLING,05-phoneme,Desvio_Padrao,area1,NA
UNDERSAMPLING,05-phoneme,Desvio_Padrao,smoothness1,NA
UNDERSAMPLING,05-phoneme,Desvio_Padrao,compactness1,NA
UNDERSAMPLING,05-phoneme,Desvio_Padrao,concavity1,NA
UNDERSAMPLING,05-phoneme,Desvio_Padrao,concave_points1,NA
UNDERSAMPLING,05-phoneme,Desvio_Padrao,symmetry1,NA
UNDERSAMPLING,05-phoneme,Desvio_Padrao,fractal_dimension1,NA
UNDERSAMPLING,05-phoneme,Desvio_Padrao,radius2,NA
UNDERSAMPLING,05-phoneme,Desvio_Padrao,texture2,NA
UNDERSAMPLING,05-phoneme,Desvio_Padrao,perimeter2,NA
UNDERSAMPLING,05-phoneme,Desvio_Padrao,area2,NA
UNDERSAMPLING,05-phoneme,Desvio_Padrao,smoothness2,NA
UNDERSAMPLING,05-phoneme,Desvio_Padrao,compactness2,NA
UNDERSAMPLING,05-phoneme,Desvio_Padrao,concavity2,NA
UNDERSAMPLING,05-phoneme,Desvio_Padrao,concave_points2,NA
UNDERSAMPLING,05-phoneme,Desvio_Padrao,symmetry2,NA
UNDERSAMPLING,05-phoneme,Desvio_Padrao,fractal_dimension2,NA
UNDERSAMPLING,05-phoneme,Desvio_Padrao,radius3,NA
UNDERSAMPLING,05-phoneme,Desvio_Padrao,texture3,NA
UNDERSAMPLING,05-phoneme,Desvio_Padrao,perimeter3,NA
UNDERSAMPLING,05-phoneme,Desvio_Padrao,area3,NA
UNDERSAMPLING,05-phoneme,Desvio_Padrao,smoothness3,NA
UNDERSAMPLING,05-phoneme,Desvio_Padrao,compactness3,NA
UNDERSAMPLING,05-phoneme,Desvio_Padrao,concavity3,NA
UNDERSAMPLING,05-phoneme,Desvio_Padrao,concave_points3,NA
UNDERSAMPLING,05-phoneme,Desvio_Padrao,symmetry3,NA
UNDERSAMPLING,05-phoneme,Desvio_Padrao,fractal_dimension3,NA
UNDERSAMPLING,05-phoneme,Desvio_Padrao,pregnancies,NA
UNDERSAMPLING,05-phoneme,Desvio_Padrao,glucose,NA
UNDERSAMPLING,05-phoneme,Desvio_Padrao,bloodpressure,NA
UNDERSAMPLING,05-phoneme,Desvio_Padrao,skinthickness,NA
UNDERSAMPLING,05-phoneme,Desvio_Padrao,insulin,NA
UNDERSAMPLING,05-phoneme,Desvio_Padrao,bmi,NA
UNDERSAMPLING,05-phoneme,Desvio_Padrao,diabetespedigreefunction,NA
UNDERSAMPLING,05-phoneme,Desvio_Padrao,age,NA
UNDERSAMPLING,05-phoneme,Desvio_Padrao,attribute01,NA
UNDERSAMPLING,05-phoneme,Desvio_Padrao,attribute02,NA
UNDERSAMPLING,05-phoneme,Desvio_Padrao,attribute03,NA
UNDERSAMPLING,05-phoneme,Desvio_Padrao,attribute04,NA
UNDERSAMPLING,05-phoneme,Desvio_Padrao,attribute05,NA
UNDERSAMPLING,05-phoneme,Desvio_Padrao,attribute06,NA
UNDERSAMPLING,05-phoneme,Desvio_Padrao,attribute07,NA
UNDERSAMPLING,05-phoneme,Desvio_Padrao,attribute08,NA
UNDERSAMPLING,05-phoneme,Desvio_Padrao,attribute09,NA
UNDERSAMPLING,05-phoneme,Desvio_Padrao,attribute10,NA
UNDERSAMPLING,05-phoneme,Desvio_Padrao,attribute11,NA
UNDERSAMPLING,05-phoneme,Desvio_Padrao,attribute12,NA
UNDERSAMPLING,05-phoneme,Desvio_Padrao,attribute13,NA
UNDERSAMPLING,05-phoneme,Desvio_Padrao,attribute14,NA
UNDERSAMPLING,05-phoneme,Desvio_Padrao,attribute15,NA
UNDERSAMPLING,05-phoneme,Desvio_Padrao,attribute16,NA
UNDERSAMPLING,05-phoneme,Desvio_Padrao,attribute17,NA
UNDERSAMPLING,05-phoneme,Desvio_Padrao,attribute18,NA
UNDERSAMPLING,05-phoneme,Desvio_Padrao,attribute19,NA
UNDERSAMPLING,05-phoneme,Desvio_Padrao,attribute20,NA
UNDERSAMPLING,05-phoneme,Desvio_Padrao,attribute21,NA
UNDERSAMPLING,05-phoneme,Desvio_Padrao,attribute22,NA
UNDERSAMPLING,05-phoneme,Desvio_Padrao,attribute23,NA
UNDERSAMPLING,05-phoneme,Desvio_Padrao,attribute24,NA
UNDERSAMPLING,05-phoneme,Desvio_Padrao,attribute25,NA
UNDERSAMPLING,05-phoneme,Desvio_Padrao,attribute26,NA
UNDERSAMPLING,05-phoneme,Desvio_Padrao,attribute27,NA
UNDERSAMPLING,05-phoneme,Desvio_Padrao,attribute28,NA
UNDERSAMPLING,05-phoneme,Desvio_Padrao,attribute29,NA
UNDERSAMPLING,05-phoneme,Desvio_Padrao,attribute30,NA
UNDERSAMPLING,05-phoneme,Desvio_Padrao,attribute31,NA
UNDERSAMPLING,05-phoneme,Desvio_Padrao,attribute32,NA
UNDERSAMPLING,05-phoneme,Desvio_Padrao,attribute33,NA
UNDERSAMPLING,05-phoneme,Desvio_Padrao,attribute34,NA
UNDERSAMPLING,05-phoneme,Desvio_Padrao,aa,0.7667903485085407
UNDERSAMPLING,05-phoneme,Desvio_Padrao,ao,0.8049256273286889
UNDERSAMPLING,05-phoneme,Desvio_Padrao,dcl,0.8947265849050583
UNDERSAMPLING,05-phoneme,Desvio_Padrao,iy,0.8411959281388085
UNDERSAMPLING,05-phoneme,Desvio_Padrao,sh,0.6476481964908081
UNDERSAMPLING,05-phoneme,Desvio_Padrao,0,NA
UNDERSAMPLING,05-phoneme,Desvio_Padrao,1,NA
UNDERSAMPLING,05-phoneme,Desvio_Padrao,2,NA
UNDERSAMPLING,05-phoneme,Desvio_Padrao,3,NA
UNDERSAMPLING,05-phoneme,Desvio_Padrao,4,NA
UNDERSAMPLING,05-phoneme,Desvio_Padrao,5,NA
UNDERSAMPLING,05-phoneme,Desvio_Padrao,6,NA
UNDERSAMPLING,05-phoneme,Desvio_Padrao,7,NA
UNDERSAMPLING,05-phoneme,Desvio_Padrao,8,NA
UNDERSAMPLING,05-phoneme,Desvio_Padrao,9,NA
UNDERSAMPLING,05-phoneme,Desvio_Padrao,10,NA
UNDERSAMPLING,05-phoneme,Desvio_Padrao,11,NA
UNDERSAMPLING,05-phoneme,Desvio_Padrao,12,NA
UNDERSAMPLING,05-phoneme,Desvio_Padrao,13,NA
UNDERSAMPLING,05-phoneme,Desvio_Padrao,14,NA
UNDERSAMPLING,05-phoneme,Desvio_Padrao,15,NA
UNDERSAMPLING,05-phoneme,Desvio_Padrao,16,NA
UNDERSAMPLING,05-phoneme,Desvio_Padrao,17,NA
UNDERSAMPLING,05-phoneme,Desvio_Padrao,18,NA
UNDERSAMPLING,05-phoneme,Desvio_Padrao,19,NA
UNDERSAMPLING,05-phoneme,Desvio_Padrao,20,NA
UNDERSAMPLING,05-phoneme,Desvio_Padrao,21,NA
UNDERSAMPLING,05-phoneme,Desvio_Padrao,22,NA
UNDERSAMPLING,05-phoneme,Desvio_Padrao,23,NA
UNDERSAMPLING,05-phoneme,Desvio_Padrao,24,NA
UNDERSAMPLING,05-phoneme,Desvio_Padrao,25,NA
UNDERSAMPLING,05-phoneme,Desvio_Padrao,26,NA
UNDERSAMPLING,05-phoneme,Desvio_Padrao,27,NA
UNDERSAMPLING,05-phoneme,Desvio_Padrao,28,NA
UNDERSAMPLING,05-phoneme,Desvio_Padrao,29,NA
UNDERSAMPLING,05-phoneme,Desvio_Padrao,30,NA
UNDERSAMPLING,05-phoneme,Desvio_Padrao,31,NA
UNDERSAMPLING,05-phoneme,Desvio_Padrao,32,NA
UNDERSAMPLING,05-phoneme,Desvio_Padrao,33,NA
UNDERSAMPLING,05-phoneme,Desvio_Padrao,34,NA
UNDERSAMPLING,05-phoneme,Desvio_Padrao,35,NA
UNDERSAMPLING,05-phoneme,Desvio_Padrao,36,NA
UNDERSAMPLING,05-phoneme,Desvio_Padrao,37,NA
UNDERSAMPLING,05-phoneme,Desvio_Padrao,38,NA
UNDERSAMPLING,05-phoneme,Desvio_Padrao,39,NA
UNDERSAMPLING,05-phoneme,Desvio_Padrao,40,NA
UNDERSAMPLING,05-phoneme,Desvio_Padrao,41,NA
UNDERSAMPLING,05-phoneme,Desvio_Padrao,42,NA
UNDERSAMPLING,05-phoneme,Desvio_Padrao,43,NA
UNDERSAMPLING,05-phoneme,Desvio_Padrao,44,NA
UNDERSAMPLING,05-phoneme,Desvio_Padrao,45,NA
UNDERSAMPLING,05-phoneme,Desvio_Padrao,46,NA
UNDERSAMPLING,05-phoneme,Desvio_Padrao,48,NA
UNDERSAMPLING,05-phoneme,Desvio_Padrao,49,NA
UNDERSAMPLING,05-phoneme,Minimo,time,NA
UNDERSAMPLING,05-phoneme,Minimo,v1,NA
UNDERSAMPLING,05-phoneme,Minimo,v2,NA
UNDERSAMPLING,05-phoneme,Minimo,v3,NA
UNDERSAMPLING,05-phoneme,Minimo,v4,NA
UNDERSAMPLING,05-phoneme,Minimo,v5,NA
UNDERSAMPLING,05-phoneme,Minimo,v6,NA
UNDERSAMPLING,05-phoneme,Minimo,v7,NA
UNDERSAMPLING,05-phoneme,Minimo,v8,NA
UNDERSAMPLING,05-phoneme,Minimo,v9,NA
UNDERSAMPLING,05-phoneme,Minimo,v10,NA
UNDERSAMPLING,05-phoneme,Minimo,v11,NA
UNDERSAMPLING,05-phoneme,Minimo,v12,NA
UNDERSAMPLING,05-phoneme,Minimo,v13,NA
UNDERSAMPLING,05-phoneme,Minimo,v14,NA
UNDERSAMPLING,05-phoneme,Minimo,v15,NA
UNDERSAMPLING,05-phoneme,Minimo,v16,NA
UNDERSAMPLING,05-phoneme,Minimo,v17,NA
UNDERSAMPLING,05-phoneme,Minimo,v18,NA
UNDERSAMPLING,05-phoneme,Minimo,v19,NA
UNDERSAMPLING,05-phoneme,Minimo,v20,NA
UNDERSAMPLING,05-phoneme,Minimo,v21,NA
UNDERSAMPLING,05-phoneme,Minimo,v22,NA
UNDERSAMPLING,05-phoneme,Minimo,v23,NA
UNDERSAMPLING,05-phoneme,Minimo,v24,NA
UNDERSAMPLING,05-phoneme,Minimo,v25,NA
UNDERSAMPLING,05-phoneme,Minimo,v26,NA
UNDERSAMPLING,05-phoneme,Minimo,v27,NA
UNDERSAMPLING,05-phoneme,Minimo,v28,NA
UNDERSAMPLING,05-phoneme,Minimo,amount,NA
UNDERSAMPLING,05-phoneme,Minimo,radius1,NA
UNDERSAMPLING,05-phoneme,Minimo,texture1,NA
UNDERSAMPLING,05-phoneme,Minimo,perimeter1,NA
UNDERSAMPLING,05-phoneme,Minimo,area1,NA
UNDERSAMPLING,05-phoneme,Minimo,smoothness1,NA
UNDERSAMPLING,05-phoneme,Minimo,compactness1,NA
UNDERSAMPLING,05-phoneme,Minimo,concavity1,NA
UNDERSAMPLING,05-phoneme,Minimo,concave_points1,NA
UNDERSAMPLING,05-phoneme,Minimo,symmetry1,NA
UNDERSAMPLING,05-phoneme,Minimo,fractal_dimension1,NA
UNDERSAMPLING,05-phoneme,Minimo,radius2,NA
UNDERSAMPLING,05-phoneme,Minimo,texture2,NA
UNDERSAMPLING,05-phoneme,Minimo,perimeter2,NA
UNDERSAMPLING,05-phoneme,Minimo,area2,NA
UNDERSAMPLING,05-phoneme,Minimo,smoothness2,NA
UNDERSAMPLING,05-phoneme,Minimo,compactness2,NA
UNDERSAMPLING,05-phoneme,Minimo,concavity2,NA
UNDERSAMPLING,05-phoneme,Minimo,concave_points2,NA
UNDERSAMPLING,05-phoneme,Minimo,symmetry2,NA
UNDERSAMPLING,05-phoneme,Minimo,fractal_dimension2,NA
UNDERSAMPLING,05-phoneme,Minimo,radius3,NA
UNDERSAMPLING,05-phoneme,Minimo,texture3,NA
UNDERSAMPLING,05-phoneme,Minimo,perimeter3,NA
UNDERSAMPLING,05-phoneme,Minimo,area3,NA
UNDERSAMPLING,05-phoneme,Minimo,smoothness3,NA
UNDERSAMPLING,05-phoneme,Minimo,compactness3,NA
UNDERSAMPLING,05-phoneme,Minimo,concavity3,NA
UNDERSAMPLING,05-phoneme,Minimo,concave_points3,NA
UNDERSAMPLING,05-phoneme,Minimo,symmetry3,NA
UNDERSAMPLING,05-phoneme,Minimo,fractal_dimension3,NA
UNDERSAMPLING,05-phoneme,Minimo,pregnancies,NA
UNDERSAMPLING,05-phoneme,Minimo,glucose,NA
UNDERSAMPLING,05-phoneme,Minimo,bloodpressure,NA
UNDERSAMPLING,05-phoneme,Minimo,skinthickness,NA
UNDERSAMPLING,05-phoneme,Minimo,insulin,NA
UNDERSAMPLING,05-phoneme,Minimo,bmi,NA
UNDERSAMPLING,05-phoneme,Minimo,diabetespedigreefunction,NA
UNDERSAMPLING,05-phoneme,Minimo,age,NA
UNDERSAMPLING,05-phoneme,Minimo,attribute01,NA
UNDERSAMPLING,05-phoneme,Minimo,attribute02,NA
UNDERSAMPLING,05-phoneme,Minimo,attribute03,NA
UNDERSAMPLING,05-phoneme,Minimo,attribute04,NA
UNDERSAMPLING,05-phoneme,Minimo,attribute05,NA
UNDERSAMPLING,05-phoneme,Minimo,attribute06,NA
UNDERSAMPLING,05-phoneme,Minimo,attribute07,NA
UNDERSAMPLING,05-phoneme,Minimo,attribute08,NA
UNDERSAMPLING,05-phoneme,Minimo,attribute09,NA
UNDERSAMPLING,05-phoneme,Minimo,attribute10,NA
UNDERSAMPLING,05-phoneme,Minimo,attribute11,NA
UNDERSAMPLING,05-phoneme,Minimo,attribute12,NA
UNDERSAMPLING,05-phoneme,Minimo,attribute13,NA
UNDERSAMPLING,05-phoneme,Minimo,attribute14,NA
UNDERSAMPLING,05-phoneme,Minimo,attribute15,NA
UNDERSAMPLING,05-phoneme,Minimo,attribute16,NA
UNDERSAMPLING,05-phoneme,Minimo,attribute17,NA
UNDERSAMPLING,05-phoneme,Minimo,attribute18,NA
UNDERSAMPLING,05-phoneme,Minimo,attribute19,NA
UNDERSAMPLING,05-phoneme,Minimo,attribute20,NA
UNDERSAMPLING,05-phoneme,Minimo,attribute21,NA
UNDERSAMPLING,05-phoneme,Minimo,attribute22,NA
UNDERSAMPLING,05-phoneme,Minimo,attribute23,NA
UNDERSAMPLING,05-phoneme,Minimo,attribute24,NA
UNDERSAMPLING,05-phoneme,Minimo,attribute25,NA
UNDERSAMPLING,05-phoneme,Minimo,attribute26,NA
UNDERSAMPLING,05-phoneme,Minimo,attribute27,NA
UNDERSAMPLING,05-phoneme,Minimo,attribute28,NA
UNDERSAMPLING,05-phoneme,Minimo,attribute29,NA
UNDERSAMPLING,05-phoneme,Minimo,attribute30,NA
UNDERSAMPLING,05-phoneme,Minimo,attribute31,NA
UNDERSAMPLING,05-phoneme,Minimo,attribute32,NA
UNDERSAMPLING,05-phoneme,Minimo,attribute33,NA
UNDERSAMPLING,05-phoneme,Minimo,attribute34,NA
UNDERSAMPLING,05-phoneme,Minimo,aa,-1.595
UNDERSAMPLING,05-phoneme,Minimo,ao,-1.327
UNDERSAMPLING,05-phoneme,Minimo,dcl,-1.3
UNDERSAMPLING,05-phoneme,Minimo,iy,-1.581
UNDERSAMPLING,05-phoneme,Minimo,sh,-1.284
UNDERSAMPLING,05-phoneme,Minimo,0,NA
UNDERSAMPLING,05-phoneme,Minimo,1,NA
UNDERSAMPLING,05-phoneme,Minimo,2,NA
UNDERSAMPLING,05-phoneme,Minimo,3,NA
UNDERSAMPLING,05-phoneme,Minimo,4,NA
UNDERSAMPLING,05-phoneme,Minimo,5,NA
UNDERSAMPLING,05-phoneme,Minimo,6,NA
UNDERSAMPLING,05-phoneme,Minimo,7,NA
UNDERSAMPLING,05-phoneme,Minimo,8,NA
UNDERSAMPLING,05-phoneme,Minimo,9,NA
UNDERSAMPLING,05-phoneme,Minimo,10,NA
UNDERSAMPLING,05-phoneme,Minimo,11,NA
UNDERSAMPLING,05-phoneme,Minimo,12,NA
UNDERSAMPLING,05-phoneme,Minimo,13,NA
UNDERSAMPLING,05-phoneme,Minimo,14,NA
UNDERSAMPLING,05-phoneme,Minimo,15,NA
UNDERSAMPLING,05-phoneme,Minimo,16,NA
UNDERSAMPLING,05-phoneme,Minimo,17,NA
UNDERSAMPLING,05-phoneme,Minimo,18,NA
UNDERSAMPLING,05-phoneme,Minimo,19,NA
UNDERSAMPLING,05-phoneme,Minimo,20,NA
UNDERSAMPLING,05-phoneme,Minimo,21,NA
UNDERSAMPLING,05-phoneme,Minimo,22,NA
UNDERSAMPLING,05-phoneme,Minimo,23,NA
UNDERSAMPLING,05-phoneme,Minimo,24,NA
UNDERSAMPLING,05-phoneme,Minimo,25,NA
UNDERSAMPLING,05-phoneme,Minimo,26,NA
UNDERSAMPLING,05-phoneme,Minimo,27,NA
UNDERSAMPLING,05-phoneme,Minimo,28,NA
UNDERSAMPLING,05-phoneme,Minimo,29,NA
UNDERSAMPLING,05-phoneme,Minimo,30,NA
UNDERSAMPLING,05-phoneme,Minimo,31,NA
UNDERSAMPLING,05-phoneme,Minimo,32,NA
UNDERSAMPLING,05-phoneme,Minimo,33,NA
UNDERSAMPLING,05-phoneme,Minimo,34,NA
UNDERSAMPLING,05-phoneme,Minimo,35,NA
UNDERSAMPLING,05-phoneme,Minimo,36,NA
UNDERSAMPLING,05-phoneme,Minimo,37,NA
UNDERSAMPLING,05-phoneme,Minimo,38,NA
UNDERSAMPLING,05-phoneme,Minimo,39,NA
UNDERSAMPLING,05-phoneme,Minimo,40,NA
UNDERSAMPLING,05-phoneme,Minimo,41,NA
UNDERSAMPLING,05-phoneme,Minimo,42,NA
UNDERSAMPLING,05-phoneme,Minimo,43,NA
UNDERSAMPLING,05-phoneme,Minimo,44,NA
UNDERSAMPLING,05-phoneme,Minimo,45,NA
UNDERSAMPLING,05-phoneme,Minimo,46,NA
UNDERSAMPLING,05-phoneme,Minimo,48,NA
UNDERSAMPLING,05-phoneme,Minimo,49,NA
UNDERSAMPLING,05-phoneme,Maximo,time,NA
UNDERSAMPLING,05-phoneme,Maximo,v1,NA
UNDERSAMPLING,05-phoneme,Maximo,v2,NA
UNDERSAMPLING,05-phoneme,Maximo,v3,NA
UNDERSAMPLING,05-phoneme,Maximo,v4,NA
UNDERSAMPLING,05-phoneme,Maximo,v5,NA
UNDERSAMPLING,05-phoneme,Maximo,v6,NA
UNDERSAMPLING,05-phoneme,Maximo,v7,NA
UNDERSAMPLING,05-phoneme,Maximo,v8,NA
UNDERSAMPLING,05-phoneme,Maximo,v9,NA
UNDERSAMPLING,05-phoneme,Maximo,v10,NA
UNDERSAMPLING,05-phoneme,Maximo,v11,NA
UNDERSAMPLING,05-phoneme,Maximo,v12,NA
UNDERSAMPLING,05-phoneme,Maximo,v13,NA
UNDERSAMPLING,05-phoneme,Maximo,v14,NA
UNDERSAMPLING,05-phoneme,Maximo,v15,NA
UNDERSAMPLING,05-phoneme,Maximo,v16,NA
UNDERSAMPLING,05-phoneme,Maximo,v17,NA
UNDERSAMPLING,05-phoneme,Maximo,v18,NA
UNDERSAMPLING,05-phoneme,Maximo,v19,NA
UNDERSAMPLING,05-phoneme,Maximo,v20,NA
UNDERSAMPLING,05-phoneme,Maximo,v21,NA
UNDERSAMPLING,05-phoneme,Maximo,v22,NA
UNDERSAMPLING,05-phoneme,Maximo,v23,NA
UNDERSAMPLING,05-phoneme,Maximo,v24,NA
UNDERSAMPLING,05-phoneme,Maximo,v25,NA
UNDERSAMPLING,05-phoneme,Maximo,v26,NA
UNDERSAMPLING,05-phoneme,Maximo,v27,NA
UNDERSAMPLING,05-phoneme,Maximo,v28,NA
UNDERSAMPLING,05-phoneme,Maximo,amount,NA
UNDERSAMPLING,05-phoneme,Maximo,radius1,NA
UNDERSAMPLING,05-phoneme,Maximo,texture1,NA
UNDERSAMPLING,05-phoneme,Maximo,perimeter1,NA
UNDERSAMPLING,05-phoneme,Maximo,area1,NA
UNDERSAMPLING,05-phoneme,Maximo,smoothness1,NA
UNDERSAMPLING,05-phoneme,Maximo,compactness1,NA
UNDERSAMPLING,05-phoneme,Maximo,concavity1,NA
UNDERSAMPLING,05-phoneme,Maximo,concave_points1,NA
UNDERSAMPLING,05-phoneme,Maximo,symmetry1,NA
UNDERSAMPLING,05-phoneme,Maximo,fractal_dimension1,NA
UNDERSAMPLING,05-phoneme,Maximo,radius2,NA
UNDERSAMPLING,05-phoneme,Maximo,texture2,NA
UNDERSAMPLING,05-phoneme,Maximo,perimeter2,NA
UNDERSAMPLING,05-phoneme,Maximo,area2,NA
UNDERSAMPLING,05-phoneme,Maximo,smoothness2,NA
UNDERSAMPLING,05-phoneme,Maximo,compactness2,NA
UNDERSAMPLING,05-phoneme,Maximo,concavity2,NA
UNDERSAMPLING,05-phoneme,Maximo,concave_points2,NA
UNDERSAMPLING,05-phoneme,Maximo,symmetry2,NA
UNDERSAMPLING,05-phoneme,Maximo,fractal_dimension2,NA
UNDERSAMPLING,05-phoneme,Maximo,radius3,NA
UNDERSAMPLING,05-phoneme,Maximo,texture3,NA
UNDERSAMPLING,05-phoneme,Maximo,perimeter3,NA
UNDERSAMPLING,05-phoneme,Maximo,area3,NA
UNDERSAMPLING,05-phoneme,Maximo,smoothness3,NA
UNDERSAMPLING,05-phoneme,Maximo,compactness3,NA
UNDERSAMPLING,05-phoneme,Maximo,concavity3,NA
UNDERSAMPLING,05-phoneme,Maximo,concave_points3,NA
UNDERSAMPLING,05-phoneme,Maximo,symmetry3,NA
UNDERSAMPLING,05-phoneme,Maximo,fractal_dimension3,NA
UNDERSAMPLING,05-phoneme,Maximo,pregnancies,NA
UNDERSAMPLING,05-phoneme,Maximo,glucose,NA
UNDERSAMPLING,05-phoneme,Maximo,bloodpressure,NA
UNDERSAMPLING,05-phoneme,Maximo,skinthickness,NA
UNDERSAMPLING,05-phoneme,Maximo,insulin,NA
UNDERSAMPLING,05-phoneme,Maximo,bmi,NA
UNDERSAMPLING,05-phoneme,Maximo,diabetespedigreefunction,NA
UNDERSAMPLING,05-phoneme,Maximo,age,NA
UNDERSAMPLING,05-phoneme,Maximo,attribute01,NA
UNDERSAMPLING,05-phoneme,Maximo,attribute02,NA
UNDERSAMPLING,05-phoneme,Maximo,attribute03,NA
UNDERSAMPLING,05-phoneme,Maximo,attribute04,NA
UNDERSAMPLING,05-phoneme,Maximo,attribute05,NA
UNDERSAMPLING,05-phoneme,Maximo,attribute06,NA
UNDERSAMPLING,05-phoneme,Maximo,attribute07,NA
UNDERSAMPLING,05-phoneme,Maximo,attribute08,NA
UNDERSAMPLING,05-phoneme,Maximo,attribute09,NA
UNDERSAMPLING,05-phoneme,Maximo,attribute10,NA
UNDERSAMPLING,05-phoneme,Maximo,attribute11,NA
UNDERSAMPLING,05-phoneme,Maximo,attribute12,NA
UNDERSAMPLING,05-phoneme,Maximo,attribute13,NA
UNDERSAMPLING,05-phoneme,Maximo,attribute14,NA
UNDERSAMPLING,05-phoneme,Maximo,attribute15,NA
UNDERSAMPLING,05-phoneme,Maximo,attribute16,NA
UNDERSAMPLING,05-phoneme,Maximo,attribute17,NA
UNDERSAMPLING,05-phoneme,Maximo,attribute18,NA
UNDERSAMPLING,05-phoneme,Maximo,attribute19,NA
UNDERSAMPLING,05-phoneme,Maximo,attribute20,NA
UNDERSAMPLING,05-phoneme,Maximo,attribute21,NA
UNDERSAMPLING,05-phoneme,Maximo,attribute22,NA
UNDERSAMPLING,05-phoneme,Maximo,attribute23,NA
UNDERSAMPLING,05-phoneme,Maximo,attribute24,NA
UNDERSAMPLING,05-phoneme,Maximo,attribute25,NA
UNDERSAMPLING,05-phoneme,Maximo,attribute26,NA
UNDERSAMPLING,05-phoneme,Maximo,attribute27,NA
UNDERSAMPLING,05-phoneme,Maximo,attribute28,NA
UNDERSAMPLING,05-phoneme,Maximo,attribute29,NA
UNDERSAMPLING,05-phoneme,Maximo,attribute30,NA
UNDERSAMPLING,05-phoneme,Maximo,attribute31,NA
UNDERSAMPLING,05-phoneme,Maximo,attribute32,NA
UNDERSAMPLING,05-phoneme,Maximo,attribute33,NA
UNDERSAMPLING,05-phoneme,Maximo,attribute34,NA
UNDERSAMPLING,05-phoneme,Maximo,aa,3.802
UNDERSAMPLING,05-phoneme,Maximo,ao,3.902
UNDERSAMPLING,05-phoneme,Maximo,dcl,3.155
UNDERSAMPLING,05-phoneme,Maximo,iy,2.826
UNDERSAMPLING,05-phoneme,Maximo,sh,2.719
UNDERSAMPLING,05-phoneme,Maximo,0,NA
UNDERSAMPLING,05-phoneme,Maximo,1,NA
UNDERSAMPLING,05-phoneme,Maximo,2,NA
UNDERSAMPLING,05-phoneme,Maximo,3,NA
UNDERSAMPLING,05-phoneme,Maximo,4,NA
UNDERSAMPLING,05-phoneme,Maximo,5,NA
UNDERSAMPLING,05-phoneme,Maximo,6,NA
UNDERSAMPLING,05-phoneme,Maximo,7,NA
UNDERSAMPLING,05-phoneme,Maximo,8,NA
UNDERSAMPLING,05-phoneme,Maximo,9,NA
UNDERSAMPLING,05-phoneme,Maximo,10,NA
UNDERSAMPLING,05-phoneme,Maximo,11,NA
UNDERSAMPLING,05-phoneme,Maximo,12,NA
UNDERSAMPLING,05-phoneme,Maximo,13,NA
UNDERSAMPLING,05-phoneme,Maximo,14,NA
UNDERSAMPLING,05-phoneme,Maximo,15,NA
UNDERSAMPLING,05-phoneme,Maximo,16,NA
UNDERSAMPLING,05-phoneme,Maximo,17,NA
UNDERSAMPLING,05-phoneme,Maximo,18,NA
UNDERSAMPLING,05-phoneme,Maximo,19,NA
UNDERSAMPLING,05-phoneme,Maximo,20,NA
UNDERSAMPLING,05-phoneme,Maximo,21,NA
UNDERSAMPLING,05-phoneme,Maximo,22,NA
UNDERSAMPLING,05-phoneme,Maximo,23,NA
UNDERSAMPLING,05-phoneme,Maximo,24,NA
UNDERSAMPLING,05-phoneme,Maximo,25,NA
UNDERSAMPLING,05-phoneme,Maximo,26,NA
UNDERSAMPLING,05-phoneme,Maximo,27,NA
UNDERSAMPLING,05-phoneme,Maximo,28,NA
UNDERSAMPLING,05-phoneme,Maximo,29,NA
UNDERSAMPLING,05-phoneme,Maximo,30,NA
UNDERSAMPLING,05-phoneme,Maximo,31,NA
UNDERSAMPLING,05-phoneme,Maximo,32,NA
UNDERSAMPLING,05-phoneme,Maximo,33,NA
UNDERSAMPLING,05-phoneme,Maximo,34,NA
UNDERSAMPLING,05-phoneme,Maximo,35,NA
UNDERSAMPLING,05-phoneme,Maximo,36,NA
UNDERSAMPLING,05-phoneme,Maximo,37,NA
UNDERSAMPLING,05-phoneme,Maximo,38,NA
UNDERSAMPLING,05-phoneme,Maximo,39,NA
UNDERSAMPLING,05-phoneme,Maximo,40,NA
UNDERSAMPLING,05-phoneme,Maximo,41,NA
UNDERSAMPLING,05-phoneme,Maximo,42,NA
UNDERSAMPLING,05-phoneme,Maximo,43,NA
UNDERSAMPLING,05-phoneme,Maximo,44,NA
UNDERSAMPLING,05-phoneme,Maximo,45,NA
UNDERSAMPLING,05-phoneme,Maximo,46,NA
UNDERSAMPLING,05-phoneme,Maximo,48,NA
UNDERSAMPLING,05-phoneme,Maximo,49,NA
UNDERSAMPLING,06-The Mammography (Kevin Woods),Media,time,NA
UNDERSAMPLING,06-The Mammography (Kevin Woods),Media,v1,NA
UNDERSAMPLING,06-The Mammography (Kevin Woods),Media,v2,NA
UNDERSAMPLING,06-The Mammography (Kevin Woods),Media,v3,NA
UNDERSAMPLING,06-The Mammography (Kevin Woods),Media,v4,NA
UNDERSAMPLING,06-The Mammography (Kevin Woods),Media,v5,NA
UNDERSAMPLING,06-The Mammography (Kevin Woods),Media,v6,NA
UNDERSAMPLING,06-The Mammography (Kevin Woods),Media,v7,NA
UNDERSAMPLING,06-The Mammography (Kevin Woods),Media,v8,NA
UNDERSAMPLING,06-The Mammography (Kevin Woods),Media,v9,NA
UNDERSAMPLING,06-The Mammography (Kevin Woods),Media,v10,NA
UNDERSAMPLING,06-The Mammography (Kevin Woods),Media,v11,NA
UNDERSAMPLING,06-The Mammography (Kevin Woods),Media,v12,NA
UNDERSAMPLING,06-The Mammography (Kevin Woods),Media,v13,NA
UNDERSAMPLING,06-The Mammography (Kevin Woods),Media,v14,NA
UNDERSAMPLING,06-The Mammography (Kevin Woods),Media,v15,NA
UNDERSAMPLING,06-The Mammography (Kevin Woods),Media,v16,NA
UNDERSAMPLING,06-The Mammography (Kevin Woods),Media,v17,NA
UNDERSAMPLING,06-The Mammography (Kevin Woods),Media,v18,NA
UNDERSAMPLING,06-The Mammography (Kevin Woods),Media,v19,NA
UNDERSAMPLING,06-The Mammography (Kevin Woods),Media,v20,NA
UNDERSAMPLING,06-The Mammography (Kevin Woods),Media,v21,NA
UNDERSAMPLING,06-The Mammography (Kevin Woods),Media,v22,NA
UNDERSAMPLING,06-The Mammography (Kevin Woods),Media,v23,NA
UNDERSAMPLING,06-The Mammography (Kevin Woods),Media,v24,NA
UNDERSAMPLING,06-The Mammography (Kevin Woods),Media,v25,NA
UNDERSAMPLING,06-The Mammography (Kevin Woods),Media,v26,NA
UNDERSAMPLING,06-The Mammography (Kevin Woods),Media,v27,NA
UNDERSAMPLING,06-The Mammography (Kevin Woods),Media,v28,NA
UNDERSAMPLING,06-The Mammography (Kevin Woods),Media,amount,NA
UNDERSAMPLING,06-The Mammography (Kevin Woods),Media,radius1,NA
UNDERSAMPLING,06-The Mammography (Kevin Woods),Media,texture1,NA
UNDERSAMPLING,06-The Mammography (Kevin Woods),Media,perimeter1,NA
UNDERSAMPLING,06-The Mammography (Kevin Woods),Media,area1,NA
UNDERSAMPLING,06-The Mammography (Kevin Woods),Media,smoothness1,NA
UNDERSAMPLING,06-The Mammography (Kevin Woods),Media,compactness1,NA
UNDERSAMPLING,06-The Mammography (Kevin Woods),Media,concavity1,NA
UNDERSAMPLING,06-The Mammography (Kevin Woods),Media,concave_points1,NA
UNDERSAMPLING,06-The Mammography (Kevin Woods),Media,symmetry1,NA
UNDERSAMPLING,06-The Mammography (Kevin Woods),Media,fractal_dimension1,NA
UNDERSAMPLING,06-The Mammography (Kevin Woods),Media,radius2,NA
UNDERSAMPLING,06-The Mammography (Kevin Woods),Media,texture2,NA
UNDERSAMPLING,06-The Mammography (Kevin Woods),Media,perimeter2,NA
UNDERSAMPLING,06-The Mammography (Kevin Woods),Media,area2,NA
UNDERSAMPLING,06-The Mammography (Kevin Woods),Media,smoothness2,NA
UNDERSAMPLING,06-The Mammography (Kevin Woods),Media,compactness2,NA
UNDERSAMPLING,06-The Mammography (Kevin Woods),Media,concavity2,NA
UNDERSAMPLING,06-The Mammography (Kevin Woods),Media,concave_points2,NA
UNDERSAMPLING,06-The Mammography (Kevin Woods),Media,symmetry2,NA
UNDERSAMPLING,06-The Mammography (Kevin Woods),Media,fractal_dimension2,NA
UNDERSAMPLING,06-The Mammography (Kevin Woods),Media,radius3,NA
UNDERSAMPLING,06-The Mammography (Kevin Woods),Media,texture3,NA
UNDERSAMPLING,06-The Mammography (Kevin Woods),Media,perimeter3,NA
UNDERSAMPLING,06-The Mammography (Kevin Woods),Media,area3,NA
UNDERSAMPLING,06-The Mammography (Kevin Woods),Media,smoothness3,NA
UNDERSAMPLING,06-The Mammography (Kevin Woods),Media,compactness3,NA
UNDERSAMPLING,06-The Mammography (Kevin Woods),Media,concavity3,NA
UNDERSAMPLING,06-The Mammography (Kevin Woods),Media,concave_points3,NA
UNDERSAMPLING,06-The Mammography (Kevin Woods),Media,symmetry3,NA
UNDERSAMPLING,06-The Mammography (Kevin Woods),Media,fractal_dimension3,NA
UNDERSAMPLING,06-The Mammography (Kevin Woods),Media,pregnancies,NA
UNDERSAMPLING,06-The Mammography (Kevin Woods),Media,glucose,NA
UNDERSAMPLING,06-The Mammography (Kevin Woods),Media,bloodpressure,NA
UNDERSAMPLING,06-The Mammography (Kevin Woods),Media,skinthickness,NA
UNDERSAMPLING,06-The Mammography (Kevin Woods),Media,insulin,NA
UNDERSAMPLING,06-The Mammography (Kevin Woods),Media,bmi,NA
UNDERSAMPLING,06-The Mammography (Kevin Woods),Media,diabetespedigreefunction,NA
UNDERSAMPLING,06-The Mammography (Kevin Woods),Media,age,NA
UNDERSAMPLING,06-The Mammography (Kevin Woods),Media,attribute01,NA
UNDERSAMPLING,06-The Mammography (Kevin Woods),Media,attribute02,NA
UNDERSAMPLING,06-The Mammography (Kevin Woods),Media,attribute03,NA
UNDERSAMPLING,06-The Mammography (Kevin Woods),Media,attribute04,NA
UNDERSAMPLING,06-The Mammography (Kevin Woods),Media,attribute05,NA
UNDERSAMPLING,06-The Mammography (Kevin Woods),Media,attribute06,NA
UNDERSAMPLING,06-The Mammography (Kevin Woods),Media,attribute07,NA
UNDERSAMPLING,06-The Mammography (Kevin Woods),Media,attribute08,NA
UNDERSAMPLING,06-The Mammography (Kevin Woods),Media,attribute09,NA
UNDERSAMPLING,06-The Mammography (Kevin Woods),Media,attribute10,NA
UNDERSAMPLING,06-The Mammography (Kevin Woods),Media,attribute11,NA
UNDERSAMPLING,06-The Mammography (Kevin Woods),Media,attribute12,NA
UNDERSAMPLING,06-The Mammography (Kevin Woods),Media,attribute13,NA
UNDERSAMPLING,06-The Mammography (Kevin Woods),Media,attribute14,NA
UNDERSAMPLING,06-The Mammography (Kevin Woods),Media,attribute15,NA
UNDERSAMPLING,06-The Mammography (Kevin Woods),Media,attribute16,NA
UNDERSAMPLING,06-The Mammography (Kevin Woods),Media,attribute17,NA
UNDERSAMPLING,06-The Mammography (Kevin Woods),Media,attribute18,NA
UNDERSAMPLING,06-The Mammography (Kevin Woods),Media,attribute19,NA
UNDERSAMPLING,06-The Mammography (Kevin Woods),Media,attribute20,NA
UNDERSAMPLING,06-The Mammography (Kevin Woods),Media,attribute21,NA
UNDERSAMPLING,06-The Mammography (Kevin Woods),Media,attribute22,NA
UNDERSAMPLING,06-The Mammography (Kevin Woods),Media,attribute23,NA
UNDERSAMPLING,06-The Mammography (Kevin Woods),Media,attribute24,NA
UNDERSAMPLING,06-The Mammography (Kevin Woods),Media,attribute25,NA
UNDERSAMPLING,06-The Mammography (Kevin Woods),Media,attribute26,NA
UNDERSAMPLING,06-The Mammography (Kevin Woods),Media,attribute27,NA
UNDERSAMPLING,06-The Mammography (Kevin Woods),Media,attribute28,NA
UNDERSAMPLING,06-The Mammography (Kevin Woods),Media,attribute29,NA
UNDERSAMPLING,06-The Mammography (Kevin Woods),Media,attribute30,NA
UNDERSAMPLING,06-The Mammography (Kevin Woods),Media,attribute31,NA
UNDERSAMPLING,06-The Mammography (Kevin Woods),Media,attribute32,NA
UNDERSAMPLING,06-The Mammography (Kevin Woods),Media,attribute33,NA
UNDERSAMPLING,06-The Mammography (Kevin Woods),Media,attribute34,NA
UNDERSAMPLING,06-The Mammography (Kevin Woods),Media,aa,NA
UNDERSAMPLING,06-The Mammography (Kevin Woods),Media,ao,NA
UNDERSAMPLING,06-The Mammography (Kevin Woods),Media,dcl,NA
UNDERSAMPLING,06-The Mammography (Kevin Woods),Media,iy,NA
UNDERSAMPLING,06-The Mammography (Kevin Woods),Media,sh,NA
UNDERSAMPLING,06-The Mammography (Kevin Woods),Media,0,0.3712025709319231
UNDERSAMPLING,06-The Mammography (Kevin Woods),Media,1,-0.07158623800846155
UNDERSAMPLING,06-The Mammography (Kevin Woods),Media,2,-0.15451373442307692
UNDERSAMPLING,06-The Mammography (Kevin Woods),Media,3,0.7886527938192308
UNDERSAMPLING,06-The Mammography (Kevin Woods),Media,4,1.4948075928403846
UNDERSAMPLING,06-The Mammography (Kevin Woods),Media,5,0.5337111160384616
UNDERSAMPLING,06-The Mammography (Kevin Woods),Media,6,NA
UNDERSAMPLING,06-The Mammography (Kevin Woods),Media,7,NA
UNDERSAMPLING,06-The Mammography (Kevin Woods),Media,8,NA
UNDERSAMPLING,06-The Mammography (Kevin Woods),Media,9,NA
UNDERSAMPLING,06-The Mammography (Kevin Woods),Media,10,NA
UNDERSAMPLING,06-The Mammography (Kevin Woods),Media,11,NA
UNDERSAMPLING,06-The Mammography (Kevin Woods),Media,12,NA
UNDERSAMPLING,06-The Mammography (Kevin Woods),Media,13,NA
UNDERSAMPLING,06-The Mammography (Kevin Woods),Media,14,NA
UNDERSAMPLING,06-The Mammography (Kevin Woods),Media,15,NA
UNDERSAMPLING,06-The Mammography (Kevin Woods),Media,16,NA
UNDERSAMPLING,06-The Mammography (Kevin Woods),Media,17,NA
UNDERSAMPLING,06-The Mammography (Kevin Woods),Media,18,NA
UNDERSAMPLING,06-The Mammography (Kevin Woods),Media,19,NA
UNDERSAMPLING,06-The Mammography (Kevin Woods),Media,20,NA
UNDERSAMPLING,06-The Mammography (Kevin Woods),Media,21,NA
UNDERSAMPLING,06-The Mammography (Kevin Woods),Media,22,NA
UNDERSAMPLING,06-The Mammography (Kevin Woods),Media,23,NA
UNDERSAMPLING,06-The Mammography (Kevin Woods),Media,24,NA
UNDERSAMPLING,06-The Mammography (Kevin Woods),Media,25,NA
UNDERSAMPLING,06-The Mammography (Kevin Woods),Media,26,NA
UNDERSAMPLING,06-The Mammography (Kevin Woods),Media,27,NA
UNDERSAMPLING,06-The Mammography (Kevin Woods),Media,28,NA
UNDERSAMPLING,06-The Mammography (Kevin Woods),Media,29,NA
UNDERSAMPLING,06-The Mammography (Kevin Woods),Media,30,NA
UNDERSAMPLING,06-The Mammography (Kevin Woods),Media,31,NA
UNDERSAMPLING,06-The Mammography (Kevin Woods),Media,32,NA
UNDERSAMPLING,06-The Mammography (Kevin Woods),Media,33,NA
UNDERSAMPLING,06-The Mammography (Kevin Woods),Media,34,NA
UNDERSAMPLING,06-The Mammography (Kevin Woods),Media,35,NA
UNDERSAMPLING,06-The Mammography (Kevin Woods),Media,36,NA
UNDERSAMPLING,06-The Mammography (Kevin Woods),Media,37,NA
UNDERSAMPLING,06-The Mammography (Kevin Woods),Media,38,NA
UNDERSAMPLING,06-The Mammography (Kevin Woods),Media,39,NA
UNDERSAMPLING,06-The Mammography (Kevin Woods),Media,40,NA
UNDERSAMPLING,06-The Mammography (Kevin Woods),Media,41,NA
UNDERSAMPLING,06-The Mammography (Kevin Woods),Media,42,NA
UNDERSAMPLING,06-The Mammography (Kevin Woods),Media,43,NA
UNDERSAMPLING,06-The Mammography (Kevin Woods),Media,44,NA
UNDERSAMPLING,06-The Mammography (Kevin Woods),Media,45,NA
UNDERSAMPLING,06-The Mammography (Kevin Woods),Media,46,NA
UNDERSAMPLING,06-The Mammography (Kevin Woods),Media,48,NA
UNDERSAMPLING,06-The Mammography (Kevin Woods),Media,49,NA
UNDERSAMPLING,06-The Mammography (Kevin Woods),Desvio_Padrao,time,NA
UNDERSAMPLING,06-The Mammography (Kevin Woods),Desvio_Padrao,v1,NA
UNDERSAMPLING,06-The Mammography (Kevin Woods),Desvio_Padrao,v2,NA
UNDERSAMPLING,06-The Mammography (Kevin Woods),Desvio_Padrao,v3,NA
UNDERSAMPLING,06-The Mammography (Kevin Woods),Desvio_Padrao,v4,NA
UNDERSAMPLING,06-The Mammography (Kevin Woods),Desvio_Padrao,v5,NA
UNDERSAMPLING,06-The Mammography (Kevin Woods),Desvio_Padrao,v6,NA
UNDERSAMPLING,06-The Mammography (Kevin Woods),Desvio_Padrao,v7,NA
UNDERSAMPLING,06-The Mammography (Kevin Woods),Desvio_Padrao,v8,NA
UNDERSAMPLING,06-The Mammography (Kevin Woods),Desvio_Padrao,v9,NA
UNDERSAMPLING,06-The Mammography (Kevin Woods),Desvio_Padrao,v10,NA
UNDERSAMPLING,06-The Mammography (Kevin Woods),Desvio_Padrao,v11,NA
UNDERSAMPLING,06-The Mammography (Kevin Woods),Desvio_Padrao,v12,NA
UNDERSAMPLING,06-The Mammography (Kevin Woods),Desvio_Padrao,v13,NA
UNDERSAMPLING,06-The Mammography (Kevin Woods),Desvio_Padrao,v14,NA
UNDERSAMPLING,06-The Mammography (Kevin Woods),Desvio_Padrao,v15,NA
UNDERSAMPLING,06-The Mammography (Kevin Woods),Desvio_Padrao,v16,NA
UNDERSAMPLING,06-The Mammography (Kevin Woods),Desvio_Padrao,v17,NA
UNDERSAMPLING,06-The Mammography (Kevin Woods),Desvio_Padrao,v18,NA
UNDERSAMPLING,06-The Mammography (Kevin Woods),Desvio_Padrao,v19,NA
UNDERSAMPLING,06-The Mammography (Kevin Woods),Desvio_Padrao,v20,NA
UNDERSAMPLING,06-The Mammography (Kevin Woods),Desvio_Padrao,v21,NA
UNDERSAMPLING,06-The Mammography (Kevin Woods),Desvio_Padrao,v22,NA
UNDERSAMPLING,06-The Mammography (Kevin Woods),Desvio_Padrao,v23,NA
UNDERSAMPLING,06-The Mammography (Kevin Woods),Desvio_Padrao,v24,NA
UNDERSAMPLING,06-The Mammography (Kevin Woods),Desvio_Padrao,v25,NA
UNDERSAMPLING,06-The Mammography (Kevin Woods),Desvio_Padrao,v26,NA
UNDERSAMPLING,06-The Mammography (Kevin Woods),Desvio_Padrao,v27,NA
UNDERSAMPLING,06-The Mammography (Kevin Woods),Desvio_Padrao,v28,NA
UNDERSAMPLING,06-The Mammography (Kevin Woods),Desvio_Padrao,amount,NA
UNDERSAMPLING,06-The Mammography (Kevin Woods),Desvio_Padrao,radius1,NA
UNDERSAMPLING,06-The Mammography (Kevin Woods),Desvio_Padrao,texture1,NA
UNDERSAMPLING,06-The Mammography (Kevin Woods),Desvio_Padrao,perimeter1,NA
UNDERSAMPLING,06-The Mammography (Kevin Woods),Desvio_Padrao,area1,NA
UNDERSAMPLING,06-The Mammography (Kevin Woods),Desvio_Padrao,smoothness1,NA
UNDERSAMPLING,06-The Mammography (Kevin Woods),Desvio_Padrao,compactness1,NA
UNDERSAMPLING,06-The Mammography (Kevin Woods),Desvio_Padrao,concavity1,NA
UNDERSAMPLING,06-The Mammography (Kevin Woods),Desvio_Padrao,concave_points1,NA
UNDERSAMPLING,06-The Mammography (Kevin Woods),Desvio_Padrao,symmetry1,NA
UNDERSAMPLING,06-The Mammography (Kevin Woods),Desvio_Padrao,fractal_dimension1,NA
UNDERSAMPLING,06-The Mammography (Kevin Woods),Desvio_Padrao,radius2,NA
UNDERSAMPLING,06-The Mammography (Kevin Woods),Desvio_Padrao,texture2,NA
UNDERSAMPLING,06-The Mammography (Kevin Woods),Desvio_Padrao,perimeter2,NA
UNDERSAMPLING,06-The Mammography (Kevin Woods),Desvio_Padrao,area2,NA
UNDERSAMPLING,06-The Mammography (Kevin Woods),Desvio_Padrao,smoothness2,NA
UNDERSAMPLING,06-The Mammography (Kevin Woods),Desvio_Padrao,compactness2,NA
UNDERSAMPLING,06-The Mammography (Kevin Woods),Desvio_Padrao,concavity2,NA
UNDERSAMPLING,06-The Mammography (Kevin Woods),Desvio_Padrao,concave_points2,NA
UNDERSAMPLING,06-The Mammography (Kevin Woods),Desvio_Padrao,symmetry2,NA
UNDERSAMPLING,06-The Mammography (Kevin Woods),Desvio_Padrao,fractal_dimension2,NA
UNDERSAMPLING,06-The Mammography (Kevin Woods),Desvio_Padrao,radius3,NA
UNDERSAMPLING,06-The Mammography (Kevin Woods),Desvio_Padrao,texture3,NA
UNDERSAMPLING,06-The Mammography (Kevin Woods),Desvio_Padrao,perimeter3,NA
UNDERSAMPLING,06-The Mammography (Kevin Woods),Desvio_Padrao,area3,NA
UNDERSAMPLING,06-The Mammography (Kevin Woods),Desvio_Padrao,smoothness3,NA
UNDERSAMPLING,06-The Mammography (Kevin Woods),Desvio_Padrao,compactness3,NA
UNDERSAMPLING,06-The Mammography (Kevin Woods),Desvio_Padrao,concavity3,NA
UNDERSAMPLING,06-The Mammography (Kevin Woods),Desvio_Padrao,concave_points3,NA
UNDERSAMPLING,06-The Mammography (Kevin Woods),Desvio_Padrao,symmetry3,NA
UNDERSAMPLING,06-The Mammography (Kevin Woods),Desvio_Padrao,fractal_dimension3,NA
UNDERSAMPLING,06-The Mammography (Kevin Woods),Desvio_Padrao,pregnancies,NA
UNDERSAMPLING,06-The Mammography (Kevin Woods),Desvio_Padrao,glucose,NA
UNDERSAMPLING,06-The Mammography (Kevin Woods),Desvio_Padrao,bloodpressure,NA
UNDERSAMPLING,06-The Mammography (Kevin Woods),Desvio_Padrao,skinthickness,NA
UNDERSAMPLING,06-The Mammography (Kevin Woods),Desvio_Padrao,insulin,NA
UNDERSAMPLING,06-The Mammography (Kevin Woods),Desvio_Padrao,bmi,NA
UNDERSAMPLING,06-The Mammography (Kevin Woods),Desvio_Padrao,diabetespedigreefunction,NA
UNDERSAMPLING,06-The Mammography (Kevin Woods),Desvio_Padrao,age,NA
UNDERSAMPLING,06-The Mammography (Kevin Woods),Desvio_Padrao,attribute01,NA
UNDERSAMPLING,06-The Mammography (Kevin Woods),Desvio_Padrao,attribute02,NA
UNDERSAMPLING,06-The Mammography (Kevin Woods),Desvio_Padrao,attribute03,NA
UNDERSAMPLING,06-The Mammography (Kevin Woods),Desvio_Padrao,attribute04,NA
UNDERSAMPLING,06-The Mammography (Kevin Woods),Desvio_Padrao,attribute05,NA
UNDERSAMPLING,06-The Mammography (Kevin Woods),Desvio_Padrao,attribute06,NA
UNDERSAMPLING,06-The Mammography (Kevin Woods),Desvio_Padrao,attribute07,NA
UNDERSAMPLING,06-The Mammography (Kevin Woods),Desvio_Padrao,attribute08,NA
UNDERSAMPLING,06-The Mammography (Kevin Woods),Desvio_Padrao,attribute09,NA
UNDERSAMPLING,06-The Mammography (Kevin Woods),Desvio_Padrao,attribute10,NA
UNDERSAMPLING,06-The Mammography (Kevin Woods),Desvio_Padrao,attribute11,NA
UNDERSAMPLING,06-The Mammography (Kevin Woods),Desvio_Padrao,attribute12,NA
UNDERSAMPLING,06-The Mammography (Kevin Woods),Desvio_Padrao,attribute13,NA
UNDERSAMPLING,06-The Mammography (Kevin Woods),Desvio_Padrao,attribute14,NA
UNDERSAMPLING,06-The Mammography (Kevin Woods),Desvio_Padrao,attribute15,NA
UNDERSAMPLING,06-The Mammography (Kevin Woods),Desvio_Padrao,attribute16,NA
UNDERSAMPLING,06-The Mammography (Kevin Woods),Desvio_Padrao,attribute17,NA
UNDERSAMPLING,06-The Mammography (Kevin Woods),Desvio_Padrao,attribute18,NA
UNDERSAMPLING,06-The Mammography (Kevin Woods),Desvio_Padrao,attribute19,NA
UNDERSAMPLING,06-The Mammography (Kevin Woods),Desvio_Padrao,attribute20,NA
UNDERSAMPLING,06-The Mammography (Kevin Woods),Desvio_Padrao,attribute21,NA
UNDERSAMPLING,06-The Mammography (Kevin Woods),Desvio_Padrao,attribute22,NA
UNDERSAMPLING,06-The Mammography (Kevin Woods),Desvio_Padrao,attribute23,NA
UNDERSAMPLING,06-The Mammography (Kevin Woods),Desvio_Padrao,attribute24,NA
UNDERSAMPLING,06-The Mammography (Kevin Woods),Desvio_Padrao,attribute25,NA
UNDERSAMPLING,06-The Mammography (Kevin Woods),Desvio_Padrao,attribute26,NA
UNDERSAMPLING,06-The Mammography (Kevin Woods),Desvio_Padrao,attribute27,NA
UNDERSAMPLING,06-The Mammography (Kevin Woods),Desvio_Padrao,attribute28,NA
UNDERSAMPLING,06-The Mammography (Kevin Woods),Desvio_Padrao,attribute29,NA
UNDERSAMPLING,06-The Mammography (Kevin Woods),Desvio_Padrao,attribute30,NA
UNDERSAMPLING,06-The Mammography (Kevin Woods),Desvio_Padrao,attribute31,NA
UNDERSAMPLING,06-The Mammography (Kevin Woods),Desvio_Padrao,attribute32,NA
UNDERSAMPLING,06-The Mammography (Kevin Woods),Desvio_Padrao,attribute33,NA
UNDERSAMPLING,06-The Mammography (Kevin Woods),Desvio_Padrao,attribute34,NA
UNDERSAMPLING,06-The Mammography (Kevin Woods),Desvio_Padrao,aa,NA
UNDERSAMPLING,06-The Mammography (Kevin Woods),Desvio_Padrao,ao,NA
UNDERSAMPLING,06-The Mammography (Kevin Woods),Desvio_Padrao,dcl,NA
UNDERSAMPLING,06-The Mammography (Kevin Woods),Desvio_Padrao,iy,NA
UNDERSAMPLING,06-The Mammography (Kevin Woods),Desvio_Padrao,sh,NA
UNDERSAMPLING,06-The Mammography (Kevin Woods),Desvio_Padrao,0,1.143906802500983
UNDERSAMPLING,06-The Mammography (Kevin Woods),Desvio_Padrao,1,0.7734893614809507
UNDERSAMPLING,06-The Mammography (Kevin Woods),Desvio_Padrao,2,0.6916507598673369
UNDERSAMPLING,06-The Mammography (Kevin Woods),Desvio_Padrao,3,1.4971374702162679
UNDERSAMPLING,06-The Mammography (Kevin Woods),Desvio_Padrao,4,2.9562812724571654
UNDERSAMPLING,06-The Mammography (Kevin Woods),Desvio_Padrao,5,1.020565724776774
UNDERSAMPLING,06-The Mammography (Kevin Woods),Desvio_Padrao,6,NA
UNDERSAMPLING,06-The Mammography (Kevin Woods),Desvio_Padrao,7,NA
UNDERSAMPLING,06-The Mammography (Kevin Woods),Desvio_Padrao,8,NA
UNDERSAMPLING,06-The Mammography (Kevin Woods),Desvio_Padrao,9,NA
UNDERSAMPLING,06-The Mammography (Kevin Woods),Desvio_Padrao,10,NA
UNDERSAMPLING,06-The Mammography (Kevin Woods),Desvio_Padrao,11,NA
UNDERSAMPLING,06-The Mammography (Kevin Woods),Desvio_Padrao,12,NA
UNDERSAMPLING,06-The Mammography (Kevin Woods),Desvio_Padrao,13,NA
UNDERSAMPLING,06-The Mammography (Kevin Woods),Desvio_Padrao,14,NA
UNDERSAMPLING,06-The Mammography (Kevin Woods),Desvio_Padrao,15,NA
UNDERSAMPLING,06-The Mammography (Kevin Woods),Desvio_Padrao,16,NA
UNDERSAMPLING,06-The Mammography (Kevin Woods),Desvio_Padrao,17,NA
UNDERSAMPLING,06-The Mammography (Kevin Woods),Desvio_Padrao,18,NA
UNDERSAMPLING,06-The Mammography (Kevin Woods),Desvio_Padrao,19,NA
UNDERSAMPLING,06-The Mammography (Kevin Woods),Desvio_Padrao,20,NA
UNDERSAMPLING,06-The Mammography (Kevin Woods),Desvio_Padrao,21,NA
UNDERSAMPLING,06-The Mammography (Kevin Woods),Desvio_Padrao,22,NA
UNDERSAMPLING,06-The Mammography (Kevin Woods),Desvio_Padrao,23,NA
UNDERSAMPLING,06-The Mammography (Kevin Woods),Desvio_Padrao,24,NA
UNDERSAMPLING,06-The Mammography (Kevin Woods),Desvio_Padrao,25,NA
UNDERSAMPLING,06-The Mammography (Kevin Woods),Desvio_Padrao,26,NA
UNDERSAMPLING,06-The Mammography (Kevin Woods),Desvio_Padrao,27,NA
UNDERSAMPLING,06-The Mammography (Kevin Woods),Desvio_Padrao,28,NA
UNDERSAMPLING,06-The Mammography (Kevin Woods),Desvio_Padrao,29,NA
UNDERSAMPLING,06-The Mammography (Kevin Woods),Desvio_Padrao,30,NA
UNDERSAMPLING,06-The Mammography (Kevin Woods),Desvio_Padrao,31,NA
UNDERSAMPLING,06-The Mammography (Kevin Woods),Desvio_Padrao,32,NA
UNDERSAMPLING,06-The Mammography (Kevin Woods),Desvio_Padrao,33,NA
UNDERSAMPLING,06-The Mammography (Kevin Woods),Desvio_Padrao,34,NA
UNDERSAMPLING,06-The Mammography (Kevin Woods),Desvio_Padrao,35,NA
UNDERSAMPLING,06-The Mammography (Kevin Woods),Desvio_Padrao,36,NA
UNDERSAMPLING,06-The Mammography (Kevin Woods),Desvio_Padrao,37,NA
UNDERSAMPLING,06-The Mammography (Kevin Woods),Desvio_Padrao,38,NA
UNDERSAMPLING,06-The Mammography (Kevin Woods),Desvio_Padrao,39,NA
UNDERSAMPLING,06-The Mammography (Kevin Woods),Desvio_Padrao,40,NA
UNDERSAMPLING,06-The Mammography (Kevin Woods),Desvio_Padrao,41,NA
UNDERSAMPLING,06-The Mammography (Kevin Woods),Desvio_Padrao,42,NA
UNDERSAMPLING,06-The Mammography (Kevin Woods),Desvio_Padrao,43,NA
UNDERSAMPLING,06-The Mammography (Kevin Woods),Desvio_Padrao,44,NA
UNDERSAMPLING,06-The Mammography (Kevin Woods),Desvio_Padrao,45,NA
UNDERSAMPLING,06-The Mammography (Kevin Woods),Desvio_Padrao,46,NA
UNDERSAMPLING,06-The Mammography (Kevin Woods),Desvio_Padrao,48,NA
UNDERSAMPLING,06-The Mammography (Kevin Woods),Desvio_Padrao,49,NA
UNDERSAMPLING,06-The Mammography (Kevin Woods),Minimo,time,NA
UNDERSAMPLING,06-The Mammography (Kevin Woods),Minimo,v1,NA
UNDERSAMPLING,06-The Mammography (Kevin Woods),Minimo,v2,NA
UNDERSAMPLING,06-The Mammography (Kevin Woods),Minimo,v3,NA
UNDERSAMPLING,06-The Mammography (Kevin Woods),Minimo,v4,NA
UNDERSAMPLING,06-The Mammography (Kevin Woods),Minimo,v5,NA
UNDERSAMPLING,06-The Mammography (Kevin Woods),Minimo,v6,NA
UNDERSAMPLING,06-The Mammography (Kevin Woods),Minimo,v7,NA
UNDERSAMPLING,06-The Mammography (Kevin Woods),Minimo,v8,NA
UNDERSAMPLING,06-The Mammography (Kevin Woods),Minimo,v9,NA
UNDERSAMPLING,06-The Mammography (Kevin Woods),Minimo,v10,NA
UNDERSAMPLING,06-The Mammography (Kevin Woods),Minimo,v11,NA
UNDERSAMPLING,06-The Mammography (Kevin Woods),Minimo,v12,NA
UNDERSAMPLING,06-The Mammography (Kevin Woods),Minimo,v13,NA
UNDERSAMPLING,06-The Mammography (Kevin Woods),Minimo,v14,NA
UNDERSAMPLING,06-The Mammography (Kevin Woods),Minimo,v15,NA
UNDERSAMPLING,06-The Mammography (Kevin Woods),Minimo,v16,NA
UNDERSAMPLING,06-The Mammography (Kevin Woods),Minimo,v17,NA
UNDERSAMPLING,06-The Mammography (Kevin Woods),Minimo,v18,NA
UNDERSAMPLING,06-The Mammography (Kevin Woods),Minimo,v19,NA
UNDERSAMPLING,06-The Mammography (Kevin Woods),Minimo,v20,NA
UNDERSAMPLING,06-The Mammography (Kevin Woods),Minimo,v21,NA
UNDERSAMPLING,06-The Mammography (Kevin Woods),Minimo,v22,NA
UNDERSAMPLING,06-The Mammography (Kevin Woods),Minimo,v23,NA
UNDERSAMPLING,06-The Mammography (Kevin Woods),Minimo,v24,NA
UNDERSAMPLING,06-The Mammography (Kevin Woods),Minimo,v25,NA
UNDERSAMPLING,06-The Mammography (Kevin Woods),Minimo,v26,NA
UNDERSAMPLING,06-The Mammography (Kevin Woods),Minimo,v27,NA
UNDERSAMPLING,06-The Mammography (Kevin Woods),Minimo,v28,NA
UNDERSAMPLING,06-The Mammography (Kevin Woods),Minimo,amount,NA
UNDERSAMPLING,06-The Mammography (Kevin Woods),Minimo,radius1,NA
UNDERSAMPLING,06-The Mammography (Kevin Woods),Minimo,texture1,NA
UNDERSAMPLING,06-The Mammography (Kevin Woods),Minimo,perimeter1,NA
UNDERSAMPLING,06-The Mammography (Kevin Woods),Minimo,area1,NA
UNDERSAMPLING,06-The Mammography (Kevin Woods),Minimo,smoothness1,NA
UNDERSAMPLING,06-The Mammography (Kevin Woods),Minimo,compactness1,NA
UNDERSAMPLING,06-The Mammography (Kevin Woods),Minimo,concavity1,NA
UNDERSAMPLING,06-The Mammography (Kevin Woods),Minimo,concave_points1,NA
UNDERSAMPLING,06-The Mammography (Kevin Woods),Minimo,symmetry1,NA
UNDERSAMPLING,06-The Mammography (Kevin Woods),Minimo,fractal_dimension1,NA
UNDERSAMPLING,06-The Mammography (Kevin Woods),Minimo,radius2,NA
UNDERSAMPLING,06-The Mammography (Kevin Woods),Minimo,texture2,NA
UNDERSAMPLING,06-The Mammography (Kevin Woods),Minimo,perimeter2,NA
UNDERSAMPLING,06-The Mammography (Kevin Woods),Minimo,area2,NA
UNDERSAMPLING,06-The Mammography (Kevin Woods),Minimo,smoothness2,NA
UNDERSAMPLING,06-The Mammography (Kevin Woods),Minimo,compactness2,NA
UNDERSAMPLING,06-The Mammography (Kevin Woods),Minimo,concavity2,NA
UNDERSAMPLING,06-The Mammography (Kevin Woods),Minimo,concave_points2,NA
UNDERSAMPLING,06-The Mammography (Kevin Woods),Minimo,symmetry2,NA
UNDERSAMPLING,06-The Mammography (Kevin Woods),Minimo,fractal_dimension2,NA
UNDERSAMPLING,06-The Mammography (Kevin Woods),Minimo,radius3,NA
UNDERSAMPLING,06-The Mammography (Kevin Woods),Minimo,texture3,NA
UNDERSAMPLING,06-The Mammography (Kevin Woods),Minimo,perimeter3,NA
UNDERSAMPLING,06-The Mammography (Kevin Woods),Minimo,area3,NA
UNDERSAMPLING,06-The Mammography (Kevin Woods),Minimo,smoothness3,NA
UNDERSAMPLING,06-The Mammography (Kevin Woods),Minimo,compactness3,NA
UNDERSAMPLING,06-The Mammography (Kevin Woods),Minimo,concavity3,NA
UNDERSAMPLING,06-The Mammography (Kevin Woods),Minimo,concave_points3,NA
UNDERSAMPLING,06-The Mammography (Kevin Woods),Minimo,symmetry3,NA
UNDERSAMPLING,06-The Mammography (Kevin Woods),Minimo,fractal_dimension3,NA
UNDERSAMPLING,06-The Mammography (Kevin Woods),Minimo,pregnancies,NA
UNDERSAMPLING,06-The Mammography (Kevin Woods),Minimo,glucose,NA
UNDERSAMPLING,06-The Mammography (Kevin Woods),Minimo,bloodpressure,NA
UNDERSAMPLING,06-The Mammography (Kevin Woods),Minimo,skinthickness,NA
UNDERSAMPLING,06-The Mammography (Kevin Woods),Minimo,insulin,NA
UNDERSAMPLING,06-The Mammography (Kevin Woods),Minimo,bmi,NA
UNDERSAMPLING,06-The Mammography (Kevin Woods),Minimo,diabetespedigreefunction,NA
UNDERSAMPLING,06-The Mammography (Kevin Woods),Minimo,age,NA
UNDERSAMPLING,06-The Mammography (Kevin Woods),Minimo,attribute01,NA
UNDERSAMPLING,06-The Mammography (Kevin Woods),Minimo,attribute02,NA
UNDERSAMPLING,06-The Mammography (Kevin Woods),Minimo,attribute03,NA
UNDERSAMPLING,06-The Mammography (Kevin Woods),Minimo,attribute04,NA
UNDERSAMPLING,06-The Mammography (Kevin Woods),Minimo,attribute05,NA
UNDERSAMPLING,06-The Mammography (Kevin Woods),Minimo,attribute06,NA
UNDERSAMPLING,06-The Mammography (Kevin Woods),Minimo,attribute07,NA
UNDERSAMPLING,06-The Mammography (Kevin Woods),Minimo,attribute08,NA
UNDERSAMPLING,06-The Mammography (Kevin Woods),Minimo,attribute09,NA
UNDERSAMPLING,06-The Mammography (Kevin Woods),Minimo,attribute10,NA
UNDERSAMPLING,06-The Mammography (Kevin Woods),Minimo,attribute11,NA
UNDERSAMPLING,06-The Mammography (Kevin Woods),Minimo,attribute12,NA
UNDERSAMPLING,06-The Mammography (Kevin Woods),Minimo,attribute13,NA
UNDERSAMPLING,06-The Mammography (Kevin Woods),Minimo,attribute14,NA
UNDERSAMPLING,06-The Mammography (Kevin Woods),Minimo,attribute15,NA
UNDERSAMPLING,06-The Mammography (Kevin Woods),Minimo,attribute16,NA
UNDERSAMPLING,06-The Mammography (Kevin Woods),Minimo,attribute17,NA
UNDERSAMPLING,06-The Mammography (Kevin Woods),Minimo,attribute18,NA
UNDERSAMPLING,06-The Mammography (Kevin Woods),Minimo,attribute19,NA
UNDERSAMPLING,06-The Mammography (Kevin Woods),Minimo,attribute20,NA
UNDERSAMPLING,06-The Mammography (Kevin Woods),Minimo,attribute21,NA
UNDERSAMPLING,06-The Mammography (Kevin Woods),Minimo,attribute22,NA
UNDERSAMPLING,06-The Mammography (Kevin Woods),Minimo,attribute23,NA
UNDERSAMPLING,06-The Mammography (Kevin Woods),Minimo,attribute24,NA
UNDERSAMPLING,06-The Mammography (Kevin Woods),Minimo,attribute25,NA
UNDERSAMPLING,06-The Mammography (Kevin Woods),Minimo,attribute26,NA
UNDERSAMPLING,06-The Mammography (Kevin Woods),Minimo,attribute27,NA
UNDERSAMPLING,06-The Mammography (Kevin Woods),Minimo,attribute28,NA
UNDERSAMPLING,06-The Mammography (Kevin Woods),Minimo,attribute29,NA
UNDERSAMPLING,06-The Mammography (Kevin Woods),Minimo,attribute30,NA
UNDERSAMPLING,06-The Mammography (Kevin Woods),Minimo,attribute31,NA
UNDERSAMPLING,06-The Mammography (Kevin Woods),Minimo,attribute32,NA
UNDERSAMPLING,06-The Mammography (Kevin Woods),Minimo,attribute33,NA
UNDERSAMPLING,06-The Mammography (Kevin Woods),Minimo,attribute34,NA
UNDERSAMPLING,06-The Mammography (Kevin Woods),Minimo,aa,NA
UNDERSAMPLING,06-The Mammography (Kevin Woods),Minimo,ao,NA
UNDERSAMPLING,06-The Mammography (Kevin Woods),Minimo,dcl,NA
UNDERSAMPLING,06-The Mammography (Kevin Woods),Minimo,iy,NA
UNDERSAMPLING,06-The Mammography (Kevin Woods),Minimo,sh,NA
UNDERSAMPLING,06-The Mammography (Kevin Woods),Minimo,0,-0.78441482
UNDERSAMPLING,06-The Mammography (Kevin Woods),Minimo,1,-0.47019533
UNDERSAMPLING,06-The Mammography (Kevin Woods),Minimo,2,-0.59163147
UNDERSAMPLING,06-The Mammography (Kevin Woods),Minimo,3,-0.85955255
UNDERSAMPLING,06-The Mammography (Kevin Woods),Minimo,4,-0.37786573
UNDERSAMPLING,06-The Mammography (Kevin Woods),Minimo,5,-0.94572324
UNDERSAMPLING,06-The Mammography (Kevin Woods),Minimo,6,NA
UNDERSAMPLING,06-The Mammography (Kevin Woods),Minimo,7,NA
UNDERSAMPLING,06-The Mammography (Kevin Woods),Minimo,8,NA
UNDERSAMPLING,06-The Mammography (Kevin Woods),Minimo,9,NA
UNDERSAMPLING,06-The Mammography (Kevin Woods),Minimo,10,NA
UNDERSAMPLING,06-The Mammography (Kevin Woods),Minimo,11,NA
UNDERSAMPLING,06-The Mammography (Kevin Woods),Minimo,12,NA
UNDERSAMPLING,06-The Mammography (Kevin Woods),Minimo,13,NA
UNDERSAMPLING,06-The Mammography (Kevin Woods),Minimo,14,NA
UNDERSAMPLING,06-The Mammography (Kevin Woods),Minimo,15,NA
UNDERSAMPLING,06-The Mammography (Kevin Woods),Minimo,16,NA
UNDERSAMPLING,06-The Mammography (Kevin Woods),Minimo,17,NA
UNDERSAMPLING,06-The Mammography (Kevin Woods),Minimo,18,NA
UNDERSAMPLING,06-The Mammography (Kevin Woods),Minimo,19,NA
UNDERSAMPLING,06-The Mammography (Kevin Woods),Minimo,20,NA
UNDERSAMPLING,06-The Mammography (Kevin Woods),Minimo,21,NA
UNDERSAMPLING,06-The Mammography (Kevin Woods),Minimo,22,NA
UNDERSAMPLING,06-The Mammography (Kevin Woods),Minimo,23,NA
UNDERSAMPLING,06-The Mammography (Kevin Woods),Minimo,24,NA
UNDERSAMPLING,06-The Mammography (Kevin Woods),Minimo,25,NA
UNDERSAMPLING,06-The Mammography (Kevin Woods),Minimo,26,NA
UNDERSAMPLING,06-The Mammography (Kevin Woods),Minimo,27,NA
UNDERSAMPLING,06-The Mammography (Kevin Woods),Minimo,28,NA
UNDERSAMPLING,06-The Mammography (Kevin Woods),Minimo,29,NA
UNDERSAMPLING,06-The Mammography (Kevin Woods),Minimo,30,NA
UNDERSAMPLING,06-The Mammography (Kevin Woods),Minimo,31,NA
UNDERSAMPLING,06-The Mammography (Kevin Woods),Minimo,32,NA
UNDERSAMPLING,06-The Mammography (Kevin Woods),Minimo,33,NA
UNDERSAMPLING,06-The Mammography (Kevin Woods),Minimo,34,NA
UNDERSAMPLING,06-The Mammography (Kevin Woods),Minimo,35,NA
UNDERSAMPLING,06-The Mammography (Kevin Woods),Minimo,36,NA
UNDERSAMPLING,06-The Mammography (Kevin Woods),Minimo,37,NA
UNDERSAMPLING,06-The Mammography (Kevin Woods),Minimo,38,NA
UNDERSAMPLING,06-The Mammography (Kevin Woods),Minimo,39,NA
UNDERSAMPLING,06-The Mammography (Kevin Woods),Minimo,40,NA
UNDERSAMPLING,06-The Mammography (Kevin Woods),Minimo,41,NA
UNDERSAMPLING,06-The Mammography (Kevin Woods),Minimo,42,NA
UNDERSAMPLING,06-The Mammography (Kevin Woods),Minimo,43,NA
UNDERSAMPLING,06-The Mammography (Kevin Woods),Minimo,44,NA
UNDERSAMPLING,06-The Mammography (Kevin Woods),Minimo,45,NA
UNDERSAMPLING,06-The Mammography (Kevin Woods),Minimo,46,NA
UNDERSAMPLING,06-The Mammography (Kevin Woods),Minimo,48,NA
UNDERSAMPLING,06-The Mammography (Kevin Woods),Minimo,49,NA
UNDERSAMPLING,06-The Mammography (Kevin Woods),Maximo,time,NA
UNDERSAMPLING,06-The Mammography (Kevin Woods),Maximo,v1,NA
UNDERSAMPLING,06-The Mammography (Kevin Woods),Maximo,v2,NA
UNDERSAMPLING,06-The Mammography (Kevin Woods),Maximo,v3,NA
UNDERSAMPLING,06-The Mammography (Kevin Woods),Maximo,v4,NA
UNDERSAMPLING,06-The Mammography (Kevin Woods),Maximo,v5,NA
UNDERSAMPLING,06-The Mammography (Kevin Woods),Maximo,v6,NA
UNDERSAMPLING,06-The Mammography (Kevin Woods),Maximo,v7,NA
UNDERSAMPLING,06-The Mammography (Kevin Woods),Maximo,v8,NA
UNDERSAMPLING,06-The Mammography (Kevin Woods),Maximo,v9,NA
UNDERSAMPLING,06-The Mammography (Kevin Woods),Maximo,v10,NA
UNDERSAMPLING,06-The Mammography (Kevin Woods),Maximo,v11,NA
UNDERSAMPLING,06-The Mammography (Kevin Woods),Maximo,v12,NA
UNDERSAMPLING,06-The Mammography (Kevin Woods),Maximo,v13,NA
UNDERSAMPLING,06-The Mammography (Kevin Woods),Maximo,v14,NA
UNDERSAMPLING,06-The Mammography (Kevin Woods),Maximo,v15,NA
UNDERSAMPLING,06-The Mammography (Kevin Woods),Maximo,v16,NA
UNDERSAMPLING,06-The Mammography (Kevin Woods),Maximo,v17,NA
UNDERSAMPLING,06-The Mammography (Kevin Woods),Maximo,v18,NA
UNDERSAMPLING,06-The Mammography (Kevin Woods),Maximo,v19,NA
UNDERSAMPLING,06-The Mammography (Kevin Woods),Maximo,v20,NA
UNDERSAMPLING,06-The Mammography (Kevin Woods),Maximo,v21,NA
UNDERSAMPLING,06-The Mammography (Kevin Woods),Maximo,v22,NA
UNDERSAMPLING,06-The Mammography (Kevin Woods),Maximo,v23,NA
UNDERSAMPLING,06-The Mammography (Kevin Woods),Maximo,v24,NA
UNDERSAMPLING,06-The Mammography (Kevin Woods),Maximo,v25,NA
UNDERSAMPLING,06-The Mammography (Kevin Woods),Maximo,v26,NA
UNDERSAMPLING,06-The Mammography (Kevin Woods),Maximo,v27,NA
UNDERSAMPLING,06-The Mammography (Kevin Woods),Maximo,v28,NA
UNDERSAMPLING,06-The Mammography (Kevin Woods),Maximo,amount,NA
UNDERSAMPLING,06-The Mammography (Kevin Woods),Maximo,radius1,NA
UNDERSAMPLING,06-The Mammography (Kevin Woods),Maximo,texture1,NA
UNDERSAMPLING,06-The Mammography (Kevin Woods),Maximo,perimeter1,NA
UNDERSAMPLING,06-The Mammography (Kevin Woods),Maximo,area1,NA
UNDERSAMPLING,06-The Mammography (Kevin Woods),Maximo,smoothness1,NA
UNDERSAMPLING,06-The Mammography (Kevin Woods),Maximo,compactness1,NA
UNDERSAMPLING,06-The Mammography (Kevin Woods),Maximo,concavity1,NA
UNDERSAMPLING,06-The Mammography (Kevin Woods),Maximo,concave_points1,NA
UNDERSAMPLING,06-The Mammography (Kevin Woods),Maximo,symmetry1,NA
UNDERSAMPLING,06-The Mammography (Kevin Woods),Maximo,fractal_dimension1,NA
UNDERSAMPLING,06-The Mammography (Kevin Woods),Maximo,radius2,NA
UNDERSAMPLING,06-The Mammography (Kevin Woods),Maximo,texture2,NA
UNDERSAMPLING,06-The Mammography (Kevin Woods),Maximo,perimeter2,NA
UNDERSAMPLING,06-The Mammography (Kevin Woods),Maximo,area2,NA
UNDERSAMPLING,06-The Mammography (Kevin Woods),Maximo,smoothness2,NA
UNDERSAMPLING,06-The Mammography (Kevin Woods),Maximo,compactness2,NA
UNDERSAMPLING,06-The Mammography (Kevin Woods),Maximo,concavity2,NA
UNDERSAMPLING,06-The Mammography (Kevin Woods),Maximo,concave_points2,NA
UNDERSAMPLING,06-The Mammography (Kevin Woods),Maximo,symmetry2,NA
UNDERSAMPLING,06-The Mammography (Kevin Woods),Maximo,fractal_dimension2,NA
UNDERSAMPLING,06-The Mammography (Kevin Woods),Maximo,radius3,NA
UNDERSAMPLING,06-The Mammography (Kevin Woods),Maximo,texture3,NA
UNDERSAMPLING,06-The Mammography (Kevin Woods),Maximo,perimeter3,NA
UNDERSAMPLING,06-The Mammography (Kevin Woods),Maximo,area3,NA
UNDERSAMPLING,06-The Mammography (Kevin Woods),Maximo,smoothness3,NA
UNDERSAMPLING,06-The Mammography (Kevin Woods),Maximo,compactness3,NA
UNDERSAMPLING,06-The Mammography (Kevin Woods),Maximo,concavity3,NA
UNDERSAMPLING,06-The Mammography (Kevin Woods),Maximo,concave_points3,NA
UNDERSAMPLING,06-The Mammography (Kevin Woods),Maximo,symmetry3,NA
UNDERSAMPLING,06-The Mammography (Kevin Woods),Maximo,fractal_dimension3,NA
UNDERSAMPLING,06-The Mammography (Kevin Woods),Maximo,pregnancies,NA
UNDERSAMPLING,06-The Mammography (Kevin Woods),Maximo,glucose,NA
UNDERSAMPLING,06-The Mammography (Kevin Woods),Maximo,bloodpressure,NA
UNDERSAMPLING,06-The Mammography (Kevin Woods),Maximo,skinthickness,NA
UNDERSAMPLING,06-The Mammography (Kevin Woods),Maximo,insulin,NA
UNDERSAMPLING,06-The Mammography (Kevin Woods),Maximo,bmi,NA
UNDERSAMPLING,06-The Mammography (Kevin Woods),Maximo,diabetespedigreefunction,NA
UNDERSAMPLING,06-The Mammography (Kevin Woods),Maximo,age,NA
UNDERSAMPLING,06-The Mammography (Kevin Woods),Maximo,attribute01,NA
UNDERSAMPLING,06-The Mammography (Kevin Woods),Maximo,attribute02,NA
UNDERSAMPLING,06-The Mammography (Kevin Woods),Maximo,attribute03,NA
UNDERSAMPLING,06-The Mammography (Kevin Woods),Maximo,attribute04,NA
UNDERSAMPLING,06-The Mammography (Kevin Woods),Maximo,attribute05,NA
UNDERSAMPLING,06-The Mammography (Kevin Woods),Maximo,attribute06,NA
UNDERSAMPLING,06-The Mammography (Kevin Woods),Maximo,attribute07,NA
UNDERSAMPLING,06-The Mammography (Kevin Woods),Maximo,attribute08,NA
UNDERSAMPLING,06-The Mammography (Kevin Woods),Maximo,attribute09,NA
UNDERSAMPLING,06-The Mammography (Kevin Woods),Maximo,attribute10,NA
UNDERSAMPLING,06-The Mammography (Kevin Woods),Maximo,attribute11,NA
UNDERSAMPLING,06-The Mammography (Kevin Woods),Maximo,attribute12,NA
UNDERSAMPLING,06-The Mammography (Kevin Woods),Maximo,attribute13,NA
UNDERSAMPLING,06-The Mammography (Kevin Woods),Maximo,attribute14,NA
UNDERSAMPLING,06-The Mammography (Kevin Woods),Maximo,attribute15,NA
UNDERSAMPLING,06-The Mammography (Kevin Woods),Maximo,attribute16,NA
UNDERSAMPLING,06-The Mammography (Kevin Woods),Maximo,attribute17,NA
UNDERSAMPLING,06-The Mammography (Kevin Woods),Maximo,attribute18,NA
UNDERSAMPLING,06-The Mammography (Kevin Woods),Maximo,attribute19,NA
UNDERSAMPLING,06-The Mammography (Kevin Woods),Maximo,attribute20,NA
UNDERSAMPLING,06-The Mammography (Kevin Woods),Maximo,attribute21,NA
UNDERSAMPLING,06-The Mammography (Kevin Woods),Maximo,attribute22,NA
UNDERSAMPLING,06-The Mammography (Kevin Woods),Maximo,attribute23,NA
UNDERSAMPLING,06-The Mammography (Kevin Woods),Maximo,attribute24,NA
UNDERSAMPLING,06-The Mammography (Kevin Woods),Maximo,attribute25,NA
UNDERSAMPLING,06-The Mammography (Kevin Woods),Maximo,attribute26,NA
UNDERSAMPLING,06-The Mammography (Kevin Woods),Maximo,attribute27,NA
UNDERSAMPLING,06-The Mammography (Kevin Woods),Maximo,attribute28,NA
UNDERSAMPLING,06-The Mammography (Kevin Woods),Maximo,attribute29,NA
UNDERSAMPLING,06-The Mammography (Kevin Woods),Maximo,attribute30,NA
UNDERSAMPLING,06-The Mammography (Kevin Woods),Maximo,attribute31,NA
UNDERSAMPLING,06-The Mammography (Kevin Woods),Maximo,attribute32,NA
UNDERSAMPLING,06-The Mammography (Kevin Woods),Maximo,attribute33,NA
UNDERSAMPLING,06-The Mammography (Kevin Woods),Maximo,attribute34,NA
UNDERSAMPLING,06-The Mammography (Kevin Woods),Maximo,aa,NA
UNDERSAMPLING,06-The Mammography (Kevin Woods),Maximo,ao,NA
UNDERSAMPLING,06-The Mammography (Kevin Woods),Maximo,dcl,NA
UNDERSAMPLING,06-The Mammography (Kevin Woods),Maximo,iy,NA
UNDERSAMPLING,06-The Mammography (Kevin Woods),Maximo,sh,NA
UNDERSAMPLING,06-The Mammography (Kevin Woods),Maximo,0,9.2051135
UNDERSAMPLING,06-The Mammography (Kevin Woods),Maximo,1,5.0681547
UNDERSAMPLING,06-The Mammography (Kevin Woods),Maximo,2,9.4164747
UNDERSAMPLING,06-The Mammography (Kevin Woods),Maximo,3,9.591164
UNDERSAMPLING,06-The Mammography (Kevin Woods),Maximo,4,23.617122
UNDERSAMPLING,06-The Mammography (Kevin Woods),Maximo,5,1.8880852
UNDERSAMPLING,06-The Mammography (Kevin Woods),Maximo,6,NA
UNDERSAMPLING,06-The Mammography (Kevin Woods),Maximo,7,NA
UNDERSAMPLING,06-The Mammography (Kevin Woods),Maximo,8,NA
UNDERSAMPLING,06-The Mammography (Kevin Woods),Maximo,9,NA
UNDERSAMPLING,06-The Mammography (Kevin Woods),Maximo,10,NA
UNDERSAMPLING,06-The Mammography (Kevin Woods),Maximo,11,NA
UNDERSAMPLING,06-The Mammography (Kevin Woods),Maximo,12,NA
UNDERSAMPLING,06-The Mammography (Kevin Woods),Maximo,13,NA
UNDERSAMPLING,06-The Mammography (Kevin Woods),Maximo,14,NA
UNDERSAMPLING,06-The Mammography (Kevin Woods),Maximo,15,NA
UNDERSAMPLING,06-The Mammography (Kevin Woods),Maximo,16,NA
UNDERSAMPLING,06-The Mammography (Kevin Woods),Maximo,17,NA
UNDERSAMPLING,06-The Mammography (Kevin Woods),Maximo,18,NA
UNDERSAMPLING,06-The Mammography (Kevin Woods),Maximo,19,NA
UNDERSAMPLING,06-The Mammography (Kevin Woods),Maximo,20,NA
UNDERSAMPLING,06-The Mammography (Kevin Woods),Maximo,21,NA
UNDERSAMPLING,06-The Mammography (Kevin Woods),Maximo,22,NA
UNDERSAMPLING,06-The Mammography (Kevin Woods),Maximo,23,NA
UNDERSAMPLING,06-The Mammography (Kevin Woods),Maximo,24,NA
UNDERSAMPLING,06-The Mammography (Kevin Woods),Maximo,25,NA
UNDERSAMPLING,06-The Mammography (Kevin Woods),Maximo,26,NA
UNDERSAMPLING,06-The Mammography (Kevin Woods),Maximo,27,NA
UNDERSAMPLING,06-The Mammography (Kevin Woods),Maximo,28,NA
UNDERSAMPLING,06-The Mammography (Kevin Woods),Maximo,29,NA
UNDERSAMPLING,06-The Mammography (Kevin Woods),Maximo,30,NA
UNDERSAMPLING,06-The Mammography (Kevin Woods),Maximo,31,NA
UNDERSAMPLING,06-The Mammography (Kevin Woods),Maximo,32,NA
UNDERSAMPLING,06-The Mammography (Kevin Woods),Maximo,33,NA
UNDERSAMPLING,06-The Mammography (Kevin Woods),Maximo,34,NA
UNDERSAMPLING,06-The Mammography (Kevin Woods),Maximo,35,NA
UNDERSAMPLING,06-The Mammography (Kevin Woods),Maximo,36,NA
UNDERSAMPLING,06-The Mammography (Kevin Woods),Maximo,37,NA
UNDERSAMPLING,06-The Mammography (Kevin Woods),Maximo,38,NA
UNDERSAMPLING,06-The Mammography (Kevin Woods),Maximo,39,NA
UNDERSAMPLING,06-The Mammography (Kevin Woods),Maximo,40,NA
UNDERSAMPLING,06-The Mammography (Kevin Woods),Maximo,41,NA
UNDERSAMPLING,06-The Mammography (Kevin Woods),Maximo,42,NA
UNDERSAMPLING,06-The Mammography (Kevin Woods),Maximo,43,NA
UNDERSAMPLING,06-The Mammography (Kevin Woods),Maximo,44,NA
UNDERSAMPLING,06-The Mammography (Kevin Woods),Maximo,45,NA
UNDERSAMPLING,06-The Mammography (Kevin Woods),Maximo,46,NA
UNDERSAMPLING,06-The Mammography (Kevin Woods),Maximo,48,NA
UNDERSAMPLING,06-The Mammography (Kevin Woods),Maximo,49,NA
UNDERSAMPLING,07-Oil Spill Imbalanced Classification,Media,time,NA
UNDERSAMPLING,07-Oil Spill Imbalanced Classification,Media,v1,NA
UNDERSAMPLING,07-Oil Spill Imbalanced Classification,Media,v2,NA
UNDERSAMPLING,07-Oil Spill Imbalanced Classification,Media,v3,NA
UNDERSAMPLING,07-Oil Spill Imbalanced Classification,Media,v4,NA
UNDERSAMPLING,07-Oil Spill Imbalanced Classification,Media,v5,NA
UNDERSAMPLING,07-Oil Spill Imbalanced Classification,Media,v6,NA
UNDERSAMPLING,07-Oil Spill Imbalanced Classification,Media,v7,NA
UNDERSAMPLING,07-Oil Spill Imbalanced Classification,Media,v8,NA
UNDERSAMPLING,07-Oil Spill Imbalanced Classification,Media,v9,NA
UNDERSAMPLING,07-Oil Spill Imbalanced Classification,Media,v10,NA
UNDERSAMPLING,07-Oil Spill Imbalanced Classification,Media,v11,NA
UNDERSAMPLING,07-Oil Spill Imbalanced Classification,Media,v12,NA
UNDERSAMPLING,07-Oil Spill Imbalanced Classification,Media,v13,NA
UNDERSAMPLING,07-Oil Spill Imbalanced Classification,Media,v14,NA
UNDERSAMPLING,07-Oil Spill Imbalanced Classification,Media,v15,NA
UNDERSAMPLING,07-Oil Spill Imbalanced Classification,Media,v16,NA
UNDERSAMPLING,07-Oil Spill Imbalanced Classification,Media,v17,NA
UNDERSAMPLING,07-Oil Spill Imbalanced Classification,Media,v18,NA
UNDERSAMPLING,07-Oil Spill Imbalanced Classification,Media,v19,NA
UNDERSAMPLING,07-Oil Spill Imbalanced Classification,Media,v20,NA
UNDERSAMPLING,07-Oil Spill Imbalanced Classification,Media,v21,NA
UNDERSAMPLING,07-Oil Spill Imbalanced Classification,Media,v22,NA
UNDERSAMPLING,07-Oil Spill Imbalanced Classification,Media,v23,NA
UNDERSAMPLING,07-Oil Spill Imbalanced Classification,Media,v24,NA
UNDERSAMPLING,07-Oil Spill Imbalanced Classification,Media,v25,NA
UNDERSAMPLING,07-Oil Spill Imbalanced Classification,Media,v26,NA
UNDERSAMPLING,07-Oil Spill Imbalanced Classification,Media,v27,NA
UNDERSAMPLING,07-Oil Spill Imbalanced Classification,Media,v28,NA
UNDERSAMPLING,07-Oil Spill Imbalanced Classification,Media,amount,NA
UNDERSAMPLING,07-Oil Spill Imbalanced Classification,Media,radius1,NA
UNDERSAMPLING,07-Oil Spill Imbalanced Classification,Media,texture1,NA
UNDERSAMPLING,07-Oil Spill Imbalanced Classification,Media,perimeter1,NA
UNDERSAMPLING,07-Oil Spill Imbalanced Classification,Media,area1,NA
UNDERSAMPLING,07-Oil Spill Imbalanced Classification,Media,smoothness1,NA
UNDERSAMPLING,07-Oil Spill Imbalanced Classification,Media,compactness1,NA
UNDERSAMPLING,07-Oil Spill Imbalanced Classification,Media,concavity1,NA
UNDERSAMPLING,07-Oil Spill Imbalanced Classification,Media,concave_points1,NA
UNDERSAMPLING,07-Oil Spill Imbalanced Classification,Media,symmetry1,NA
UNDERSAMPLING,07-Oil Spill Imbalanced Classification,Media,fractal_dimension1,NA
UNDERSAMPLING,07-Oil Spill Imbalanced Classification,Media,radius2,NA
UNDERSAMPLING,07-Oil Spill Imbalanced Classification,Media,texture2,NA
UNDERSAMPLING,07-Oil Spill Imbalanced Classification,Media,perimeter2,NA
UNDERSAMPLING,07-Oil Spill Imbalanced Classification,Media,area2,NA
UNDERSAMPLING,07-Oil Spill Imbalanced Classification,Media,smoothness2,NA
UNDERSAMPLING,07-Oil Spill Imbalanced Classification,Media,compactness2,NA
UNDERSAMPLING,07-Oil Spill Imbalanced Classification,Media,concavity2,NA
UNDERSAMPLING,07-Oil Spill Imbalanced Classification,Media,concave_points2,NA
UNDERSAMPLING,07-Oil Spill Imbalanced Classification,Media,symmetry2,NA
UNDERSAMPLING,07-Oil Spill Imbalanced Classification,Media,fractal_dimension2,NA
UNDERSAMPLING,07-Oil Spill Imbalanced Classification,Media,radius3,NA
UNDERSAMPLING,07-Oil Spill Imbalanced Classification,Media,texture3,NA
UNDERSAMPLING,07-Oil Spill Imbalanced Classification,Media,perimeter3,NA
UNDERSAMPLING,07-Oil Spill Imbalanced Classification,Media,area3,NA
UNDERSAMPLING,07-Oil Spill Imbalanced Classification,Media,smoothness3,NA
UNDERSAMPLING,07-Oil Spill Imbalanced Classification,Media,compactness3,NA
UNDERSAMPLING,07-Oil Spill Imbalanced Classification,Media,concavity3,NA
UNDERSAMPLING,07-Oil Spill Imbalanced Classification,Media,concave_points3,NA
UNDERSAMPLING,07-Oil Spill Imbalanced Classification,Media,symmetry3,NA
UNDERSAMPLING,07-Oil Spill Imbalanced Classification,Media,fractal_dimension3,NA
UNDERSAMPLING,07-Oil Spill Imbalanced Classification,Media,pregnancies,NA
UNDERSAMPLING,07-Oil Spill Imbalanced Classification,Media,glucose,NA
UNDERSAMPLING,07-Oil Spill Imbalanced Classification,Media,bloodpressure,NA
UNDERSAMPLING,07-Oil Spill Imbalanced Classification,Media,skinthickness,NA
UNDERSAMPLING,07-Oil Spill Imbalanced Classification,Media,insulin,NA
UNDERSAMPLING,07-Oil Spill Imbalanced Classification,Media,bmi,NA
UNDERSAMPLING,07-Oil Spill Imbalanced Classification,Media,diabetespedigreefunction,NA
UNDERSAMPLING,07-Oil Spill Imbalanced Classification,Media,age,NA
UNDERSAMPLING,07-Oil Spill Imbalanced Classification,Media,attribute01,NA
UNDERSAMPLING,07-Oil Spill Imbalanced Classification,Media,attribute02,NA
UNDERSAMPLING,07-Oil Spill Imbalanced Classification,Media,attribute03,NA
UNDERSAMPLING,07-Oil Spill Imbalanced Classification,Media,attribute04,NA
UNDERSAMPLING,07-Oil Spill Imbalanced Classification,Media,attribute05,NA
UNDERSAMPLING,07-Oil Spill Imbalanced Classification,Media,attribute06,NA
UNDERSAMPLING,07-Oil Spill Imbalanced Classification,Media,attribute07,NA
UNDERSAMPLING,07-Oil Spill Imbalanced Classification,Media,attribute08,NA
UNDERSAMPLING,07-Oil Spill Imbalanced Classification,Media,attribute09,NA
UNDERSAMPLING,07-Oil Spill Imbalanced Classification,Media,attribute10,NA
UNDERSAMPLING,07-Oil Spill Imbalanced Classification,Media,attribute11,NA
UNDERSAMPLING,07-Oil Spill Imbalanced Classification,Media,attribute12,NA
UNDERSAMPLING,07-Oil Spill Imbalanced Classification,Media,attribute13,NA
UNDERSAMPLING,07-Oil Spill Imbalanced Classification,Media,attribute14,NA
UNDERSAMPLING,07-Oil Spill Imbalanced Classification,Media,attribute15,NA
UNDERSAMPLING,07-Oil Spill Imbalanced Classification,Media,attribute16,NA
UNDERSAMPLING,07-Oil Spill Imbalanced Classification,Media,attribute17,NA
UNDERSAMPLING,07-Oil Spill Imbalanced Classification,Media,attribute18,NA
UNDERSAMPLING,07-Oil Spill Imbalanced Classification,Media,attribute19,NA
UNDERSAMPLING,07-Oil Spill Imbalanced Classification,Media,attribute20,NA
UNDERSAMPLING,07-Oil Spill Imbalanced Classification,Media,attribute21,NA
UNDERSAMPLING,07-Oil Spill Imbalanced Classification,Media,attribute22,NA
UNDERSAMPLING,07-Oil Spill Imbalanced Classification,Media,attribute23,NA
UNDERSAMPLING,07-Oil Spill Imbalanced Classification,Media,attribute24,NA
UNDERSAMPLING,07-Oil Spill Imbalanced Classification,Media,attribute25,NA
UNDERSAMPLING,07-Oil Spill Imbalanced Classification,Media,attribute26,NA
UNDERSAMPLING,07-Oil Spill Imbalanced Classification,Media,attribute27,NA
UNDERSAMPLING,07-Oil Spill Imbalanced Classification,Media,attribute28,NA
UNDERSAMPLING,07-Oil Spill Imbalanced Classification,Media,attribute29,NA
UNDERSAMPLING,07-Oil Spill Imbalanced Classification,Media,attribute30,NA
UNDERSAMPLING,07-Oil Spill Imbalanced Classification,Media,attribute31,NA
UNDERSAMPLING,07-Oil Spill Imbalanced Classification,Media,attribute32,NA
UNDERSAMPLING,07-Oil Spill Imbalanced Classification,Media,attribute33,NA
UNDERSAMPLING,07-Oil Spill Imbalanced Classification,Media,attribute34,NA
UNDERSAMPLING,07-Oil Spill Imbalanced Classification,Media,aa,NA
UNDERSAMPLING,07-Oil Spill Imbalanced Classification,Media,ao,NA
UNDERSAMPLING,07-Oil Spill Imbalanced Classification,Media,dcl,NA
UNDERSAMPLING,07-Oil Spill Imbalanced Classification,Media,iy,NA
UNDERSAMPLING,07-Oil Spill Imbalanced Classification,Media,sh,NA
UNDERSAMPLING,07-Oil Spill Imbalanced Classification,Media,0,NA
UNDERSAMPLING,07-Oil Spill Imbalanced Classification,Media,1,50.36585365853659
UNDERSAMPLING,07-Oil Spill Imbalanced Classification,Media,2,378.390243902439
UNDERSAMPLING,07-Oil Spill Imbalanced Classification,Media,3,610.5582926829268
UNDERSAMPLING,07-Oil Spill Imbalanced Classification,Media,4,838.5242682926829
UNDERSAMPLING,07-Oil Spill Imbalanced Classification,Media,5,75.7439024390244
UNDERSAMPLING,07-Oil Spill Imbalanced Classification,Media,6,976897.7195121951
UNDERSAMPLING,07-Oil Spill Imbalanced Classification,Media,7,43.495975609756094
UNDERSAMPLING,07-Oil Spill Imbalanced Classification,Media,8,9.328536585365853
UNDERSAMPLING,07-Oil Spill Imbalanced Classification,Media,9,4732.713414634146
UNDERSAMPLING,07-Oil Spill Imbalanced Classification,Media,10,0.2225609756097561
UNDERSAMPLING,07-Oil Spill Imbalanced Classification,Media,11,128.0878048780488
UNDERSAMPLING,07-Oil Spill Imbalanced Classification,Media,12,0.2524390243902439
UNDERSAMPLING,07-Oil Spill Imbalanced Classification,Media,13,0.31939024390243903
UNDERSAMPLING,07-Oil Spill Imbalanced Classification,Media,14,0.4948780487804878
UNDERSAMPLING,07-Oil Spill Imbalanced Classification,Media,15,0.1876829268292683
UNDERSAMPLING,07-Oil Spill Imbalanced Classification,Media,16,0.3078048780487805
UNDERSAMPLING,07-Oil Spill Imbalanced Classification,Media,17,70.835
UNDERSAMPLING,07-Oil Spill Imbalanced Classification,Media,18,22.41390243902439
UNDERSAMPLING,07-Oil Spill Imbalanced Classification,Media,19,0.9004878048780488
UNDERSAMPLING,07-Oil Spill Imbalanced Classification,Media,20,0.22121951219512195
UNDERSAMPLING,07-Oil Spill Imbalanced Classification,Media,21,0.2868292682926829
UNDERSAMPLING,07-Oil Spill Imbalanced Classification,Media,22,78.46987804878049
UNDERSAMPLING,07-Oil Spill Imbalanced Classification,Media,23,0
UNDERSAMPLING,07-Oil Spill Imbalanced Classification,Media,24,0.6351219512195122
UNDERSAMPLING,07-Oil Spill Imbalanced Classification,Media,25,578.6015853658537
UNDERSAMPLING,07-Oil Spill Imbalanced Classification,Media,26,0.45109756097560977
UNDERSAMPLING,07-Oil Spill Imbalanced Classification,Media,27,6.462195121951219
UNDERSAMPLING,07-Oil Spill Imbalanced Classification,Media,28,0.771219512195122
UNDERSAMPLING,07-Oil Spill Imbalanced Classification,Media,29,4.536341463414634
UNDERSAMPLING,07-Oil Spill Imbalanced Classification,Media,30,-3.0876829268292685
UNDERSAMPLING,07-Oil Spill Imbalanced Classification,Media,31,-0.41353658536585364
UNDERSAMPLING,07-Oil Spill Imbalanced Classification,Media,32,1.822439024390244
UNDERSAMPLING,07-Oil Spill Imbalanced Classification,Media,33,0
UNDERSAMPLING,07-Oil Spill Imbalanced Classification,Media,34,1.8223170731707317
UNDERSAMPLING,07-Oil Spill Imbalanced Classification,Media,35,46.36585365853659
UNDERSAMPLING,07-Oil Spill Imbalanced Classification,Media,36,2540.8536585365855
UNDERSAMPLING,07-Oil Spill Imbalanced Classification,Media,37,0.0052439024390243906
UNDERSAMPLING,07-Oil Spill Imbalanced Classification,Media,38,31.931341463414633
UNDERSAMPLING,07-Oil Spill Imbalanced Classification,Media,39,95.9390243902439
UNDERSAMPLING,07-Oil Spill Imbalanced Classification,Media,40,64.41463414634147
UNDERSAMPLING,07-Oil Spill Imbalanced Classification,Media,41,1203.3339024390243
UNDERSAMPLING,07-Oil Spill Imbalanced Classification,Media,42,426.0859756097561
UNDERSAMPLING,07-Oil Spill Imbalanced Classification,Media,43,262.98
UNDERSAMPLING,07-Oil Spill Imbalanced Classification,Media,44,96.6540243902439
UNDERSAMPLING,07-Oil Spill Imbalanced Classification,Media,45,5.117560975609756
UNDERSAMPLING,07-Oil Spill Imbalanced Classification,Media,46,0.2073170731707317
UNDERSAMPLING,07-Oil Spill Imbalanced Classification,Media,48,60.90487804878049
UNDERSAMPLING,07-Oil Spill Imbalanced Classification,Media,49,8.333414634146342
UNDERSAMPLING,07-Oil Spill Imbalanced Classification,Desvio_Padrao,time,NA
UNDERSAMPLING,07-Oil Spill Imbalanced Classification,Desvio_Padrao,v1,NA
UNDERSAMPLING,07-Oil Spill Imbalanced Classification,Desvio_Padrao,v2,NA
UNDERSAMPLING,07-Oil Spill Imbalanced Classification,Desvio_Padrao,v3,NA
UNDERSAMPLING,07-Oil Spill Imbalanced Classification,Desvio_Padrao,v4,NA
UNDERSAMPLING,07-Oil Spill Imbalanced Classification,Desvio_Padrao,v5,NA
UNDERSAMPLING,07-Oil Spill Imbalanced Classification,Desvio_Padrao,v6,NA
UNDERSAMPLING,07-Oil Spill Imbalanced Classification,Desvio_Padrao,v7,NA
UNDERSAMPLING,07-Oil Spill Imbalanced Classification,Desvio_Padrao,v8,NA
UNDERSAMPLING,07-Oil Spill Imbalanced Classification,Desvio_Padrao,v9,NA
UNDERSAMPLING,07-Oil Spill Imbalanced Classification,Desvio_Padrao,v10,NA
UNDERSAMPLING,07-Oil Spill Imbalanced Classification,Desvio_Padrao,v11,NA
UNDERSAMPLING,07-Oil Spill Imbalanced Classification,Desvio_Padrao,v12,NA
UNDERSAMPLING,07-Oil Spill Imbalanced Classification,Desvio_Padrao,v13,NA
UNDERSAMPLING,07-Oil Spill Imbalanced Classification,Desvio_Padrao,v14,NA
UNDERSAMPLING,07-Oil Spill Imbalanced Classification,Desvio_Padrao,v15,NA
UNDERSAMPLING,07-Oil Spill Imbalanced Classification,Desvio_Padrao,v16,NA
UNDERSAMPLING,07-Oil Spill Imbalanced Classification,Desvio_Padrao,v17,NA
UNDERSAMPLING,07-Oil Spill Imbalanced Classification,Desvio_Padrao,v18,NA
UNDERSAMPLING,07-Oil Spill Imbalanced Classification,Desvio_Padrao,v19,NA
UNDERSAMPLING,07-Oil Spill Imbalanced Classification,Desvio_Padrao,v20,NA
UNDERSAMPLING,07-Oil Spill Imbalanced Classification,Desvio_Padrao,v21,NA
UNDERSAMPLING,07-Oil Spill Imbalanced Classification,Desvio_Padrao,v22,NA
UNDERSAMPLING,07-Oil Spill Imbalanced Classification,Desvio_Padrao,v23,NA
UNDERSAMPLING,07-Oil Spill Imbalanced Classification,Desvio_Padrao,v24,NA
UNDERSAMPLING,07-Oil Spill Imbalanced Classification,Desvio_Padrao,v25,NA
UNDERSAMPLING,07-Oil Spill Imbalanced Classification,Desvio_Padrao,v26,NA
UNDERSAMPLING,07-Oil Spill Imbalanced Classification,Desvio_Padrao,v27,NA
UNDERSAMPLING,07-Oil Spill Imbalanced Classification,Desvio_Padrao,v28,NA
UNDERSAMPLING,07-Oil Spill Imbalanced Classification,Desvio_Padrao,amount,NA
UNDERSAMPLING,07-Oil Spill Imbalanced Classification,Desvio_Padrao,radius1,NA
UNDERSAMPLING,07-Oil Spill Imbalanced Classification,Desvio_Padrao,texture1,NA
UNDERSAMPLING,07-Oil Spill Imbalanced Classification,Desvio_Padrao,perimeter1,NA
UNDERSAMPLING,07-Oil Spill Imbalanced Classification,Desvio_Padrao,area1,NA
UNDERSAMPLING,07-Oil Spill Imbalanced Classification,Desvio_Padrao,smoothness1,NA
UNDERSAMPLING,07-Oil Spill Imbalanced Classification,Desvio_Padrao,compactness1,NA
UNDERSAMPLING,07-Oil Spill Imbalanced Classification,Desvio_Padrao,concavity1,NA
UNDERSAMPLING,07-Oil Spill Imbalanced Classification,Desvio_Padrao,concave_points1,NA
UNDERSAMPLING,07-Oil Spill Imbalanced Classification,Desvio_Padrao,symmetry1,NA
UNDERSAMPLING,07-Oil Spill Imbalanced Classification,Desvio_Padrao,fractal_dimension1,NA
UNDERSAMPLING,07-Oil Spill Imbalanced Classification,Desvio_Padrao,radius2,NA
UNDERSAMPLING,07-Oil Spill Imbalanced Classification,Desvio_Padrao,texture2,NA
UNDERSAMPLING,07-Oil Spill Imbalanced Classification,Desvio_Padrao,perimeter2,NA
UNDERSAMPLING,07-Oil Spill Imbalanced Classification,Desvio_Padrao,area2,NA
UNDERSAMPLING,07-Oil Spill Imbalanced Classification,Desvio_Padrao,smoothness2,NA
UNDERSAMPLING,07-Oil Spill Imbalanced Classification,Desvio_Padrao,compactness2,NA
UNDERSAMPLING,07-Oil Spill Imbalanced Classification,Desvio_Padrao,concavity2,NA
UNDERSAMPLING,07-Oil Spill Imbalanced Classification,Desvio_Padrao,concave_points2,NA
UNDERSAMPLING,07-Oil Spill Imbalanced Classification,Desvio_Padrao,symmetry2,NA
UNDERSAMPLING,07-Oil Spill Imbalanced Classification,Desvio_Padrao,fractal_dimension2,NA
UNDERSAMPLING,07-Oil Spill Imbalanced Classification,Desvio_Padrao,radius3,NA
UNDERSAMPLING,07-Oil Spill Imbalanced Classification,Desvio_Padrao,texture3,NA
UNDERSAMPLING,07-Oil Spill Imbalanced Classification,Desvio_Padrao,perimeter3,NA
UNDERSAMPLING,07-Oil Spill Imbalanced Classification,Desvio_Padrao,area3,NA
UNDERSAMPLING,07-Oil Spill Imbalanced Classification,Desvio_Padrao,smoothness3,NA
UNDERSAMPLING,07-Oil Spill Imbalanced Classification,Desvio_Padrao,compactness3,NA
UNDERSAMPLING,07-Oil Spill Imbalanced Classification,Desvio_Padrao,concavity3,NA
UNDERSAMPLING,07-Oil Spill Imbalanced Classification,Desvio_Padrao,concave_points3,NA
UNDERSAMPLING,07-Oil Spill Imbalanced Classification,Desvio_Padrao,symmetry3,NA
UNDERSAMPLING,07-Oil Spill Imbalanced Classification,Desvio_Padrao,fractal_dimension3,NA
UNDERSAMPLING,07-Oil Spill Imbalanced Classification,Desvio_Padrao,pregnancies,NA
UNDERSAMPLING,07-Oil Spill Imbalanced Classification,Desvio_Padrao,glucose,NA
UNDERSAMPLING,07-Oil Spill Imbalanced Classification,Desvio_Padrao,bloodpressure,NA
UNDERSAMPLING,07-Oil Spill Imbalanced Classification,Desvio_Padrao,skinthickness,NA
UNDERSAMPLING,07-Oil Spill Imbalanced Classification,Desvio_Padrao,insulin,NA
UNDERSAMPLING,07-Oil Spill Imbalanced Classification,Desvio_Padrao,bmi,NA
UNDERSAMPLING,07-Oil Spill Imbalanced Classification,Desvio_Padrao,diabetespedigreefunction,NA
UNDERSAMPLING,07-Oil Spill Imbalanced Classification,Desvio_Padrao,age,NA
UNDERSAMPLING,07-Oil Spill Imbalanced Classification,Desvio_Padrao,attribute01,NA
UNDERSAMPLING,07-Oil Spill Imbalanced Classification,Desvio_Padrao,attribute02,NA
UNDERSAMPLING,07-Oil Spill Imbalanced Classification,Desvio_Padrao,attribute03,NA
UNDERSAMPLING,07-Oil Spill Imbalanced Classification,Desvio_Padrao,attribute04,NA
UNDERSAMPLING,07-Oil Spill Imbalanced Classification,Desvio_Padrao,attribute05,NA
UNDERSAMPLING,07-Oil Spill Imbalanced Classification,Desvio_Padrao,attribute06,NA
UNDERSAMPLING,07-Oil Spill Imbalanced Classification,Desvio_Padrao,attribute07,NA
UNDERSAMPLING,07-Oil Spill Imbalanced Classification,Desvio_Padrao,attribute08,NA
UNDERSAMPLING,07-Oil Spill Imbalanced Classification,Desvio_Padrao,attribute09,NA
UNDERSAMPLING,07-Oil Spill Imbalanced Classification,Desvio_Padrao,attribute10,NA
UNDERSAMPLING,07-Oil Spill Imbalanced Classification,Desvio_Padrao,attribute11,NA
UNDERSAMPLING,07-Oil Spill Imbalanced Classification,Desvio_Padrao,attribute12,NA
UNDERSAMPLING,07-Oil Spill Imbalanced Classification,Desvio_Padrao,attribute13,NA
UNDERSAMPLING,07-Oil Spill Imbalanced Classification,Desvio_Padrao,attribute14,NA
UNDERSAMPLING,07-Oil Spill Imbalanced Classification,Desvio_Padrao,attribute15,NA
UNDERSAMPLING,07-Oil Spill Imbalanced Classification,Desvio_Padrao,attribute16,NA
UNDERSAMPLING,07-Oil Spill Imbalanced Classification,Desvio_Padrao,attribute17,NA
UNDERSAMPLING,07-Oil Spill Imbalanced Classification,Desvio_Padrao,attribute18,NA
UNDERSAMPLING,07-Oil Spill Imbalanced Classification,Desvio_Padrao,attribute19,NA
UNDERSAMPLING,07-Oil Spill Imbalanced Classification,Desvio_Padrao,attribute20,NA
UNDERSAMPLING,07-Oil Spill Imbalanced Classification,Desvio_Padrao,attribute21,NA
UNDERSAMPLING,07-Oil Spill Imbalanced Classification,Desvio_Padrao,attribute22,NA
UNDERSAMPLING,07-Oil Spill Imbalanced Classification,Desvio_Padrao,attribute23,NA
UNDERSAMPLING,07-Oil Spill Imbalanced Classification,Desvio_Padrao,attribute24,NA
UNDERSAMPLING,07-Oil Spill Imbalanced Classification,Desvio_Padrao,attribute25,NA
UNDERSAMPLING,07-Oil Spill Imbalanced Classification,Desvio_Padrao,attribute26,NA
UNDERSAMPLING,07-Oil Spill Imbalanced Classification,Desvio_Padrao,attribute27,NA
UNDERSAMPLING,07-Oil Spill Imbalanced Classification,Desvio_Padrao,attribute28,NA
UNDERSAMPLING,07-Oil Spill Imbalanced Classification,Desvio_Padrao,attribute29,NA
UNDERSAMPLING,07-Oil Spill Imbalanced Classification,Desvio_Padrao,attribute30,NA
UNDERSAMPLING,07-Oil Spill Imbalanced Classification,Desvio_Padrao,attribute31,NA
UNDERSAMPLING,07-Oil Spill Imbalanced Classification,Desvio_Padrao,attribute32,NA
UNDERSAMPLING,07-Oil Spill Imbalanced Classification,Desvio_Padrao,attribute33,NA
UNDERSAMPLING,07-Oil Spill Imbalanced Classification,Desvio_Padrao,attribute34,NA
UNDERSAMPLING,07-Oil Spill Imbalanced Classification,Desvio_Padrao,aa,NA
UNDERSAMPLING,07-Oil Spill Imbalanced Classification,Desvio_Padrao,ao,NA
UNDERSAMPLING,07-Oil Spill Imbalanced Classification,Desvio_Padrao,dcl,NA
UNDERSAMPLING,07-Oil Spill Imbalanced Classification,Desvio_Padrao,iy,NA
UNDERSAMPLING,07-Oil Spill Imbalanced Classification,Desvio_Padrao,sh,NA
UNDERSAMPLING,07-Oil Spill Imbalanced Classification,Desvio_Padrao,0,NA
UNDERSAMPLING,07-Oil Spill Imbalanced Classification,Desvio_Padrao,1,57.40316853540618
UNDERSAMPLING,07-Oil Spill Imbalanced Classification,Desvio_Padrao,2,1163.0536940366449
UNDERSAMPLING,07-Oil Spill Imbalanced Classification,Desvio_Padrao,3,528.9661907742633
UNDERSAMPLING,07-Oil Spill Imbalanced Classification,Desvio_Padrao,4,579.4335405217381
UNDERSAMPLING,07-Oil Spill Imbalanced Classification,Desvio_Padrao,5,44.53735038868708
UNDERSAMPLING,07-Oil Spill Imbalanced Classification,Desvio_Padrao,6,2118148.258336683
UNDERSAMPLING,07-Oil Spill Imbalanced Classification,Desvio_Padrao,7,12.850800413151589
UNDERSAMPLING,07-Oil Spill Imbalanced Classification,Desvio_Padrao,8,4.10055194175614
UNDERSAMPLING,07-Oil Spill Imbalanced Classification,Desvio_Padrao,9,6296.425110080709
UNDERSAMPLING,07-Oil Spill Imbalanced Classification,Desvio_Padrao,10,0.09265375577004796
UNDERSAMPLING,07-Oil Spill Imbalanced Classification,Desvio_Padrao,11,79.12571867361318
UNDERSAMPLING,07-Oil Spill Imbalanced Classification,Desvio_Padrao,12,0.08711509310073665
UNDERSAMPLING,07-Oil Spill Imbalanced Classification,Desvio_Padrao,13,0.12539663059816192
UNDERSAMPLING,07-Oil Spill Imbalanced Classification,Desvio_Padrao,14,0.20784754563921246
UNDERSAMPLING,07-Oil Spill Imbalanced Classification,Desvio_Padrao,15,0.0807724861553919
UNDERSAMPLING,07-Oil Spill Imbalanced Classification,Desvio_Padrao,16,0.19120168648362512
UNDERSAMPLING,07-Oil Spill Imbalanced Classification,Desvio_Padrao,17,101.87118758450076
UNDERSAMPLING,07-Oil Spill Imbalanced Classification,Desvio_Padrao,18,16.32432266615932
UNDERSAMPLING,07-Oil Spill Imbalanced Classification,Desvio_Padrao,19,0.5907076786176374
UNDERSAMPLING,07-Oil Spill Imbalanced Classification,Desvio_Padrao,20,0.07050768706716722
UNDERSAMPLING,07-Oil Spill Imbalanced Classification,Desvio_Padrao,21,0.10159077979914681
UNDERSAMPLING,07-Oil Spill Imbalanced Classification,Desvio_Padrao,22,24.355575146682227
UNDERSAMPLING,07-Oil Spill Imbalanced Classification,Desvio_Padrao,23,0
UNDERSAMPLING,07-Oil Spill Imbalanced Classification,Desvio_Padrao,24,0.3084859238137252
UNDERSAMPLING,07-Oil Spill Imbalanced Classification,Desvio_Padrao,25,670.8931019014408
UNDERSAMPLING,07-Oil Spill Imbalanced Classification,Desvio_Padrao,26,0.6950033414922088
UNDERSAMPLING,07-Oil Spill Imbalanced Classification,Desvio_Padrao,27,3.763394850525728
UNDERSAMPLING,07-Oil Spill Imbalanced Classification,Desvio_Padrao,28,0.7921659482022168
UNDERSAMPLING,07-Oil Spill Imbalanced Classification,Desvio_Padrao,29,3.4394255593426584
UNDERSAMPLING,07-Oil Spill Imbalanced Classification,Desvio_Padrao,30,1.5849191269475447
UNDERSAMPLING,07-Oil Spill Imbalanced Classification,Desvio_Padrao,31,0.21323129475932828
UNDERSAMPLING,07-Oil Spill Imbalanced Classification,Desvio_Padrao,32,0.6522999404303638
UNDERSAMPLING,07-Oil Spill Imbalanced Classification,Desvio_Padrao,33,0
UNDERSAMPLING,07-Oil Spill Imbalanced Classification,Desvio_Padrao,34,0.6524375922673935
UNDERSAMPLING,07-Oil Spill Imbalanced Classification,Desvio_Padrao,35,69.46595439229667
UNDERSAMPLING,07-Oil Spill Imbalanced Classification,Desvio_Padrao,36,3613.1509456563754
UNDERSAMPLING,07-Oil Spill Imbalanced Classification,Desvio_Padrao,37,0.0054942415996929415
UNDERSAMPLING,07-Oil Spill Imbalanced Classification,Desvio_Padrao,38,25.065350525051343
UNDERSAMPLING,07-Oil Spill Imbalanced Classification,Desvio_Padrao,39,22.680468325871917
UNDERSAMPLING,07-Oil Spill Imbalanced Classification,Desvio_Padrao,40,13.393338328919109
UNDERSAMPLING,07-Oil Spill Imbalanced Classification,Desvio_Padrao,41,1279.4477956879507
UNDERSAMPLING,07-Oil Spill Imbalanced Classification,Desvio_Padrao,42,515.4355650018628
UNDERSAMPLING,07-Oil Spill Imbalanced Classification,Desvio_Padrao,43,334.91002801010364
UNDERSAMPLING,07-Oil Spill Imbalanced Classification,Desvio_Padrao,44,96.7604925864872
UNDERSAMPLING,07-Oil Spill Imbalanced Classification,Desvio_Padrao,45,4.401687263747961
UNDERSAMPLING,07-Oil Spill Imbalanced Classification,Desvio_Padrao,46,0.40787933576538826
UNDERSAMPLING,07-Oil Spill Imbalanced Classification,Desvio_Padrao,48,11.192705654196732
UNDERSAMPLING,07-Oil Spill Imbalanced Classification,Desvio_Padrao,49,3.07238646115634
UNDERSAMPLING,07-Oil Spill Imbalanced Classification,Minimo,time,NA
UNDERSAMPLING,07-Oil Spill Imbalanced Classification,Minimo,v1,NA
UNDERSAMPLING,07-Oil Spill Imbalanced Classification,Minimo,v2,NA
UNDERSAMPLING,07-Oil Spill Imbalanced Classification,Minimo,v3,NA
UNDERSAMPLING,07-Oil Spill Imbalanced Classification,Minimo,v4,NA
UNDERSAMPLING,07-Oil Spill Imbalanced Classification,Minimo,v5,NA
UNDERSAMPLING,07-Oil Spill Imbalanced Classification,Minimo,v6,NA
UNDERSAMPLING,07-Oil Spill Imbalanced Classification,Minimo,v7,NA
UNDERSAMPLING,07-Oil Spill Imbalanced Classification,Minimo,v8,NA
UNDERSAMPLING,07-Oil Spill Imbalanced Classification,Minimo,v9,NA
UNDERSAMPLING,07-Oil Spill Imbalanced Classification,Minimo,v10,NA
UNDERSAMPLING,07-Oil Spill Imbalanced Classification,Minimo,v11,NA
UNDERSAMPLING,07-Oil Spill Imbalanced Classification,Minimo,v12,NA
UNDERSAMPLING,07-Oil Spill Imbalanced Classification,Minimo,v13,NA
UNDERSAMPLING,07-Oil Spill Imbalanced Classification,Minimo,v14,NA
UNDERSAMPLING,07-Oil Spill Imbalanced Classification,Minimo,v15,NA
UNDERSAMPLING,07-Oil Spill Imbalanced Classification,Minimo,v16,NA
UNDERSAMPLING,07-Oil Spill Imbalanced Classification,Minimo,v17,NA
UNDERSAMPLING,07-Oil Spill Imbalanced Classification,Minimo,v18,NA
UNDERSAMPLING,07-Oil Spill Imbalanced Classification,Minimo,v19,NA
UNDERSAMPLING,07-Oil Spill Imbalanced Classification,Minimo,v20,NA
UNDERSAMPLING,07-Oil Spill Imbalanced Classification,Minimo,v21,NA
UNDERSAMPLING,07-Oil Spill Imbalanced Classification,Minimo,v22,NA
UNDERSAMPLING,07-Oil Spill Imbalanced Classification,Minimo,v23,NA
UNDERSAMPLING,07-Oil Spill Imbalanced Classification,Minimo,v24,NA
UNDERSAMPLING,07-Oil Spill Imbalanced Classification,Minimo,v25,NA
UNDERSAMPLING,07-Oil Spill Imbalanced Classification,Minimo,v26,NA
UNDERSAMPLING,07-Oil Spill Imbalanced Classification,Minimo,v27,NA
UNDERSAMPLING,07-Oil Spill Imbalanced Classification,Minimo,v28,NA
UNDERSAMPLING,07-Oil Spill Imbalanced Classification,Minimo,amount,NA
UNDERSAMPLING,07-Oil Spill Imbalanced Classification,Minimo,radius1,NA
UNDERSAMPLING,07-Oil Spill Imbalanced Classification,Minimo,texture1,NA
UNDERSAMPLING,07-Oil Spill Imbalanced Classification,Minimo,perimeter1,NA
UNDERSAMPLING,07-Oil Spill Imbalanced Classification,Minimo,area1,NA
UNDERSAMPLING,07-Oil Spill Imbalanced Classification,Minimo,smoothness1,NA
UNDERSAMPLING,07-Oil Spill Imbalanced Classification,Minimo,compactness1,NA
UNDERSAMPLING,07-Oil Spill Imbalanced Classification,Minimo,concavity1,NA
UNDERSAMPLING,07-Oil Spill Imbalanced Classification,Minimo,concave_points1,NA
UNDERSAMPLING,07-Oil Spill Imbalanced Classification,Minimo,symmetry1,NA
UNDERSAMPLING,07-Oil Spill Imbalanced Classification,Minimo,fractal_dimension1,NA
UNDERSAMPLING,07-Oil Spill Imbalanced Classification,Minimo,radius2,NA
UNDERSAMPLING,07-Oil Spill Imbalanced Classification,Minimo,texture2,NA
UNDERSAMPLING,07-Oil Spill Imbalanced Classification,Minimo,perimeter2,NA
UNDERSAMPLING,07-Oil Spill Imbalanced Classification,Minimo,area2,NA
UNDERSAMPLING,07-Oil Spill Imbalanced Classification,Minimo,smoothness2,NA
UNDERSAMPLING,07-Oil Spill Imbalanced Classification,Minimo,compactness2,NA
UNDERSAMPLING,07-Oil Spill Imbalanced Classification,Minimo,concavity2,NA
UNDERSAMPLING,07-Oil Spill Imbalanced Classification,Minimo,concave_points2,NA
UNDERSAMPLING,07-Oil Spill Imbalanced Classification,Minimo,symmetry2,NA
UNDERSAMPLING,07-Oil Spill Imbalanced Classification,Minimo,fractal_dimension2,NA
UNDERSAMPLING,07-Oil Spill Imbalanced Classification,Minimo,radius3,NA
UNDERSAMPLING,07-Oil Spill Imbalanced Classification,Minimo,texture3,NA
UNDERSAMPLING,07-Oil Spill Imbalanced Classification,Minimo,perimeter3,NA
UNDERSAMPLING,07-Oil Spill Imbalanced Classification,Minimo,area3,NA
UNDERSAMPLING,07-Oil Spill Imbalanced Classification,Minimo,smoothness3,NA
UNDERSAMPLING,07-Oil Spill Imbalanced Classification,Minimo,compactness3,NA
UNDERSAMPLING,07-Oil Spill Imbalanced Classification,Minimo,concavity3,NA
UNDERSAMPLING,07-Oil Spill Imbalanced Classification,Minimo,concave_points3,NA
UNDERSAMPLING,07-Oil Spill Imbalanced Classification,Minimo,symmetry3,NA
UNDERSAMPLING,07-Oil Spill Imbalanced Classification,Minimo,fractal_dimension3,NA
UNDERSAMPLING,07-Oil Spill Imbalanced Classification,Minimo,pregnancies,NA
UNDERSAMPLING,07-Oil Spill Imbalanced Classification,Minimo,glucose,NA
UNDERSAMPLING,07-Oil Spill Imbalanced Classification,Minimo,bloodpressure,NA
UNDERSAMPLING,07-Oil Spill Imbalanced Classification,Minimo,skinthickness,NA
UNDERSAMPLING,07-Oil Spill Imbalanced Classification,Minimo,insulin,NA
UNDERSAMPLING,07-Oil Spill Imbalanced Classification,Minimo,bmi,NA
UNDERSAMPLING,07-Oil Spill Imbalanced Classification,Minimo,diabetespedigreefunction,NA
UNDERSAMPLING,07-Oil Spill Imbalanced Classification,Minimo,age,NA
UNDERSAMPLING,07-Oil Spill Imbalanced Classification,Minimo,attribute01,NA
UNDERSAMPLING,07-Oil Spill Imbalanced Classification,Minimo,attribute02,NA
UNDERSAMPLING,07-Oil Spill Imbalanced Classification,Minimo,attribute03,NA
UNDERSAMPLING,07-Oil Spill Imbalanced Classification,Minimo,attribute04,NA
UNDERSAMPLING,07-Oil Spill Imbalanced Classification,Minimo,attribute05,NA
UNDERSAMPLING,07-Oil Spill Imbalanced Classification,Minimo,attribute06,NA
UNDERSAMPLING,07-Oil Spill Imbalanced Classification,Minimo,attribute07,NA
UNDERSAMPLING,07-Oil Spill Imbalanced Classification,Minimo,attribute08,NA
UNDERSAMPLING,07-Oil Spill Imbalanced Classification,Minimo,attribute09,NA
UNDERSAMPLING,07-Oil Spill Imbalanced Classification,Minimo,attribute10,NA
UNDERSAMPLING,07-Oil Spill Imbalanced Classification,Minimo,attribute11,NA
UNDERSAMPLING,07-Oil Spill Imbalanced Classification,Minimo,attribute12,NA
UNDERSAMPLING,07-Oil Spill Imbalanced Classification,Minimo,attribute13,NA
UNDERSAMPLING,07-Oil Spill Imbalanced Classification,Minimo,attribute14,NA
UNDERSAMPLING,07-Oil Spill Imbalanced Classification,Minimo,attribute15,NA
UNDERSAMPLING,07-Oil Spill Imbalanced Classification,Minimo,attribute16,NA
UNDERSAMPLING,07-Oil Spill Imbalanced Classification,Minimo,attribute17,NA
UNDERSAMPLING,07-Oil Spill Imbalanced Classification,Minimo,attribute18,NA
UNDERSAMPLING,07-Oil Spill Imbalanced Classification,Minimo,attribute19,NA
UNDERSAMPLING,07-Oil Spill Imbalanced Classification,Minimo,attribute20,NA
UNDERSAMPLING,07-Oil Spill Imbalanced Classification,Minimo,attribute21,NA
UNDERSAMPLING,07-Oil Spill Imbalanced Classification,Minimo,attribute22,NA
UNDERSAMPLING,07-Oil Spill Imbalanced Classification,Minimo,attribute23,NA
UNDERSAMPLING,07-Oil Spill Imbalanced Classification,Minimo,attribute24,NA
UNDERSAMPLING,07-Oil Spill Imbalanced Classification,Minimo,attribute25,NA
UNDERSAMPLING,07-Oil Spill Imbalanced Classification,Minimo,attribute26,NA
UNDERSAMPLING,07-Oil Spill Imbalanced Classification,Minimo,attribute27,NA
UNDERSAMPLING,07-Oil Spill Imbalanced Classification,Minimo,attribute28,NA
UNDERSAMPLING,07-Oil Spill Imbalanced Classification,Minimo,attribute29,NA
UNDERSAMPLING,07-Oil Spill Imbalanced Classification,Minimo,attribute30,NA
UNDERSAMPLING,07-Oil Spill Imbalanced Classification,Minimo,attribute31,NA
UNDERSAMPLING,07-Oil Spill Imbalanced Classification,Minimo,attribute32,NA
UNDERSAMPLING,07-Oil Spill Imbalanced Classification,Minimo,attribute33,NA
UNDERSAMPLING,07-Oil Spill Imbalanced Classification,Minimo,attribute34,NA
UNDERSAMPLING,07-Oil Spill Imbalanced Classification,Minimo,aa,NA
UNDERSAMPLING,07-Oil Spill Imbalanced Classification,Minimo,ao,NA
UNDERSAMPLING,07-Oil Spill Imbalanced Classification,Minimo,dcl,NA
UNDERSAMPLING,07-Oil Spill Imbalanced Classification,Minimo,iy,NA
UNDERSAMPLING,07-Oil Spill Imbalanced Classification,Minimo,sh,NA
UNDERSAMPLING,07-Oil Spill Imbalanced Classification,Minimo,0,NA
UNDERSAMPLING,07-Oil Spill Imbalanced Classification,Minimo,1,1
UNDERSAMPLING,07-Oil Spill Imbalanced Classification,Minimo,2,10
UNDERSAMPLING,07-Oil Spill Imbalanced Classification,Minimo,3,7.7
UNDERSAMPLING,07-Oil Spill Imbalanced Classification,Minimo,4,172.78
UNDERSAMPLING,07-Oil Spill Imbalanced Classification,Minimo,5,2
UNDERSAMPLING,07-Oil Spill Imbalanced Classification,Minimo,6,73125
UNDERSAMPLING,07-Oil Spill Imbalanced Classification,Minimo,7,22.79
UNDERSAMPLING,07-Oil Spill Imbalanced Classification,Minimo,8,3.66
UNDERSAMPLING,07-Oil Spill Imbalanced Classification,Minimo,9,741
UNDERSAMPLING,07-Oil Spill Imbalanced Classification,Minimo,10,0.08
UNDERSAMPLING,07-Oil Spill Imbalanced Classification,Minimo,11,41
UNDERSAMPLING,07-Oil Spill Imbalanced Classification,Minimo,12,0.11
UNDERSAMPLING,07-Oil Spill Imbalanced Classification,Minimo,13,0.14
UNDERSAMPLING,07-Oil Spill Imbalanced Classification,Minimo,14,0.2
UNDERSAMPLING,07-Oil Spill Imbalanced Classification,Minimo,15,0.07
UNDERSAMPLING,07-Oil Spill Imbalanced Classification,Minimo,16,0.04
UNDERSAMPLING,07-Oil Spill Imbalanced Classification,Minimo,17,11.13
UNDERSAMPLING,07-Oil Spill Imbalanced Classification,Minimo,18,2.78
UNDERSAMPLING,07-Oil Spill Imbalanced Classification,Minimo,19,0.15
UNDERSAMPLING,07-Oil Spill Imbalanced Classification,Minimo,20,0.1
UNDERSAMPLING,07-Oil Spill Imbalanced Classification,Minimo,21,0.13
UNDERSAMPLING,07-Oil Spill Imbalanced Classification,Minimo,22,47.66
UNDERSAMPLING,07-Oil Spill Imbalanced Classification,Minimo,23,0
UNDERSAMPLING,07-Oil Spill Imbalanced Classification,Minimo,24,0.18
UNDERSAMPLING,07-Oil Spill Imbalanced Classification,Minimo,25,132.78
UNDERSAMPLING,07-Oil Spill Imbalanced Classification,Minimo,26,-0.71
UNDERSAMPLING,07-Oil Spill Imbalanced Classification,Minimo,27,2.96
UNDERSAMPLING,07-Oil Spill Imbalanced Classification,Minimo,28,-0.79
UNDERSAMPLING,07-Oil Spill Imbalanced Classification,Minimo,29,1.45
UNDERSAMPLING,07-Oil Spill Imbalanced Classification,Minimo,30,-7.76
UNDERSAMPLING,07-Oil Spill Imbalanced Classification,Minimo,31,-1.07
UNDERSAMPLING,07-Oil Spill Imbalanced Classification,Minimo,32,1.09
UNDERSAMPLING,07-Oil Spill Imbalanced Classification,Minimo,33,0
UNDERSAMPLING,07-Oil Spill Imbalanced Classification,Minimo,34,1.09
UNDERSAMPLING,07-Oil Spill Imbalanced Classification,Minimo,35,6
UNDERSAMPLING,07-Oil Spill Imbalanced Classification,Minimo,36,360
UNDERSAMPLING,07-Oil Spill Imbalanced Classification,Minimo,37,0
UNDERSAMPLING,07-Oil Spill Imbalanced Classification,Minimo,38,6.64
UNDERSAMPLING,07-Oil Spill Imbalanced Classification,Minimo,39,64
UNDERSAMPLING,07-Oil Spill Imbalanced Classification,Minimo,40,39
UNDERSAMPLING,07-Oil Spill Imbalanced Classification,Minimo,41,0
UNDERSAMPLING,07-Oil Spill Imbalanced Classification,Minimo,42,0
UNDERSAMPLING,07-Oil Spill Imbalanced Classification,Minimo,43,0
UNDERSAMPLING,07-Oil Spill Imbalanced Classification,Minimo,44,0
UNDERSAMPLING,07-Oil Spill Imbalanced Classification,Minimo,45,0
UNDERSAMPLING,07-Oil Spill Imbalanced Classification,Minimo,46,0
UNDERSAMPLING,07-Oil Spill Imbalanced Classification,Minimo,48,36.06
UNDERSAMPLING,07-Oil Spill Imbalanced Classification,Minimo,49,5.94
UNDERSAMPLING,07-Oil Spill Imbalanced Classification,Maximo,time,NA
UNDERSAMPLING,07-Oil Spill Imbalanced Classification,Maximo,v1,NA
UNDERSAMPLING,07-Oil Spill Imbalanced Classification,Maximo,v2,NA
UNDERSAMPLING,07-Oil Spill Imbalanced Classification,Maximo,v3,NA
UNDERSAMPLING,07-Oil Spill Imbalanced Classification,Maximo,v4,NA
UNDERSAMPLING,07-Oil Spill Imbalanced Classification,Maximo,v5,NA
UNDERSAMPLING,07-Oil Spill Imbalanced Classification,Maximo,v6,NA
UNDERSAMPLING,07-Oil Spill Imbalanced Classification,Maximo,v7,NA
UNDERSAMPLING,07-Oil Spill Imbalanced Classification,Maximo,v8,NA
UNDERSAMPLING,07-Oil Spill Imbalanced Classification,Maximo,v9,NA
UNDERSAMPLING,07-Oil Spill Imbalanced Classification,Maximo,v10,NA
UNDERSAMPLING,07-Oil Spill Imbalanced Classification,Maximo,v11,NA
UNDERSAMPLING,07-Oil Spill Imbalanced Classification,Maximo,v12,NA
UNDERSAMPLING,07-Oil Spill Imbalanced Classification,Maximo,v13,NA
UNDERSAMPLING,07-Oil Spill Imbalanced Classification,Maximo,v14,NA
UNDERSAMPLING,07-Oil Spill Imbalanced Classification,Maximo,v15,NA
UNDERSAMPLING,07-Oil Spill Imbalanced Classification,Maximo,v16,NA
UNDERSAMPLING,07-Oil Spill Imbalanced Classification,Maximo,v17,NA
UNDERSAMPLING,07-Oil Spill Imbalanced Classification,Maximo,v18,NA
UNDERSAMPLING,07-Oil Spill Imbalanced Classification,Maximo,v19,NA
UNDERSAMPLING,07-Oil Spill Imbalanced Classification,Maximo,v20,NA
UNDERSAMPLING,07-Oil Spill Imbalanced Classification,Maximo,v21,NA
UNDERSAMPLING,07-Oil Spill Imbalanced Classification,Maximo,v22,NA
UNDERSAMPLING,07-Oil Spill Imbalanced Classification,Maximo,v23,NA
UNDERSAMPLING,07-Oil Spill Imbalanced Classification,Maximo,v24,NA
UNDERSAMPLING,07-Oil Spill Imbalanced Classification,Maximo,v25,NA
UNDERSAMPLING,07-Oil Spill Imbalanced Classification,Maximo,v26,NA
UNDERSAMPLING,07-Oil Spill Imbalanced Classification,Maximo,v27,NA
UNDERSAMPLING,07-Oil Spill Imbalanced Classification,Maximo,v28,NA
UNDERSAMPLING,07-Oil Spill Imbalanced Classification,Maximo,amount,NA
UNDERSAMPLING,07-Oil Spill Imbalanced Classification,Maximo,radius1,NA
UNDERSAMPLING,07-Oil Spill Imbalanced Classification,Maximo,texture1,NA
UNDERSAMPLING,07-Oil Spill Imbalanced Classification,Maximo,perimeter1,NA
UNDERSAMPLING,07-Oil Spill Imbalanced Classification,Maximo,area1,NA
UNDERSAMPLING,07-Oil Spill Imbalanced Classification,Maximo,smoothness1,NA
UNDERSAMPLING,07-Oil Spill Imbalanced Classification,Maximo,compactness1,NA
UNDERSAMPLING,07-Oil Spill Imbalanced Classification,Maximo,concavity1,NA
UNDERSAMPLING,07-Oil Spill Imbalanced Classification,Maximo,concave_points1,NA
UNDERSAMPLING,07-Oil Spill Imbalanced Classification,Maximo,symmetry1,NA
UNDERSAMPLING,07-Oil Spill Imbalanced Classification,Maximo,fractal_dimension1,NA
UNDERSAMPLING,07-Oil Spill Imbalanced Classification,Maximo,radius2,NA
UNDERSAMPLING,07-Oil Spill Imbalanced Classification,Maximo,texture2,NA
UNDERSAMPLING,07-Oil Spill Imbalanced Classification,Maximo,perimeter2,NA
UNDERSAMPLING,07-Oil Spill Imbalanced Classification,Maximo,area2,NA
UNDERSAMPLING,07-Oil Spill Imbalanced Classification,Maximo,smoothness2,NA
UNDERSAMPLING,07-Oil Spill Imbalanced Classification,Maximo,compactness2,NA
UNDERSAMPLING,07-Oil Spill Imbalanced Classification,Maximo,concavity2,NA
UNDERSAMPLING,07-Oil Spill Imbalanced Classification,Maximo,concave_points2,NA
UNDERSAMPLING,07-Oil Spill Imbalanced Classification,Maximo,symmetry2,NA
UNDERSAMPLING,07-Oil Spill Imbalanced Classification,Maximo,fractal_dimension2,NA
UNDERSAMPLING,07-Oil Spill Imbalanced Classification,Maximo,radius3,NA
UNDERSAMPLING,07-Oil Spill Imbalanced Classification,Maximo,texture3,NA
UNDERSAMPLING,07-Oil Spill Imbalanced Classification,Maximo,perimeter3,NA
UNDERSAMPLING,07-Oil Spill Imbalanced Classification,Maximo,area3,NA
UNDERSAMPLING,07-Oil Spill Imbalanced Classification,Maximo,smoothness3,NA
UNDERSAMPLING,07-Oil Spill Imbalanced Classification,Maximo,compactness3,NA
UNDERSAMPLING,07-Oil Spill Imbalanced Classification,Maximo,concavity3,NA
UNDERSAMPLING,07-Oil Spill Imbalanced Classification,Maximo,concave_points3,NA
UNDERSAMPLING,07-Oil Spill Imbalanced Classification,Maximo,symmetry3,NA
UNDERSAMPLING,07-Oil Spill Imbalanced Classification,Maximo,fractal_dimension3,NA
UNDERSAMPLING,07-Oil Spill Imbalanced Classification,Maximo,pregnancies,NA
UNDERSAMPLING,07-Oil Spill Imbalanced Classification,Maximo,glucose,NA
UNDERSAMPLING,07-Oil Spill Imbalanced Classification,Maximo,bloodpressure,NA
UNDERSAMPLING,07-Oil Spill Imbalanced Classification,Maximo,skinthickness,NA
UNDERSAMPLING,07-Oil Spill Imbalanced Classification,Maximo,insulin,NA
UNDERSAMPLING,07-Oil Spill Imbalanced Classification,Maximo,bmi,NA
UNDERSAMPLING,07-Oil Spill Imbalanced Classification,Maximo,diabetespedigreefunction,NA
UNDERSAMPLING,07-Oil Spill Imbalanced Classification,Maximo,age,NA
UNDERSAMPLING,07-Oil Spill Imbalanced Classification,Maximo,attribute01,NA
UNDERSAMPLING,07-Oil Spill Imbalanced Classification,Maximo,attribute02,NA
UNDERSAMPLING,07-Oil Spill Imbalanced Classification,Maximo,attribute03,NA
UNDERSAMPLING,07-Oil Spill Imbalanced Classification,Maximo,attribute04,NA
UNDERSAMPLING,07-Oil Spill Imbalanced Classification,Maximo,attribute05,NA
UNDERSAMPLING,07-Oil Spill Imbalanced Classification,Maximo,attribute06,NA
UNDERSAMPLING,07-Oil Spill Imbalanced Classification,Maximo,attribute07,NA
UNDERSAMPLING,07-Oil Spill Imbalanced Classification,Maximo,attribute08,NA
UNDERSAMPLING,07-Oil Spill Imbalanced Classification,Maximo,attribute09,NA
UNDERSAMPLING,07-Oil Spill Imbalanced Classification,Maximo,attribute10,NA
UNDERSAMPLING,07-Oil Spill Imbalanced Classification,Maximo,attribute11,NA
UNDERSAMPLING,07-Oil Spill Imbalanced Classification,Maximo,attribute12,NA
UNDERSAMPLING,07-Oil Spill Imbalanced Classification,Maximo,attribute13,NA
UNDERSAMPLING,07-Oil Spill Imbalanced Classification,Maximo,attribute14,NA
UNDERSAMPLING,07-Oil Spill Imbalanced Classification,Maximo,attribute15,NA
UNDERSAMPLING,07-Oil Spill Imbalanced Classification,Maximo,attribute16,NA
UNDERSAMPLING,07-Oil Spill Imbalanced Classification,Maximo,attribute17,NA
UNDERSAMPLING,07-Oil Spill Imbalanced Classification,Maximo,attribute18,NA
UNDERSAMPLING,07-Oil Spill Imbalanced Classification,Maximo,attribute19,NA
UNDERSAMPLING,07-Oil Spill Imbalanced Classification,Maximo,attribute20,NA
UNDERSAMPLING,07-Oil Spill Imbalanced Classification,Maximo,attribute21,NA
UNDERSAMPLING,07-Oil Spill Imbalanced Classification,Maximo,attribute22,NA
UNDERSAMPLING,07-Oil Spill Imbalanced Classification,Maximo,attribute23,NA
UNDERSAMPLING,07-Oil Spill Imbalanced Classification,Maximo,attribute24,NA
UNDERSAMPLING,07-Oil Spill Imbalanced Classification,Maximo,attribute25,NA
UNDERSAMPLING,07-Oil Spill Imbalanced Classification,Maximo,attribute26,NA
UNDERSAMPLING,07-Oil Spill Imbalanced Classification,Maximo,attribute27,NA
UNDERSAMPLING,07-Oil Spill Imbalanced Classification,Maximo,attribute28,NA
UNDERSAMPLING,07-Oil Spill Imbalanced Classification,Maximo,attribute29,NA
UNDERSAMPLING,07-Oil Spill Imbalanced Classification,Maximo,attribute30,NA
UNDERSAMPLING,07-Oil Spill Imbalanced Classification,Maximo,attribute31,NA
UNDERSAMPLING,07-Oil Spill Imbalanced Classification,Maximo,attribute32,NA
UNDERSAMPLING,07-Oil Spill Imbalanced Classification,Maximo,attribute33,NA
UNDERSAMPLING,07-Oil Spill Imbalanced Classification,Maximo,attribute34,NA
UNDERSAMPLING,07-Oil Spill Imbalanced Classification,Maximo,aa,NA
UNDERSAMPLING,07-Oil Spill Imbalanced Classification,Maximo,ao,NA
UNDERSAMPLING,07-Oil Spill Imbalanced Classification,Maximo,dcl,NA
UNDERSAMPLING,07-Oil Spill Imbalanced Classification,Maximo,iy,NA
UNDERSAMPLING,07-Oil Spill Imbalanced Classification,Maximo,sh,NA
UNDERSAMPLING,07-Oil Spill Imbalanced Classification,Maximo,0,NA
UNDERSAMPLING,07-Oil Spill Imbalanced Classification,Maximo,1,245
UNDERSAMPLING,07-Oil Spill Imbalanced Classification,Maximo,2,9264
UNDERSAMPLING,07-Oil Spill Imbalanced Classification,Maximo,3,1776.55
UNDERSAMPLING,07-Oil Spill Imbalanced Classification,Maximo,4,2674.16
UNDERSAMPLING,07-Oil Spill Imbalanced Classification,Maximo,5,176
UNDERSAMPLING,07-Oil Spill Imbalanced Classification,Maximo,6,13027500
UNDERSAMPLING,07-Oil Spill Imbalanced Classification,Maximo,7,82.64
UNDERSAMPLING,07-Oil Spill Imbalanced Classification,Maximo,8,23.47
UNDERSAMPLING,07-Oil Spill Imbalanced Classification,Maximo,9,32401.5
UNDERSAMPLING,07-Oil Spill Imbalanced Classification,Maximo,10,0.67
UNDERSAMPLING,07-Oil Spill Imbalanced Classification,Maximo,11,496.7
UNDERSAMPLING,07-Oil Spill Imbalanced Classification,Maximo,12,0.57
UNDERSAMPLING,07-Oil Spill Imbalanced Classification,Maximo,13,0.79
UNDERSAMPLING,07-Oil Spill Imbalanced Classification,Maximo,14,1.02
UNDERSAMPLING,07-Oil Spill Imbalanced Classification,Maximo,15,0.5
UNDERSAMPLING,07-Oil Spill Imbalanced Classification,Maximo,16,0.87
UNDERSAMPLING,07-Oil Spill Imbalanced Classification,Maximo,17,747.64
UNDERSAMPLING,07-Oil Spill Imbalanced Classification,Maximo,18,82.87
UNDERSAMPLING,07-Oil Spill Imbalanced Classification,Maximo,19,2.27
UNDERSAMPLING,07-Oil Spill Imbalanced Classification,Maximo,20,0.45
UNDERSAMPLING,07-Oil Spill Imbalanced Classification,Maximo,21,0.69
UNDERSAMPLING,07-Oil Spill Imbalanced Classification,Maximo,22,126.08
UNDERSAMPLING,07-Oil Spill Imbalanced Classification,Maximo,23,0
UNDERSAMPLING,07-Oil Spill Imbalanced Classification,Maximo,24,1.2
UNDERSAMPLING,07-Oil Spill Imbalanced Classification,Maximo,25,2036.8
UNDERSAMPLING,07-Oil Spill Imbalanced Classification,Maximo,26,1.83
UNDERSAMPLING,07-Oil Spill Imbalanced Classification,Maximo,27,14.78
UNDERSAMPLING,07-Oil Spill Imbalanced Classification,Maximo,28,3.96
UNDERSAMPLING,07-Oil Spill Imbalanced Classification,Maximo,29,25.31
UNDERSAMPLING,07-Oil Spill Imbalanced Classification,Maximo,30,-0.65
UNDERSAMPLING,07-Oil Spill Imbalanced Classification,Maximo,31,-0.07
UNDERSAMPLING,07-Oil Spill Imbalanced Classification,Maximo,32,2.95
UNDERSAMPLING,07-Oil Spill Imbalanced Classification,Maximo,33,0
UNDERSAMPLING,07-Oil Spill Imbalanced Classification,Maximo,34,2.95
UNDERSAMPLING,07-Oil Spill Imbalanced Classification,Maximo,35,465
UNDERSAMPLING,07-Oil Spill Imbalanced Classification,Maximo,36,24030
UNDERSAMPLING,07-Oil Spill Imbalanced Classification,Maximo,37,0.02
UNDERSAMPLING,07-Oil Spill Imbalanced Classification,Maximo,38,138.68
UNDERSAMPLING,07-Oil Spill Imbalanced Classification,Maximo,39,143
UNDERSAMPLING,07-Oil Spill Imbalanced Classification,Maximo,40,86
UNDERSAMPLING,07-Oil Spill Imbalanced Classification,Maximo,41,6041.52
UNDERSAMPLING,07-Oil Spill Imbalanced Classification,Maximo,42,3059.41
UNDERSAMPLING,07-Oil Spill Imbalanced Classification,Maximo,43,2043.9
UNDERSAMPLING,07-Oil Spill Imbalanced Classification,Maximo,44,477.23
UNDERSAMPLING,07-Oil Spill Imbalanced Classification,Maximo,45,20.29
UNDERSAMPLING,07-Oil Spill Imbalanced Classification,Maximo,46,1
UNDERSAMPLING,07-Oil Spill Imbalanced Classification,Maximo,48,66.39
UNDERSAMPLING,07-Oil Spill Imbalanced Classification,Maximo,49,15.33
ROSE,01-Credit Card Fraud Detection,Media,time,87838.75889282834
ROSE,01-Credit Card Fraud Detection,Media,v1,-2.404132567880015
ROSE,01-Credit Card Fraud Detection,Media,v2,1.8242804922780067
ROSE,01-Credit Card Fraud Detection,Media,v3,-3.5384049503543795
ROSE,01-Credit Card Fraud Detection,Media,v4,2.264688861316343
ROSE,01-Credit Card Fraud Detection,Media,v5,-1.5882773884121415
ROSE,01-Credit Card Fraud Detection,Media,v6,-0.7091026809210053
ROSE,01-Credit Card Fraud Detection,Media,v7,-2.7926665732799374
ROSE,01-Credit Card Fraud Detection,Media,v8,0.29379086660168713
ROSE,01-Credit Card Fraud Detection,Media,v9,-1.2842864685687374
ROSE,01-Credit Card Fraud Detection,Media,v10,-2.843444442146128
ROSE,01-Credit Card Fraud Detection,Media,v11,1.8970725134339876
ROSE,01-Credit Card Fraud Detection,Media,v12,-3.1298404874795343
ROSE,01-Credit Card Fraud Detection,Media,v13,-0.05363217354365843
ROSE,01-Credit Card Fraud Detection,Media,v14,-3.4829543282844115
ROSE,01-Credit Card Fraud Detection,Media,v15,-0.04314232174580306
ROSE,01-Credit Card Fraud Detection,Media,v16,-2.0663989601107398
ROSE,01-Credit Card Fraud Detection,Media,v17,-3.342970844093692
ROSE,01-Credit Card Fraud Detection,Media,v18,-1.1190492171960622
ROSE,01-Credit Card Fraud Detection,Media,v19,0.3455499461979497
ROSE,01-Credit Card Fraud Detection,Media,v20,0.18703592657406737
ROSE,01-Credit Card Fraud Detection,Media,v21,0.3605730874985435
ROSE,01-Credit Card Fraud Detection,Media,v22,0.0063127357039520935
ROSE,01-Credit Card Fraud Detection,Media,v23,-0.016326760263870362
ROSE,01-Credit Card Fraud Detection,Media,v24,-0.05320058831687371
ROSE,01-Credit Card Fraud Detection,Media,v25,0.02160689533716551
ROSE,01-Credit Card Fraud Detection,Media,v26,0.02710723138545513
ROSE,01-Credit Card Fraud Detection,Media,v27,0.08542945149409649
ROSE,01-Credit Card Fraud Detection,Media,v28,0.03656805629479713
ROSE,01-Credit Card Fraud Detection,Media,amount,104.87269218561781
ROSE,01-Credit Card Fraud Detection,Media,radius1,NA
ROSE,01-Credit Card Fraud Detection,Media,texture1,NA
ROSE,01-Credit Card Fraud Detection,Media,perimeter1,NA
ROSE,01-Credit Card Fraud Detection,Media,area1,NA
ROSE,01-Credit Card Fraud Detection,Media,smoothness1,NA
ROSE,01-Credit Card Fraud Detection,Media,compactness1,NA
ROSE,01-Credit Card Fraud Detection,Media,concavity1,NA
ROSE,01-Credit Card Fraud Detection,Media,concave_points1,NA
ROSE,01-Credit Card Fraud Detection,Media,symmetry1,NA
ROSE,01-Credit Card Fraud Detection,Media,fractal_dimension1,NA
ROSE,01-Credit Card Fraud Detection,Media,radius2,NA
ROSE,01-Credit Card Fraud Detection,Media,texture2,NA
ROSE,01-Credit Card Fraud Detection,Media,perimeter2,NA
ROSE,01-Credit Card Fraud Detection,Media,area2,NA
ROSE,01-Credit Card Fraud Detection,Media,smoothness2,NA
ROSE,01-Credit Card Fraud Detection,Media,compactness2,NA
ROSE,01-Credit Card Fraud Detection,Media,concavity2,NA
ROSE,01-Credit Card Fraud Detection,Media,concave_points2,NA
ROSE,01-Credit Card Fraud Detection,Media,symmetry2,NA
ROSE,01-Credit Card Fraud Detection,Media,fractal_dimension2,NA
ROSE,01-Credit Card Fraud Detection,Media,radius3,NA
ROSE,01-Credit Card Fraud Detection,Media,texture3,NA
ROSE,01-Credit Card Fraud Detection,Media,perimeter3,NA
ROSE,01-Credit Card Fraud Detection,Media,area3,NA
ROSE,01-Credit Card Fraud Detection,Media,smoothness3,NA
ROSE,01-Credit Card Fraud Detection,Media,compactness3,NA
ROSE,01-Credit Card Fraud Detection,Media,concavity3,NA
ROSE,01-Credit Card Fraud Detection,Media,concave_points3,NA
ROSE,01-Credit Card Fraud Detection,Media,symmetry3,NA
ROSE,01-Credit Card Fraud Detection,Media,fractal_dimension3,NA
ROSE,01-Credit Card Fraud Detection,Media,pregnancies,NA
ROSE,01-Credit Card Fraud Detection,Media,glucose,NA
ROSE,01-Credit Card Fraud Detection,Media,bloodpressure,NA
ROSE,01-Credit Card Fraud Detection,Media,skinthickness,NA
ROSE,01-Credit Card Fraud Detection,Media,insulin,NA
ROSE,01-Credit Card Fraud Detection,Media,bmi,NA
ROSE,01-Credit Card Fraud Detection,Media,diabetespedigreefunction,NA
ROSE,01-Credit Card Fraud Detection,Media,age,NA
ROSE,01-Credit Card Fraud Detection,Media,attribute01,NA
ROSE,01-Credit Card Fraud Detection,Media,attribute02,NA
ROSE,01-Credit Card Fraud Detection,Media,attribute03,NA
ROSE,01-Credit Card Fraud Detection,Media,attribute04,NA
ROSE,01-Credit Card Fraud Detection,Media,attribute05,NA
ROSE,01-Credit Card Fraud Detection,Media,attribute06,NA
ROSE,01-Credit Card Fraud Detection,Media,attribute07,NA
ROSE,01-Credit Card Fraud Detection,Media,attribute08,NA
ROSE,01-Credit Card Fraud Detection,Media,attribute09,NA
ROSE,01-Credit Card Fraud Detection,Media,attribute10,NA
ROSE,01-Credit Card Fraud Detection,Media,attribute11,NA
ROSE,01-Credit Card Fraud Detection,Media,attribute12,NA
ROSE,01-Credit Card Fraud Detection,Media,attribute13,NA
ROSE,01-Credit Card Fraud Detection,Media,attribute14,NA
ROSE,01-Credit Card Fraud Detection,Media,attribute15,NA
ROSE,01-Credit Card Fraud Detection,Media,attribute16,NA
ROSE,01-Credit Card Fraud Detection,Media,attribute17,NA
ROSE,01-Credit Card Fraud Detection,Media,attribute18,NA
ROSE,01-Credit Card Fraud Detection,Media,attribute19,NA
ROSE,01-Credit Card Fraud Detection,Media,attribute20,NA
ROSE,01-Credit Card Fraud Detection,Media,attribute21,NA
ROSE,01-Credit Card Fraud Detection,Media,attribute22,NA
ROSE,01-Credit Card Fraud Detection,Media,attribute23,NA
ROSE,01-Credit Card Fraud Detection,Media,attribute24,NA
ROSE,01-Credit Card Fraud Detection,Media,attribute25,NA
ROSE,01-Credit Card Fraud Detection,Media,attribute26,NA
ROSE,01-Credit Card Fraud Detection,Media,attribute27,NA
ROSE,01-Credit Card Fraud Detection,Media,attribute28,NA
ROSE,01-Credit Card Fraud Detection,Media,attribute29,NA
ROSE,01-Credit Card Fraud Detection,Media,attribute30,NA
ROSE,01-Credit Card Fraud Detection,Media,attribute31,NA
ROSE,01-Credit Card Fraud Detection,Media,attribute32,NA
ROSE,01-Credit Card Fraud Detection,Media,attribute33,NA
ROSE,01-Credit Card Fraud Detection,Media,attribute34,NA
ROSE,01-Credit Card Fraud Detection,Media,aa,NA
ROSE,01-Credit Card Fraud Detection,Media,ao,NA
ROSE,01-Credit Card Fraud Detection,Media,dcl,NA
ROSE,01-Credit Card Fraud Detection,Media,iy,NA
ROSE,01-Credit Card Fraud Detection,Media,sh,NA
ROSE,01-Credit Card Fraud Detection,Media,0,NA
ROSE,01-Credit Card Fraud Detection,Media,1,NA
ROSE,01-Credit Card Fraud Detection,Media,2,NA
ROSE,01-Credit Card Fraud Detection,Media,3,NA
ROSE,01-Credit Card Fraud Detection,Media,4,NA
ROSE,01-Credit Card Fraud Detection,Media,5,NA
ROSE,01-Credit Card Fraud Detection,Media,6,NA
ROSE,01-Credit Card Fraud Detection,Media,7,NA
ROSE,01-Credit Card Fraud Detection,Media,8,NA
ROSE,01-Credit Card Fraud Detection,Media,9,NA
ROSE,01-Credit Card Fraud Detection,Media,10,NA
ROSE,01-Credit Card Fraud Detection,Media,11,NA
ROSE,01-Credit Card Fraud Detection,Media,12,NA
ROSE,01-Credit Card Fraud Detection,Media,13,NA
ROSE,01-Credit Card Fraud Detection,Media,14,NA
ROSE,01-Credit Card Fraud Detection,Media,15,NA
ROSE,01-Credit Card Fraud Detection,Media,16,NA
ROSE,01-Credit Card Fraud Detection,Media,17,NA
ROSE,01-Credit Card Fraud Detection,Media,18,NA
ROSE,01-Credit Card Fraud Detection,Media,19,NA
ROSE,01-Credit Card Fraud Detection,Media,20,NA
ROSE,01-Credit Card Fraud Detection,Media,21,NA
ROSE,01-Credit Card Fraud Detection,Media,22,NA
ROSE,01-Credit Card Fraud Detection,Media,23,NA
ROSE,01-Credit Card Fraud Detection,Media,24,NA
ROSE,01-Credit Card Fraud Detection,Media,25,NA
ROSE,01-Credit Card Fraud Detection,Media,26,NA
ROSE,01-Credit Card Fraud Detection,Media,27,NA
ROSE,01-Credit Card Fraud Detection,Media,28,NA
ROSE,01-Credit Card Fraud Detection,Media,29,NA
ROSE,01-Credit Card Fraud Detection,Media,30,NA
ROSE,01-Credit Card Fraud Detection,Media,31,NA
ROSE,01-Credit Card Fraud Detection,Media,32,NA
ROSE,01-Credit Card Fraud Detection,Media,33,NA
ROSE,01-Credit Card Fraud Detection,Media,34,NA
ROSE,01-Credit Card Fraud Detection,Media,35,NA
ROSE,01-Credit Card Fraud Detection,Media,36,NA
ROSE,01-Credit Card Fraud Detection,Media,37,NA
ROSE,01-Credit Card Fraud Detection,Media,38,NA
ROSE,01-Credit Card Fraud Detection,Media,39,NA
ROSE,01-Credit Card Fraud Detection,Media,40,NA
ROSE,01-Credit Card Fraud Detection,Media,41,NA
ROSE,01-Credit Card Fraud Detection,Media,42,NA
ROSE,01-Credit Card Fraud Detection,Media,43,NA
ROSE,01-Credit Card Fraud Detection,Media,44,NA
ROSE,01-Credit Card Fraud Detection,Media,45,NA
ROSE,01-Credit Card Fraud Detection,Media,46,NA
ROSE,01-Credit Card Fraud Detection,Media,48,NA
ROSE,01-Credit Card Fraud Detection,Media,49,NA
ROSE,01-Credit Card Fraud Detection,Desvio_Padrao,time,59173.170776466504
ROSE,01-Credit Card Fraud Detection,Desvio_Padrao,v1,6.748959258510039
ROSE,01-Credit Card Fraud Detection,Desvio_Padrao,v2,4.491128847528375
ROSE,01-Credit Card Fraud Detection,Desvio_Padrao,v3,7.431769720603491
ROSE,01-Credit Card Fraud Detection,Desvio_Padrao,v4,3.6389008096364717
ROSE,01-Credit Card Fraud Detection,Desvio_Padrao,v5,5.213041278919877
ROSE,01-Credit Card Fraud Detection,Desvio_Padrao,v6,2.1223989532458583
ROSE,01-Credit Card Fraud Detection,Desvio_Padrao,v7,7.126580559132013
ROSE,01-Credit Card Fraud Detection,Desvio_Padrao,v8,6.187380939675932
ROSE,01-Credit Card Fraud Detection,Desvio_Padrao,v9,2.74242415164744
ROSE,01-Credit Card Fraud Detection,Desvio_Padrao,v10,5.3137646145840565
ROSE,01-Credit Card Fraud Detection,Desvio_Padrao,v11,3.1844099180371024
ROSE,01-Credit Card Fraud Detection,Desvio_Padrao,v12,5.285957561894069
ROSE,01-Credit Card Fraud Detection,Desvio_Padrao,v13,1.3014452739627431
ROSE,01-Credit Card Fraud Detection,Desvio_Padrao,v14,5.246785003973544
ROSE,01-Credit Card Fraud Detection,Desvio_Padrao,v15,1.2168954638016878
ROSE,01-Credit Card Fraud Detection,Desvio_Padrao,v16,4.098721351556036
ROSE,01-Credit Card Fraud Detection,Desvio_Padrao,v17,7.120352449252976
ROSE,01-Credit Card Fraud Detection,Desvio_Padrao,v18,2.909887577880995
ROSE,01-Credit Card Fraud Detection,Desvio_Padrao,v19,1.5788899463532784
ROSE,01-Credit Card Fraud Detection,Desvio_Padrao,v20,1.3800291070531738
ROSE,01-Credit Card Fraud Detection,Desvio_Padrao,v21,3.5238580731873235
ROSE,01-Credit Card Fraud Detection,Desvio_Padrao,v22,1.4673571133085288
ROSE,01-Credit Card Fraud Detection,Desvio_Padrao,v23,1.5031695111532968
ROSE,01-Credit Card Fraud Detection,Desvio_Padrao,v24,0.6903618381873969
ROSE,01-Credit Card Fraud Detection,Desvio_Padrao,v25,0.8416220553155771
ROSE,01-Credit Card Fraud Detection,Desvio_Padrao,v26,0.5890765785774639
ROSE,01-Credit Card Fraud Detection,Desvio_Padrao,v27,1.285673797043335
ROSE,01-Credit Card Fraud Detection,Desvio_Padrao,v28,0.5728907033053142
ROSE,01-Credit Card Fraud Detection,Desvio_Padrao,amount,307.69889552287543
ROSE,01-Credit Card Fraud Detection,Desvio_Padrao,radius1,NA
ROSE,01-Credit Card Fraud Detection,Desvio_Padrao,texture1,NA
ROSE,01-Credit Card Fraud Detection,Desvio_Padrao,perimeter1,NA
ROSE,01-Credit Card Fraud Detection,Desvio_Padrao,area1,NA
ROSE,01-Credit Card Fraud Detection,Desvio_Padrao,smoothness1,NA
ROSE,01-Credit Card Fraud Detection,Desvio_Padrao,compactness1,NA
ROSE,01-Credit Card Fraud Detection,Desvio_Padrao,concavity1,NA
ROSE,01-Credit Card Fraud Detection,Desvio_Padrao,concave_points1,NA
ROSE,01-Credit Card Fraud Detection,Desvio_Padrao,symmetry1,NA
ROSE,01-Credit Card Fraud Detection,Desvio_Padrao,fractal_dimension1,NA
ROSE,01-Credit Card Fraud Detection,Desvio_Padrao,radius2,NA
ROSE,01-Credit Card Fraud Detection,Desvio_Padrao,texture2,NA
ROSE,01-Credit Card Fraud Detection,Desvio_Padrao,perimeter2,NA
ROSE,01-Credit Card Fraud Detection,Desvio_Padrao,area2,NA
ROSE,01-Credit Card Fraud Detection,Desvio_Padrao,smoothness2,NA
ROSE,01-Credit Card Fraud Detection,Desvio_Padrao,compactness2,NA
ROSE,01-Credit Card Fraud Detection,Desvio_Padrao,concavity2,NA
ROSE,01-Credit Card Fraud Detection,Desvio_Padrao,concave_points2,NA
ROSE,01-Credit Card Fraud Detection,Desvio_Padrao,symmetry2,NA
ROSE,01-Credit Card Fraud Detection,Desvio_Padrao,fractal_dimension2,NA
ROSE,01-Credit Card Fraud Detection,Desvio_Padrao,radius3,NA
ROSE,01-Credit Card Fraud Detection,Desvio_Padrao,texture3,NA
ROSE,01-Credit Card Fraud Detection,Desvio_Padrao,perimeter3,NA
ROSE,01-Credit Card Fraud Detection,Desvio_Padrao,area3,NA
ROSE,01-Credit Card Fraud Detection,Desvio_Padrao,smoothness3,NA
ROSE,01-Credit Card Fraud Detection,Desvio_Padrao,compactness3,NA
ROSE,01-Credit Card Fraud Detection,Desvio_Padrao,concavity3,NA
ROSE,01-Credit Card Fraud Detection,Desvio_Padrao,concave_points3,NA
ROSE,01-Credit Card Fraud Detection,Desvio_Padrao,symmetry3,NA
ROSE,01-Credit Card Fraud Detection,Desvio_Padrao,fractal_dimension3,NA
ROSE,01-Credit Card Fraud Detection,Desvio_Padrao,pregnancies,NA
ROSE,01-Credit Card Fraud Detection,Desvio_Padrao,glucose,NA
ROSE,01-Credit Card Fraud Detection,Desvio_Padrao,bloodpressure,NA
ROSE,01-Credit Card Fraud Detection,Desvio_Padrao,skinthickness,NA
ROSE,01-Credit Card Fraud Detection,Desvio_Padrao,insulin,NA
ROSE,01-Credit Card Fraud Detection,Desvio_Padrao,bmi,NA
ROSE,01-Credit Card Fraud Detection,Desvio_Padrao,diabetespedigreefunction,NA
ROSE,01-Credit Card Fraud Detection,Desvio_Padrao,age,NA
ROSE,01-Credit Card Fraud Detection,Desvio_Padrao,attribute01,NA
ROSE,01-Credit Card Fraud Detection,Desvio_Padrao,attribute02,NA
ROSE,01-Credit Card Fraud Detection,Desvio_Padrao,attribute03,NA
ROSE,01-Credit Card Fraud Detection,Desvio_Padrao,attribute04,NA
ROSE,01-Credit Card Fraud Detection,Desvio_Padrao,attribute05,NA
ROSE,01-Credit Card Fraud Detection,Desvio_Padrao,attribute06,NA
ROSE,01-Credit Card Fraud Detection,Desvio_Padrao,attribute07,NA
ROSE,01-Credit Card Fraud Detection,Desvio_Padrao,attribute08,NA
ROSE,01-Credit Card Fraud Detection,Desvio_Padrao,attribute09,NA
ROSE,01-Credit Card Fraud Detection,Desvio_Padrao,attribute10,NA
ROSE,01-Credit Card Fraud Detection,Desvio_Padrao,attribute11,NA
ROSE,01-Credit Card Fraud Detection,Desvio_Padrao,attribute12,NA
ROSE,01-Credit Card Fraud Detection,Desvio_Padrao,attribute13,NA
ROSE,01-Credit Card Fraud Detection,Desvio_Padrao,attribute14,NA
ROSE,01-Credit Card Fraud Detection,Desvio_Padrao,attribute15,NA
ROSE,01-Credit Card Fraud Detection,Desvio_Padrao,attribute16,NA
ROSE,01-Credit Card Fraud Detection,Desvio_Padrao,attribute17,NA
ROSE,01-Credit Card Fraud Detection,Desvio_Padrao,attribute18,NA
ROSE,01-Credit Card Fraud Detection,Desvio_Padrao,attribute19,NA
ROSE,01-Credit Card Fraud Detection,Desvio_Padrao,attribute20,NA
ROSE,01-Credit Card Fraud Detection,Desvio_Padrao,attribute21,NA
ROSE,01-Credit Card Fraud Detection,Desvio_Padrao,attribute22,NA
ROSE,01-Credit Card Fraud Detection,Desvio_Padrao,attribute23,NA
ROSE,01-Credit Card Fraud Detection,Desvio_Padrao,attribute24,NA
ROSE,01-Credit Card Fraud Detection,Desvio_Padrao,attribute25,NA
ROSE,01-Credit Card Fraud Detection,Desvio_Padrao,attribute26,NA
ROSE,01-Credit Card Fraud Detection,Desvio_Padrao,attribute27,NA
ROSE,01-Credit Card Fraud Detection,Desvio_Padrao,attribute28,NA
ROSE,01-Credit Card Fraud Detection,Desvio_Padrao,attribute29,NA
ROSE,01-Credit Card Fraud Detection,Desvio_Padrao,attribute30,NA
ROSE,01-Credit Card Fraud Detection,Desvio_Padrao,attribute31,NA
ROSE,01-Credit Card Fraud Detection,Desvio_Padrao,attribute32,NA
ROSE,01-Credit Card Fraud Detection,Desvio_Padrao,attribute33,NA
ROSE,01-Credit Card Fraud Detection,Desvio_Padrao,attribute34,NA
ROSE,01-Credit Card Fraud Detection,Desvio_Padrao,aa,NA
ROSE,01-Credit Card Fraud Detection,Desvio_Padrao,ao,NA
ROSE,01-Credit Card Fraud Detection,Desvio_Padrao,dcl,NA
ROSE,01-Credit Card Fraud Detection,Desvio_Padrao,iy,NA
ROSE,01-Credit Card Fraud Detection,Desvio_Padrao,sh,NA
ROSE,01-Credit Card Fraud Detection,Desvio_Padrao,0,NA
ROSE,01-Credit Card Fraud Detection,Desvio_Padrao,1,NA
ROSE,01-Credit Card Fraud Detection,Desvio_Padrao,2,NA
ROSE,01-Credit Card Fraud Detection,Desvio_Padrao,3,NA
ROSE,01-Credit Card Fraud Detection,Desvio_Padrao,4,NA
ROSE,01-Credit Card Fraud Detection,Desvio_Padrao,5,NA
ROSE,01-Credit Card Fraud Detection,Desvio_Padrao,6,NA
ROSE,01-Credit Card Fraud Detection,Desvio_Padrao,7,NA
ROSE,01-Credit Card Fraud Detection,Desvio_Padrao,8,NA
ROSE,01-Credit Card Fraud Detection,Desvio_Padrao,9,NA
ROSE,01-Credit Card Fraud Detection,Desvio_Padrao,10,NA
ROSE,01-Credit Card Fraud Detection,Desvio_Padrao,11,NA
ROSE,01-Credit Card Fraud Detection,Desvio_Padrao,12,NA
ROSE,01-Credit Card Fraud Detection,Desvio_Padrao,13,NA
ROSE,01-Credit Card Fraud Detection,Desvio_Padrao,14,NA
ROSE,01-Credit Card Fraud Detection,Desvio_Padrao,15,NA
ROSE,01-Credit Card Fraud Detection,Desvio_Padrao,16,NA
ROSE,01-Credit Card Fraud Detection,Desvio_Padrao,17,NA
ROSE,01-Credit Card Fraud Detection,Desvio_Padrao,18,NA
ROSE,01-Credit Card Fraud Detection,Desvio_Padrao,19,NA
ROSE,01-Credit Card Fraud Detection,Desvio_Padrao,20,NA
ROSE,01-Credit Card Fraud Detection,Desvio_Padrao,21,NA
ROSE,01-Credit Card Fraud Detection,Desvio_Padrao,22,NA
ROSE,01-Credit Card Fraud Detection,Desvio_Padrao,23,NA
ROSE,01-Credit Card Fraud Detection,Desvio_Padrao,24,NA
ROSE,01-Credit Card Fraud Detection,Desvio_Padrao,25,NA
ROSE,01-Credit Card Fraud Detection,Desvio_Padrao,26,NA
ROSE,01-Credit Card Fraud Detection,Desvio_Padrao,27,NA
ROSE,01-Credit Card Fraud Detection,Desvio_Padrao,28,NA
ROSE,01-Credit Card Fraud Detection,Desvio_Padrao,29,NA
ROSE,01-Credit Card Fraud Detection,Desvio_Padrao,30,NA
ROSE,01-Credit Card Fraud Detection,Desvio_Padrao,31,NA
ROSE,01-Credit Card Fraud Detection,Desvio_Padrao,32,NA
ROSE,01-Credit Card Fraud Detection,Desvio_Padrao,33,NA
ROSE,01-Credit Card Fraud Detection,Desvio_Padrao,34,NA
ROSE,01-Credit Card Fraud Detection,Desvio_Padrao,35,NA
ROSE,01-Credit Card Fraud Detection,Desvio_Padrao,36,NA
ROSE,01-Credit Card Fraud Detection,Desvio_Padrao,37,NA
ROSE,01-Credit Card Fraud Detection,Desvio_Padrao,38,NA
ROSE,01-Credit Card Fraud Detection,Desvio_Padrao,39,NA
ROSE,01-Credit Card Fraud Detection,Desvio_Padrao,40,NA
ROSE,01-Credit Card Fraud Detection,Desvio_Padrao,41,NA
ROSE,01-Credit Card Fraud Detection,Desvio_Padrao,42,NA
ROSE,01-Credit Card Fraud Detection,Desvio_Padrao,43,NA
ROSE,01-Credit Card Fraud Detection,Desvio_Padrao,44,NA
ROSE,01-Credit Card Fraud Detection,Desvio_Padrao,45,NA
ROSE,01-Credit Card Fraud Detection,Desvio_Padrao,46,NA
ROSE,01-Credit Card Fraud Detection,Desvio_Padrao,48,NA
ROSE,01-Credit Card Fraud Detection,Desvio_Padrao,49,NA
ROSE,01-Credit Card Fraud Detection,Minimo,time,-128187.98152094445
ROSE,01-Credit Card Fraud Detection,Minimo,v1,-57.71210379735011
ROSE,01-Credit Card Fraud Detection,Minimo,v2,-71.99181762375893
ROSE,01-Credit Card Fraud Detection,Minimo,v3,-49.26692153544403
ROSE,01-Credit Card Fraud Detection,Minimo,v4,-8.186175303965047
ROSE,01-Credit Card Fraud Detection,Minimo,v5,-41.8894941127838
ROSE,01-Credit Card Fraud Detection,Minimo,v6,-26.887148348615547
ROSE,01-Credit Card Fraud Detection,Minimo,v7,-60.92424514273908
ROSE,01-Credit Card Fraud Detection,Minimo,v8,-59.490009360812024
ROSE,01-Credit Card Fraud Detection,Minimo,v9,-19.204566656208566
ROSE,01-Credit Card Fraud Detection,Minimo,v10,-37.8581598678852
ROSE,01-Credit Card Fraud Detection,Minimo,v11,-8.284981773500208
ROSE,01-Credit Card Fraud Detection,Minimo,v12,-32.32687686009765
ROSE,01-Credit Card Fraud Detection,Minimo,v13,-6.288218508196615
ROSE,01-Credit Card Fraud Detection,Minimo,v14,-30.606759005668103
ROSE,01-Credit Card Fraud Detection,Minimo,v15,-6.855792395671125
ROSE,01-Credit Card Fraud Detection,Minimo,v16,-24.835815638531663
ROSE,01-Credit Card Fraud Detection,Minimo,v17,-42.40116187663796
ROSE,01-Credit Card Fraud Detection,Minimo,v18,-16.855807572700023
ROSE,01-Credit Card Fraud Detection,Minimo,v19,-7.337575378819676
ROSE,01-Credit Card Fraud Detection,Minimo,v20,-25.57181754489047
ROSE,01-Credit Card Fraud Detection,Minimo,v21,-32.33891223599039
ROSE,01-Credit Card Fraud Detection,Minimo,v22,-12.834709256553554
ROSE,01-Credit Card Fraud Detection,Minimo,v23,-45.17596403993979
ROSE,01-Credit Card Fraud Detection,Minimo,v24,-3.4715928046563667
ROSE,01-Credit Card Fraud Detection,Minimo,v25,-10.918346084763291
ROSE,01-Credit Card Fraud Detection,Minimo,v26,-2.3604776708925614
ROSE,01-Credit Card Fraud Detection,Minimo,v27,-23.072795544675415
ROSE,01-Credit Card Fraud Detection,Minimo,v28,-11.697015185923348
ROSE,01-Credit Card Fraud Detection,Minimo,amount,-938.1492305399877
ROSE,01-Credit Card Fraud Detection,Minimo,radius1,NA
ROSE,01-Credit Card Fraud Detection,Minimo,texture1,NA
ROSE,01-Credit Card Fraud Detection,Minimo,perimeter1,NA
ROSE,01-Credit Card Fraud Detection,Minimo,area1,NA
ROSE,01-Credit Card Fraud Detection,Minimo,smoothness1,NA
ROSE,01-Credit Card Fraud Detection,Minimo,compactness1,NA
ROSE,01-Credit Card Fraud Detection,Minimo,concavity1,NA
ROSE,01-Credit Card Fraud Detection,Minimo,concave_points1,NA
ROSE,01-Credit Card Fraud Detection,Minimo,symmetry1,NA
ROSE,01-Credit Card Fraud Detection,Minimo,fractal_dimension1,NA
ROSE,01-Credit Card Fraud Detection,Minimo,radius2,NA
ROSE,01-Credit Card Fraud Detection,Minimo,texture2,NA
ROSE,01-Credit Card Fraud Detection,Minimo,perimeter2,NA
ROSE,01-Credit Card Fraud Detection,Minimo,area2,NA
ROSE,01-Credit Card Fraud Detection,Minimo,smoothness2,NA
ROSE,01-Credit Card Fraud Detection,Minimo,compactness2,NA
ROSE,01-Credit Card Fraud Detection,Minimo,concavity2,NA
ROSE,01-Credit Card Fraud Detection,Minimo,concave_points2,NA
ROSE,01-Credit Card Fraud Detection,Minimo,symmetry2,NA
ROSE,01-Credit Card Fraud Detection,Minimo,fractal_dimension2,NA
ROSE,01-Credit Card Fraud Detection,Minimo,radius3,NA
ROSE,01-Credit Card Fraud Detection,Minimo,texture3,NA
ROSE,01-Credit Card Fraud Detection,Minimo,perimeter3,NA
ROSE,01-Credit Card Fraud Detection,Minimo,area3,NA
ROSE,01-Credit Card Fraud Detection,Minimo,smoothness3,NA
ROSE,01-Credit Card Fraud Detection,Minimo,compactness3,NA
ROSE,01-Credit Card Fraud Detection,Minimo,concavity3,NA
ROSE,01-Credit Card Fraud Detection,Minimo,concave_points3,NA
ROSE,01-Credit Card Fraud Detection,Minimo,symmetry3,NA
ROSE,01-Credit Card Fraud Detection,Minimo,fractal_dimension3,NA
ROSE,01-Credit Card Fraud Detection,Minimo,pregnancies,NA
ROSE,01-Credit Card Fraud Detection,Minimo,glucose,NA
ROSE,01-Credit Card Fraud Detection,Minimo,bloodpressure,NA
ROSE,01-Credit Card Fraud Detection,Minimo,skinthickness,NA
ROSE,01-Credit Card Fraud Detection,Minimo,insulin,NA
ROSE,01-Credit Card Fraud Detection,Minimo,bmi,NA
ROSE,01-Credit Card Fraud Detection,Minimo,diabetespedigreefunction,NA
ROSE,01-Credit Card Fraud Detection,Minimo,age,NA
ROSE,01-Credit Card Fraud Detection,Minimo,attribute01,NA
ROSE,01-Credit Card Fraud Detection,Minimo,attribute02,NA
ROSE,01-Credit Card Fraud Detection,Minimo,attribute03,NA
ROSE,01-Credit Card Fraud Detection,Minimo,attribute04,NA
ROSE,01-Credit Card Fraud Detection,Minimo,attribute05,NA
ROSE,01-Credit Card Fraud Detection,Minimo,attribute06,NA
ROSE,01-Credit Card Fraud Detection,Minimo,attribute07,NA
ROSE,01-Credit Card Fraud Detection,Minimo,attribute08,NA
ROSE,01-Credit Card Fraud Detection,Minimo,attribute09,NA
ROSE,01-Credit Card Fraud Detection,Minimo,attribute10,NA
ROSE,01-Credit Card Fraud Detection,Minimo,attribute11,NA
ROSE,01-Credit Card Fraud Detection,Minimo,attribute12,NA
ROSE,01-Credit Card Fraud Detection,Minimo,attribute13,NA
ROSE,01-Credit Card Fraud Detection,Minimo,attribute14,NA
ROSE,01-Credit Card Fraud Detection,Minimo,attribute15,NA
ROSE,01-Credit Card Fraud Detection,Minimo,attribute16,NA
ROSE,01-Credit Card Fraud Detection,Minimo,attribute17,NA
ROSE,01-Credit Card Fraud Detection,Minimo,attribute18,NA
ROSE,01-Credit Card Fraud Detection,Minimo,attribute19,NA
ROSE,01-Credit Card Fraud Detection,Minimo,attribute20,NA
ROSE,01-Credit Card Fraud Detection,Minimo,attribute21,NA
ROSE,01-Credit Card Fraud Detection,Minimo,attribute22,NA
ROSE,01-Credit Card Fraud Detection,Minimo,attribute23,NA
ROSE,01-Credit Card Fraud Detection,Minimo,attribute24,NA
ROSE,01-Credit Card Fraud Detection,Minimo,attribute25,NA
ROSE,01-Credit Card Fraud Detection,Minimo,attribute26,NA
ROSE,01-Credit Card Fraud Detection,Minimo,attribute27,NA
ROSE,01-Credit Card Fraud Detection,Minimo,attribute28,NA
ROSE,01-Credit Card Fraud Detection,Minimo,attribute29,NA
ROSE,01-Credit Card Fraud Detection,Minimo,attribute30,NA
ROSE,01-Credit Card Fraud Detection,Minimo,attribute31,NA
ROSE,01-Credit Card Fraud Detection,Minimo,attribute32,NA
ROSE,01-Credit Card Fraud Detection,Minimo,attribute33,NA
ROSE,01-Credit Card Fraud Detection,Minimo,attribute34,NA
ROSE,01-Credit Card Fraud Detection,Minimo,aa,NA
ROSE,01-Credit Card Fraud Detection,Minimo,ao,NA
ROSE,01-Credit Card Fraud Detection,Minimo,dcl,NA
ROSE,01-Credit Card Fraud Detection,Minimo,iy,NA
ROSE,01-Credit Card Fraud Detection,Minimo,sh,NA
ROSE,01-Credit Card Fraud Detection,Minimo,0,NA
ROSE,01-Credit Card Fraud Detection,Minimo,1,NA
ROSE,01-Credit Card Fraud Detection,Minimo,2,NA
ROSE,01-Credit Card Fraud Detection,Minimo,3,NA
ROSE,01-Credit Card Fraud Detection,Minimo,4,NA
ROSE,01-Credit Card Fraud Detection,Minimo,5,NA
ROSE,01-Credit Card Fraud Detection,Minimo,6,NA
ROSE,01-Credit Card Fraud Detection,Minimo,7,NA
ROSE,01-Credit Card Fraud Detection,Minimo,8,NA
ROSE,01-Credit Card Fraud Detection,Minimo,9,NA
ROSE,01-Credit Card Fraud Detection,Minimo,10,NA
ROSE,01-Credit Card Fraud Detection,Minimo,11,NA
ROSE,01-Credit Card Fraud Detection,Minimo,12,NA
ROSE,01-Credit Card Fraud Detection,Minimo,13,NA
ROSE,01-Credit Card Fraud Detection,Minimo,14,NA
ROSE,01-Credit Card Fraud Detection,Minimo,15,NA
ROSE,01-Credit Card Fraud Detection,Minimo,16,NA
ROSE,01-Credit Card Fraud Detection,Minimo,17,NA
ROSE,01-Credit Card Fraud Detection,Minimo,18,NA
ROSE,01-Credit Card Fraud Detection,Minimo,19,NA
ROSE,01-Credit Card Fraud Detection,Minimo,20,NA
ROSE,01-Credit Card Fraud Detection,Minimo,21,NA
ROSE,01-Credit Card Fraud Detection,Minimo,22,NA
ROSE,01-Credit Card Fraud Detection,Minimo,23,NA
ROSE,01-Credit Card Fraud Detection,Minimo,24,NA
ROSE,01-Credit Card Fraud Detection,Minimo,25,NA
ROSE,01-Credit Card Fraud Detection,Minimo,26,NA
ROSE,01-Credit Card Fraud Detection,Minimo,27,NA
ROSE,01-Credit Card Fraud Detection,Minimo,28,NA
ROSE,01-Credit Card Fraud Detection,Minimo,29,NA
ROSE,01-Credit Card Fraud Detection,Minimo,30,NA
ROSE,01-Credit Card Fraud Detection,Minimo,31,NA
ROSE,01-Credit Card Fraud Detection,Minimo,32,NA
ROSE,01-Credit Card Fraud Detection,Minimo,33,NA
ROSE,01-Credit Card Fraud Detection,Minimo,34,NA
ROSE,01-Credit Card Fraud Detection,Minimo,35,NA
ROSE,01-Credit Card Fraud Detection,Minimo,36,NA
ROSE,01-Credit Card Fraud Detection,Minimo,37,NA
ROSE,01-Credit Card Fraud Detection,Minimo,38,NA
ROSE,01-Credit Card Fraud Detection,Minimo,39,NA
ROSE,01-Credit Card Fraud Detection,Minimo,40,NA
ROSE,01-Credit Card Fraud Detection,Minimo,41,NA
ROSE,01-Credit Card Fraud Detection,Minimo,42,NA
ROSE,01-Credit Card Fraud Detection,Minimo,43,NA
ROSE,01-Credit Card Fraud Detection,Minimo,44,NA
ROSE,01-Credit Card Fraud Detection,Minimo,45,NA
ROSE,01-Credit Card Fraud Detection,Minimo,46,NA
ROSE,01-Credit Card Fraud Detection,Minimo,48,NA
ROSE,01-Credit Card Fraud Detection,Minimo,49,NA
ROSE,01-Credit Card Fraud Detection,Maximo,time,303125.05919732014
ROSE,01-Credit Card Fraud Detection,Maximo,v1,22.199043969400194
ROSE,01-Credit Card Fraud Detection,Maximo,v2,32.27058770244159
ROSE,01-Credit Card Fraud Detection,Maximo,v3,21.921635131571087
ROSE,01-Credit Card Fraud Detection,Maximo,v4,19.51587873834452
ROSE,01-Credit Card Fraud Detection,Maximo,v5,35.87359749669868
ROSE,01-Credit Card Fraud Detection,Maximo,v6,25.04103408720468
ROSE,01-Credit Card Fraud Detection,Maximo,v7,43.441172075947776
ROSE,01-Credit Card Fraud Detection,Maximo,v8,36.64545278834643
ROSE,01-Credit Card Fraud Detection,Maximo,v9,17.174241464914097
ROSE,01-Credit Card Fraud Detection,Maximo,v10,24.09069340324311
ROSE,01-Credit Card Fraud Detection,Maximo,v11,18.282377177618415
ROSE,01-Credit Card Fraud Detection,Maximo,v12,15.688241253705726
ROSE,01-Credit Card Fraud Detection,Maximo,v13,5.293888262077305
ROSE,01-Credit Card Fraud Detection,Maximo,v14,16.565649366596034
ROSE,01-Credit Card Fraud Detection,Maximo,v15,6.1683490869716024
ROSE,01-Credit Card Fraud Detection,Maximo,v16,12.938403776381298
ROSE,01-Credit Card Fraud Detection,Maximo,v17,25.998194058143238
ROSE,01-Credit Card Fraud Detection,Maximo,v18,12.11074075766874
ROSE,01-Credit Card Fraud Detection,Maximo,v19,8.690679873602996
ROSE,01-Credit Card Fraud Detection,Maximo,v20,26.452452123676167
ROSE,01-Credit Card Fraud Detection,Maximo,v21,37.45506283650496
ROSE,01-Credit Card Fraud Detection,Maximo,v22,11.43215807131236
ROSE,01-Credit Card Fraud Detection,Maximo,v23,21.153310609716915
ROSE,01-Credit Card Fraud Detection,Maximo,v24,4.626669731694941
ROSE,01-Credit Card Fraud Detection,Maximo,v25,7.975182990502173
ROSE,01-Credit Card Fraud Detection,Maximo,v26,3.8277668736718096
ROSE,01-Credit Card Fraud Detection,Maximo,v27,10.894440706302321
ROSE,01-Credit Card Fraud Detection,Maximo,v28,33.684542927156585
ROSE,01-Credit Card Fraud Detection,Maximo,amount,13091.502075340944
ROSE,01-Credit Card Fraud Detection,Maximo,radius1,NA
ROSE,01-Credit Card Fraud Detection,Maximo,texture1,NA
ROSE,01-Credit Card Fraud Detection,Maximo,perimeter1,NA
ROSE,01-Credit Card Fraud Detection,Maximo,area1,NA
ROSE,01-Credit Card Fraud Detection,Maximo,smoothness1,NA
ROSE,01-Credit Card Fraud Detection,Maximo,compactness1,NA
ROSE,01-Credit Card Fraud Detection,Maximo,concavity1,NA
ROSE,01-Credit Card Fraud Detection,Maximo,concave_points1,NA
ROSE,01-Credit Card Fraud Detection,Maximo,symmetry1,NA
ROSE,01-Credit Card Fraud Detection,Maximo,fractal_dimension1,NA
ROSE,01-Credit Card Fraud Detection,Maximo,radius2,NA
ROSE,01-Credit Card Fraud Detection,Maximo,texture2,NA
ROSE,01-Credit Card Fraud Detection,Maximo,perimeter2,NA
ROSE,01-Credit Card Fraud Detection,Maximo,area2,NA
ROSE,01-Credit Card Fraud Detection,Maximo,smoothness2,NA
ROSE,01-Credit Card Fraud Detection,Maximo,compactness2,NA
ROSE,01-Credit Card Fraud Detection,Maximo,concavity2,NA
ROSE,01-Credit Card Fraud Detection,Maximo,concave_points2,NA
ROSE,01-Credit Card Fraud Detection,Maximo,symmetry2,NA
ROSE,01-Credit Card Fraud Detection,Maximo,fractal_dimension2,NA
ROSE,01-Credit Card Fraud Detection,Maximo,radius3,NA
ROSE,01-Credit Card Fraud Detection,Maximo,texture3,NA
ROSE,01-Credit Card Fraud Detection,Maximo,perimeter3,NA
ROSE,01-Credit Card Fraud Detection,Maximo,area3,NA
ROSE,01-Credit Card Fraud Detection,Maximo,smoothness3,NA
ROSE,01-Credit Card Fraud Detection,Maximo,compactness3,NA
ROSE,01-Credit Card Fraud Detection,Maximo,concavity3,NA
ROSE,01-Credit Card Fraud Detection,Maximo,concave_points3,NA
ROSE,01-Credit Card Fraud Detection,Maximo,symmetry3,NA
ROSE,01-Credit Card Fraud Detection,Maximo,fractal_dimension3,NA
ROSE,01-Credit Card Fraud Detection,Maximo,pregnancies,NA
ROSE,01-Credit Card Fraud Detection,Maximo,glucose,NA
ROSE,01-Credit Card Fraud Detection,Maximo,bloodpressure,NA
ROSE,01-Credit Card Fraud Detection,Maximo,skinthickness,NA
ROSE,01-Credit Card Fraud Detection,Maximo,insulin,NA
ROSE,01-Credit Card Fraud Detection,Maximo,bmi,NA
ROSE,01-Credit Card Fraud Detection,Maximo,diabetespedigreefunction,NA
ROSE,01-Credit Card Fraud Detection,Maximo,age,NA
ROSE,01-Credit Card Fraud Detection,Maximo,attribute01,NA
ROSE,01-Credit Card Fraud Detection,Maximo,attribute02,NA
ROSE,01-Credit Card Fraud Detection,Maximo,attribute03,NA
ROSE,01-Credit Card Fraud Detection,Maximo,attribute04,NA
ROSE,01-Credit Card Fraud Detection,Maximo,attribute05,NA
ROSE,01-Credit Card Fraud Detection,Maximo,attribute06,NA
ROSE,01-Credit Card Fraud Detection,Maximo,attribute07,NA
ROSE,01-Credit Card Fraud Detection,Maximo,attribute08,NA
ROSE,01-Credit Card Fraud Detection,Maximo,attribute09,NA
ROSE,01-Credit Card Fraud Detection,Maximo,attribute10,NA
ROSE,01-Credit Card Fraud Detection,Maximo,attribute11,NA
ROSE,01-Credit Card Fraud Detection,Maximo,attribute12,NA
ROSE,01-Credit Card Fraud Detection,Maximo,attribute13,NA
ROSE,01-Credit Card Fraud Detection,Maximo,attribute14,NA
ROSE,01-Credit Card Fraud Detection,Maximo,attribute15,NA
ROSE,01-Credit Card Fraud Detection,Maximo,attribute16,NA
ROSE,01-Credit Card Fraud Detection,Maximo,attribute17,NA
ROSE,01-Credit Card Fraud Detection,Maximo,attribute18,NA
ROSE,01-Credit Card Fraud Detection,Maximo,attribute19,NA
ROSE,01-Credit Card Fraud Detection,Maximo,attribute20,NA
ROSE,01-Credit Card Fraud Detection,Maximo,attribute21,NA
ROSE,01-Credit Card Fraud Detection,Maximo,attribute22,NA
ROSE,01-Credit Card Fraud Detection,Maximo,attribute23,NA
ROSE,01-Credit Card Fraud Detection,Maximo,attribute24,NA
ROSE,01-Credit Card Fraud Detection,Maximo,attribute25,NA
ROSE,01-Credit Card Fraud Detection,Maximo,attribute26,NA
ROSE,01-Credit Card Fraud Detection,Maximo,attribute27,NA
ROSE,01-Credit Card Fraud Detection,Maximo,attribute28,NA
ROSE,01-Credit Card Fraud Detection,Maximo,attribute29,NA
ROSE,01-Credit Card Fraud Detection,Maximo,attribute30,NA
ROSE,01-Credit Card Fraud Detection,Maximo,attribute31,NA
ROSE,01-Credit Card Fraud Detection,Maximo,attribute32,NA
ROSE,01-Credit Card Fraud Detection,Maximo,attribute33,NA
ROSE,01-Credit Card Fraud Detection,Maximo,attribute34,NA
ROSE,01-Credit Card Fraud Detection,Maximo,aa,NA
ROSE,01-Credit Card Fraud Detection,Maximo,ao,NA
ROSE,01-Credit Card Fraud Detection,Maximo,dcl,NA
ROSE,01-Credit Card Fraud Detection,Maximo,iy,NA
ROSE,01-Credit Card Fraud Detection,Maximo,sh,NA
ROSE,01-Credit Card Fraud Detection,Maximo,0,NA
ROSE,01-Credit Card Fraud Detection,Maximo,1,NA
ROSE,01-Credit Card Fraud Detection,Maximo,2,NA
ROSE,01-Credit Card Fraud Detection,Maximo,3,NA
ROSE,01-Credit Card Fraud Detection,Maximo,4,NA
ROSE,01-Credit Card Fraud Detection,Maximo,5,NA
ROSE,01-Credit Card Fraud Detection,Maximo,6,NA
ROSE,01-Credit Card Fraud Detection,Maximo,7,NA
ROSE,01-Credit Card Fraud Detection,Maximo,8,NA
ROSE,01-Credit Card Fraud Detection,Maximo,9,NA
ROSE,01-Credit Card Fraud Detection,Maximo,10,NA
ROSE,01-Credit Card Fraud Detection,Maximo,11,NA
ROSE,01-Credit Card Fraud Detection,Maximo,12,NA
ROSE,01-Credit Card Fraud Detection,Maximo,13,NA
ROSE,01-Credit Card Fraud Detection,Maximo,14,NA
ROSE,01-Credit Card Fraud Detection,Maximo,15,NA
ROSE,01-Credit Card Fraud Detection,Maximo,16,NA
ROSE,01-Credit Card Fraud Detection,Maximo,17,NA
ROSE,01-Credit Card Fraud Detection,Maximo,18,NA
ROSE,01-Credit Card Fraud Detection,Maximo,19,NA
ROSE,01-Credit Card Fraud Detection,Maximo,20,NA
ROSE,01-Credit Card Fraud Detection,Maximo,21,NA
ROSE,01-Credit Card Fraud Detection,Maximo,22,NA
ROSE,01-Credit Card Fraud Detection,Maximo,23,NA
ROSE,01-Credit Card Fraud Detection,Maximo,24,NA
ROSE,01-Credit Card Fraud Detection,Maximo,25,NA
ROSE,01-Credit Card Fraud Detection,Maximo,26,NA
ROSE,01-Credit Card Fraud Detection,Maximo,27,NA
ROSE,01-Credit Card Fraud Detection,Maximo,28,NA
ROSE,01-Credit Card Fraud Detection,Maximo,29,NA
ROSE,01-Credit Card Fraud Detection,Maximo,30,NA
ROSE,01-Credit Card Fraud Detection,Maximo,31,NA
ROSE,01-Credit Card Fraud Detection,Maximo,32,NA
ROSE,01-Credit Card Fraud Detection,Maximo,33,NA
ROSE,01-Credit Card Fraud Detection,Maximo,34,NA
ROSE,01-Credit Card Fraud Detection,Maximo,35,NA
ROSE,01-Credit Card Fraud Detection,Maximo,36,NA
ROSE,01-Credit Card Fraud Detection,Maximo,37,NA
ROSE,01-Credit Card Fraud Detection,Maximo,38,NA
ROSE,01-Credit Card Fraud Detection,Maximo,39,NA
ROSE,01-Credit Card Fraud Detection,Maximo,40,NA
ROSE,01-Credit Card Fraud Detection,Maximo,41,NA
ROSE,01-Credit Card Fraud Detection,Maximo,42,NA
ROSE,01-Credit Card Fraud Detection,Maximo,43,NA
ROSE,01-Credit Card Fraud Detection,Maximo,44,NA
ROSE,01-Credit Card Fraud Detection,Maximo,45,NA
ROSE,01-Credit Card Fraud Detection,Maximo,46,NA
ROSE,01-Credit Card Fraud Detection,Maximo,48,NA
ROSE,01-Credit Card Fraud Detection,Maximo,49,NA
ROSE,02-Breast Cancer Wisconsin (Diagnostic),Media,time,NA
ROSE,02-Breast Cancer Wisconsin (Diagnostic),Media,v1,NA
ROSE,02-Breast Cancer Wisconsin (Diagnostic),Media,v2,NA
ROSE,02-Breast Cancer Wisconsin (Diagnostic),Media,v3,NA
ROSE,02-Breast Cancer Wisconsin (Diagnostic),Media,v4,NA
ROSE,02-Breast Cancer Wisconsin (Diagnostic),Media,v5,NA
ROSE,02-Breast Cancer Wisconsin (Diagnostic),Media,v6,NA
ROSE,02-Breast Cancer Wisconsin (Diagnostic),Media,v7,NA
ROSE,02-Breast Cancer Wisconsin (Diagnostic),Media,v8,NA
ROSE,02-Breast Cancer Wisconsin (Diagnostic),Media,v9,NA
ROSE,02-Breast Cancer Wisconsin (Diagnostic),Media,v10,NA
ROSE,02-Breast Cancer Wisconsin (Diagnostic),Media,v11,NA
ROSE,02-Breast Cancer Wisconsin (Diagnostic),Media,v12,NA
ROSE,02-Breast Cancer Wisconsin (Diagnostic),Media,v13,NA
ROSE,02-Breast Cancer Wisconsin (Diagnostic),Media,v14,NA
ROSE,02-Breast Cancer Wisconsin (Diagnostic),Media,v15,NA
ROSE,02-Breast Cancer Wisconsin (Diagnostic),Media,v16,NA
ROSE,02-Breast Cancer Wisconsin (Diagnostic),Media,v17,NA
ROSE,02-Breast Cancer Wisconsin (Diagnostic),Media,v18,NA
ROSE,02-Breast Cancer Wisconsin (Diagnostic),Media,v19,NA
ROSE,02-Breast Cancer Wisconsin (Diagnostic),Media,v20,NA
ROSE,02-Breast Cancer Wisconsin (Diagnostic),Media,v21,NA
ROSE,02-Breast Cancer Wisconsin (Diagnostic),Media,v22,NA
ROSE,02-Breast Cancer Wisconsin (Diagnostic),Media,v23,NA
ROSE,02-Breast Cancer Wisconsin (Diagnostic),Media,v24,NA
ROSE,02-Breast Cancer Wisconsin (Diagnostic),Media,v25,NA
ROSE,02-Breast Cancer Wisconsin (Diagnostic),Media,v26,NA
ROSE,02-Breast Cancer Wisconsin (Diagnostic),Media,v27,NA
ROSE,02-Breast Cancer Wisconsin (Diagnostic),Media,v28,NA
ROSE,02-Breast Cancer Wisconsin (Diagnostic),Media,amount,NA
ROSE,02-Breast Cancer Wisconsin (Diagnostic),Media,radius1,14.594337636310973
ROSE,02-Breast Cancer Wisconsin (Diagnostic),Media,texture1,19.385599668739655
ROSE,02-Breast Cancer Wisconsin (Diagnostic),Media,perimeter1,94.69626613910042
ROSE,02-Breast Cancer Wisconsin (Diagnostic),Media,area1,708.4232591055221
ROSE,02-Breast Cancer Wisconsin (Diagnostic),Media,smoothness1,0.09692999681808442
ROSE,02-Breast Cancer Wisconsin (Diagnostic),Media,compactness1,0.10789026317989502
ROSE,02-Breast Cancer Wisconsin (Diagnostic),Media,concavity1,0.10135746293156085
ROSE,02-Breast Cancer Wisconsin (Diagnostic),Media,concave_points1,0.05373555524471974
ROSE,02-Breast Cancer Wisconsin (Diagnostic),Media,symmetry1,0.18255328512426805
ROSE,02-Breast Cancer Wisconsin (Diagnostic),Media,fractal_dimension1,0.06218057814092756
ROSE,02-Breast Cancer Wisconsin (Diagnostic),Media,radius2,0.4321471470996111
ROSE,02-Breast Cancer Wisconsin (Diagnostic),Media,texture2,1.165773708469126
ROSE,02-Breast Cancer Wisconsin (Diagnostic),Media,perimeter2,3.035997649564521
ROSE,02-Breast Cancer Wisconsin (Diagnostic),Media,area2,46.70522943501878
ROSE,02-Breast Cancer Wisconsin (Diagnostic),Media,smoothness2,0.006947653604173534
ROSE,02-Breast Cancer Wisconsin (Diagnostic),Media,compactness2,0.02508370922514101
ROSE,02-Breast Cancer Wisconsin (Diagnostic),Media,concavity2,0.030860444971359438
ROSE,02-Breast Cancer Wisconsin (Diagnostic),Media,concave_points2,0.011639729903248124
ROSE,02-Breast Cancer Wisconsin (Diagnostic),Media,symmetry2,0.019799664823496054
ROSE,02-Breast Cancer Wisconsin (Diagnostic),Media,fractal_dimension2,0.0035349067908435525
ROSE,02-Breast Cancer Wisconsin (Diagnostic),Media,radius3,16.949329986207
ROSE,02-Breast Cancer Wisconsin (Diagnostic),Media,texture3,26.177849992175123
ROSE,02-Breast Cancer Wisconsin (Diagnostic),Media,perimeter3,111.24064463631316
ROSE,02-Breast Cancer Wisconsin (Diagnostic),Media,area3,961.9933657859507
ROSE,02-Breast Cancer Wisconsin (Diagnostic),Media,smoothness3,0.13477109128132864
ROSE,02-Breast Cancer Wisconsin (Diagnostic),Media,compactness3,0.26649350807919
ROSE,02-Breast Cancer Wisconsin (Diagnostic),Media,concavity3,0.2997607724817578
ROSE,02-Breast Cancer Wisconsin (Diagnostic),Media,concave_points3,0.12379758674488714
ROSE,02-Breast Cancer Wisconsin (Diagnostic),Media,symmetry3,0.2940600274285888
ROSE,02-Breast Cancer Wisconsin (Diagnostic),Media,fractal_dimension3,0.08351335042273592
ROSE,02-Breast Cancer Wisconsin (Diagnostic),Media,pregnancies,NA
ROSE,02-Breast Cancer Wisconsin (Diagnostic),Media,glucose,NA
ROSE,02-Breast Cancer Wisconsin (Diagnostic),Media,bloodpressure,NA
ROSE,02-Breast Cancer Wisconsin (Diagnostic),Media,skinthickness,NA
ROSE,02-Breast Cancer Wisconsin (Diagnostic),Media,insulin,NA
ROSE,02-Breast Cancer Wisconsin (Diagnostic),Media,bmi,NA
ROSE,02-Breast Cancer Wisconsin (Diagnostic),Media,diabetespedigreefunction,NA
ROSE,02-Breast Cancer Wisconsin (Diagnostic),Media,age,NA
ROSE,02-Breast Cancer Wisconsin (Diagnostic),Media,attribute01,NA
ROSE,02-Breast Cancer Wisconsin (Diagnostic),Media,attribute02,NA
ROSE,02-Breast Cancer Wisconsin (Diagnostic),Media,attribute03,NA
ROSE,02-Breast Cancer Wisconsin (Diagnostic),Media,attribute04,NA
ROSE,02-Breast Cancer Wisconsin (Diagnostic),Media,attribute05,NA
ROSE,02-Breast Cancer Wisconsin (Diagnostic),Media,attribute06,NA
ROSE,02-Breast Cancer Wisconsin (Diagnostic),Media,attribute07,NA
ROSE,02-Breast Cancer Wisconsin (Diagnostic),Media,attribute08,NA
ROSE,02-Breast Cancer Wisconsin (Diagnostic),Media,attribute09,NA
ROSE,02-Breast Cancer Wisconsin (Diagnostic),Media,attribute10,NA
ROSE,02-Breast Cancer Wisconsin (Diagnostic),Media,attribute11,NA
ROSE,02-Breast Cancer Wisconsin (Diagnostic),Media,attribute12,NA
ROSE,02-Breast Cancer Wisconsin (Diagnostic),Media,attribute13,NA
ROSE,02-Breast Cancer Wisconsin (Diagnostic),Media,attribute14,NA
ROSE,02-Breast Cancer Wisconsin (Diagnostic),Media,attribute15,NA
ROSE,02-Breast Cancer Wisconsin (Diagnostic),Media,attribute16,NA
ROSE,02-Breast Cancer Wisconsin (Diagnostic),Media,attribute17,NA
ROSE,02-Breast Cancer Wisconsin (Diagnostic),Media,attribute18,NA
ROSE,02-Breast Cancer Wisconsin (Diagnostic),Media,attribute19,NA
ROSE,02-Breast Cancer Wisconsin (Diagnostic),Media,attribute20,NA
ROSE,02-Breast Cancer Wisconsin (Diagnostic),Media,attribute21,NA
ROSE,02-Breast Cancer Wisconsin (Diagnostic),Media,attribute22,NA
ROSE,02-Breast Cancer Wisconsin (Diagnostic),Media,attribute23,NA
ROSE,02-Breast Cancer Wisconsin (Diagnostic),Media,attribute24,NA
ROSE,02-Breast Cancer Wisconsin (Diagnostic),Media,attribute25,NA
ROSE,02-Breast Cancer Wisconsin (Diagnostic),Media,attribute26,NA
ROSE,02-Breast Cancer Wisconsin (Diagnostic),Media,attribute27,NA
ROSE,02-Breast Cancer Wisconsin (Diagnostic),Media,attribute28,NA
ROSE,02-Breast Cancer Wisconsin (Diagnostic),Media,attribute29,NA
ROSE,02-Breast Cancer Wisconsin (Diagnostic),Media,attribute30,NA
ROSE,02-Breast Cancer Wisconsin (Diagnostic),Media,attribute31,NA
ROSE,02-Breast Cancer Wisconsin (Diagnostic),Media,attribute32,NA
ROSE,02-Breast Cancer Wisconsin (Diagnostic),Media,attribute33,NA
ROSE,02-Breast Cancer Wisconsin (Diagnostic),Media,attribute34,NA
ROSE,02-Breast Cancer Wisconsin (Diagnostic),Media,aa,NA
ROSE,02-Breast Cancer Wisconsin (Diagnostic),Media,ao,NA
ROSE,02-Breast Cancer Wisconsin (Diagnostic),Media,dcl,NA
ROSE,02-Breast Cancer Wisconsin (Diagnostic),Media,iy,NA
ROSE,02-Breast Cancer Wisconsin (Diagnostic),Media,sh,NA
ROSE,02-Breast Cancer Wisconsin (Diagnostic),Media,0,NA
ROSE,02-Breast Cancer Wisconsin (Diagnostic),Media,1,NA
ROSE,02-Breast Cancer Wisconsin (Diagnostic),Media,2,NA
ROSE,02-Breast Cancer Wisconsin (Diagnostic),Media,3,NA
ROSE,02-Breast Cancer Wisconsin (Diagnostic),Media,4,NA
ROSE,02-Breast Cancer Wisconsin (Diagnostic),Media,5,NA
ROSE,02-Breast Cancer Wisconsin (Diagnostic),Media,6,NA
ROSE,02-Breast Cancer Wisconsin (Diagnostic),Media,7,NA
ROSE,02-Breast Cancer Wisconsin (Diagnostic),Media,8,NA
ROSE,02-Breast Cancer Wisconsin (Diagnostic),Media,9,NA
ROSE,02-Breast Cancer Wisconsin (Diagnostic),Media,10,NA
ROSE,02-Breast Cancer Wisconsin (Diagnostic),Media,11,NA
ROSE,02-Breast Cancer Wisconsin (Diagnostic),Media,12,NA
ROSE,02-Breast Cancer Wisconsin (Diagnostic),Media,13,NA
ROSE,02-Breast Cancer Wisconsin (Diagnostic),Media,14,NA
ROSE,02-Breast Cancer Wisconsin (Diagnostic),Media,15,NA
ROSE,02-Breast Cancer Wisconsin (Diagnostic),Media,16,NA
ROSE,02-Breast Cancer Wisconsin (Diagnostic),Media,17,NA
ROSE,02-Breast Cancer Wisconsin (Diagnostic),Media,18,NA
ROSE,02-Breast Cancer Wisconsin (Diagnostic),Media,19,NA
ROSE,02-Breast Cancer Wisconsin (Diagnostic),Media,20,NA
ROSE,02-Breast Cancer Wisconsin (Diagnostic),Media,21,NA
ROSE,02-Breast Cancer Wisconsin (Diagnostic),Media,22,NA
ROSE,02-Breast Cancer Wisconsin (Diagnostic),Media,23,NA
ROSE,02-Breast Cancer Wisconsin (Diagnostic),Media,24,NA
ROSE,02-Breast Cancer Wisconsin (Diagnostic),Media,25,NA
ROSE,02-Breast Cancer Wisconsin (Diagnostic),Media,26,NA
ROSE,02-Breast Cancer Wisconsin (Diagnostic),Media,27,NA
ROSE,02-Breast Cancer Wisconsin (Diagnostic),Media,28,NA
ROSE,02-Breast Cancer Wisconsin (Diagnostic),Media,29,NA
ROSE,02-Breast Cancer Wisconsin (Diagnostic),Media,30,NA
ROSE,02-Breast Cancer Wisconsin (Diagnostic),Media,31,NA
ROSE,02-Breast Cancer Wisconsin (Diagnostic),Media,32,NA
ROSE,02-Breast Cancer Wisconsin (Diagnostic),Media,33,NA
ROSE,02-Breast Cancer Wisconsin (Diagnostic),Media,34,NA
ROSE,02-Breast Cancer Wisconsin (Diagnostic),Media,35,NA
ROSE,02-Breast Cancer Wisconsin (Diagnostic),Media,36,NA
ROSE,02-Breast Cancer Wisconsin (Diagnostic),Media,37,NA
ROSE,02-Breast Cancer Wisconsin (Diagnostic),Media,38,NA
ROSE,02-Breast Cancer Wisconsin (Diagnostic),Media,39,NA
ROSE,02-Breast Cancer Wisconsin (Diagnostic),Media,40,NA
ROSE,02-Breast Cancer Wisconsin (Diagnostic),Media,41,NA
ROSE,02-Breast Cancer Wisconsin (Diagnostic),Media,42,NA
ROSE,02-Breast Cancer Wisconsin (Diagnostic),Media,43,NA
ROSE,02-Breast Cancer Wisconsin (Diagnostic),Media,44,NA
ROSE,02-Breast Cancer Wisconsin (Diagnostic),Media,45,NA
ROSE,02-Breast Cancer Wisconsin (Diagnostic),Media,46,NA
ROSE,02-Breast Cancer Wisconsin (Diagnostic),Media,48,NA
ROSE,02-Breast Cancer Wisconsin (Diagnostic),Media,49,NA
ROSE,02-Breast Cancer Wisconsin (Diagnostic),Desvio_Padrao,time,NA
ROSE,02-Breast Cancer Wisconsin (Diagnostic),Desvio_Padrao,v1,NA
ROSE,02-Breast Cancer Wisconsin (Diagnostic),Desvio_Padrao,v2,NA
ROSE,02-Breast Cancer Wisconsin (Diagnostic),Desvio_Padrao,v3,NA
ROSE,02-Breast Cancer Wisconsin (Diagnostic),Desvio_Padrao,v4,NA
ROSE,02-Breast Cancer Wisconsin (Diagnostic),Desvio_Padrao,v5,NA
ROSE,02-Breast Cancer Wisconsin (Diagnostic),Desvio_Padrao,v6,NA
ROSE,02-Breast Cancer Wisconsin (Diagnostic),Desvio_Padrao,v7,NA
ROSE,02-Breast Cancer Wisconsin (Diagnostic),Desvio_Padrao,v8,NA
ROSE,02-Breast Cancer Wisconsin (Diagnostic),Desvio_Padrao,v9,NA
ROSE,02-Breast Cancer Wisconsin (Diagnostic),Desvio_Padrao,v10,NA
ROSE,02-Breast Cancer Wisconsin (Diagnostic),Desvio_Padrao,v11,NA
ROSE,02-Breast Cancer Wisconsin (Diagnostic),Desvio_Padrao,v12,NA
ROSE,02-Breast Cancer Wisconsin (Diagnostic),Desvio_Padrao,v13,NA
ROSE,02-Breast Cancer Wisconsin (Diagnostic),Desvio_Padrao,v14,NA
ROSE,02-Breast Cancer Wisconsin (Diagnostic),Desvio_Padrao,v15,NA
ROSE,02-Breast Cancer Wisconsin (Diagnostic),Desvio_Padrao,v16,NA
ROSE,02-Breast Cancer Wisconsin (Diagnostic),Desvio_Padrao,v17,NA
ROSE,02-Breast Cancer Wisconsin (Diagnostic),Desvio_Padrao,v18,NA
ROSE,02-Breast Cancer Wisconsin (Diagnostic),Desvio_Padrao,v19,NA
ROSE,02-Breast Cancer Wisconsin (Diagnostic),Desvio_Padrao,v20,NA
ROSE,02-Breast Cancer Wisconsin (Diagnostic),Desvio_Padrao,v21,NA
ROSE,02-Breast Cancer Wisconsin (Diagnostic),Desvio_Padrao,v22,NA
ROSE,02-Breast Cancer Wisconsin (Diagnostic),Desvio_Padrao,v23,NA
ROSE,02-Breast Cancer Wisconsin (Diagnostic),Desvio_Padrao,v24,NA
ROSE,02-Breast Cancer Wisconsin (Diagnostic),Desvio_Padrao,v25,NA
ROSE,02-Breast Cancer Wisconsin (Diagnostic),Desvio_Padrao,v26,NA
ROSE,02-Breast Cancer Wisconsin (Diagnostic),Desvio_Padrao,v27,NA
ROSE,02-Breast Cancer Wisconsin (Diagnostic),Desvio_Padrao,v28,NA
ROSE,02-Breast Cancer Wisconsin (Diagnostic),Desvio_Padrao,amount,NA
ROSE,02-Breast Cancer Wisconsin (Diagnostic),Desvio_Padrao,radius1,4.166526772150776
ROSE,02-Breast Cancer Wisconsin (Diagnostic),Desvio_Padrao,texture1,5.041108007856958
ROSE,02-Breast Cancer Wisconsin (Diagnostic),Desvio_Padrao,perimeter1,28.443039722030697
ROSE,02-Breast Cancer Wisconsin (Diagnostic),Desvio_Padrao,area1,446.26240714291055
ROSE,02-Breast Cancer Wisconsin (Diagnostic),Desvio_Padrao,smoothness1,0.017246298532749605
ROSE,02-Breast Cancer Wisconsin (Diagnostic),Desvio_Padrao,compactness1,0.06715758700230566
ROSE,02-Breast Cancer Wisconsin (Diagnostic),Desvio_Padrao,concavity1,0.09946673204615399
ROSE,02-Breast Cancer Wisconsin (Diagnostic),Desvio_Padrao,concave_points1,0.04592909258170806
ROSE,02-Breast Cancer Wisconsin (Diagnostic),Desvio_Padrao,symmetry1,0.033601075571136646
ROSE,02-Breast Cancer Wisconsin (Diagnostic),Desvio_Padrao,fractal_dimension1,0.008663458081736826
ROSE,02-Breast Cancer Wisconsin (Diagnostic),Desvio_Padrao,radius2,0.3638794016230457
ROSE,02-Breast Cancer Wisconsin (Diagnostic),Desvio_Padrao,texture2,0.6882947975399322
ROSE,02-Breast Cancer Wisconsin (Diagnostic),Desvio_Padrao,perimeter2,2.696993672272716
ROSE,02-Breast Cancer Wisconsin (Diagnostic),Desvio_Padrao,area2,61.015733664155064
ROSE,02-Breast Cancer Wisconsin (Diagnostic),Desvio_Padrao,smoothness2,0.0038641699898257454
ROSE,02-Breast Cancer Wisconsin (Diagnostic),Desvio_Padrao,compactness2,0.021137644442749213
ROSE,02-Breast Cancer Wisconsin (Diagnostic),Desvio_Padrao,concavity2,0.036103892932976375
ROSE,02-Breast Cancer Wisconsin (Diagnostic),Desvio_Padrao,concave_points2,0.0073247797852196116
ROSE,02-Breast Cancer Wisconsin (Diagnostic),Desvio_Padrao,symmetry2,0.010758236669597562
ROSE,02-Breast Cancer Wisconsin (Diagnostic),Desvio_Padrao,fractal_dimension2,0.0029239659655396267
ROSE,02-Breast Cancer Wisconsin (Diagnostic),Desvio_Padrao,radius3,5.612287162615315
ROSE,02-Breast Cancer Wisconsin (Diagnostic),Desvio_Padrao,texture3,7.354975338549782
ROSE,02-Breast Cancer Wisconsin (Diagnostic),Desvio_Padrao,perimeter3,39.77106492371697
ROSE,02-Breast Cancer Wisconsin (Diagnostic),Desvio_Padrao,area3,714.8374458105636
ROSE,02-Breast Cancer Wisconsin (Diagnostic),Desvio_Padrao,smoothness3,0.028100015332041782
ROSE,02-Breast Cancer Wisconsin (Diagnostic),Desvio_Padrao,compactness3,0.1904328953977469
ROSE,02-Breast Cancer Wisconsin (Diagnostic),Desvio_Padrao,concavity3,0.25790623939474067
ROSE,02-Breast Cancer Wisconsin (Diagnostic),Desvio_Padrao,concave_points3,0.07462990711323696
ROSE,02-Breast Cancer Wisconsin (Diagnostic),Desvio_Padrao,symmetry3,0.07483295511653065
ROSE,02-Breast Cancer Wisconsin (Diagnostic),Desvio_Padrao,fractal_dimension3,0.022599435331137493
ROSE,02-Breast Cancer Wisconsin (Diagnostic),Desvio_Padrao,pregnancies,NA
ROSE,02-Breast Cancer Wisconsin (Diagnostic),Desvio_Padrao,glucose,NA
ROSE,02-Breast Cancer Wisconsin (Diagnostic),Desvio_Padrao,bloodpressure,NA
ROSE,02-Breast Cancer Wisconsin (Diagnostic),Desvio_Padrao,skinthickness,NA
ROSE,02-Breast Cancer Wisconsin (Diagnostic),Desvio_Padrao,insulin,NA
ROSE,02-Breast Cancer Wisconsin (Diagnostic),Desvio_Padrao,bmi,NA
ROSE,02-Breast Cancer Wisconsin (Diagnostic),Desvio_Padrao,diabetespedigreefunction,NA
ROSE,02-Breast Cancer Wisconsin (Diagnostic),Desvio_Padrao,age,NA
ROSE,02-Breast Cancer Wisconsin (Diagnostic),Desvio_Padrao,attribute01,NA
ROSE,02-Breast Cancer Wisconsin (Diagnostic),Desvio_Padrao,attribute02,NA
ROSE,02-Breast Cancer Wisconsin (Diagnostic),Desvio_Padrao,attribute03,NA
ROSE,02-Breast Cancer Wisconsin (Diagnostic),Desvio_Padrao,attribute04,NA
ROSE,02-Breast Cancer Wisconsin (Diagnostic),Desvio_Padrao,attribute05,NA
ROSE,02-Breast Cancer Wisconsin (Diagnostic),Desvio_Padrao,attribute06,NA
ROSE,02-Breast Cancer Wisconsin (Diagnostic),Desvio_Padrao,attribute07,NA
ROSE,02-Breast Cancer Wisconsin (Diagnostic),Desvio_Padrao,attribute08,NA
ROSE,02-Breast Cancer Wisconsin (Diagnostic),Desvio_Padrao,attribute09,NA
ROSE,02-Breast Cancer Wisconsin (Diagnostic),Desvio_Padrao,attribute10,NA
ROSE,02-Breast Cancer Wisconsin (Diagnostic),Desvio_Padrao,attribute11,NA
ROSE,02-Breast Cancer Wisconsin (Diagnostic),Desvio_Padrao,attribute12,NA
ROSE,02-Breast Cancer Wisconsin (Diagnostic),Desvio_Padrao,attribute13,NA
ROSE,02-Breast Cancer Wisconsin (Diagnostic),Desvio_Padrao,attribute14,NA
ROSE,02-Breast Cancer Wisconsin (Diagnostic),Desvio_Padrao,attribute15,NA
ROSE,02-Breast Cancer Wisconsin (Diagnostic),Desvio_Padrao,attribute16,NA
ROSE,02-Breast Cancer Wisconsin (Diagnostic),Desvio_Padrao,attribute17,NA
ROSE,02-Breast Cancer Wisconsin (Diagnostic),Desvio_Padrao,attribute18,NA
ROSE,02-Breast Cancer Wisconsin (Diagnostic),Desvio_Padrao,attribute19,NA
ROSE,02-Breast Cancer Wisconsin (Diagnostic),Desvio_Padrao,attribute20,NA
ROSE,02-Breast Cancer Wisconsin (Diagnostic),Desvio_Padrao,attribute21,NA
ROSE,02-Breast Cancer Wisconsin (Diagnostic),Desvio_Padrao,attribute22,NA
ROSE,02-Breast Cancer Wisconsin (Diagnostic),Desvio_Padrao,attribute23,NA
ROSE,02-Breast Cancer Wisconsin (Diagnostic),Desvio_Padrao,attribute24,NA
ROSE,02-Breast Cancer Wisconsin (Diagnostic),Desvio_Padrao,attribute25,NA
ROSE,02-Breast Cancer Wisconsin (Diagnostic),Desvio_Padrao,attribute26,NA
ROSE,02-Breast Cancer Wisconsin (Diagnostic),Desvio_Padrao,attribute27,NA
ROSE,02-Breast Cancer Wisconsin (Diagnostic),Desvio_Padrao,attribute28,NA
ROSE,02-Breast Cancer Wisconsin (Diagnostic),Desvio_Padrao,attribute29,NA
ROSE,02-Breast Cancer Wisconsin (Diagnostic),Desvio_Padrao,attribute30,NA
ROSE,02-Breast Cancer Wisconsin (Diagnostic),Desvio_Padrao,attribute31,NA
ROSE,02-Breast Cancer Wisconsin (Diagnostic),Desvio_Padrao,attribute32,NA
ROSE,02-Breast Cancer Wisconsin (Diagnostic),Desvio_Padrao,attribute33,NA
ROSE,02-Breast Cancer Wisconsin (Diagnostic),Desvio_Padrao,attribute34,NA
ROSE,02-Breast Cancer Wisconsin (Diagnostic),Desvio_Padrao,aa,NA
ROSE,02-Breast Cancer Wisconsin (Diagnostic),Desvio_Padrao,ao,NA
ROSE,02-Breast Cancer Wisconsin (Diagnostic),Desvio_Padrao,dcl,NA
ROSE,02-Breast Cancer Wisconsin (Diagnostic),Desvio_Padrao,iy,NA
ROSE,02-Breast Cancer Wisconsin (Diagnostic),Desvio_Padrao,sh,NA
ROSE,02-Breast Cancer Wisconsin (Diagnostic),Desvio_Padrao,0,NA
ROSE,02-Breast Cancer Wisconsin (Diagnostic),Desvio_Padrao,1,NA
ROSE,02-Breast Cancer Wisconsin (Diagnostic),Desvio_Padrao,2,NA
ROSE,02-Breast Cancer Wisconsin (Diagnostic),Desvio_Padrao,3,NA
ROSE,02-Breast Cancer Wisconsin (Diagnostic),Desvio_Padrao,4,NA
ROSE,02-Breast Cancer Wisconsin (Diagnostic),Desvio_Padrao,5,NA
ROSE,02-Breast Cancer Wisconsin (Diagnostic),Desvio_Padrao,6,NA
ROSE,02-Breast Cancer Wisconsin (Diagnostic),Desvio_Padrao,7,NA
ROSE,02-Breast Cancer Wisconsin (Diagnostic),Desvio_Padrao,8,NA
ROSE,02-Breast Cancer Wisconsin (Diagnostic),Desvio_Padrao,9,NA
ROSE,02-Breast Cancer Wisconsin (Diagnostic),Desvio_Padrao,10,NA
ROSE,02-Breast Cancer Wisconsin (Diagnostic),Desvio_Padrao,11,NA
ROSE,02-Breast Cancer Wisconsin (Diagnostic),Desvio_Padrao,12,NA
ROSE,02-Breast Cancer Wisconsin (Diagnostic),Desvio_Padrao,13,NA
ROSE,02-Breast Cancer Wisconsin (Diagnostic),Desvio_Padrao,14,NA
ROSE,02-Breast Cancer Wisconsin (Diagnostic),Desvio_Padrao,15,NA
ROSE,02-Breast Cancer Wisconsin (Diagnostic),Desvio_Padrao,16,NA
ROSE,02-Breast Cancer Wisconsin (Diagnostic),Desvio_Padrao,17,NA
ROSE,02-Breast Cancer Wisconsin (Diagnostic),Desvio_Padrao,18,NA
ROSE,02-Breast Cancer Wisconsin (Diagnostic),Desvio_Padrao,19,NA
ROSE,02-Breast Cancer Wisconsin (Diagnostic),Desvio_Padrao,20,NA
ROSE,02-Breast Cancer Wisconsin (Diagnostic),Desvio_Padrao,21,NA
ROSE,02-Breast Cancer Wisconsin (Diagnostic),Desvio_Padrao,22,NA
ROSE,02-Breast Cancer Wisconsin (Diagnostic),Desvio_Padrao,23,NA
ROSE,02-Breast Cancer Wisconsin (Diagnostic),Desvio_Padrao,24,NA
ROSE,02-Breast Cancer Wisconsin (Diagnostic),Desvio_Padrao,25,NA
ROSE,02-Breast Cancer Wisconsin (Diagnostic),Desvio_Padrao,26,NA
ROSE,02-Breast Cancer Wisconsin (Diagnostic),Desvio_Padrao,27,NA
ROSE,02-Breast Cancer Wisconsin (Diagnostic),Desvio_Padrao,28,NA
ROSE,02-Breast Cancer Wisconsin (Diagnostic),Desvio_Padrao,29,NA
ROSE,02-Breast Cancer Wisconsin (Diagnostic),Desvio_Padrao,30,NA
ROSE,02-Breast Cancer Wisconsin (Diagnostic),Desvio_Padrao,31,NA
ROSE,02-Breast Cancer Wisconsin (Diagnostic),Desvio_Padrao,32,NA
ROSE,02-Breast Cancer Wisconsin (Diagnostic),Desvio_Padrao,33,NA
ROSE,02-Breast Cancer Wisconsin (Diagnostic),Desvio_Padrao,34,NA
ROSE,02-Breast Cancer Wisconsin (Diagnostic),Desvio_Padrao,35,NA
ROSE,02-Breast Cancer Wisconsin (Diagnostic),Desvio_Padrao,36,NA
ROSE,02-Breast Cancer Wisconsin (Diagnostic),Desvio_Padrao,37,NA
ROSE,02-Breast Cancer Wisconsin (Diagnostic),Desvio_Padrao,38,NA
ROSE,02-Breast Cancer Wisconsin (Diagnostic),Desvio_Padrao,39,NA
ROSE,02-Breast Cancer Wisconsin (Diagnostic),Desvio_Padrao,40,NA
ROSE,02-Breast Cancer Wisconsin (Diagnostic),Desvio_Padrao,41,NA
ROSE,02-Breast Cancer Wisconsin (Diagnostic),Desvio_Padrao,42,NA
ROSE,02-Breast Cancer Wisconsin (Diagnostic),Desvio_Padrao,43,NA
ROSE,02-Breast Cancer Wisconsin (Diagnostic),Desvio_Padrao,44,NA
ROSE,02-Breast Cancer Wisconsin (Diagnostic),Desvio_Padrao,45,NA
ROSE,02-Breast Cancer Wisconsin (Diagnostic),Desvio_Padrao,46,NA
ROSE,02-Breast Cancer Wisconsin (Diagnostic),Desvio_Padrao,48,NA
ROSE,02-Breast Cancer Wisconsin (Diagnostic),Desvio_Padrao,49,NA
ROSE,02-Breast Cancer Wisconsin (Diagnostic),Minimo,time,NA
ROSE,02-Breast Cancer Wisconsin (Diagnostic),Minimo,v1,NA
ROSE,02-Breast Cancer Wisconsin (Diagnostic),Minimo,v2,NA
ROSE,02-Breast Cancer Wisconsin (Diagnostic),Minimo,v3,NA
ROSE,02-Breast Cancer Wisconsin (Diagnostic),Minimo,v4,NA
ROSE,02-Breast Cancer Wisconsin (Diagnostic),Minimo,v5,NA
ROSE,02-Breast Cancer Wisconsin (Diagnostic),Minimo,v6,NA
ROSE,02-Breast Cancer Wisconsin (Diagnostic),Minimo,v7,NA
ROSE,02-Breast Cancer Wisconsin (Diagnostic),Minimo,v8,NA
ROSE,02-Breast Cancer Wisconsin (Diagnostic),Minimo,v9,NA
ROSE,02-Breast Cancer Wisconsin (Diagnostic),Minimo,v10,NA
ROSE,02-Breast Cancer Wisconsin (Diagnostic),Minimo,v11,NA
ROSE,02-Breast Cancer Wisconsin (Diagnostic),Minimo,v12,NA
ROSE,02-Breast Cancer Wisconsin (Diagnostic),Minimo,v13,NA
ROSE,02-Breast Cancer Wisconsin (Diagnostic),Minimo,v14,NA
ROSE,02-Breast Cancer Wisconsin (Diagnostic),Minimo,v15,NA
ROSE,02-Breast Cancer Wisconsin (Diagnostic),Minimo,v16,NA
ROSE,02-Breast Cancer Wisconsin (Diagnostic),Minimo,v17,NA
ROSE,02-Breast Cancer Wisconsin (Diagnostic),Minimo,v18,NA
ROSE,02-Breast Cancer Wisconsin (Diagnostic),Minimo,v19,NA
ROSE,02-Breast Cancer Wisconsin (Diagnostic),Minimo,v20,NA
ROSE,02-Breast Cancer Wisconsin (Diagnostic),Minimo,v21,NA
ROSE,02-Breast Cancer Wisconsin (Diagnostic),Minimo,v22,NA
ROSE,02-Breast Cancer Wisconsin (Diagnostic),Minimo,v23,NA
ROSE,02-Breast Cancer Wisconsin (Diagnostic),Minimo,v24,NA
ROSE,02-Breast Cancer Wisconsin (Diagnostic),Minimo,v25,NA
ROSE,02-Breast Cancer Wisconsin (Diagnostic),Minimo,v26,NA
ROSE,02-Breast Cancer Wisconsin (Diagnostic),Minimo,v27,NA
ROSE,02-Breast Cancer Wisconsin (Diagnostic),Minimo,v28,NA
ROSE,02-Breast Cancer Wisconsin (Diagnostic),Minimo,amount,NA
ROSE,02-Breast Cancer Wisconsin (Diagnostic),Minimo,radius1,5.635755227051215
ROSE,02-Breast Cancer Wisconsin (Diagnostic),Minimo,texture1,4.550941891476351
ROSE,02-Breast Cancer Wisconsin (Diagnostic),Minimo,perimeter1,37.36035579059751
ROSE,02-Breast Cancer Wisconsin (Diagnostic),Minimo,area1,-132.6977922676407
ROSE,02-Breast Cancer Wisconsin (Diagnostic),Minimo,smoothness1,0.05022640294584306
ROSE,02-Breast Cancer Wisconsin (Diagnostic),Minimo,compactness1,-0.03364170227254975
ROSE,02-Breast Cancer Wisconsin (Diagnostic),Minimo,concavity1,-0.07102197546414057
ROSE,02-Breast Cancer Wisconsin (Diagnostic),Minimo,concave_points1,-0.03189544325439069
ROSE,02-Breast Cancer Wisconsin (Diagnostic),Minimo,symmetry1,0.08658701354488793
ROSE,02-Breast Cancer Wisconsin (Diagnostic),Minimo,fractal_dimension1,0.038973496650903425
ROSE,02-Breast Cancer Wisconsin (Diagnostic),Minimo,radius2,-0.3043119237853058
ROSE,02-Breast Cancer Wisconsin (Diagnostic),Minimo,texture2,-0.2878768920948651
ROSE,02-Breast Cancer Wisconsin (Diagnostic),Minimo,perimeter2,-2.6755525457164504
ROSE,02-Breast Cancer Wisconsin (Diagnostic),Minimo,area2,-98.69650413563579
ROSE,02-Breast Cancer Wisconsin (Diagnostic),Minimo,smoothness2,-0.0016063470403030675
ROSE,02-Breast Cancer Wisconsin (Diagnostic),Minimo,compactness2,-0.023602907065712168
ROSE,02-Breast Cancer Wisconsin (Diagnostic),Minimo,concavity2,-0.0579094215224358
ROSE,02-Breast Cancer Wisconsin (Diagnostic),Minimo,concave_points2,-0.005359783783171106
ROSE,02-Breast Cancer Wisconsin (Diagnostic),Minimo,symmetry2,-0.008946507284137652
ROSE,02-Breast Cancer Wisconsin (Diagnostic),Minimo,fractal_dimension2,-0.005697153101414098
ROSE,02-Breast Cancer Wisconsin (Diagnostic),Minimo,radius3,3.1557793207211287
ROSE,02-Breast Cancer Wisconsin (Diagnostic),Minimo,texture3,5.477500959112229
ROSE,02-Breast Cancer Wisconsin (Diagnostic),Minimo,perimeter3,40.213107622919964
ROSE,02-Breast Cancer Wisconsin (Diagnostic),Minimo,area3,-1153.8123106124651
ROSE,02-Breast Cancer Wisconsin (Diagnostic),Minimo,smoothness3,0.057835166722339
ROSE,02-Breast Cancer Wisconsin (Diagnostic),Minimo,compactness3,-0.17577651317168505
ROSE,02-Breast Cancer Wisconsin (Diagnostic),Minimo,concavity3,-0.1892612415979516
ROSE,02-Breast Cancer Wisconsin (Diagnostic),Minimo,concave_points3,-0.048830750262429015
ROSE,02-Breast Cancer Wisconsin (Diagnostic),Minimo,symmetry3,0.11997841038553944
ROSE,02-Breast Cancer Wisconsin (Diagnostic),Minimo,fractal_dimension3,0.018795438192519984
ROSE,02-Breast Cancer Wisconsin (Diagnostic),Minimo,pregnancies,NA
ROSE,02-Breast Cancer Wisconsin (Diagnostic),Minimo,glucose,NA
ROSE,02-Breast Cancer Wisconsin (Diagnostic),Minimo,bloodpressure,NA
ROSE,02-Breast Cancer Wisconsin (Diagnostic),Minimo,skinthickness,NA
ROSE,02-Breast Cancer Wisconsin (Diagnostic),Minimo,insulin,NA
ROSE,02-Breast Cancer Wisconsin (Diagnostic),Minimo,bmi,NA
ROSE,02-Breast Cancer Wisconsin (Diagnostic),Minimo,diabetespedigreefunction,NA
ROSE,02-Breast Cancer Wisconsin (Diagnostic),Minimo,age,NA
ROSE,02-Breast Cancer Wisconsin (Diagnostic),Minimo,attribute01,NA
ROSE,02-Breast Cancer Wisconsin (Diagnostic),Minimo,attribute02,NA
ROSE,02-Breast Cancer Wisconsin (Diagnostic),Minimo,attribute03,NA
ROSE,02-Breast Cancer Wisconsin (Diagnostic),Minimo,attribute04,NA
ROSE,02-Breast Cancer Wisconsin (Diagnostic),Minimo,attribute05,NA
ROSE,02-Breast Cancer Wisconsin (Diagnostic),Minimo,attribute06,NA
ROSE,02-Breast Cancer Wisconsin (Diagnostic),Minimo,attribute07,NA
ROSE,02-Breast Cancer Wisconsin (Diagnostic),Minimo,attribute08,NA
ROSE,02-Breast Cancer Wisconsin (Diagnostic),Minimo,attribute09,NA
ROSE,02-Breast Cancer Wisconsin (Diagnostic),Minimo,attribute10,NA
ROSE,02-Breast Cancer Wisconsin (Diagnostic),Minimo,attribute11,NA
ROSE,02-Breast Cancer Wisconsin (Diagnostic),Minimo,attribute12,NA
ROSE,02-Breast Cancer Wisconsin (Diagnostic),Minimo,attribute13,NA
ROSE,02-Breast Cancer Wisconsin (Diagnostic),Minimo,attribute14,NA
ROSE,02-Breast Cancer Wisconsin (Diagnostic),Minimo,attribute15,NA
ROSE,02-Breast Cancer Wisconsin (Diagnostic),Minimo,attribute16,NA
ROSE,02-Breast Cancer Wisconsin (Diagnostic),Minimo,attribute17,NA
ROSE,02-Breast Cancer Wisconsin (Diagnostic),Minimo,attribute18,NA
ROSE,02-Breast Cancer Wisconsin (Diagnostic),Minimo,attribute19,NA
ROSE,02-Breast Cancer Wisconsin (Diagnostic),Minimo,attribute20,NA
ROSE,02-Breast Cancer Wisconsin (Diagnostic),Minimo,attribute21,NA
ROSE,02-Breast Cancer Wisconsin (Diagnostic),Minimo,attribute22,NA
ROSE,02-Breast Cancer Wisconsin (Diagnostic),Minimo,attribute23,NA
ROSE,02-Breast Cancer Wisconsin (Diagnostic),Minimo,attribute24,NA
ROSE,02-Breast Cancer Wisconsin (Diagnostic),Minimo,attribute25,NA
ROSE,02-Breast Cancer Wisconsin (Diagnostic),Minimo,attribute26,NA
ROSE,02-Breast Cancer Wisconsin (Diagnostic),Minimo,attribute27,NA
ROSE,02-Breast Cancer Wisconsin (Diagnostic),Minimo,attribute28,NA
ROSE,02-Breast Cancer Wisconsin (Diagnostic),Minimo,attribute29,NA
ROSE,02-Breast Cancer Wisconsin (Diagnostic),Minimo,attribute30,NA
ROSE,02-Breast Cancer Wisconsin (Diagnostic),Minimo,attribute31,NA
ROSE,02-Breast Cancer Wisconsin (Diagnostic),Minimo,attribute32,NA
ROSE,02-Breast Cancer Wisconsin (Diagnostic),Minimo,attribute33,NA
ROSE,02-Breast Cancer Wisconsin (Diagnostic),Minimo,attribute34,NA
ROSE,02-Breast Cancer Wisconsin (Diagnostic),Minimo,aa,NA
ROSE,02-Breast Cancer Wisconsin (Diagnostic),Minimo,ao,NA
ROSE,02-Breast Cancer Wisconsin (Diagnostic),Minimo,dcl,NA
ROSE,02-Breast Cancer Wisconsin (Diagnostic),Minimo,iy,NA
ROSE,02-Breast Cancer Wisconsin (Diagnostic),Minimo,sh,NA
ROSE,02-Breast Cancer Wisconsin (Diagnostic),Minimo,0,NA
ROSE,02-Breast Cancer Wisconsin (Diagnostic),Minimo,1,NA
ROSE,02-Breast Cancer Wisconsin (Diagnostic),Minimo,2,NA
ROSE,02-Breast Cancer Wisconsin (Diagnostic),Minimo,3,NA
ROSE,02-Breast Cancer Wisconsin (Diagnostic),Minimo,4,NA
ROSE,02-Breast Cancer Wisconsin (Diagnostic),Minimo,5,NA
ROSE,02-Breast Cancer Wisconsin (Diagnostic),Minimo,6,NA
ROSE,02-Breast Cancer Wisconsin (Diagnostic),Minimo,7,NA
ROSE,02-Breast Cancer Wisconsin (Diagnostic),Minimo,8,NA
ROSE,02-Breast Cancer Wisconsin (Diagnostic),Minimo,9,NA
ROSE,02-Breast Cancer Wisconsin (Diagnostic),Minimo,10,NA
ROSE,02-Breast Cancer Wisconsin (Diagnostic),Minimo,11,NA
ROSE,02-Breast Cancer Wisconsin (Diagnostic),Minimo,12,NA
ROSE,02-Breast Cancer Wisconsin (Diagnostic),Minimo,13,NA
ROSE,02-Breast Cancer Wisconsin (Diagnostic),Minimo,14,NA
ROSE,02-Breast Cancer Wisconsin (Diagnostic),Minimo,15,NA
ROSE,02-Breast Cancer Wisconsin (Diagnostic),Minimo,16,NA
ROSE,02-Breast Cancer Wisconsin (Diagnostic),Minimo,17,NA
ROSE,02-Breast Cancer Wisconsin (Diagnostic),Minimo,18,NA
ROSE,02-Breast Cancer Wisconsin (Diagnostic),Minimo,19,NA
ROSE,02-Breast Cancer Wisconsin (Diagnostic),Minimo,20,NA
ROSE,02-Breast Cancer Wisconsin (Diagnostic),Minimo,21,NA
ROSE,02-Breast Cancer Wisconsin (Diagnostic),Minimo,22,NA
ROSE,02-Breast Cancer Wisconsin (Diagnostic),Minimo,23,NA
ROSE,02-Breast Cancer Wisconsin (Diagnostic),Minimo,24,NA
ROSE,02-Breast Cancer Wisconsin (Diagnostic),Minimo,25,NA
ROSE,02-Breast Cancer Wisconsin (Diagnostic),Minimo,26,NA
ROSE,02-Breast Cancer Wisconsin (Diagnostic),Minimo,27,NA
ROSE,02-Breast Cancer Wisconsin (Diagnostic),Minimo,28,NA
ROSE,02-Breast Cancer Wisconsin (Diagnostic),Minimo,29,NA
ROSE,02-Breast Cancer Wisconsin (Diagnostic),Minimo,30,NA
ROSE,02-Breast Cancer Wisconsin (Diagnostic),Minimo,31,NA
ROSE,02-Breast Cancer Wisconsin (Diagnostic),Minimo,32,NA
ROSE,02-Breast Cancer Wisconsin (Diagnostic),Minimo,33,NA
ROSE,02-Breast Cancer Wisconsin (Diagnostic),Minimo,34,NA
ROSE,02-Breast Cancer Wisconsin (Diagnostic),Minimo,35,NA
ROSE,02-Breast Cancer Wisconsin (Diagnostic),Minimo,36,NA
ROSE,02-Breast Cancer Wisconsin (Diagnostic),Minimo,37,NA
ROSE,02-Breast Cancer Wisconsin (Diagnostic),Minimo,38,NA
ROSE,02-Breast Cancer Wisconsin (Diagnostic),Minimo,39,NA
ROSE,02-Breast Cancer Wisconsin (Diagnostic),Minimo,40,NA
ROSE,02-Breast Cancer Wisconsin (Diagnostic),Minimo,41,NA
ROSE,02-Breast Cancer Wisconsin (Diagnostic),Minimo,42,NA
ROSE,02-Breast Cancer Wisconsin (Diagnostic),Minimo,43,NA
ROSE,02-Breast Cancer Wisconsin (Diagnostic),Minimo,44,NA
ROSE,02-Breast Cancer Wisconsin (Diagnostic),Minimo,45,NA
ROSE,02-Breast Cancer Wisconsin (Diagnostic),Minimo,46,NA
ROSE,02-Breast Cancer Wisconsin (Diagnostic),Minimo,48,NA
ROSE,02-Breast Cancer Wisconsin (Diagnostic),Minimo,49,NA
ROSE,02-Breast Cancer Wisconsin (Diagnostic),Maximo,time,NA
ROSE,02-Breast Cancer Wisconsin (Diagnostic),Maximo,v1,NA
ROSE,02-Breast Cancer Wisconsin (Diagnostic),Maximo,v2,NA
ROSE,02-Breast Cancer Wisconsin (Diagnostic),Maximo,v3,NA
ROSE,02-Breast Cancer Wisconsin (Diagnostic),Maximo,v4,NA
ROSE,02-Breast Cancer Wisconsin (Diagnostic),Maximo,v5,NA
ROSE,02-Breast Cancer Wisconsin (Diagnostic),Maximo,v6,NA
ROSE,02-Breast Cancer Wisconsin (Diagnostic),Maximo,v7,NA
ROSE,02-Breast Cancer Wisconsin (Diagnostic),Maximo,v8,NA
ROSE,02-Breast Cancer Wisconsin (Diagnostic),Maximo,v9,NA
ROSE,02-Breast Cancer Wisconsin (Diagnostic),Maximo,v10,NA
ROSE,02-Breast Cancer Wisconsin (Diagnostic),Maximo,v11,NA
ROSE,02-Breast Cancer Wisconsin (Diagnostic),Maximo,v12,NA
ROSE,02-Breast Cancer Wisconsin (Diagnostic),Maximo,v13,NA
ROSE,02-Breast Cancer Wisconsin (Diagnostic),Maximo,v14,NA
ROSE,02-Breast Cancer Wisconsin (Diagnostic),Maximo,v15,NA
ROSE,02-Breast Cancer Wisconsin (Diagnostic),Maximo,v16,NA
ROSE,02-Breast Cancer Wisconsin (Diagnostic),Maximo,v17,NA
ROSE,02-Breast Cancer Wisconsin (Diagnostic),Maximo,v18,NA
ROSE,02-Breast Cancer Wisconsin (Diagnostic),Maximo,v19,NA
ROSE,02-Breast Cancer Wisconsin (Diagnostic),Maximo,v20,NA
ROSE,02-Breast Cancer Wisconsin (Diagnostic),Maximo,v21,NA
ROSE,02-Breast Cancer Wisconsin (Diagnostic),Maximo,v22,NA
ROSE,02-Breast Cancer Wisconsin (Diagnostic),Maximo,v23,NA
ROSE,02-Breast Cancer Wisconsin (Diagnostic),Maximo,v24,NA
ROSE,02-Breast Cancer Wisconsin (Diagnostic),Maximo,v25,NA
ROSE,02-Breast Cancer Wisconsin (Diagnostic),Maximo,v26,NA
ROSE,02-Breast Cancer Wisconsin (Diagnostic),Maximo,v27,NA
ROSE,02-Breast Cancer Wisconsin (Diagnostic),Maximo,v28,NA
ROSE,02-Breast Cancer Wisconsin (Diagnostic),Maximo,amount,NA
ROSE,02-Breast Cancer Wisconsin (Diagnostic),Maximo,radius1,28.963058307160374
ROSE,02-Breast Cancer Wisconsin (Diagnostic),Maximo,texture1,36.33164138612296
ROSE,02-Breast Cancer Wisconsin (Diagnostic),Maximo,perimeter1,209.95080056398774
ROSE,02-Breast Cancer Wisconsin (Diagnostic),Maximo,area1,2838.6229672312807
ROSE,02-Breast Cancer Wisconsin (Diagnostic),Maximo,smoothness1,0.14988402874856527
ROSE,02-Breast Cancer Wisconsin (Diagnostic),Maximo,compactness1,0.39038518416940493
ROSE,02-Breast Cancer Wisconsin (Diagnostic),Maximo,concavity1,0.5278005511147569
ROSE,02-Breast Cancer Wisconsin (Diagnostic),Maximo,concave_points1,0.24973385307325052
ROSE,02-Breast Cancer Wisconsin (Diagnostic),Maximo,symmetry1,0.3343249706642159
ROSE,02-Breast Cancer Wisconsin (Diagnostic),Maximo,fractal_dimension1,0.0962733500525893
ROSE,02-Breast Cancer Wisconsin (Diagnostic),Maximo,radius2,3.072001755070577
ROSE,02-Breast Cancer Wisconsin (Diagnostic),Maximo,texture2,4.449759161222605
ROSE,02-Breast Cancer Wisconsin (Diagnostic),Maximo,perimeter2,23.267424179191924
ROSE,02-Breast Cancer Wisconsin (Diagnostic),Maximo,area2,512.570486431015
ROSE,02-Breast Cancer Wisconsin (Diagnostic),Maximo,smoothness2,0.024597873684341895
ROSE,02-Breast Cancer Wisconsin (Diagnostic),Maximo,compactness2,0.10316512926835703
ROSE,02-Breast Cancer Wisconsin (Diagnostic),Maximo,concavity2,0.3350870217130243
ROSE,02-Breast Cancer Wisconsin (Diagnostic),Maximo,concave_points2,0.03891553991892838
ROSE,02-Breast Cancer Wisconsin (Diagnostic),Maximo,symmetry2,0.07947669094060243
ROSE,02-Breast Cancer Wisconsin (Diagnostic),Maximo,fractal_dimension2,0.024473664332644356
ROSE,02-Breast Cancer Wisconsin (Diagnostic),Maximo,radius3,40.13701122601851
ROSE,02-Breast Cancer Wisconsin (Diagnostic),Maximo,texture3,50.37342560926281
ROSE,02-Breast Cancer Wisconsin (Diagnostic),Maximo,perimeter3,252.5565632636606
ROSE,02-Breast Cancer Wisconsin (Diagnostic),Maximo,area3,5021.384629326072
ROSE,02-Breast Cancer Wisconsin (Diagnostic),Maximo,smoothness3,0.2527965574849599
ROSE,02-Breast Cancer Wisconsin (Diagnostic),Maximo,compactness3,1.04863921911172
ROSE,02-Breast Cancer Wisconsin (Diagnostic),Maximo,concavity3,1.4689235923526192
ROSE,02-Breast Cancer Wisconsin (Diagnostic),Maximo,concave_points3,0.3511518852374915
ROSE,02-Breast Cancer Wisconsin (Diagnostic),Maximo,symmetry3,0.5696427252821881
ROSE,02-Breast Cancer Wisconsin (Diagnostic),Maximo,fractal_dimension3,0.2191335196393923
ROSE,02-Breast Cancer Wisconsin (Diagnostic),Maximo,pregnancies,NA
ROSE,02-Breast Cancer Wisconsin (Diagnostic),Maximo,glucose,NA
ROSE,02-Breast Cancer Wisconsin (Diagnostic),Maximo,bloodpressure,NA
ROSE,02-Breast Cancer Wisconsin (Diagnostic),Maximo,skinthickness,NA
ROSE,02-Breast Cancer Wisconsin (Diagnostic),Maximo,insulin,NA
ROSE,02-Breast Cancer Wisconsin (Diagnostic),Maximo,bmi,NA
ROSE,02-Breast Cancer Wisconsin (Diagnostic),Maximo,diabetespedigreefunction,NA
ROSE,02-Breast Cancer Wisconsin (Diagnostic),Maximo,age,NA
ROSE,02-Breast Cancer Wisconsin (Diagnostic),Maximo,attribute01,NA
ROSE,02-Breast Cancer Wisconsin (Diagnostic),Maximo,attribute02,NA
ROSE,02-Breast Cancer Wisconsin (Diagnostic),Maximo,attribute03,NA
ROSE,02-Breast Cancer Wisconsin (Diagnostic),Maximo,attribute04,NA
ROSE,02-Breast Cancer Wisconsin (Diagnostic),Maximo,attribute05,NA
ROSE,02-Breast Cancer Wisconsin (Diagnostic),Maximo,attribute06,NA
ROSE,02-Breast Cancer Wisconsin (Diagnostic),Maximo,attribute07,NA
ROSE,02-Breast Cancer Wisconsin (Diagnostic),Maximo,attribute08,NA
ROSE,02-Breast Cancer Wisconsin (Diagnostic),Maximo,attribute09,NA
ROSE,02-Breast Cancer Wisconsin (Diagnostic),Maximo,attribute10,NA
ROSE,02-Breast Cancer Wisconsin (Diagnostic),Maximo,attribute11,NA
ROSE,02-Breast Cancer Wisconsin (Diagnostic),Maximo,attribute12,NA
ROSE,02-Breast Cancer Wisconsin (Diagnostic),Maximo,attribute13,NA
ROSE,02-Breast Cancer Wisconsin (Diagnostic),Maximo,attribute14,NA
ROSE,02-Breast Cancer Wisconsin (Diagnostic),Maximo,attribute15,NA
ROSE,02-Breast Cancer Wisconsin (Diagnostic),Maximo,attribute16,NA
ROSE,02-Breast Cancer Wisconsin (Diagnostic),Maximo,attribute17,NA
ROSE,02-Breast Cancer Wisconsin (Diagnostic),Maximo,attribute18,NA
ROSE,02-Breast Cancer Wisconsin (Diagnostic),Maximo,attribute19,NA
ROSE,02-Breast Cancer Wisconsin (Diagnostic),Maximo,attribute20,NA
ROSE,02-Breast Cancer Wisconsin (Diagnostic),Maximo,attribute21,NA
ROSE,02-Breast Cancer Wisconsin (Diagnostic),Maximo,attribute22,NA
ROSE,02-Breast Cancer Wisconsin (Diagnostic),Maximo,attribute23,NA
ROSE,02-Breast Cancer Wisconsin (Diagnostic),Maximo,attribute24,NA
ROSE,02-Breast Cancer Wisconsin (Diagnostic),Maximo,attribute25,NA
ROSE,02-Breast Cancer Wisconsin (Diagnostic),Maximo,attribute26,NA
ROSE,02-Breast Cancer Wisconsin (Diagnostic),Maximo,attribute27,NA
ROSE,02-Breast Cancer Wisconsin (Diagnostic),Maximo,attribute28,NA
ROSE,02-Breast Cancer Wisconsin (Diagnostic),Maximo,attribute29,NA
ROSE,02-Breast Cancer Wisconsin (Diagnostic),Maximo,attribute30,NA
ROSE,02-Breast Cancer Wisconsin (Diagnostic),Maximo,attribute31,NA
ROSE,02-Breast Cancer Wisconsin (Diagnostic),Maximo,attribute32,NA
ROSE,02-Breast Cancer Wisconsin (Diagnostic),Maximo,attribute33,NA
ROSE,02-Breast Cancer Wisconsin (Diagnostic),Maximo,attribute34,NA
ROSE,02-Breast Cancer Wisconsin (Diagnostic),Maximo,aa,NA
ROSE,02-Breast Cancer Wisconsin (Diagnostic),Maximo,ao,NA
ROSE,02-Breast Cancer Wisconsin (Diagnostic),Maximo,dcl,NA
ROSE,02-Breast Cancer Wisconsin (Diagnostic),Maximo,iy,NA
ROSE,02-Breast Cancer Wisconsin (Diagnostic),Maximo,sh,NA
ROSE,02-Breast Cancer Wisconsin (Diagnostic),Maximo,0,NA
ROSE,02-Breast Cancer Wisconsin (Diagnostic),Maximo,1,NA
ROSE,02-Breast Cancer Wisconsin (Diagnostic),Maximo,2,NA
ROSE,02-Breast Cancer Wisconsin (Diagnostic),Maximo,3,NA
ROSE,02-Breast Cancer Wisconsin (Diagnostic),Maximo,4,NA
ROSE,02-Breast Cancer Wisconsin (Diagnostic),Maximo,5,NA
ROSE,02-Breast Cancer Wisconsin (Diagnostic),Maximo,6,NA
ROSE,02-Breast Cancer Wisconsin (Diagnostic),Maximo,7,NA
ROSE,02-Breast Cancer Wisconsin (Diagnostic),Maximo,8,NA
ROSE,02-Breast Cancer Wisconsin (Diagnostic),Maximo,9,NA
ROSE,02-Breast Cancer Wisconsin (Diagnostic),Maximo,10,NA
ROSE,02-Breast Cancer Wisconsin (Diagnostic),Maximo,11,NA
ROSE,02-Breast Cancer Wisconsin (Diagnostic),Maximo,12,NA
ROSE,02-Breast Cancer Wisconsin (Diagnostic),Maximo,13,NA
ROSE,02-Breast Cancer Wisconsin (Diagnostic),Maximo,14,NA
ROSE,02-Breast Cancer Wisconsin (Diagnostic),Maximo,15,NA
ROSE,02-Breast Cancer Wisconsin (Diagnostic),Maximo,16,NA
ROSE,02-Breast Cancer Wisconsin (Diagnostic),Maximo,17,NA
ROSE,02-Breast Cancer Wisconsin (Diagnostic),Maximo,18,NA
ROSE,02-Breast Cancer Wisconsin (Diagnostic),Maximo,19,NA
ROSE,02-Breast Cancer Wisconsin (Diagnostic),Maximo,20,NA
ROSE,02-Breast Cancer Wisconsin (Diagnostic),Maximo,21,NA
ROSE,02-Breast Cancer Wisconsin (Diagnostic),Maximo,22,NA
ROSE,02-Breast Cancer Wisconsin (Diagnostic),Maximo,23,NA
ROSE,02-Breast Cancer Wisconsin (Diagnostic),Maximo,24,NA
ROSE,02-Breast Cancer Wisconsin (Diagnostic),Maximo,25,NA
ROSE,02-Breast Cancer Wisconsin (Diagnostic),Maximo,26,NA
ROSE,02-Breast Cancer Wisconsin (Diagnostic),Maximo,27,NA
ROSE,02-Breast Cancer Wisconsin (Diagnostic),Maximo,28,NA
ROSE,02-Breast Cancer Wisconsin (Diagnostic),Maximo,29,NA
ROSE,02-Breast Cancer Wisconsin (Diagnostic),Maximo,30,NA
ROSE,02-Breast Cancer Wisconsin (Diagnostic),Maximo,31,NA
ROSE,02-Breast Cancer Wisconsin (Diagnostic),Maximo,32,NA
ROSE,02-Breast Cancer Wisconsin (Diagnostic),Maximo,33,NA
ROSE,02-Breast Cancer Wisconsin (Diagnostic),Maximo,34,NA
ROSE,02-Breast Cancer Wisconsin (Diagnostic),Maximo,35,NA
ROSE,02-Breast Cancer Wisconsin (Diagnostic),Maximo,36,NA
ROSE,02-Breast Cancer Wisconsin (Diagnostic),Maximo,37,NA
ROSE,02-Breast Cancer Wisconsin (Diagnostic),Maximo,38,NA
ROSE,02-Breast Cancer Wisconsin (Diagnostic),Maximo,39,NA
ROSE,02-Breast Cancer Wisconsin (Diagnostic),Maximo,40,NA
ROSE,02-Breast Cancer Wisconsin (Diagnostic),Maximo,41,NA
ROSE,02-Breast Cancer Wisconsin (Diagnostic),Maximo,42,NA
ROSE,02-Breast Cancer Wisconsin (Diagnostic),Maximo,43,NA
ROSE,02-Breast Cancer Wisconsin (Diagnostic),Maximo,44,NA
ROSE,02-Breast Cancer Wisconsin (Diagnostic),Maximo,45,NA
ROSE,02-Breast Cancer Wisconsin (Diagnostic),Maximo,46,NA
ROSE,02-Breast Cancer Wisconsin (Diagnostic),Maximo,48,NA
ROSE,02-Breast Cancer Wisconsin (Diagnostic),Maximo,49,NA
ROSE,03-Pima Indians Diabetes,Media,time,NA
ROSE,03-Pima Indians Diabetes,Media,v1,NA
ROSE,03-Pima Indians Diabetes,Media,v2,NA
ROSE,03-Pima Indians Diabetes,Media,v3,NA
ROSE,03-Pima Indians Diabetes,Media,v4,NA
ROSE,03-Pima Indians Diabetes,Media,v5,NA
ROSE,03-Pima Indians Diabetes,Media,v6,NA
ROSE,03-Pima Indians Diabetes,Media,v7,NA
ROSE,03-Pima Indians Diabetes,Media,v8,NA
ROSE,03-Pima Indians Diabetes,Media,v9,NA
ROSE,03-Pima Indians Diabetes,Media,v10,NA
ROSE,03-Pima Indians Diabetes,Media,v11,NA
ROSE,03-Pima Indians Diabetes,Media,v12,NA
ROSE,03-Pima Indians Diabetes,Media,v13,NA
ROSE,03-Pima Indians Diabetes,Media,v14,NA
ROSE,03-Pima Indians Diabetes,Media,v15,NA
ROSE,03-Pima Indians Diabetes,Media,v16,NA
ROSE,03-Pima Indians Diabetes,Media,v17,NA
ROSE,03-Pima Indians Diabetes,Media,v18,NA
ROSE,03-Pima Indians Diabetes,Media,v19,NA
ROSE,03-Pima Indians Diabetes,Media,v20,NA
ROSE,03-Pima Indians Diabetes,Media,v21,NA
ROSE,03-Pima Indians Diabetes,Media,v22,NA
ROSE,03-Pima Indians Diabetes,Media,v23,NA
ROSE,03-Pima Indians Diabetes,Media,v24,NA
ROSE,03-Pima Indians Diabetes,Media,v25,NA
ROSE,03-Pima Indians Diabetes,Media,v26,NA
ROSE,03-Pima Indians Diabetes,Media,v27,NA
ROSE,03-Pima Indians Diabetes,Media,v28,NA
ROSE,03-Pima Indians Diabetes,Media,amount,NA
ROSE,03-Pima Indians Diabetes,Media,radius1,NA
ROSE,03-Pima Indians Diabetes,Media,texture1,NA
ROSE,03-Pima Indians Diabetes,Media,perimeter1,NA
ROSE,03-Pima Indians Diabetes,Media,area1,NA
ROSE,03-Pima Indians Diabetes,Media,smoothness1,NA
ROSE,03-Pima Indians Diabetes,Media,compactness1,NA
ROSE,03-Pima Indians Diabetes,Media,concavity1,NA
ROSE,03-Pima Indians Diabetes,Media,concave_points1,NA
ROSE,03-Pima Indians Diabetes,Media,symmetry1,NA
ROSE,03-Pima Indians Diabetes,Media,fractal_dimension1,NA
ROSE,03-Pima Indians Diabetes,Media,radius2,NA
ROSE,03-Pima Indians Diabetes,Media,texture2,NA
ROSE,03-Pima Indians Diabetes,Media,perimeter2,NA
ROSE,03-Pima Indians Diabetes,Media,area2,NA
ROSE,03-Pima Indians Diabetes,Media,smoothness2,NA
ROSE,03-Pima Indians Diabetes,Media,compactness2,NA
ROSE,03-Pima Indians Diabetes,Media,concavity2,NA
ROSE,03-Pima Indians Diabetes,Media,concave_points2,NA
ROSE,03-Pima Indians Diabetes,Media,symmetry2,NA
ROSE,03-Pima Indians Diabetes,Media,fractal_dimension2,NA
ROSE,03-Pima Indians Diabetes,Media,radius3,NA
ROSE,03-Pima Indians Diabetes,Media,texture3,NA
ROSE,03-Pima Indians Diabetes,Media,perimeter3,NA
ROSE,03-Pima Indians Diabetes,Media,area3,NA
ROSE,03-Pima Indians Diabetes,Media,smoothness3,NA
ROSE,03-Pima Indians Diabetes,Media,compactness3,NA
ROSE,03-Pima Indians Diabetes,Media,concavity3,NA
ROSE,03-Pima Indians Diabetes,Media,concave_points3,NA
ROSE,03-Pima Indians Diabetes,Media,symmetry3,NA
ROSE,03-Pima Indians Diabetes,Media,fractal_dimension3,NA
ROSE,03-Pima Indians Diabetes,Media,pregnancies,4.206289769128808
ROSE,03-Pima Indians Diabetes,Media,glucose,126.72436556848639
ROSE,03-Pima Indians Diabetes,Media,bloodpressure,69.44673101185916
ROSE,03-Pima Indians Diabetes,Media,skinthickness,20.553256592027427
ROSE,03-Pima Indians Diabetes,Media,insulin,83.9817686146901
ROSE,03-Pima Indians Diabetes,Media,bmi,32.94563038745653
ROSE,03-Pima Indians Diabetes,Media,diabetespedigreefunction,0.480814082441973
ROSE,03-Pima Indians Diabetes,Media,age,34.10165458657001
ROSE,03-Pima Indians Diabetes,Media,attribute01,NA
ROSE,03-Pima Indians Diabetes,Media,attribute02,NA
ROSE,03-Pima Indians Diabetes,Media,attribute03,NA
ROSE,03-Pima Indians Diabetes,Media,attribute04,NA
ROSE,03-Pima Indians Diabetes,Media,attribute05,NA
ROSE,03-Pima Indians Diabetes,Media,attribute06,NA
ROSE,03-Pima Indians Diabetes,Media,attribute07,NA
ROSE,03-Pima Indians Diabetes,Media,attribute08,NA
ROSE,03-Pima Indians Diabetes,Media,attribute09,NA
ROSE,03-Pima Indians Diabetes,Media,attribute10,NA
ROSE,03-Pima Indians Diabetes,Media,attribute11,NA
ROSE,03-Pima Indians Diabetes,Media,attribute12,NA
ROSE,03-Pima Indians Diabetes,Media,attribute13,NA
ROSE,03-Pima Indians Diabetes,Media,attribute14,NA
ROSE,03-Pima Indians Diabetes,Media,attribute15,NA
ROSE,03-Pima Indians Diabetes,Media,attribute16,NA
ROSE,03-Pima Indians Diabetes,Media,attribute17,NA
ROSE,03-Pima Indians Diabetes,Media,attribute18,NA
ROSE,03-Pima Indians Diabetes,Media,attribute19,NA
ROSE,03-Pima Indians Diabetes,Media,attribute20,NA
ROSE,03-Pima Indians Diabetes,Media,attribute21,NA
ROSE,03-Pima Indians Diabetes,Media,attribute22,NA
ROSE,03-Pima Indians Diabetes,Media,attribute23,NA
ROSE,03-Pima Indians Diabetes,Media,attribute24,NA
ROSE,03-Pima Indians Diabetes,Media,attribute25,NA
ROSE,03-Pima Indians Diabetes,Media,attribute26,NA
ROSE,03-Pima Indians Diabetes,Media,attribute27,NA
ROSE,03-Pima Indians Diabetes,Media,attribute28,NA
ROSE,03-Pima Indians Diabetes,Media,attribute29,NA
ROSE,03-Pima Indians Diabetes,Media,attribute30,NA
ROSE,03-Pima Indians Diabetes,Media,attribute31,NA
ROSE,03-Pima Indians Diabetes,Media,attribute32,NA
ROSE,03-Pima Indians Diabetes,Media,attribute33,NA
ROSE,03-Pima Indians Diabetes,Media,attribute34,NA
ROSE,03-Pima Indians Diabetes,Media,aa,NA
ROSE,03-Pima Indians Diabetes,Media,ao,NA
ROSE,03-Pima Indians Diabetes,Media,dcl,NA
ROSE,03-Pima Indians Diabetes,Media,iy,NA
ROSE,03-Pima Indians Diabetes,Media,sh,NA
ROSE,03-Pima Indians Diabetes,Media,0,NA
ROSE,03-Pima Indians Diabetes,Media,1,NA
ROSE,03-Pima Indians Diabetes,Media,2,NA
ROSE,03-Pima Indians Diabetes,Media,3,NA
ROSE,03-Pima Indians Diabetes,Media,4,NA
ROSE,03-Pima Indians Diabetes,Media,5,NA
ROSE,03-Pima Indians Diabetes,Media,6,NA
ROSE,03-Pima Indians Diabetes,Media,7,NA
ROSE,03-Pima Indians Diabetes,Media,8,NA
ROSE,03-Pima Indians Diabetes,Media,9,NA
ROSE,03-Pima Indians Diabetes,Media,10,NA
ROSE,03-Pima Indians Diabetes,Media,11,NA
ROSE,03-Pima Indians Diabetes,Media,12,NA
ROSE,03-Pima Indians Diabetes,Media,13,NA
ROSE,03-Pima Indians Diabetes,Media,14,NA
ROSE,03-Pima Indians Diabetes,Media,15,NA
ROSE,03-Pima Indians Diabetes,Media,16,NA
ROSE,03-Pima Indians Diabetes,Media,17,NA
ROSE,03-Pima Indians Diabetes,Media,18,NA
ROSE,03-Pima Indians Diabetes,Media,19,NA
ROSE,03-Pima Indians Diabetes,Media,20,NA
ROSE,03-Pima Indians Diabetes,Media,21,NA
ROSE,03-Pima Indians Diabetes,Media,22,NA
ROSE,03-Pima Indians Diabetes,Media,23,NA
ROSE,03-Pima Indians Diabetes,Media,24,NA
ROSE,03-Pima Indians Diabetes,Media,25,NA
ROSE,03-Pima Indians Diabetes,Media,26,NA
ROSE,03-Pima Indians Diabetes,Media,27,NA
ROSE,03-Pima Indians Diabetes,Media,28,NA
ROSE,03-Pima Indians Diabetes,Media,29,NA
ROSE,03-Pima Indians Diabetes,Media,30,NA
ROSE,03-Pima Indians Diabetes,Media,31,NA
ROSE,03-Pima Indians Diabetes,Media,32,NA
ROSE,03-Pima Indians Diabetes,Media,33,NA
ROSE,03-Pima Indians Diabetes,Media,34,NA
ROSE,03-Pima Indians Diabetes,Media,35,NA
ROSE,03-Pima Indians Diabetes,Media,36,NA
ROSE,03-Pima Indians Diabetes,Media,37,NA
ROSE,03-Pima Indians Diabetes,Media,38,NA
ROSE,03-Pima Indians Diabetes,Media,39,NA
ROSE,03-Pima Indians Diabetes,Media,40,NA
ROSE,03-Pima Indians Diabetes,Media,41,NA
ROSE,03-Pima Indians Diabetes,Media,42,NA
ROSE,03-Pima Indians Diabetes,Media,43,NA
ROSE,03-Pima Indians Diabetes,Media,44,NA
ROSE,03-Pima Indians Diabetes,Media,45,NA
ROSE,03-Pima Indians Diabetes,Media,46,NA
ROSE,03-Pima Indians Diabetes,Media,48,NA
ROSE,03-Pima Indians Diabetes,Media,49,NA
ROSE,03-Pima Indians Diabetes,Desvio_Padrao,time,NA
ROSE,03-Pima Indians Diabetes,Desvio_Padrao,v1,NA
ROSE,03-Pima Indians Diabetes,Desvio_Padrao,v2,NA
ROSE,03-Pima Indians Diabetes,Desvio_Padrao,v3,NA
ROSE,03-Pima Indians Diabetes,Desvio_Padrao,v4,NA
ROSE,03-Pima Indians Diabetes,Desvio_Padrao,v5,NA
ROSE,03-Pima Indians Diabetes,Desvio_Padrao,v6,NA
ROSE,03-Pima Indians Diabetes,Desvio_Padrao,v7,NA
ROSE,03-Pima Indians Diabetes,Desvio_Padrao,v8,NA
ROSE,03-Pima Indians Diabetes,Desvio_Padrao,v9,NA
ROSE,03-Pima Indians Diabetes,Desvio_Padrao,v10,NA
ROSE,03-Pima Indians Diabetes,Desvio_Padrao,v11,NA
ROSE,03-Pima Indians Diabetes,Desvio_Padrao,v12,NA
ROSE,03-Pima Indians Diabetes,Desvio_Padrao,v13,NA
ROSE,03-Pima Indians Diabetes,Desvio_Padrao,v14,NA
ROSE,03-Pima Indians Diabetes,Desvio_Padrao,v15,NA
ROSE,03-Pima Indians Diabetes,Desvio_Padrao,v16,NA
ROSE,03-Pima Indians Diabetes,Desvio_Padrao,v17,NA
ROSE,03-Pima Indians Diabetes,Desvio_Padrao,v18,NA
ROSE,03-Pima Indians Diabetes,Desvio_Padrao,v19,NA
ROSE,03-Pima Indians Diabetes,Desvio_Padrao,v20,NA
ROSE,03-Pima Indians Diabetes,Desvio_Padrao,v21,NA
ROSE,03-Pima Indians Diabetes,Desvio_Padrao,v22,NA
ROSE,03-Pima Indians Diabetes,Desvio_Padrao,v23,NA
ROSE,03-Pima Indians Diabetes,Desvio_Padrao,v24,NA
ROSE,03-Pima Indians Diabetes,Desvio_Padrao,v25,NA
ROSE,03-Pima Indians Diabetes,Desvio_Padrao,v26,NA
ROSE,03-Pima Indians Diabetes,Desvio_Padrao,v27,NA
ROSE,03-Pima Indians Diabetes,Desvio_Padrao,v28,NA
ROSE,03-Pima Indians Diabetes,Desvio_Padrao,amount,NA
ROSE,03-Pima Indians Diabetes,Desvio_Padrao,radius1,NA
ROSE,03-Pima Indians Diabetes,Desvio_Padrao,texture1,NA
ROSE,03-Pima Indians Diabetes,Desvio_Padrao,perimeter1,NA
ROSE,03-Pima Indians Diabetes,Desvio_Padrao,area1,NA
ROSE,03-Pima Indians Diabetes,Desvio_Padrao,smoothness1,NA
ROSE,03-Pima Indians Diabetes,Desvio_Padrao,compactness1,NA
ROSE,03-Pima Indians Diabetes,Desvio_Padrao,concavity1,NA
ROSE,03-Pima Indians Diabetes,Desvio_Padrao,concave_points1,NA
ROSE,03-Pima Indians Diabetes,Desvio_Padrao,symmetry1,NA
ROSE,03-Pima Indians Diabetes,Desvio_Padrao,fractal_dimension1,NA
ROSE,03-Pima Indians Diabetes,Desvio_Padrao,radius2,NA
ROSE,03-Pima Indians Diabetes,Desvio_Padrao,texture2,NA
ROSE,03-Pima Indians Diabetes,Desvio_Padrao,perimeter2,NA
ROSE,03-Pima Indians Diabetes,Desvio_Padrao,area2,NA
ROSE,03-Pima Indians Diabetes,Desvio_Padrao,smoothness2,NA
ROSE,03-Pima Indians Diabetes,Desvio_Padrao,compactness2,NA
ROSE,03-Pima Indians Diabetes,Desvio_Padrao,concavity2,NA
ROSE,03-Pima Indians Diabetes,Desvio_Padrao,concave_points2,NA
ROSE,03-Pima Indians Diabetes,Desvio_Padrao,symmetry2,NA
ROSE,03-Pima Indians Diabetes,Desvio_Padrao,fractal_dimension2,NA
ROSE,03-Pima Indians Diabetes,Desvio_Padrao,radius3,NA
ROSE,03-Pima Indians Diabetes,Desvio_Padrao,texture3,NA
ROSE,03-Pima Indians Diabetes,Desvio_Padrao,perimeter3,NA
ROSE,03-Pima Indians Diabetes,Desvio_Padrao,area3,NA
ROSE,03-Pima Indians Diabetes,Desvio_Padrao,smoothness3,NA
ROSE,03-Pima Indians Diabetes,Desvio_Padrao,compactness3,NA
ROSE,03-Pima Indians Diabetes,Desvio_Padrao,concavity3,NA
ROSE,03-Pima Indians Diabetes,Desvio_Padrao,concave_points3,NA
ROSE,03-Pima Indians Diabetes,Desvio_Padrao,symmetry3,NA
ROSE,03-Pima Indians Diabetes,Desvio_Padrao,fractal_dimension3,NA
ROSE,03-Pima Indians Diabetes,Desvio_Padrao,pregnancies,4.205632061249701
ROSE,03-Pima Indians Diabetes,Desvio_Padrao,glucose,35.819955312588085
ROSE,03-Pima Indians Diabetes,Desvio_Padrao,bloodpressure,24.688948366426654
ROSE,03-Pima Indians Diabetes,Desvio_Padrao,skinthickness,19.563949347651278
ROSE,03-Pima Indians Diabetes,Desvio_Padrao,insulin,138.5373006720449
ROSE,03-Pima Indians Diabetes,Desvio_Padrao,bmi,9.316692894514874
ROSE,03-Pima Indians Diabetes,Desvio_Padrao,diabetespedigreefunction,0.3904532382250184
ROSE,03-Pima Indians Diabetes,Desvio_Padrao,age,13.421847567543749
ROSE,03-Pima Indians Diabetes,Desvio_Padrao,attribute01,NA
ROSE,03-Pima Indians Diabetes,Desvio_Padrao,attribute02,NA
ROSE,03-Pima Indians Diabetes,Desvio_Padrao,attribute03,NA
ROSE,03-Pima Indians Diabetes,Desvio_Padrao,attribute04,NA
ROSE,03-Pima Indians Diabetes,Desvio_Padrao,attribute05,NA
ROSE,03-Pima Indians Diabetes,Desvio_Padrao,attribute06,NA
ROSE,03-Pima Indians Diabetes,Desvio_Padrao,attribute07,NA
ROSE,03-Pima Indians Diabetes,Desvio_Padrao,attribute08,NA
ROSE,03-Pima Indians Diabetes,Desvio_Padrao,attribute09,NA
ROSE,03-Pima Indians Diabetes,Desvio_Padrao,attribute10,NA
ROSE,03-Pima Indians Diabetes,Desvio_Padrao,attribute11,NA
ROSE,03-Pima Indians Diabetes,Desvio_Padrao,attribute12,NA
ROSE,03-Pima Indians Diabetes,Desvio_Padrao,attribute13,NA
ROSE,03-Pima Indians Diabetes,Desvio_Padrao,attribute14,NA
ROSE,03-Pima Indians Diabetes,Desvio_Padrao,attribute15,NA
ROSE,03-Pima Indians Diabetes,Desvio_Padrao,attribute16,NA
ROSE,03-Pima Indians Diabetes,Desvio_Padrao,attribute17,NA
ROSE,03-Pima Indians Diabetes,Desvio_Padrao,attribute18,NA
ROSE,03-Pima Indians Diabetes,Desvio_Padrao,attribute19,NA
ROSE,03-Pima Indians Diabetes,Desvio_Padrao,attribute20,NA
ROSE,03-Pima Indians Diabetes,Desvio_Padrao,attribute21,NA
ROSE,03-Pima Indians Diabetes,Desvio_Padrao,attribute22,NA
ROSE,03-Pima Indians Diabetes,Desvio_Padrao,attribute23,NA
ROSE,03-Pima Indians Diabetes,Desvio_Padrao,attribute24,NA
ROSE,03-Pima Indians Diabetes,Desvio_Padrao,attribute25,NA
ROSE,03-Pima Indians Diabetes,Desvio_Padrao,attribute26,NA
ROSE,03-Pima Indians Diabetes,Desvio_Padrao,attribute27,NA
ROSE,03-Pima Indians Diabetes,Desvio_Padrao,attribute28,NA
ROSE,03-Pima Indians Diabetes,Desvio_Padrao,attribute29,NA
ROSE,03-Pima Indians Diabetes,Desvio_Padrao,attribute30,NA
ROSE,03-Pima Indians Diabetes,Desvio_Padrao,attribute31,NA
ROSE,03-Pima Indians Diabetes,Desvio_Padrao,attribute32,NA
ROSE,03-Pima Indians Diabetes,Desvio_Padrao,attribute33,NA
ROSE,03-Pima Indians Diabetes,Desvio_Padrao,attribute34,NA
ROSE,03-Pima Indians Diabetes,Desvio_Padrao,aa,NA
ROSE,03-Pima Indians Diabetes,Desvio_Padrao,ao,NA
ROSE,03-Pima Indians Diabetes,Desvio_Padrao,dcl,NA
ROSE,03-Pima Indians Diabetes,Desvio_Padrao,iy,NA
ROSE,03-Pima Indians Diabetes,Desvio_Padrao,sh,NA
ROSE,03-Pima Indians Diabetes,Desvio_Padrao,0,NA
ROSE,03-Pima Indians Diabetes,Desvio_Padrao,1,NA
ROSE,03-Pima Indians Diabetes,Desvio_Padrao,2,NA
ROSE,03-Pima Indians Diabetes,Desvio_Padrao,3,NA
ROSE,03-Pima Indians Diabetes,Desvio_Padrao,4,NA
ROSE,03-Pima Indians Diabetes,Desvio_Padrao,5,NA
ROSE,03-Pima Indians Diabetes,Desvio_Padrao,6,NA
ROSE,03-Pima Indians Diabetes,Desvio_Padrao,7,NA
ROSE,03-Pima Indians Diabetes,Desvio_Padrao,8,NA
ROSE,03-Pima Indians Diabetes,Desvio_Padrao,9,NA
ROSE,03-Pima Indians Diabetes,Desvio_Padrao,10,NA
ROSE,03-Pima Indians Diabetes,Desvio_Padrao,11,NA
ROSE,03-Pima Indians Diabetes,Desvio_Padrao,12,NA
ROSE,03-Pima Indians Diabetes,Desvio_Padrao,13,NA
ROSE,03-Pima Indians Diabetes,Desvio_Padrao,14,NA
ROSE,03-Pima Indians Diabetes,Desvio_Padrao,15,NA
ROSE,03-Pima Indians Diabetes,Desvio_Padrao,16,NA
ROSE,03-Pima Indians Diabetes,Desvio_Padrao,17,NA
ROSE,03-Pima Indians Diabetes,Desvio_Padrao,18,NA
ROSE,03-Pima Indians Diabetes,Desvio_Padrao,19,NA
ROSE,03-Pima Indians Diabetes,Desvio_Padrao,20,NA
ROSE,03-Pima Indians Diabetes,Desvio_Padrao,21,NA
ROSE,03-Pima Indians Diabetes,Desvio_Padrao,22,NA
ROSE,03-Pima Indians Diabetes,Desvio_Padrao,23,NA
ROSE,03-Pima Indians Diabetes,Desvio_Padrao,24,NA
ROSE,03-Pima Indians Diabetes,Desvio_Padrao,25,NA
ROSE,03-Pima Indians Diabetes,Desvio_Padrao,26,NA
ROSE,03-Pima Indians Diabetes,Desvio_Padrao,27,NA
ROSE,03-Pima Indians Diabetes,Desvio_Padrao,28,NA
ROSE,03-Pima Indians Diabetes,Desvio_Padrao,29,NA
ROSE,03-Pima Indians Diabetes,Desvio_Padrao,30,NA
ROSE,03-Pima Indians Diabetes,Desvio_Padrao,31,NA
ROSE,03-Pima Indians Diabetes,Desvio_Padrao,32,NA
ROSE,03-Pima Indians Diabetes,Desvio_Padrao,33,NA
ROSE,03-Pima Indians Diabetes,Desvio_Padrao,34,NA
ROSE,03-Pima Indians Diabetes,Desvio_Padrao,35,NA
ROSE,03-Pima Indians Diabetes,Desvio_Padrao,36,NA
ROSE,03-Pima Indians Diabetes,Desvio_Padrao,37,NA
ROSE,03-Pima Indians Diabetes,Desvio_Padrao,38,NA
ROSE,03-Pima Indians Diabetes,Desvio_Padrao,39,NA
ROSE,03-Pima Indians Diabetes,Desvio_Padrao,40,NA
ROSE,03-Pima Indians Diabetes,Desvio_Padrao,41,NA
ROSE,03-Pima Indians Diabetes,Desvio_Padrao,42,NA
ROSE,03-Pima Indians Diabetes,Desvio_Padrao,43,NA
ROSE,03-Pima Indians Diabetes,Desvio_Padrao,44,NA
ROSE,03-Pima Indians Diabetes,Desvio_Padrao,45,NA
ROSE,03-Pima Indians Diabetes,Desvio_Padrao,46,NA
ROSE,03-Pima Indians Diabetes,Desvio_Padrao,48,NA
ROSE,03-Pima Indians Diabetes,Desvio_Padrao,49,NA
ROSE,03-Pima Indians Diabetes,Minimo,time,NA
ROSE,03-Pima Indians Diabetes,Minimo,v1,NA
ROSE,03-Pima Indians Diabetes,Minimo,v2,NA
ROSE,03-Pima Indians Diabetes,Minimo,v3,NA
ROSE,03-Pima Indians Diabetes,Minimo,v4,NA
ROSE,03-Pima Indians Diabetes,Minimo,v5,NA
ROSE,03-Pima Indians Diabetes,Minimo,v6,NA
ROSE,03-Pima Indians Diabetes,Minimo,v7,NA
ROSE,03-Pima Indians Diabetes,Minimo,v8,NA
ROSE,03-Pima Indians Diabetes,Minimo,v9,NA
ROSE,03-Pima Indians Diabetes,Minimo,v10,NA
ROSE,03-Pima Indians Diabetes,Minimo,v11,NA
ROSE,03-Pima Indians Diabetes,Minimo,v12,NA
ROSE,03-Pima Indians Diabetes,Minimo,v13,NA
ROSE,03-Pima Indians Diabetes,Minimo,v14,NA
ROSE,03-Pima Indians Diabetes,Minimo,v15,NA
ROSE,03-Pima Indians Diabetes,Minimo,v16,NA
ROSE,03-Pima Indians Diabetes,Minimo,v17,NA
ROSE,03-Pima Indians Diabetes,Minimo,v18,NA
ROSE,03-Pima Indians Diabetes,Minimo,v19,NA
ROSE,03-Pima Indians Diabetes,Minimo,v20,NA
ROSE,03-Pima Indians Diabetes,Minimo,v21,NA
ROSE,03-Pima Indians Diabetes,Minimo,v22,NA
ROSE,03-Pima Indians Diabetes,Minimo,v23,NA
ROSE,03-Pima Indians Diabetes,Minimo,v24,NA
ROSE,03-Pima Indians Diabetes,Minimo,v25,NA
ROSE,03-Pima Indians Diabetes,Minimo,v26,NA
ROSE,03-Pima Indians Diabetes,Minimo,v27,NA
ROSE,03-Pima Indians Diabetes,Minimo,v28,NA
ROSE,03-Pima Indians Diabetes,Minimo,amount,NA
ROSE,03-Pima Indians Diabetes,Minimo,radius1,NA
ROSE,03-Pima Indians Diabetes,Minimo,texture1,NA
ROSE,03-Pima Indians Diabetes,Minimo,perimeter1,NA
ROSE,03-Pima Indians Diabetes,Minimo,area1,NA
ROSE,03-Pima Indians Diabetes,Minimo,smoothness1,NA
ROSE,03-Pima Indians Diabetes,Minimo,compactness1,NA
ROSE,03-Pima Indians Diabetes,Minimo,concavity1,NA
ROSE,03-Pima Indians Diabetes,Minimo,concave_points1,NA
ROSE,03-Pima Indians Diabetes,Minimo,symmetry1,NA
ROSE,03-Pima Indians Diabetes,Minimo,fractal_dimension1,NA
ROSE,03-Pima Indians Diabetes,Minimo,radius2,NA
ROSE,03-Pima Indians Diabetes,Minimo,texture2,NA
ROSE,03-Pima Indians Diabetes,Minimo,perimeter2,NA
ROSE,03-Pima Indians Diabetes,Minimo,area2,NA
ROSE,03-Pima Indians Diabetes,Minimo,smoothness2,NA
ROSE,03-Pima Indians Diabetes,Minimo,compactness2,NA
ROSE,03-Pima Indians Diabetes,Minimo,concavity2,NA
ROSE,03-Pima Indians Diabetes,Minimo,concave_points2,NA
ROSE,03-Pima Indians Diabetes,Minimo,symmetry2,NA
ROSE,03-Pima Indians Diabetes,Minimo,fractal_dimension2,NA
ROSE,03-Pima Indians Diabetes,Minimo,radius3,NA
ROSE,03-Pima Indians Diabetes,Minimo,texture3,NA
ROSE,03-Pima Indians Diabetes,Minimo,perimeter3,NA
ROSE,03-Pima Indians Diabetes,Minimo,area3,NA
ROSE,03-Pima Indians Diabetes,Minimo,smoothness3,NA
ROSE,03-Pima Indians Diabetes,Minimo,compactness3,NA
ROSE,03-Pima Indians Diabetes,Minimo,concavity3,NA
ROSE,03-Pima Indians Diabetes,Minimo,concave_points3,NA
ROSE,03-Pima Indians Diabetes,Minimo,symmetry3,NA
ROSE,03-Pima Indians Diabetes,Minimo,fractal_dimension3,NA
ROSE,03-Pima Indians Diabetes,Minimo,pregnancies,-6.0106568768652915
ROSE,03-Pima Indians Diabetes,Minimo,glucose,-11.76406239340609
ROSE,03-Pima Indians Diabetes,Minimo,bloodpressure,-26.020072696436646
ROSE,03-Pima Indians Diabetes,Minimo,skinthickness,-24.06645944981505
ROSE,03-Pima Indians Diabetes,Minimo,insulin,-205.1008873297483
ROSE,03-Pima Indians Diabetes,Minimo,bmi,-12.483093945338496
ROSE,03-Pima Indians Diabetes,Minimo,diabetespedigreefunction,-0.41715714590326924
ROSE,03-Pima Indians Diabetes,Minimo,age,5.306183733775473
ROSE,03-Pima Indians Diabetes,Minimo,attribute01,NA
ROSE,03-Pima Indians Diabetes,Minimo,attribute02,NA
ROSE,03-Pima Indians Diabetes,Minimo,attribute03,NA
ROSE,03-Pima Indians Diabetes,Minimo,attribute04,NA
ROSE,03-Pima Indians Diabetes,Minimo,attribute05,NA
ROSE,03-Pima Indians Diabetes,Minimo,attribute06,NA
ROSE,03-Pima Indians Diabetes,Minimo,attribute07,NA
ROSE,03-Pima Indians Diabetes,Minimo,attribute08,NA
ROSE,03-Pima Indians Diabetes,Minimo,attribute09,NA
ROSE,03-Pima Indians Diabetes,Minimo,attribute10,NA
ROSE,03-Pima Indians Diabetes,Minimo,attribute11,NA
ROSE,03-Pima Indians Diabetes,Minimo,attribute12,NA
ROSE,03-Pima Indians Diabetes,Minimo,attribute13,NA
ROSE,03-Pima Indians Diabetes,Minimo,attribute14,NA
ROSE,03-Pima Indians Diabetes,Minimo,attribute15,NA
ROSE,03-Pima Indians Diabetes,Minimo,attribute16,NA
ROSE,03-Pima Indians Diabetes,Minimo,attribute17,NA
ROSE,03-Pima Indians Diabetes,Minimo,attribute18,NA
ROSE,03-Pima Indians Diabetes,Minimo,attribute19,NA
ROSE,03-Pima Indians Diabetes,Minimo,attribute20,NA
ROSE,03-Pima Indians Diabetes,Minimo,attribute21,NA
ROSE,03-Pima Indians Diabetes,Minimo,attribute22,NA
ROSE,03-Pima Indians Diabetes,Minimo,attribute23,NA
ROSE,03-Pima Indians Diabetes,Minimo,attribute24,NA
ROSE,03-Pima Indians Diabetes,Minimo,attribute25,NA
ROSE,03-Pima Indians Diabetes,Minimo,attribute26,NA
ROSE,03-Pima Indians Diabetes,Minimo,attribute27,NA
ROSE,03-Pima Indians Diabetes,Minimo,attribute28,NA
ROSE,03-Pima Indians Diabetes,Minimo,attribute29,NA
ROSE,03-Pima Indians Diabetes,Minimo,attribute30,NA
ROSE,03-Pima Indians Diabetes,Minimo,attribute31,NA
ROSE,03-Pima Indians Diabetes,Minimo,attribute32,NA
ROSE,03-Pima Indians Diabetes,Minimo,attribute33,NA
ROSE,03-Pima Indians Diabetes,Minimo,attribute34,NA
ROSE,03-Pima Indians Diabetes,Minimo,aa,NA
ROSE,03-Pima Indians Diabetes,Minimo,ao,NA
ROSE,03-Pima Indians Diabetes,Minimo,dcl,NA
ROSE,03-Pima Indians Diabetes,Minimo,iy,NA
ROSE,03-Pima Indians Diabetes,Minimo,sh,NA
ROSE,03-Pima Indians Diabetes,Minimo,0,NA
ROSE,03-Pima Indians Diabetes,Minimo,1,NA
ROSE,03-Pima Indians Diabetes,Minimo,2,NA
ROSE,03-Pima Indians Diabetes,Minimo,3,NA
ROSE,03-Pima Indians Diabetes,Minimo,4,NA
ROSE,03-Pima Indians Diabetes,Minimo,5,NA
ROSE,03-Pima Indians Diabetes,Minimo,6,NA
ROSE,03-Pima Indians Diabetes,Minimo,7,NA
ROSE,03-Pima Indians Diabetes,Minimo,8,NA
ROSE,03-Pima Indians Diabetes,Minimo,9,NA
ROSE,03-Pima Indians Diabetes,Minimo,10,NA
ROSE,03-Pima Indians Diabetes,Minimo,11,NA
ROSE,03-Pima Indians Diabetes,Minimo,12,NA
ROSE,03-Pima Indians Diabetes,Minimo,13,NA
ROSE,03-Pima Indians Diabetes,Minimo,14,NA
ROSE,03-Pima Indians Diabetes,Minimo,15,NA
ROSE,03-Pima Indians Diabetes,Minimo,16,NA
ROSE,03-Pima Indians Diabetes,Minimo,17,NA
ROSE,03-Pima Indians Diabetes,Minimo,18,NA
ROSE,03-Pima Indians Diabetes,Minimo,19,NA
ROSE,03-Pima Indians Diabetes,Minimo,20,NA
ROSE,03-Pima Indians Diabetes,Minimo,21,NA
ROSE,03-Pima Indians Diabetes,Minimo,22,NA
ROSE,03-Pima Indians Diabetes,Minimo,23,NA
ROSE,03-Pima Indians Diabetes,Minimo,24,NA
ROSE,03-Pima Indians Diabetes,Minimo,25,NA
ROSE,03-Pima Indians Diabetes,Minimo,26,NA
ROSE,03-Pima Indians Diabetes,Minimo,27,NA
ROSE,03-Pima Indians Diabetes,Minimo,28,NA
ROSE,03-Pima Indians Diabetes,Minimo,29,NA
ROSE,03-Pima Indians Diabetes,Minimo,30,NA
ROSE,03-Pima Indians Diabetes,Minimo,31,NA
ROSE,03-Pima Indians Diabetes,Minimo,32,NA
ROSE,03-Pima Indians Diabetes,Minimo,33,NA
ROSE,03-Pima Indians Diabetes,Minimo,34,NA
ROSE,03-Pima Indians Diabetes,Minimo,35,NA
ROSE,03-Pima Indians Diabetes,Minimo,36,NA
ROSE,03-Pima Indians Diabetes,Minimo,37,NA
ROSE,03-Pima Indians Diabetes,Minimo,38,NA
ROSE,03-Pima Indians Diabetes,Minimo,39,NA
ROSE,03-Pima Indians Diabetes,Minimo,40,NA
ROSE,03-Pima Indians Diabetes,Minimo,41,NA
ROSE,03-Pima Indians Diabetes,Minimo,42,NA
ROSE,03-Pima Indians Diabetes,Minimo,43,NA
ROSE,03-Pima Indians Diabetes,Minimo,44,NA
ROSE,03-Pima Indians Diabetes,Minimo,45,NA
ROSE,03-Pima Indians Diabetes,Minimo,46,NA
ROSE,03-Pima Indians Diabetes,Minimo,48,NA
ROSE,03-Pima Indians Diabetes,Minimo,49,NA
ROSE,03-Pima Indians Diabetes,Maximo,time,NA
ROSE,03-Pima Indians Diabetes,Maximo,v1,NA
ROSE,03-Pima Indians Diabetes,Maximo,v2,NA
ROSE,03-Pima Indians Diabetes,Maximo,v3,NA
ROSE,03-Pima Indians Diabetes,Maximo,v4,NA
ROSE,03-Pima Indians Diabetes,Maximo,v5,NA
ROSE,03-Pima Indians Diabetes,Maximo,v6,NA
ROSE,03-Pima Indians Diabetes,Maximo,v7,NA
ROSE,03-Pima Indians Diabetes,Maximo,v8,NA
ROSE,03-Pima Indians Diabetes,Maximo,v9,NA
ROSE,03-Pima Indians Diabetes,Maximo,v10,NA
ROSE,03-Pima Indians Diabetes,Maximo,v11,NA
ROSE,03-Pima Indians Diabetes,Maximo,v12,NA
ROSE,03-Pima Indians Diabetes,Maximo,v13,NA
ROSE,03-Pima Indians Diabetes,Maximo,v14,NA
ROSE,03-Pima Indians Diabetes,Maximo,v15,NA
ROSE,03-Pima Indians Diabetes,Maximo,v16,NA
ROSE,03-Pima Indians Diabetes,Maximo,v17,NA
ROSE,03-Pima Indians Diabetes,Maximo,v18,NA
ROSE,03-Pima Indians Diabetes,Maximo,v19,NA
ROSE,03-Pima Indians Diabetes,Maximo,v20,NA
ROSE,03-Pima Indians Diabetes,Maximo,v21,NA
ROSE,03-Pima Indians Diabetes,Maximo,v22,NA
ROSE,03-Pima Indians Diabetes,Maximo,v23,NA
ROSE,03-Pima Indians Diabetes,Maximo,v24,NA
ROSE,03-Pima Indians Diabetes,Maximo,v25,NA
ROSE,03-Pima Indians Diabetes,Maximo,v26,NA
ROSE,03-Pima Indians Diabetes,Maximo,v27,NA
ROSE,03-Pima Indians Diabetes,Maximo,v28,NA
ROSE,03-Pima Indians Diabetes,Maximo,amount,NA
ROSE,03-Pima Indians Diabetes,Maximo,radius1,NA
ROSE,03-Pima Indians Diabetes,Maximo,texture1,NA
ROSE,03-Pima Indians Diabetes,Maximo,perimeter1,NA
ROSE,03-Pima Indians Diabetes,Maximo,area1,NA
ROSE,03-Pima Indians Diabetes,Maximo,smoothness1,NA
ROSE,03-Pima Indians Diabetes,Maximo,compactness1,NA
ROSE,03-Pima Indians Diabetes,Maximo,concavity1,NA
ROSE,03-Pima Indians Diabetes,Maximo,concave_points1,NA
ROSE,03-Pima Indians Diabetes,Maximo,symmetry1,NA
ROSE,03-Pima Indians Diabetes,Maximo,fractal_dimension1,NA
ROSE,03-Pima Indians Diabetes,Maximo,radius2,NA
ROSE,03-Pima Indians Diabetes,Maximo,texture2,NA
ROSE,03-Pima Indians Diabetes,Maximo,perimeter2,NA
ROSE,03-Pima Indians Diabetes,Maximo,area2,NA
ROSE,03-Pima Indians Diabetes,Maximo,smoothness2,NA
ROSE,03-Pima Indians Diabetes,Maximo,compactness2,NA
ROSE,03-Pima Indians Diabetes,Maximo,concavity2,NA
ROSE,03-Pima Indians Diabetes,Maximo,concave_points2,NA
ROSE,03-Pima Indians Diabetes,Maximo,symmetry2,NA
ROSE,03-Pima Indians Diabetes,Maximo,fractal_dimension2,NA
ROSE,03-Pima Indians Diabetes,Maximo,radius3,NA
ROSE,03-Pima Indians Diabetes,Maximo,texture3,NA
ROSE,03-Pima Indians Diabetes,Maximo,perimeter3,NA
ROSE,03-Pima Indians Diabetes,Maximo,area3,NA
ROSE,03-Pima Indians Diabetes,Maximo,smoothness3,NA
ROSE,03-Pima Indians Diabetes,Maximo,compactness3,NA
ROSE,03-Pima Indians Diabetes,Maximo,concavity3,NA
ROSE,03-Pima Indians Diabetes,Maximo,concave_points3,NA
ROSE,03-Pima Indians Diabetes,Maximo,symmetry3,NA
ROSE,03-Pima Indians Diabetes,Maximo,fractal_dimension3,NA
ROSE,03-Pima Indians Diabetes,Maximo,pregnancies,18.334235449027695
ROSE,03-Pima Indians Diabetes,Maximo,glucose,238.78482327385524
ROSE,03-Pima Indians Diabetes,Maximo,bloodpressure,126.32761886260144
ROSE,03-Pima Indians Diabetes,Maximo,skinthickness,96.33319275428508
ROSE,03-Pima Indians Diabetes,Maximo,insulin,927.0788729522899
ROSE,03-Pima Indians Diabetes,Maximo,bmi,65.94025264449107
ROSE,03-Pima Indians Diabetes,Maximo,diabetespedigreefunction,2.459558496747891
ROSE,03-Pima Indians Diabetes,Maximo,age,79.12882459018891
ROSE,03-Pima Indians Diabetes,Maximo,attribute01,NA
ROSE,03-Pima Indians Diabetes,Maximo,attribute02,NA
ROSE,03-Pima Indians Diabetes,Maximo,attribute03,NA
ROSE,03-Pima Indians Diabetes,Maximo,attribute04,NA
ROSE,03-Pima Indians Diabetes,Maximo,attribute05,NA
ROSE,03-Pima Indians Diabetes,Maximo,attribute06,NA
ROSE,03-Pima Indians Diabetes,Maximo,attribute07,NA
ROSE,03-Pima Indians Diabetes,Maximo,attribute08,NA
ROSE,03-Pima Indians Diabetes,Maximo,attribute09,NA
ROSE,03-Pima Indians Diabetes,Maximo,attribute10,NA
ROSE,03-Pima Indians Diabetes,Maximo,attribute11,NA
ROSE,03-Pima Indians Diabetes,Maximo,attribute12,NA
ROSE,03-Pima Indians Diabetes,Maximo,attribute13,NA
ROSE,03-Pima Indians Diabetes,Maximo,attribute14,NA
ROSE,03-Pima Indians Diabetes,Maximo,attribute15,NA
ROSE,03-Pima Indians Diabetes,Maximo,attribute16,NA
ROSE,03-Pima Indians Diabetes,Maximo,attribute17,NA
ROSE,03-Pima Indians Diabetes,Maximo,attribute18,NA
ROSE,03-Pima Indians Diabetes,Maximo,attribute19,NA
ROSE,03-Pima Indians Diabetes,Maximo,attribute20,NA
ROSE,03-Pima Indians Diabetes,Maximo,attribute21,NA
ROSE,03-Pima Indians Diabetes,Maximo,attribute22,NA
ROSE,03-Pima Indians Diabetes,Maximo,attribute23,NA
ROSE,03-Pima Indians Diabetes,Maximo,attribute24,NA
ROSE,03-Pima Indians Diabetes,Maximo,attribute25,NA
ROSE,03-Pima Indians Diabetes,Maximo,attribute26,NA
ROSE,03-Pima Indians Diabetes,Maximo,attribute27,NA
ROSE,03-Pima Indians Diabetes,Maximo,attribute28,NA
ROSE,03-Pima Indians Diabetes,Maximo,attribute29,NA
ROSE,03-Pima Indians Diabetes,Maximo,attribute30,NA
ROSE,03-Pima Indians Diabetes,Maximo,attribute31,NA
ROSE,03-Pima Indians Diabetes,Maximo,attribute32,NA
ROSE,03-Pima Indians Diabetes,Maximo,attribute33,NA
ROSE,03-Pima Indians Diabetes,Maximo,attribute34,NA
ROSE,03-Pima Indians Diabetes,Maximo,aa,NA
ROSE,03-Pima Indians Diabetes,Maximo,ao,NA
ROSE,03-Pima Indians Diabetes,Maximo,dcl,NA
ROSE,03-Pima Indians Diabetes,Maximo,iy,NA
ROSE,03-Pima Indians Diabetes,Maximo,sh,NA
ROSE,03-Pima Indians Diabetes,Maximo,0,NA
ROSE,03-Pima Indians Diabetes,Maximo,1,NA
ROSE,03-Pima Indians Diabetes,Maximo,2,NA
ROSE,03-Pima Indians Diabetes,Maximo,3,NA
ROSE,03-Pima Indians Diabetes,Maximo,4,NA
ROSE,03-Pima Indians Diabetes,Maximo,5,NA
ROSE,03-Pima Indians Diabetes,Maximo,6,NA
ROSE,03-Pima Indians Diabetes,Maximo,7,NA
ROSE,03-Pima Indians Diabetes,Maximo,8,NA
ROSE,03-Pima Indians Diabetes,Maximo,9,NA
ROSE,03-Pima Indians Diabetes,Maximo,10,NA
ROSE,03-Pima Indians Diabetes,Maximo,11,NA
ROSE,03-Pima Indians Diabetes,Maximo,12,NA
ROSE,03-Pima Indians Diabetes,Maximo,13,NA
ROSE,03-Pima Indians Diabetes,Maximo,14,NA
ROSE,03-Pima Indians Diabetes,Maximo,15,NA
ROSE,03-Pima Indians Diabetes,Maximo,16,NA
ROSE,03-Pima Indians Diabetes,Maximo,17,NA
ROSE,03-Pima Indians Diabetes,Maximo,18,NA
ROSE,03-Pima Indians Diabetes,Maximo,19,NA
ROSE,03-Pima Indians Diabetes,Maximo,20,NA
ROSE,03-Pima Indians Diabetes,Maximo,21,NA
ROSE,03-Pima Indians Diabetes,Maximo,22,NA
ROSE,03-Pima Indians Diabetes,Maximo,23,NA
ROSE,03-Pima Indians Diabetes,Maximo,24,NA
ROSE,03-Pima Indians Diabetes,Maximo,25,NA
ROSE,03-Pima Indians Diabetes,Maximo,26,NA
ROSE,03-Pima Indians Diabetes,Maximo,27,NA
ROSE,03-Pima Indians Diabetes,Maximo,28,NA
ROSE,03-Pima Indians Diabetes,Maximo,29,NA
ROSE,03-Pima Indians Diabetes,Maximo,30,NA
ROSE,03-Pima Indians Diabetes,Maximo,31,NA
ROSE,03-Pima Indians Diabetes,Maximo,32,NA
ROSE,03-Pima Indians Diabetes,Maximo,33,NA
ROSE,03-Pima Indians Diabetes,Maximo,34,NA
ROSE,03-Pima Indians Diabetes,Maximo,35,NA
ROSE,03-Pima Indians Diabetes,Maximo,36,NA
ROSE,03-Pima Indians Diabetes,Maximo,37,NA
ROSE,03-Pima Indians Diabetes,Maximo,38,NA
ROSE,03-Pima Indians Diabetes,Maximo,39,NA
ROSE,03-Pima Indians Diabetes,Maximo,40,NA
ROSE,03-Pima Indians Diabetes,Maximo,41,NA
ROSE,03-Pima Indians Diabetes,Maximo,42,NA
ROSE,03-Pima Indians Diabetes,Maximo,43,NA
ROSE,03-Pima Indians Diabetes,Maximo,44,NA
ROSE,03-Pima Indians Diabetes,Maximo,45,NA
ROSE,03-Pima Indians Diabetes,Maximo,46,NA
ROSE,03-Pima Indians Diabetes,Maximo,48,NA
ROSE,03-Pima Indians Diabetes,Maximo,49,NA
ROSE,04-Ionosphere,Media,time,NA
ROSE,04-Ionosphere,Media,v1,NA
ROSE,04-Ionosphere,Media,v2,NA
ROSE,04-Ionosphere,Media,v3,NA
ROSE,04-Ionosphere,Media,v4,NA
ROSE,04-Ionosphere,Media,v5,NA
ROSE,04-Ionosphere,Media,v6,NA
ROSE,04-Ionosphere,Media,v7,NA
ROSE,04-Ionosphere,Media,v8,NA
ROSE,04-Ionosphere,Media,v9,NA
ROSE,04-Ionosphere,Media,v10,NA
ROSE,04-Ionosphere,Media,v11,NA
ROSE,04-Ionosphere,Media,v12,NA
ROSE,04-Ionosphere,Media,v13,NA
ROSE,04-Ionosphere,Media,v14,NA
ROSE,04-Ionosphere,Media,v15,NA
ROSE,04-Ionosphere,Media,v16,NA
ROSE,04-Ionosphere,Media,v17,NA
ROSE,04-Ionosphere,Media,v18,NA
ROSE,04-Ionosphere,Media,v19,NA
ROSE,04-Ionosphere,Media,v20,NA
ROSE,04-Ionosphere,Media,v21,NA
ROSE,04-Ionosphere,Media,v22,NA
ROSE,04-Ionosphere,Media,v23,NA
ROSE,04-Ionosphere,Media,v24,NA
ROSE,04-Ionosphere,Media,v25,NA
ROSE,04-Ionosphere,Media,v26,NA
ROSE,04-Ionosphere,Media,v27,NA
ROSE,04-Ionosphere,Media,v28,NA
ROSE,04-Ionosphere,Media,amount,NA
ROSE,04-Ionosphere,Media,radius1,NA
ROSE,04-Ionosphere,Media,texture1,NA
ROSE,04-Ionosphere,Media,perimeter1,NA
ROSE,04-Ionosphere,Media,area1,NA
ROSE,04-Ionosphere,Media,smoothness1,NA
ROSE,04-Ionosphere,Media,compactness1,NA
ROSE,04-Ionosphere,Media,concavity1,NA
ROSE,04-Ionosphere,Media,concave_points1,NA
ROSE,04-Ionosphere,Media,symmetry1,NA
ROSE,04-Ionosphere,Media,fractal_dimension1,NA
ROSE,04-Ionosphere,Media,radius2,NA
ROSE,04-Ionosphere,Media,texture2,NA
ROSE,04-Ionosphere,Media,perimeter2,NA
ROSE,04-Ionosphere,Media,area2,NA
ROSE,04-Ionosphere,Media,smoothness2,NA
ROSE,04-Ionosphere,Media,compactness2,NA
ROSE,04-Ionosphere,Media,concavity2,NA
ROSE,04-Ionosphere,Media,concave_points2,NA
ROSE,04-Ionosphere,Media,symmetry2,NA
ROSE,04-Ionosphere,Media,fractal_dimension2,NA
ROSE,04-Ionosphere,Media,radius3,NA
ROSE,04-Ionosphere,Media,texture3,NA
ROSE,04-Ionosphere,Media,perimeter3,NA
ROSE,04-Ionosphere,Media,area3,NA
ROSE,04-Ionosphere,Media,smoothness3,NA
ROSE,04-Ionosphere,Media,compactness3,NA
ROSE,04-Ionosphere,Media,concavity3,NA
ROSE,04-Ionosphere,Media,concave_points3,NA
ROSE,04-Ionosphere,Media,symmetry3,NA
ROSE,04-Ionosphere,Media,fractal_dimension3,NA
ROSE,04-Ionosphere,Media,pregnancies,NA
ROSE,04-Ionosphere,Media,glucose,NA
ROSE,04-Ionosphere,Media,bloodpressure,NA
ROSE,04-Ionosphere,Media,skinthickness,NA
ROSE,04-Ionosphere,Media,insulin,NA
ROSE,04-Ionosphere,Media,bmi,NA
ROSE,04-Ionosphere,Media,diabetespedigreefunction,NA
ROSE,04-Ionosphere,Media,age,NA
ROSE,04-Ionosphere,Media,attribute01,0.8538474591391788
ROSE,04-Ionosphere,Media,attribute02,0
ROSE,04-Ionosphere,Media,attribute03,0.6186779487605686
ROSE,04-Ionosphere,Media,attribute04,0.022136928465042498
ROSE,04-Ionosphere,Media,attribute05,0.48641452177338923
ROSE,04-Ionosphere,Media,attribute06,0.07635798340495706
ROSE,04-Ionosphere,Media,attribute07,0.46186325061511546
ROSE,04-Ionosphere,Media,attribute08,0.06953710415572237
ROSE,04-Ionosphere,Media,attribute09,0.4595420888139736
ROSE,04-Ionosphere,Media,attribute10,0.21426860760948746
ROSE,04-Ionosphere,Media,attribute11,0.3922477639269069
ROSE,04-Ionosphere,Media,attribute12,0.13037663899494353
ROSE,04-Ionosphere,Media,attribute13,0.33601994021300574
ROSE,04-Ionosphere,Media,attribute14,0.10764207198662003
ROSE,04-Ionosphere,Media,attribute15,0.31836723244391685
ROSE,04-Ionosphere,Media,attribute16,0.07171337891251618
ROSE,04-Ionosphere,Media,attribute17,0.32253088326252316
ROSE,04-Ionosphere,Media,attribute18,0.013078421236779141
ROSE,04-Ionosphere,Media,attribute19,0.356503658481386
ROSE,04-Ionosphere,Media,attribute20,-0.056561007626951106
ROSE,04-Ionosphere,Media,attribute21,0.23575334551707058
ROSE,04-Ionosphere,Media,attribute22,-0.0061589508371639725
ROSE,04-Ionosphere,Media,attribute23,0.31492344512012843
ROSE,04-Ionosphere,Media,attribute24,-0.04427678473990382
ROSE,04-Ionosphere,Media,attribute25,0.34695686692254446
ROSE,04-Ionosphere,Media,attribute26,-0.06988337329769301
ROSE,04-Ionosphere,Media,attribute27,0.6038534293145984
ROSE,04-Ionosphere,Media,attribute28,-0.05594553164852345
ROSE,04-Ionosphere,Media,attribute29,0.3949781423282622
ROSE,04-Ionosphere,Media,attribute30,0.030006589092848316
ROSE,04-Ionosphere,Media,attribute31,0.29817035226168503
ROSE,04-Ionosphere,Media,attribute32,0.0040473901414160365
ROSE,04-Ionosphere,Media,attribute33,0.3093404170010071
ROSE,04-Ionosphere,Media,attribute34,0.004530927033177587
ROSE,04-Ionosphere,Media,aa,NA
ROSE,04-Ionosphere,Media,ao,NA
ROSE,04-Ionosphere,Media,dcl,NA
ROSE,04-Ionosphere,Media,iy,NA
ROSE,04-Ionosphere,Media,sh,NA
ROSE,04-Ionosphere,Media,0,NA
ROSE,04-Ionosphere,Media,1,NA
ROSE,04-Ionosphere,Media,2,NA
ROSE,04-Ionosphere,Media,3,NA
ROSE,04-Ionosphere,Media,4,NA
ROSE,04-Ionosphere,Media,5,NA
ROSE,04-Ionosphere,Media,6,NA
ROSE,04-Ionosphere,Media,7,NA
ROSE,04-Ionosphere,Media,8,NA
ROSE,04-Ionosphere,Media,9,NA
ROSE,04-Ionosphere,Media,10,NA
ROSE,04-Ionosphere,Media,11,NA
ROSE,04-Ionosphere,Media,12,NA
ROSE,04-Ionosphere,Media,13,NA
ROSE,04-Ionosphere,Media,14,NA
ROSE,04-Ionosphere,Media,15,NA
ROSE,04-Ionosphere,Media,16,NA
ROSE,04-Ionosphere,Media,17,NA
ROSE,04-Ionosphere,Media,18,NA
ROSE,04-Ionosphere,Media,19,NA
ROSE,04-Ionosphere,Media,20,NA
ROSE,04-Ionosphere,Media,21,NA
ROSE,04-Ionosphere,Media,22,NA
ROSE,04-Ionosphere,Media,23,NA
ROSE,04-Ionosphere,Media,24,NA
ROSE,04-Ionosphere,Media,25,NA
ROSE,04-Ionosphere,Media,26,NA
ROSE,04-Ionosphere,Media,27,NA
ROSE,04-Ionosphere,Media,28,NA
ROSE,04-Ionosphere,Media,29,NA
ROSE,04-Ionosphere,Media,30,NA
ROSE,04-Ionosphere,Media,31,NA
ROSE,04-Ionosphere,Media,32,NA
ROSE,04-Ionosphere,Media,33,NA
ROSE,04-Ionosphere,Media,34,NA
ROSE,04-Ionosphere,Media,35,NA
ROSE,04-Ionosphere,Media,36,NA
ROSE,04-Ionosphere,Media,37,NA
ROSE,04-Ionosphere,Media,38,NA
ROSE,04-Ionosphere,Media,39,NA
ROSE,04-Ionosphere,Media,40,NA
ROSE,04-Ionosphere,Media,41,NA
ROSE,04-Ionosphere,Media,42,NA
ROSE,04-Ionosphere,Media,43,NA
ROSE,04-Ionosphere,Media,44,NA
ROSE,04-Ionosphere,Media,45,NA
ROSE,04-Ionosphere,Media,46,NA
ROSE,04-Ionosphere,Media,48,NA
ROSE,04-Ionosphere,Media,49,NA
ROSE,04-Ionosphere,Desvio_Padrao,time,NA
ROSE,04-Ionosphere,Desvio_Padrao,v1,NA
ROSE,04-Ionosphere,Desvio_Padrao,v2,NA
ROSE,04-Ionosphere,Desvio_Padrao,v3,NA
ROSE,04-Ionosphere,Desvio_Padrao,v4,NA
ROSE,04-Ionosphere,Desvio_Padrao,v5,NA
ROSE,04-Ionosphere,Desvio_Padrao,v6,NA
ROSE,04-Ionosphere,Desvio_Padrao,v7,NA
ROSE,04-Ionosphere,Desvio_Padrao,v8,NA
ROSE,04-Ionosphere,Desvio_Padrao,v9,NA
ROSE,04-Ionosphere,Desvio_Padrao,v10,NA
ROSE,04-Ionosphere,Desvio_Padrao,v11,NA
ROSE,04-Ionosphere,Desvio_Padrao,v12,NA
ROSE,04-Ionosphere,Desvio_Padrao,v13,NA
ROSE,04-Ionosphere,Desvio_Padrao,v14,NA
ROSE,04-Ionosphere,Desvio_Padrao,v15,NA
ROSE,04-Ionosphere,Desvio_Padrao,v16,NA
ROSE,04-Ionosphere,Desvio_Padrao,v17,NA
ROSE,04-Ionosphere,Desvio_Padrao,v18,NA
ROSE,04-Ionosphere,Desvio_Padrao,v19,NA
ROSE,04-Ionosphere,Desvio_Padrao,v20,NA
ROSE,04-Ionosphere,Desvio_Padrao,v21,NA
ROSE,04-Ionosphere,Desvio_Padrao,v22,NA
ROSE,04-Ionosphere,Desvio_Padrao,v23,NA
ROSE,04-Ionosphere,Desvio_Padrao,v24,NA
ROSE,04-Ionosphere,Desvio_Padrao,v25,NA
ROSE,04-Ionosphere,Desvio_Padrao,v26,NA
ROSE,04-Ionosphere,Desvio_Padrao,v27,NA
ROSE,04-Ionosphere,Desvio_Padrao,v28,NA
ROSE,04-Ionosphere,Desvio_Padrao,amount,NA
ROSE,04-Ionosphere,Desvio_Padrao,radius1,NA
ROSE,04-Ionosphere,Desvio_Padrao,texture1,NA
ROSE,04-Ionosphere,Desvio_Padrao,perimeter1,NA
ROSE,04-Ionosphere,Desvio_Padrao,area1,NA
ROSE,04-Ionosphere,Desvio_Padrao,smoothness1,NA
ROSE,04-Ionosphere,Desvio_Padrao,compactness1,NA
ROSE,04-Ionosphere,Desvio_Padrao,concavity1,NA
ROSE,04-Ionosphere,Desvio_Padrao,concave_points1,NA
ROSE,04-Ionosphere,Desvio_Padrao,symmetry1,NA
ROSE,04-Ionosphere,Desvio_Padrao,fractal_dimension1,NA
ROSE,04-Ionosphere,Desvio_Padrao,radius2,NA
ROSE,04-Ionosphere,Desvio_Padrao,texture2,NA
ROSE,04-Ionosphere,Desvio_Padrao,perimeter2,NA
ROSE,04-Ionosphere,Desvio_Padrao,area2,NA
ROSE,04-Ionosphere,Desvio_Padrao,smoothness2,NA
ROSE,04-Ionosphere,Desvio_Padrao,compactness2,NA
ROSE,04-Ionosphere,Desvio_Padrao,concavity2,NA
ROSE,04-Ionosphere,Desvio_Padrao,concave_points2,NA
ROSE,04-Ionosphere,Desvio_Padrao,symmetry2,NA
ROSE,04-Ionosphere,Desvio_Padrao,fractal_dimension2,NA
ROSE,04-Ionosphere,Desvio_Padrao,radius3,NA
ROSE,04-Ionosphere,Desvio_Padrao,texture3,NA
ROSE,04-Ionosphere,Desvio_Padrao,perimeter3,NA
ROSE,04-Ionosphere,Desvio_Padrao,area3,NA
ROSE,04-Ionosphere,Desvio_Padrao,smoothness3,NA
ROSE,04-Ionosphere,Desvio_Padrao,compactness3,NA
ROSE,04-Ionosphere,Desvio_Padrao,concavity3,NA
ROSE,04-Ionosphere,Desvio_Padrao,concave_points3,NA
ROSE,04-Ionosphere,Desvio_Padrao,symmetry3,NA
ROSE,04-Ionosphere,Desvio_Padrao,fractal_dimension3,NA
ROSE,04-Ionosphere,Desvio_Padrao,pregnancies,NA
ROSE,04-Ionosphere,Desvio_Padrao,glucose,NA
ROSE,04-Ionosphere,Desvio_Padrao,bloodpressure,NA
ROSE,04-Ionosphere,Desvio_Padrao,skinthickness,NA
ROSE,04-Ionosphere,Desvio_Padrao,insulin,NA
ROSE,04-Ionosphere,Desvio_Padrao,bmi,NA
ROSE,04-Ionosphere,Desvio_Padrao,diabetespedigreefunction,NA
ROSE,04-Ionosphere,Desvio_Padrao,age,NA
ROSE,04-Ionosphere,Desvio_Padrao,attribute01,0.4122959365745795
ROSE,04-Ionosphere,Desvio_Padrao,attribute02,0
ROSE,04-Ionosphere,Desvio_Padrao,attribute03,0.6544180378335905
ROSE,04-Ionosphere,Desvio_Padrao,attribute04,0.6223121885024668
ROSE,04-Ionosphere,Desvio_Padrao,attribute05,0.6860450607278376
ROSE,04-Ionosphere,Desvio_Padrao,attribute06,0.6129548865918398
ROSE,04-Ionosphere,Desvio_Padrao,attribute07,0.6520812533477055
ROSE,04-Ionosphere,Desvio_Padrao,attribute08,0.6863314445464863
ROSE,04-Ionosphere,Desvio_Padrao,attribute09,0.6347874926219956
ROSE,04-Ionosphere,Desvio_Padrao,attribute10,0.6878026392131285
ROSE,04-Ionosphere,Desvio_Padrao,attribute11,0.7864099630634478
ROSE,04-Ionosphere,Desvio_Padrao,attribute12,0.6471773431757458
ROSE,04-Ionosphere,Desvio_Padrao,attribute13,0.7542529004155667
ROSE,04-Ionosphere,Desvio_Padrao,attribute14,0.663345344064507
ROSE,04-Ionosphere,Desvio_Padrao,attribute15,0.8464531598162907
ROSE,04-Ionosphere,Desvio_Padrao,attribute16,0.624325328987245
ROSE,04-Ionosphere,Desvio_Padrao,attribute17,0.7630130406636305
ROSE,04-Ionosphere,Desvio_Padrao,attribute18,0.6860282097093178
ROSE,04-Ionosphere,Desvio_Padrao,attribute19,0.7854819853498438
ROSE,04-Ionosphere,Desvio_Padrao,attribute20,0.755423316873528
ROSE,04-Ionosphere,Desvio_Padrao,attribute21,0.7765845054292223
ROSE,04-Ionosphere,Desvio_Padrao,attribute22,0.6739380271449612
ROSE,04-Ionosphere,Desvio_Padrao,attribute23,0.8312733010391309
ROSE,04-Ionosphere,Desvio_Padrao,attribute24,0.68906931755060985
ROSE,04-Ionosphere,Desvio_Padrao,attribute25,0.7750934921291206
ROSE,04-Ionosphere,Desvio_Padrao,attribute26,0.6670019989915709
ROSE,04-Ionosphere,Desvio_Padrao,attribute27,0.6142847679912559
ROSE,04-Ionosphere,Desvio_Padrao,attribute28,0.7319832270950486
ROSE,04-Ionosphere,Desvio_Padrao,attribute29,0.7536423937093929
ROSE,04-Ionosphere,Desvio_Padrao,attribute30,0.7450173682213406
ROSE,04-Ionosphere,Desvio_Padrao,attribute31,0.6999717354797257
ROSE,04-Ionosphere,Desvio_Padrao,attribute32,0.6604477703889281
ROSE,04-Ionosphere,Desvio_Padrao,attribute33,0.6584734890799455
ROSE,04-Ionosphere,Desvio_Padrao,attribute34,0.6070995041648045
ROSE,04-Ionosphere,Desvio_Padrao,aa,NA
ROSE,04-Ionosphere,Desvio_Padrao,ao,NA
ROSE,04-Ionosphere,Desvio_Padrao,dcl,NA
ROSE,04-Ionosphere,Desvio_Padrao,iy,NA
ROSE,04-Ionosphere,Desvio_Padrao,sh,NA
ROSE,04-Ionosphere,Desvio_Padrao,0,NA
ROSE,04-Ionosphere,Desvio_Padrao,1,NA
ROSE,04-Ionosphere,Desvio_Padrao,2,NA
ROSE,04-Ionosphere,Desvio_Padrao,3,NA
ROSE,04-Ionosphere,Desvio_Padrao,4,NA
ROSE,04-Ionosphere,Desvio_Padrao,5,NA
ROSE,04-Ionosphere,Desvio_Padrao,6,NA
ROSE,04-Ionosphere,Desvio_Padrao,7,NA
ROSE,04-Ionosphere,Desvio_Padrao,8,NA
ROSE,04-Ionosphere,Desvio_Padrao,9,NA
ROSE,04-Ionosphere,Desvio_Padrao,10,NA
ROSE,04-Ionosphere,Desvio_Padrao,11,NA
ROSE,04-Ionosphere,Desvio_Padrao,12,NA
ROSE,04-Ionosphere,Desvio_Padrao,13,NA
ROSE,04-Ionosphere,Desvio_Padrao,14,NA
ROSE,04-Ionosphere,Desvio_Padrao,15,NA
ROSE,04-Ionosphere,Desvio_Padrao,16,NA
ROSE,04-Ionosphere,Desvio_Padrao,17,NA
ROSE,04-Ionosphere,Desvio_Padrao,18,NA
ROSE,04-Ionosphere,Desvio_Padrao,19,NA
ROSE,04-Ionosphere,Desvio_Padrao,20,NA
ROSE,04-Ionosphere,Desvio_Padrao,21,NA
ROSE,04-Ionosphere,Desvio_Padrao,22,NA
ROSE,04-Ionosphere,Desvio_Padrao,23,NA
ROSE,04-Ionosphere,Desvio_Padrao,24,NA
ROSE,04-Ionosphere,Desvio_Padrao,25,NA
ROSE,04-Ionosphere,Desvio_Padrao,26,NA
ROSE,04-Ionosphere,Desvio_Padrao,27,NA
ROSE,04-Ionosphere,Desvio_Padrao,28,NA
ROSE,04-Ionosphere,Desvio_Padrao,29,NA
ROSE,04-Ionosphere,Desvio_Padrao,30,NA
ROSE,04-Ionosphere,Desvio_Padrao,31,NA
ROSE,04-Ionosphere,Desvio_Padrao,32,NA
ROSE,04-Ionosphere,Desvio_Padrao,33,NA
ROSE,04-Ionosphere,Desvio_Padrao,34,NA
ROSE,04-Ionosphere,Desvio_Padrao,35,NA
ROSE,04-Ionosphere,Desvio_Padrao,36,NA
ROSE,04-Ionosphere,Desvio_Padrao,37,NA
ROSE,04-Ionosphere,Desvio_Padrao,38,NA
ROSE,04-Ionosphere,Desvio_Padrao,39,NA
ROSE,04-Ionosphere,Desvio_Padrao,40,NA
ROSE,04-Ionosphere,Desvio_Padrao,41,NA
ROSE,04-Ionosphere,Desvio_Padrao,42,NA
ROSE,04-Ionosphere,Desvio_Padrao,43,NA
ROSE,04-Ionosphere,Desvio_Padrao,44,NA
ROSE,04-Ionosphere,Desvio_Padrao,45,NA
ROSE,04-Ionosphere,Desvio_Padrao,46,NA
ROSE,04-Ionosphere,Desvio_Padrao,48,NA
ROSE,04-Ionosphere,Desvio_Padrao,49,NA
ROSE,04-Ionosphere,Minimo,time,NA
ROSE,04-Ionosphere,Minimo,v1,NA
ROSE,04-Ionosphere,Minimo,v2,NA
ROSE,04-Ionosphere,Minimo,v3,NA
ROSE,04-Ionosphere,Minimo,v4,NA
ROSE,04-Ionosphere,Minimo,v5,NA
ROSE,04-Ionosphere,Minimo,v6,NA
ROSE,04-Ionosphere,Minimo,v7,NA
ROSE,04-Ionosphere,Minimo,v8,NA
ROSE,04-Ionosphere,Minimo,v9,NA
ROSE,04-Ionosphere,Minimo,v10,NA
ROSE,04-Ionosphere,Minimo,v11,NA
ROSE,04-Ionosphere,Minimo,v12,NA
ROSE,04-Ionosphere,Minimo,v13,NA
ROSE,04-Ionosphere,Minimo,v14,NA
ROSE,04-Ionosphere,Minimo,v15,NA
ROSE,04-Ionosphere,Minimo,v16,NA
ROSE,04-Ionosphere,Minimo,v17,NA
ROSE,04-Ionosphere,Minimo,v18,NA
ROSE,04-Ionosphere,Minimo,v19,NA
ROSE,04-Ionosphere,Minimo,v20,NA
ROSE,04-Ionosphere,Minimo,v21,NA
ROSE,04-Ionosphere,Minimo,v22,NA
ROSE,04-Ionosphere,Minimo,v23,NA
ROSE,04-Ionosphere,Minimo,v24,NA
ROSE,04-Ionosphere,Minimo,v25,NA
ROSE,04-Ionosphere,Minimo,v26,NA
ROSE,04-Ionosphere,Minimo,v27,NA
ROSE,04-Ionosphere,Minimo,v28,NA
ROSE,04-Ionosphere,Minimo,amount,NA
ROSE,04-Ionosphere,Minimo,radius1,NA
ROSE,04-Ionosphere,Minimo,texture1,NA
ROSE,04-Ionosphere,Minimo,perimeter1,NA
ROSE,04-Ionosphere,Minimo,area1,NA
ROSE,04-Ionosphere,Minimo,smoothness1,NA
ROSE,04-Ionosphere,Minimo,compactness1,NA
ROSE,04-Ionosphere,Minimo,concavity1,NA
ROSE,04-Ionosphere,Minimo,concave_points1,NA
ROSE,04-Ionosphere,Minimo,symmetry1,NA
ROSE,04-Ionosphere,Minimo,fractal_dimension1,NA
ROSE,04-Ionosphere,Minimo,radius2,NA
ROSE,04-Ionosphere,Minimo,texture2,NA
ROSE,04-Ionosphere,Minimo,perimeter2,NA
ROSE,04-Ionosphere,Minimo,area2,NA
ROSE,04-Ionosphere,Minimo,smoothness2,NA
ROSE,04-Ionosphere,Minimo,compactness2,NA
ROSE,04-Ionosphere,Minimo,concavity2,NA
ROSE,04-Ionosphere,Minimo,concave_points2,NA
ROSE,04-Ionosphere,Minimo,symmetry2,NA
ROSE,04-Ionosphere,Minimo,fractal_dimension2,NA
ROSE,04-Ionosphere,Minimo,radius3,NA
ROSE,04-Ionosphere,Minimo,texture3,NA
ROSE,04-Ionosphere,Minimo,perimeter3,NA
ROSE,04-Ionosphere,Minimo,area3,NA
ROSE,04-Ionosphere,Minimo,smoothness3,NA
ROSE,04-Ionosphere,Minimo,compactness3,NA
ROSE,04-Ionosphere,Minimo,concavity3,NA
ROSE,04-Ionosphere,Minimo,concave_points3,NA
ROSE,04-Ionosphere,Minimo,symmetry3,NA
ROSE,04-Ionosphere,Minimo,fractal_dimension3,NA
ROSE,04-Ionosphere,Minimo,pregnancies,NA
ROSE,04-Ionosphere,Minimo,glucose,NA
ROSE,04-Ionosphere,Minimo,bloodpressure,NA
ROSE,04-Ionosphere,Minimo,skinthickness,NA
ROSE,04-Ionosphere,Minimo,insulin,NA
ROSE,04-Ionosphere,Minimo,bmi,NA
ROSE,04-Ionosphere,Minimo,diabetespedigreefunction,NA
ROSE,04-Ionosphere,Minimo,age,NA
ROSE,04-Ionosphere,Minimo,attribute01,-0.6186213066352472
ROSE,04-Ionosphere,Minimo,attribute02,0
ROSE,04-Ionosphere,Minimo,attribute03,-2.779693147699514
ROSE,04-Ionosphere,Minimo,attribute04,-2.0085634706789826
ROSE,04-Ionosphere,Minimo,attribute05,-1.9570292866471177
ROSE,04-Ionosphere,Minimo,attribute06,-2.2278506022237945
ROSE,04-Ionosphere,Minimo,attribute07,-1.9624799926888157
ROSE,04-Ionosphere,Minimo,attribute08,-1.8601805817058872
ROSE,04-Ionosphere,Minimo,attribute09,-1.6800209786695655
ROSE,04-Ionosphere,Minimo,attribute10,-2.670308632453815
ROSE,04-Ionosphere,Minimo,attribute11,-1.7525188475148896
ROSE,04-Ionosphere,Minimo,attribute12,-2.0978324349438138
ROSE,04-Ionosphere,Minimo,attribute13,-1.9699822563637033
ROSE,04-Ionosphere,Minimo,attribute14,-2.134836640203134
ROSE,04-Ionosphere,Minimo,attribute15,-2.3274543355055597
ROSE,04-Ionosphere,Minimo,attribute16,-2.096019669893628
ROSE,04-Ionosphere,Minimo,attribute17,-1.5969196142057527
ROSE,04-Ionosphere,Minimo,attribute18,-2.2056948962227483
ROSE,04-Ionosphere,Minimo,attribute19,-1.9894357956375435
ROSE,04-Ionosphere,Minimo,attribute20,-2.4273653701197206
ROSE,04-Ionosphere,Minimo,attribute21,-2.061464972556566
ROSE,04-Ionosphere,Minimo,attribute22,-2.272191728148333
ROSE,04-Ionosphere,Minimo,attribute23,-2.1493290198591306
ROSE,04-Ionosphere,Minimo,attribute24,-2.604876254936107
ROSE,04-Ionosphere,Minimo,attribute25,-2.261367809582091
ROSE,04-Ionosphere,Minimo,attribute26,-2.2190289531860445
ROSE,04-Ionosphere,Minimo,attribute27,-1.108989803122948
ROSE,04-Ionosphere,Minimo,attribute28,-2.646796601815216
ROSE,04-Ionosphere,Minimo,attribute29,-1.5854234279248074
ROSE,04-Ionosphere,Minimo,attribute30,-1.8448195065797093
ROSE,04-Ionosphere,Minimo,attribute31,-1.742785192879559
ROSE,04-Ionosphere,Minimo,attribute32,-2.0213318396059967
ROSE,04-Ionosphere,Minimo,attribute33,-1.7711101254099202
ROSE,04-Ionosphere,Minimo,attribute34,-1.801665966375814
ROSE,04-Ionosphere,Minimo,aa,NA
ROSE,04-Ionosphere,Minimo,ao,NA
ROSE,04-Ionosphere,Minimo,dcl,NA
ROSE,04-Ionosphere,Minimo,iy,NA
ROSE,04-Ionosphere,Minimo,sh,NA
ROSE,04-Ionosphere,Minimo,0,NA
ROSE,04-Ionosphere,Minimo,1,NA
ROSE,04-Ionosphere,Minimo,2,NA
ROSE,04-Ionosphere,Minimo,3,NA
ROSE,04-Ionosphere,Minimo,4,NA
ROSE,04-Ionosphere,Minimo,5,NA
ROSE,04-Ionosphere,Minimo,6,NA
ROSE,04-Ionosphere,Minimo,7,NA
ROSE,04-Ionosphere,Minimo,8,NA
ROSE,04-Ionosphere,Minimo,9,NA
ROSE,04-Ionosphere,Minimo,10,NA
ROSE,04-Ionosphere,Minimo,11,NA
ROSE,04-Ionosphere,Minimo,12,NA
ROSE,04-Ionosphere,Minimo,13,NA
ROSE,04-Ionosphere,Minimo,14,NA
ROSE,04-Ionosphere,Minimo,15,NA
ROSE,04-Ionosphere,Minimo,16,NA
ROSE,04-Ionosphere,Minimo,17,NA
ROSE,04-Ionosphere,Minimo,18,NA
ROSE,04-Ionosphere,Minimo,19,NA
ROSE,04-Ionosphere,Minimo,20,NA
ROSE,04-Ionosphere,Minimo,21,NA
ROSE,04-Ionosphere,Minimo,22,NA
ROSE,04-Ionosphere,Minimo,23,NA
ROSE,04-Ionosphere,Minimo,24,NA
ROSE,04-Ionosphere,Minimo,25,NA
ROSE,04-Ionosphere,Minimo,26,NA
ROSE,04-Ionosphere,Minimo,27,NA
ROSE,04-Ionosphere,Minimo,28,NA
ROSE,04-Ionosphere,Minimo,29,NA
ROSE,04-Ionosphere,Minimo,30,NA
ROSE,04-Ionosphere,Minimo,31,NA
ROSE,04-Ionosphere,Minimo,32,NA
ROSE,04-Ionosphere,Minimo,33,NA
ROSE,04-Ionosphere,Minimo,34,NA
ROSE,04-Ionosphere,Minimo,35,NA
ROSE,04-Ionosphere,Minimo,36,NA
ROSE,04-Ionosphere,Minimo,37,NA
ROSE,04-Ionosphere,Minimo,38,NA
ROSE,04-Ionosphere,Minimo,39,NA
ROSE,04-Ionosphere,Minimo,40,NA
ROSE,04-Ionosphere,Minimo,41,NA
ROSE,04-Ionosphere,Minimo,42,NA
ROSE,04-Ionosphere,Minimo,43,NA
ROSE,04-Ionosphere,Minimo,44,NA
ROSE,04-Ionosphere,Minimo,45,NA
ROSE,04-Ionosphere,Minimo,46,NA
ROSE,04-Ionosphere,Minimo,48,NA
ROSE,04-Ionosphere,Minimo,49,NA
ROSE,04-Ionosphere,Maximo,time,NA
ROSE,04-Ionosphere,Maximo,v1,NA
ROSE,04-Ionosphere,Maximo,v2,NA
ROSE,04-Ionosphere,Maximo,v3,NA
ROSE,04-Ionosphere,Maximo,v4,NA
ROSE,04-Ionosphere,Maximo,v5,NA
ROSE,04-Ionosphere,Maximo,v6,NA
ROSE,04-Ionosphere,Maximo,v7,NA
ROSE,04-Ionosphere,Maximo,v8,NA
ROSE,04-Ionosphere,Maximo,v9,NA
ROSE,04-Ionosphere,Maximo,v10,NA
ROSE,04-Ionosphere,Maximo,v11,NA
ROSE,04-Ionosphere,Maximo,v12,NA
ROSE,04-Ionosphere,Maximo,v13,NA
ROSE,04-Ionosphere,Maximo,v14,NA
ROSE,04-Ionosphere,Maximo,v15,NA
ROSE,04-Ionosphere,Maximo,v16,NA
ROSE,04-Ionosphere,Maximo,v17,NA
ROSE,04-Ionosphere,Maximo,v18,NA
ROSE,04-Ionosphere,Maximo,v19,NA
ROSE,04-Ionosphere,Maximo,v20,NA
ROSE,04-Ionosphere,Maximo,v21,NA
ROSE,04-Ionosphere,Maximo,v22,NA
ROSE,04-Ionosphere,Maximo,v23,NA
ROSE,04-Ionosphere,Maximo,v24,NA
ROSE,04-Ionosphere,Maximo,v25,NA
ROSE,04-Ionosphere,Maximo,v26,NA
ROSE,04-Ionosphere,Maximo,v27,NA
ROSE,04-Ionosphere,Maximo,v28,NA
ROSE,04-Ionosphere,Maximo,amount,NA
ROSE,04-Ionosphere,Maximo,radius1,NA
ROSE,04-Ionosphere,Maximo,texture1,NA
ROSE,04-Ionosphere,Maximo,perimeter1,NA
ROSE,04-Ionosphere,Maximo,area1,NA
ROSE,04-Ionosphere,Maximo,smoothness1,NA
ROSE,04-Ionosphere,Maximo,compactness1,NA
ROSE,04-Ionosphere,Maximo,concavity1,NA
ROSE,04-Ionosphere,Maximo,concave_points1,NA
ROSE,04-Ionosphere,Maximo,symmetry1,NA
ROSE,04-Ionosphere,Maximo,fractal_dimension1,NA
ROSE,04-Ionosphere,Maximo,radius2,NA
ROSE,04-Ionosphere,Maximo,texture2,NA
ROSE,04-Ionosphere,Maximo,perimeter2,NA
ROSE,04-Ionosphere,Maximo,area2,NA
ROSE,04-Ionosphere,Maximo,smoothness2,NA
ROSE,04-Ionosphere,Maximo,compactness2,NA
ROSE,04-Ionosphere,Maximo,concavity2,NA
ROSE,04-Ionosphere,Maximo,concave_points2,NA
ROSE,04-Ionosphere,Maximo,symmetry2,NA
ROSE,04-Ionosphere,Maximo,fractal_dimension2,NA
ROSE,04-Ionosphere,Maximo,radius3,NA
ROSE,04-Ionosphere,Maximo,texture3,NA
ROSE,04-Ionosphere,Maximo,perimeter3,NA
ROSE,04-Ionosphere,Maximo,area3,NA
ROSE,04-Ionosphere,Maximo,smoothness3,NA
ROSE,04-Ionosphere,Maximo,compactness3,NA
ROSE,04-Ionosphere,Maximo,concavity3,NA
ROSE,04-Ionosphere,Maximo,concave_points3,NA
ROSE,04-Ionosphere,Maximo,symmetry3,NA
ROSE,04-Ionosphere,Maximo,fractal_dimension3,NA
ROSE,04-Ionosphere,Maximo,pregnancies,NA
ROSE,04-Ionosphere,Maximo,glucose,NA
ROSE,04-Ionosphere,Maximo,bloodpressure,NA
ROSE,04-Ionosphere,Maximo,skinthickness,NA
ROSE,04-Ionosphere,Maximo,insulin,NA
ROSE,04-Ionosphere,Maximo,bmi,NA
ROSE,04-Ionosphere,Maximo,diabetespedigreefunction,NA
ROSE,04-Ionosphere,Maximo,age,NA
ROSE,04-Ionosphere,Maximo,attribute01,2.1206762786562914
ROSE,04-Ionosphere,Maximo,attribute02,0
ROSE,04-Ionosphere,Maximo,attribute03,2.309614562438108
ROSE,04-Ionosphere,Maximo,attribute04,1.7735128131191658
ROSE,04-Ionosphere,Maximo,attribute05,1.933166545535118
ROSE,04-Ionosphere,Maximo,attribute06,2.014693914241559
ROSE,04-Ionosphere,Maximo,attribute07,2.294194070271624
ROSE,04-Ionosphere,Maximo,attribute08,1.8428702767734735
ROSE,04-Ionosphere,Maximo,attribute09,2.084259349635123
ROSE,04-Ionosphere,Maximo,attribute10,1.9209516237874438
ROSE,04-Ionosphere,Maximo,attribute11,2.2543448539023863
ROSE,04-Ionosphere,Maximo,attribute12,2.2216109024009913
ROSE,04-Ionosphere,Maximo,attribute13,2.2969799586307467
ROSE,04-Ionosphere,Maximo,attribute14,2.041179779958653
ROSE,04-Ionosphere,Maximo,attribute15,1.9706430300222393
ROSE,04-Ionosphere,Maximo,attribute16,1.8405105190941122
ROSE,04-Ionosphere,Maximo,attribute17,2.2732258377124843
ROSE,04-Ionosphere,Maximo,attribute18,1.805174878338595
ROSE,04-Ionosphere,Maximo,attribute19,1.999428274944988
ROSE,04-Ionosphere,Maximo,attribute20,2.3209173831312615
ROSE,04-Ionosphere,Maximo,attribute21,2.3983942812061687
ROSE,04-Ionosphere,Maximo,attribute22,1.8972312883257336
ROSE,04-Ionosphere,Maximo,attribute23,2.470032775801099
ROSE,04-Ionosphere,Maximo,attribute24,1.9296089054845338
ROSE,04-Ionosphere,Maximo,attribute25,2.0664325921383915
ROSE,04-Ionosphere,Maximo,attribute26,1.9121397506468307
ROSE,04-Ionosphere,Maximo,attribute27,2.307825274362161
ROSE,04-Ionosphere,Maximo,attribute28,1.9888126408465443
ROSE,04-Ionosphere,Maximo,attribute29,2.532892837028184
ROSE,04-Ionosphere,Maximo,attribute30,2.146428528200564
ROSE,04-Ionosphere,Maximo,attribute31,1.9816058507097638
ROSE,04-Ionosphere,Maximo,attribute32,1.9164089567958276
ROSE,04-Ionosphere,Maximo,attribute33,1.9128723244352726
ROSE,04-Ionosphere,Maximo,attribute34,1.9233740929642367
ROSE,04-Ionosphere,Maximo,aa,NA
ROSE,04-Ionosphere,Maximo,ao,NA
ROSE,04-Ionosphere,Maximo,dcl,NA
ROSE,04-Ionosphere,Maximo,iy,NA
ROSE,04-Ionosphere,Maximo,sh,NA
ROSE,04-Ionosphere,Maximo,0,NA
ROSE,04-Ionosphere,Maximo,1,NA
ROSE,04-Ionosphere,Maximo,2,NA
ROSE,04-Ionosphere,Maximo,3,NA
ROSE,04-Ionosphere,Maximo,4,NA
ROSE,04-Ionosphere,Maximo,5,NA
ROSE,04-Ionosphere,Maximo,6,NA
ROSE,04-Ionosphere,Maximo,7,NA
ROSE,04-Ionosphere,Maximo,8,NA
ROSE,04-Ionosphere,Maximo,9,NA
ROSE,04-Ionosphere,Maximo,10,NA
ROSE,04-Ionosphere,Maximo,11,NA
ROSE,04-Ionosphere,Maximo,12,NA
ROSE,04-Ionosphere,Maximo,13,NA
ROSE,04-Ionosphere,Maximo,14,NA
ROSE,04-Ionosphere,Maximo,15,NA
ROSE,04-Ionosphere,Maximo,16,NA
ROSE,04-Ionosphere,Maximo,17,NA
ROSE,04-Ionosphere,Maximo,18,NA
ROSE,04-Ionosphere,Maximo,19,NA
ROSE,04-Ionosphere,Maximo,20,NA
ROSE,04-Ionosphere,Maximo,21,NA
ROSE,04-Ionosphere,Maximo,22,NA
ROSE,04-Ionosphere,Maximo,23,NA
ROSE,04-Ionosphere,Maximo,24,NA
ROSE,04-Ionosphere,Maximo,25,NA
ROSE,04-Ionosphere,Maximo,26,NA
ROSE,04-Ionosphere,Maximo,27,NA
ROSE,04-Ionosphere,Maximo,28,NA
ROSE,04-Ionosphere,Maximo,29,NA
ROSE,04-Ionosphere,Maximo,30,NA
ROSE,04-Ionosphere,Maximo,31,NA
ROSE,04-Ionosphere,Maximo,32,NA
ROSE,04-Ionosphere,Maximo,33,NA
ROSE,04-Ionosphere,Maximo,34,NA
ROSE,04-Ionosphere,Maximo,35,NA
ROSE,04-Ionosphere,Maximo,36,NA
ROSE,04-Ionosphere,Maximo,37,NA
ROSE,04-Ionosphere,Maximo,38,NA
ROSE,04-Ionosphere,Maximo,39,NA
ROSE,04-Ionosphere,Maximo,40,NA
ROSE,04-Ionosphere,Maximo,41,NA
ROSE,04-Ionosphere,Maximo,42,NA
ROSE,04-Ionosphere,Maximo,43,NA
ROSE,04-Ionosphere,Maximo,44,NA
ROSE,04-Ionosphere,Maximo,45,NA
ROSE,04-Ionosphere,Maximo,46,NA
ROSE,04-Ionosphere,Maximo,48,NA
ROSE,04-Ionosphere,Maximo,49,NA
ROSE,05-phoneme,Media,time,NA
ROSE,05-phoneme,Media,v1,NA
ROSE,05-phoneme,Media,v2,NA
ROSE,05-phoneme,Media,v3,NA
ROSE,05-phoneme,Media,v4,NA
ROSE,05-phoneme,Media,v5,NA
ROSE,05-phoneme,Media,v6,NA
ROSE,05-phoneme,Media,v7,NA
ROSE,05-phoneme,Media,v8,NA
ROSE,05-phoneme,Media,v9,NA
ROSE,05-phoneme,Media,v10,NA
ROSE,05-phoneme,Media,v11,NA
ROSE,05-phoneme,Media,v12,NA
ROSE,05-phoneme,Media,v13,NA
ROSE,05-phoneme,Media,v14,NA
ROSE,05-phoneme,Media,v15,NA
ROSE,05-phoneme,Media,v16,NA
ROSE,05-phoneme,Media,v17,NA
ROSE,05-phoneme,Media,v18,NA
ROSE,05-phoneme,Media,v19,NA
ROSE,05-phoneme,Media,v20,NA
ROSE,05-phoneme,Media,v21,NA
ROSE,05-phoneme,Media,v22,NA
ROSE,05-phoneme,Media,v23,NA
ROSE,05-phoneme,Media,v24,NA
ROSE,05-phoneme,Media,v25,NA
ROSE,05-phoneme,Media,v26,NA
ROSE,05-phoneme,Media,v27,NA
ROSE,05-phoneme,Media,v28,NA
ROSE,05-phoneme,Media,amount,NA
ROSE,05-phoneme,Media,radius1,NA
ROSE,05-phoneme,Media,texture1,NA
ROSE,05-phoneme,Media,perimeter1,NA
ROSE,05-phoneme,Media,area1,NA
ROSE,05-phoneme,Media,smoothness1,NA
ROSE,05-phoneme,Media,compactness1,NA
ROSE,05-phoneme,Media,concavity1,NA
ROSE,05-phoneme,Media,concave_points1,NA
ROSE,05-phoneme,Media,symmetry1,NA
ROSE,05-phoneme,Media,fractal_dimension1,NA
ROSE,05-phoneme,Media,radius2,NA
ROSE,05-phoneme,Media,texture2,NA
ROSE,05-phoneme,Media,perimeter2,NA
ROSE,05-phoneme,Media,area2,NA
ROSE,05-phoneme,Media,smoothness2,NA
ROSE,05-phoneme,Media,compactness2,NA
ROSE,05-phoneme,Media,concavity2,NA
ROSE,05-phoneme,Media,concave_points2,NA
ROSE,05-phoneme,Media,symmetry2,NA
ROSE,05-phoneme,Media,fractal_dimension2,NA
ROSE,05-phoneme,Media,radius3,NA
ROSE,05-phoneme,Media,texture3,NA
ROSE,05-phoneme,Media,perimeter3,NA
ROSE,05-phoneme,Media,area3,NA
ROSE,05-phoneme,Media,smoothness3,NA
ROSE,05-phoneme,Media,compactness3,NA
ROSE,05-phoneme,Media,concavity3,NA
ROSE,05-phoneme,Media,concave_points3,NA
ROSE,05-phoneme,Media,symmetry3,NA
ROSE,05-phoneme,Media,fractal_dimension3,NA
ROSE,05-phoneme,Media,pregnancies,NA
ROSE,05-phoneme,Media,glucose,NA
ROSE,05-phoneme,Media,bloodpressure,NA
ROSE,05-phoneme,Media,skinthickness,NA
ROSE,05-phoneme,Media,insulin,NA
ROSE,05-phoneme,Media,bmi,NA
ROSE,05-phoneme,Media,diabetespedigreefunction,NA
ROSE,05-phoneme,Media,age,NA
ROSE,05-phoneme,Media,attribute01,NA
ROSE,05-phoneme,Media,attribute02,NA
ROSE,05-phoneme,Media,attribute03,NA
ROSE,05-phoneme,Media,attribute04,NA
ROSE,05-phoneme,Media,attribute05,NA
ROSE,05-phoneme,Media,attribute06,NA
ROSE,05-phoneme,Media,attribute07,NA
ROSE,05-phoneme,Media,attribute08,NA
ROSE,05-phoneme,Media,attribute09,NA
ROSE,05-phoneme,Media,attribute10,NA
ROSE,05-phoneme,Media,attribute11,NA
ROSE,05-phoneme,Media,attribute12,NA
ROSE,05-phoneme,Media,attribute13,NA
ROSE,05-phoneme,Media,attribute14,NA
ROSE,05-phoneme,Media,attribute15,NA
ROSE,05-phoneme,Media,attribute16,NA
ROSE,05-phoneme,Media,attribute17,NA
ROSE,05-phoneme,Media,attribute18,NA
ROSE,05-phoneme,Media,attribute19,NA
ROSE,05-phoneme,Media,attribute20,NA
ROSE,05-phoneme,Media,attribute21,NA
ROSE,05-phoneme,Media,attribute22,NA
ROSE,05-phoneme,Media,attribute23,NA
ROSE,05-phoneme,Media,attribute24,NA
ROSE,05-phoneme,Media,attribute25,NA
ROSE,05-phoneme,Media,attribute26,NA
ROSE,05-phoneme,Media,attribute27,NA
ROSE,05-phoneme,Media,attribute28,NA
ROSE,05-phoneme,Media,attribute29,NA
ROSE,05-phoneme,Media,attribute30,NA
ROSE,05-phoneme,Media,attribute31,NA
ROSE,05-phoneme,Media,attribute32,NA
ROSE,05-phoneme,Media,attribute33,NA
ROSE,05-phoneme,Media,attribute34,NA
ROSE,05-phoneme,Media,aa,0.7125685117887874
ROSE,05-phoneme,Media,ao,1.1766728574105694
ROSE,05-phoneme,Media,dcl,0.864279101068728
ROSE,05-phoneme,Media,iy,0.5341754961382964
ROSE,05-phoneme,Media,sh,0.1103414505894808
ROSE,05-phoneme,Media,0,NA
ROSE,05-phoneme,Media,1,NA
ROSE,05-phoneme,Media,2,NA
ROSE,05-phoneme,Media,3,NA
ROSE,05-phoneme,Media,4,NA
ROSE,05-phoneme,Media,5,NA
ROSE,05-phoneme,Media,6,NA
ROSE,05-phoneme,Media,7,NA
ROSE,05-phoneme,Media,8,NA
ROSE,05-phoneme,Media,9,NA
ROSE,05-phoneme,Media,10,NA
ROSE,05-phoneme,Media,11,NA
ROSE,05-phoneme,Media,12,NA
ROSE,05-phoneme,Media,13,NA
ROSE,05-phoneme,Media,14,NA
ROSE,05-phoneme,Media,15,NA
ROSE,05-phoneme,Media,16,NA
ROSE,05-phoneme,Media,17,NA
ROSE,05-phoneme,Media,18,NA
ROSE,05-phoneme,Media,19,NA
ROSE,05-phoneme,Media,20,NA
ROSE,05-phoneme,Media,21,NA
ROSE,05-phoneme,Media,22,NA
ROSE,05-phoneme,Media,23,NA
ROSE,05-phoneme,Media,24,NA
ROSE,05-phoneme,Media,25,NA
ROSE,05-phoneme,Media,26,NA
ROSE,05-phoneme,Media,27,NA
ROSE,05-phoneme,Media,28,NA
ROSE,05-phoneme,Media,29,NA
ROSE,05-phoneme,Media,30,NA
ROSE,05-phoneme,Media,31,NA
ROSE,05-phoneme,Media,32,NA
ROSE,05-phoneme,Media,33,NA
ROSE,05-phoneme,Media,34,NA
ROSE,05-phoneme,Media,35,NA
ROSE,05-phoneme,Media,36,NA
ROSE,05-phoneme,Media,37,NA
ROSE,05-phoneme,Media,38,NA
ROSE,05-phoneme,Media,39,NA
ROSE,05-phoneme,Media,40,NA
ROSE,05-phoneme,Media,41,NA
ROSE,05-phoneme,Media,42,NA
ROSE,05-phoneme,Media,43,NA
ROSE,05-phoneme,Media,44,NA
ROSE,05-phoneme,Media,45,NA
ROSE,05-phoneme,Media,46,NA
ROSE,05-phoneme,Media,48,NA
ROSE,05-phoneme,Media,49,NA
ROSE,05-phoneme,Desvio_Padrao,time,NA
ROSE,05-phoneme,Desvio_Padrao,v1,NA
ROSE,05-phoneme,Desvio_Padrao,v2,NA
ROSE,05-phoneme,Desvio_Padrao,v3,NA
ROSE,05-phoneme,Desvio_Padrao,v4,NA
ROSE,05-phoneme,Desvio_Padrao,v5,NA
ROSE,05-phoneme,Desvio_Padrao,v6,NA
ROSE,05-phoneme,Desvio_Padrao,v7,NA
ROSE,05-phoneme,Desvio_Padrao,v8,NA
ROSE,05-phoneme,Desvio_Padrao,v9,NA
ROSE,05-phoneme,Desvio_Padrao,v10,NA
ROSE,05-phoneme,Desvio_Padrao,v11,NA
ROSE,05-phoneme,Desvio_Padrao,v12,NA
ROSE,05-phoneme,Desvio_Padrao,v13,NA
ROSE,05-phoneme,Desvio_Padrao,v14,NA
ROSE,05-phoneme,Desvio_Padrao,v15,NA
ROSE,05-phoneme,Desvio_Padrao,v16,NA
ROSE,05-phoneme,Desvio_Padrao,v17,NA
ROSE,05-phoneme,Desvio_Padrao,v18,NA
ROSE,05-phoneme,Desvio_Padrao,v19,NA
ROSE,05-phoneme,Desvio_Padrao,v20,NA
ROSE,05-phoneme,Desvio_Padrao,v21,NA
ROSE,05-phoneme,Desvio_Padrao,v22,NA
ROSE,05-phoneme,Desvio_Padrao,v23,NA
ROSE,05-phoneme,Desvio_Padrao,v24,NA
ROSE,05-phoneme,Desvio_Padrao,v25,NA
ROSE,05-phoneme,Desvio_Padrao,v26,NA
ROSE,05-phoneme,Desvio_Padrao,v27,NA
ROSE,05-phoneme,Desvio_Padrao,v28,NA
ROSE,05-phoneme,Desvio_Padrao,amount,NA
ROSE,05-phoneme,Desvio_Padrao,radius1,NA
ROSE,05-phoneme,Desvio_Padrao,texture1,NA
ROSE,05-phoneme,Desvio_Padrao,perimeter1,NA
ROSE,05-phoneme,Desvio_Padrao,area1,NA
ROSE,05-phoneme,Desvio_Padrao,smoothness1,NA
ROSE,05-phoneme,Desvio_Padrao,compactness1,NA
ROSE,05-phoneme,Desvio_Padrao,concavity1,NA
ROSE,05-phoneme,Desvio_Padrao,concave_points1,NA
ROSE,05-phoneme,Desvio_Padrao,symmetry1,NA
ROSE,05-phoneme,Desvio_Padrao,fractal_dimension1,NA
ROSE,05-phoneme,Desvio_Padrao,radius2,NA
ROSE,05-phoneme,Desvio_Padrao,texture2,NA
ROSE,05-phoneme,Desvio_Padrao,perimeter2,NA
ROSE,05-phoneme,Desvio_Padrao,area2,NA
ROSE,05-phoneme,Desvio_Padrao,smoothness2,NA
ROSE,05-phoneme,Desvio_Padrao,compactness2,NA
ROSE,05-phoneme,Desvio_Padrao,concavity2,NA
ROSE,05-phoneme,Desvio_Padrao,concave_points2,NA
ROSE,05-phoneme,Desvio_Padrao,symmetry2,NA
ROSE,05-phoneme,Desvio_Padrao,fractal_dimension2,NA
ROSE,05-phoneme,Desvio_Padrao,radius3,NA
ROSE,05-phoneme,Desvio_Padrao,texture3,NA
ROSE,05-phoneme,Desvio_Padrao,perimeter3,NA
ROSE,05-phoneme,Desvio_Padrao,area3,NA
ROSE,05-phoneme,Desvio_Padrao,smoothness3,NA
ROSE,05-phoneme,Desvio_Padrao,compactness3,NA
ROSE,05-phoneme,Desvio_Padrao,concavity3,NA
ROSE,05-phoneme,Desvio_Padrao,concave_points3,NA
ROSE,05-phoneme,Desvio_Padrao,symmetry3,NA
ROSE,05-phoneme,Desvio_Padrao,fractal_dimension3,NA
ROSE,05-phoneme,Desvio_Padrao,pregnancies,NA
ROSE,05-phoneme,Desvio_Padrao,glucose,NA
ROSE,05-phoneme,Desvio_Padrao,bloodpressure,NA
ROSE,05-phoneme,Desvio_Padrao,skinthickness,NA
ROSE,05-phoneme,Desvio_Padrao,insulin,NA
ROSE,05-phoneme,Desvio_Padrao,bmi,NA
ROSE,05-phoneme,Desvio_Padrao,diabetespedigreefunction,NA
ROSE,05-phoneme,Desvio_Padrao,age,NA
ROSE,05-phoneme,Desvio_Padrao,attribute01,NA
ROSE,05-phoneme,Desvio_Padrao,attribute02,NA
ROSE,05-phoneme,Desvio_Padrao,attribute03,NA
ROSE,05-phoneme,Desvio_Padrao,attribute04,NA
ROSE,05-phoneme,Desvio_Padrao,attribute05,NA
ROSE,05-phoneme,Desvio_Padrao,attribute06,NA
ROSE,05-phoneme,Desvio_Padrao,attribute07,NA
ROSE,05-phoneme,Desvio_Padrao,attribute08,NA
ROSE,05-phoneme,Desvio_Padrao,attribute09,NA
ROSE,05-phoneme,Desvio_Padrao,attribute10,NA
ROSE,05-phoneme,Desvio_Padrao,attribute11,NA
ROSE,05-phoneme,Desvio_Padrao,attribute12,NA
ROSE,05-phoneme,Desvio_Padrao,attribute13,NA
ROSE,05-phoneme,Desvio_Padrao,attribute14,NA
ROSE,05-phoneme,Desvio_Padrao,attribute15,NA
ROSE,05-phoneme,Desvio_Padrao,attribute16,NA
ROSE,05-phoneme,Desvio_Padrao,attribute17,NA
ROSE,05-phoneme,Desvio_Padrao,attribute18,NA
ROSE,05-phoneme,Desvio_Padrao,attribute19,NA
ROSE,05-phoneme,Desvio_Padrao,attribute20,NA
ROSE,05-phoneme,Desvio_Padrao,attribute21,NA
ROSE,05-phoneme,Desvio_Padrao,attribute22,NA
ROSE,05-phoneme,Desvio_Padrao,attribute23,NA
ROSE,05-phoneme,Desvio_Padrao,attribute24,NA
ROSE,05-phoneme,Desvio_Padrao,attribute25,NA
ROSE,05-phoneme,Desvio_Padrao,attribute26,NA
ROSE,05-phoneme,Desvio_Padrao,attribute27,NA
ROSE,05-phoneme,Desvio_Padrao,attribute28,NA
ROSE,05-phoneme,Desvio_Padrao,attribute29,NA
ROSE,05-phoneme,Desvio_Padrao,attribute30,NA
ROSE,05-phoneme,Desvio_Padrao,attribute31,NA
ROSE,05-phoneme,Desvio_Padrao,attribute32,NA
ROSE,05-phoneme,Desvio_Padrao,attribute33,NA
ROSE,05-phoneme,Desvio_Padrao,attribute34,NA
ROSE,05-phoneme,Desvio_Padrao,aa,0.823290656731938
ROSE,05-phoneme,Desvio_Padrao,ao,0.8761583356231549
ROSE,05-phoneme,Desvio_Padrao,dcl,0.9694744973890733
ROSE,05-phoneme,Desvio_Padrao,iy,0.8945787828684266
ROSE,05-phoneme,Desvio_Padrao,sh,0.6985442190602928
ROSE,05-phoneme,Desvio_Padrao,0,NA
ROSE,05-phoneme,Desvio_Padrao,1,NA
ROSE,05-phoneme,Desvio_Padrao,2,NA
ROSE,05-phoneme,Desvio_Padrao,3,NA
ROSE,05-phoneme,Desvio_Padrao,4,NA
ROSE,05-phoneme,Desvio_Padrao,5,NA
ROSE,05-phoneme,Desvio_Padrao,6,NA
ROSE,05-phoneme,Desvio_Padrao,7,NA
ROSE,05-phoneme,Desvio_Padrao,8,NA
ROSE,05-phoneme,Desvio_Padrao,9,NA
ROSE,05-phoneme,Desvio_Padrao,10,NA
ROSE,05-phoneme,Desvio_Padrao,11,NA
ROSE,05-phoneme,Desvio_Padrao,12,NA
ROSE,05-phoneme,Desvio_Padrao,13,NA
ROSE,05-phoneme,Desvio_Padrao,14,NA
ROSE,05-phoneme,Desvio_Padrao,15,NA
ROSE,05-phoneme,Desvio_Padrao,16,NA
ROSE,05-phoneme,Desvio_Padrao,17,NA
ROSE,05-phoneme,Desvio_Padrao,18,NA
ROSE,05-phoneme,Desvio_Padrao,19,NA
ROSE,05-phoneme,Desvio_Padrao,20,NA
ROSE,05-phoneme,Desvio_Padrao,21,NA
ROSE,05-phoneme,Desvio_Padrao,22,NA
ROSE,05-phoneme,Desvio_Padrao,23,NA
ROSE,05-phoneme,Desvio_Padrao,24,NA
ROSE,05-phoneme,Desvio_Padrao,25,NA
ROSE,05-phoneme,Desvio_Padrao,26,NA
ROSE,05-phoneme,Desvio_Padrao,27,NA
ROSE,05-phoneme,Desvio_Padrao,28,NA
ROSE,05-phoneme,Desvio_Padrao,29,NA
ROSE,05-phoneme,Desvio_Padrao,30,NA
ROSE,05-phoneme,Desvio_Padrao,31,NA
ROSE,05-phoneme,Desvio_Padrao,32,NA
ROSE,05-phoneme,Desvio_Padrao,33,NA
ROSE,05-phoneme,Desvio_Padrao,34,NA
ROSE,05-phoneme,Desvio_Padrao,35,NA
ROSE,05-phoneme,Desvio_Padrao,36,NA
ROSE,05-phoneme,Desvio_Padrao,37,NA
ROSE,05-phoneme,Desvio_Padrao,38,NA
ROSE,05-phoneme,Desvio_Padrao,39,NA
ROSE,05-phoneme,Desvio_Padrao,40,NA
ROSE,05-phoneme,Desvio_Padrao,41,NA
ROSE,05-phoneme,Desvio_Padrao,42,NA
ROSE,05-phoneme,Desvio_Padrao,43,NA
ROSE,05-phoneme,Desvio_Padrao,44,NA
ROSE,05-phoneme,Desvio_Padrao,45,NA
ROSE,05-phoneme,Desvio_Padrao,46,NA
ROSE,05-phoneme,Desvio_Padrao,48,NA
ROSE,05-phoneme,Desvio_Padrao,49,NA
ROSE,05-phoneme,Minimo,time,NA
ROSE,05-phoneme,Minimo,v1,NA
ROSE,05-phoneme,Minimo,v2,NA
ROSE,05-phoneme,Minimo,v3,NA
ROSE,05-phoneme,Minimo,v4,NA
ROSE,05-phoneme,Minimo,v5,NA
ROSE,05-phoneme,Minimo,v6,NA
ROSE,05-phoneme,Minimo,v7,NA
ROSE,05-phoneme,Minimo,v8,NA
ROSE,05-phoneme,Minimo,v9,NA
ROSE,05-phoneme,Minimo,v10,NA
ROSE,05-phoneme,Minimo,v11,NA
ROSE,05-phoneme,Minimo,v12,NA
ROSE,05-phoneme,Minimo,v13,NA
ROSE,05-phoneme,Minimo,v14,NA
ROSE,05-phoneme,Minimo,v15,NA
ROSE,05-phoneme,Minimo,v16,NA
ROSE,05-phoneme,Minimo,v17,NA
ROSE,05-phoneme,Minimo,v18,NA
ROSE,05-phoneme,Minimo,v19,NA
ROSE,05-phoneme,Minimo,v20,NA
ROSE,05-phoneme,Minimo,v21,NA
ROSE,05-phoneme,Minimo,v22,NA
ROSE,05-phoneme,Minimo,v23,NA
ROSE,05-phoneme,Minimo,v24,NA
ROSE,05-phoneme,Minimo,v25,NA
ROSE,05-phoneme,Minimo,v26,NA
ROSE,05-phoneme,Minimo,v27,NA
ROSE,05-phoneme,Minimo,v28,NA
ROSE,05-phoneme,Minimo,amount,NA
ROSE,05-phoneme,Minimo,radius1,NA
ROSE,05-phoneme,Minimo,texture1,NA
ROSE,05-phoneme,Minimo,perimeter1,NA
ROSE,05-phoneme,Minimo,area1,NA
ROSE,05-phoneme,Minimo,smoothness1,NA
ROSE,05-phoneme,Minimo,compactness1,NA
ROSE,05-phoneme,Minimo,concavity1,NA
ROSE,05-phoneme,Minimo,concave_points1,NA
ROSE,05-phoneme,Minimo,symmetry1,NA
ROSE,05-phoneme,Minimo,fractal_dimension1,NA
ROSE,05-phoneme,Minimo,radius2,NA
ROSE,05-phoneme,Minimo,texture2,NA
ROSE,05-phoneme,Minimo,perimeter2,NA
ROSE,05-phoneme,Minimo,area2,NA
ROSE,05-phoneme,Minimo,smoothness2,NA
ROSE,05-phoneme,Minimo,compactness2,NA
ROSE,05-phoneme,Minimo,concavity2,NA
ROSE,05-phoneme,Minimo,concave_points2,NA
ROSE,05-phoneme,Minimo,symmetry2,NA
ROSE,05-phoneme,Minimo,fractal_dimension2,NA
ROSE,05-phoneme,Minimo,radius3,NA
ROSE,05-phoneme,Minimo,texture3,NA
ROSE,05-phoneme,Minimo,perimeter3,NA
ROSE,05-phoneme,Minimo,area3,NA
ROSE,05-phoneme,Minimo,smoothness3,NA
ROSE,05-phoneme,Minimo,compactness3,NA
ROSE,05-phoneme,Minimo,concavity3,NA
ROSE,05-phoneme,Minimo,concave_points3,NA
ROSE,05-phoneme,Minimo,symmetry3,NA
ROSE,05-phoneme,Minimo,fractal_dimension3,NA
ROSE,05-phoneme,Minimo,pregnancies,NA
ROSE,05-phoneme,Minimo,glucose,NA
ROSE,05-phoneme,Minimo,bloodpressure,NA
ROSE,05-phoneme,Minimo,skinthickness,NA
ROSE,05-phoneme,Minimo,insulin,NA
ROSE,05-phoneme,Minimo,bmi,NA
ROSE,05-phoneme,Minimo,diabetespedigreefunction,NA
ROSE,05-phoneme,Minimo,age,NA
ROSE,05-phoneme,Minimo,attribute01,NA
ROSE,05-phoneme,Minimo,attribute02,NA
ROSE,05-phoneme,Minimo,attribute03,NA
ROSE,05-phoneme,Minimo,attribute04,NA
ROSE,05-phoneme,Minimo,attribute05,NA
ROSE,05-phoneme,Minimo,attribute06,NA
ROSE,05-phoneme,Minimo,attribute07,NA
ROSE,05-phoneme,Minimo,attribute08,NA
ROSE,05-phoneme,Minimo,attribute09,NA
ROSE,05-phoneme,Minimo,attribute10,NA
ROSE,05-phoneme,Minimo,attribute11,NA
ROSE,05-phoneme,Minimo,attribute12,NA
ROSE,05-phoneme,Minimo,attribute13,NA
ROSE,05-phoneme,Minimo,attribute14,NA
ROSE,05-phoneme,Minimo,attribute15,NA
ROSE,05-phoneme,Minimo,attribute16,NA
ROSE,05-phoneme,Minimo,attribute17,NA
ROSE,05-phoneme,Minimo,attribute18,NA
ROSE,05-phoneme,Minimo,attribute19,NA
ROSE,05-phoneme,Minimo,attribute20,NA
ROSE,05-phoneme,Minimo,attribute21,NA
ROSE,05-phoneme,Minimo,attribute22,NA
ROSE,05-phoneme,Minimo,attribute23,NA
ROSE,05-phoneme,Minimo,attribute24,NA
ROSE,05-phoneme,Minimo,attribute25,NA
ROSE,05-phoneme,Minimo,attribute26,NA
ROSE,05-phoneme,Minimo,attribute27,NA
ROSE,05-phoneme,Minimo,attribute28,NA
ROSE,05-phoneme,Minimo,attribute29,NA
ROSE,05-phoneme,Minimo,attribute30,NA
ROSE,05-phoneme,Minimo,attribute31,NA
ROSE,05-phoneme,Minimo,attribute32,NA
ROSE,05-phoneme,Minimo,attribute33,NA
ROSE,05-phoneme,Minimo,attribute34,NA
ROSE,05-phoneme,Minimo,aa,-2.04446685707404
ROSE,05-phoneme,Minimo,ao,-1.7874449156954455
ROSE,05-phoneme,Minimo,dcl,-2.1285946196529775
ROSE,05-phoneme,Minimo,iy,-1.7994142168453013
ROSE,05-phoneme,Minimo,sh,-1.8094086263027453
ROSE,05-phoneme,Minimo,0,NA
ROSE,05-phoneme,Minimo,1,NA
ROSE,05-phoneme,Minimo,2,NA
ROSE,05-phoneme,Minimo,3,NA
ROSE,05-phoneme,Minimo,4,NA
ROSE,05-phoneme,Minimo,5,NA
ROSE,05-phoneme,Minimo,6,NA
ROSE,05-phoneme,Minimo,7,NA
ROSE,05-phoneme,Minimo,8,NA
ROSE,05-phoneme,Minimo,9,NA
ROSE,05-phoneme,Minimo,10,NA
ROSE,05-phoneme,Minimo,11,NA
ROSE,05-phoneme,Minimo,12,NA
ROSE,05-phoneme,Minimo,13,NA
ROSE,05-phoneme,Minimo,14,NA
ROSE,05-phoneme,Minimo,15,NA
ROSE,05-phoneme,Minimo,16,NA
ROSE,05-phoneme,Minimo,17,NA
ROSE,05-phoneme,Minimo,18,NA
ROSE,05-phoneme,Minimo,19,NA
ROSE,05-phoneme,Minimo,20,NA
ROSE,05-phoneme,Minimo,21,NA
ROSE,05-phoneme,Minimo,22,NA
ROSE,05-phoneme,Minimo,23,NA
ROSE,05-phoneme,Minimo,24,NA
ROSE,05-phoneme,Minimo,25,NA
ROSE,05-phoneme,Minimo,26,NA
ROSE,05-phoneme,Minimo,27,NA
ROSE,05-phoneme,Minimo,28,NA
ROSE,05-phoneme,Minimo,29,NA
ROSE,05-phoneme,Minimo,30,NA
ROSE,05-phoneme,Minimo,31,NA
ROSE,05-phoneme,Minimo,32,NA
ROSE,05-phoneme,Minimo,33,NA
ROSE,05-phoneme,Minimo,34,NA
ROSE,05-phoneme,Minimo,35,NA
ROSE,05-phoneme,Minimo,36,NA
ROSE,05-phoneme,Minimo,37,NA
ROSE,05-phoneme,Minimo,38,NA
ROSE,05-phoneme,Minimo,39,NA
ROSE,05-phoneme,Minimo,40,NA
ROSE,05-phoneme,Minimo,41,NA
ROSE,05-phoneme,Minimo,42,NA
ROSE,05-phoneme,Minimo,43,NA
ROSE,05-phoneme,Minimo,44,NA
ROSE,05-phoneme,Minimo,45,NA
ROSE,05-phoneme,Minimo,46,NA
ROSE,05-phoneme,Minimo,48,NA
ROSE,05-phoneme,Minimo,49,NA
ROSE,05-phoneme,Maximo,time,NA
ROSE,05-phoneme,Maximo,v1,NA
ROSE,05-phoneme,Maximo,v2,NA
ROSE,05-phoneme,Maximo,v3,NA
ROSE,05-phoneme,Maximo,v4,NA
ROSE,05-phoneme,Maximo,v5,NA
ROSE,05-phoneme,Maximo,v6,NA
ROSE,05-phoneme,Maximo,v7,NA
ROSE,05-phoneme,Maximo,v8,NA
ROSE,05-phoneme,Maximo,v9,NA
ROSE,05-phoneme,Maximo,v10,NA
ROSE,05-phoneme,Maximo,v11,NA
ROSE,05-phoneme,Maximo,v12,NA
ROSE,05-phoneme,Maximo,v13,NA
ROSE,05-phoneme,Maximo,v14,NA
ROSE,05-phoneme,Maximo,v15,NA
ROSE,05-phoneme,Maximo,v16,NA
ROSE,05-phoneme,Maximo,v17,NA
ROSE,05-phoneme,Maximo,v18,NA
ROSE,05-phoneme,Maximo,v19,NA
ROSE,05-phoneme,Maximo,v20,NA
ROSE,05-phoneme,Maximo,v21,NA
ROSE,05-phoneme,Maximo,v22,NA
ROSE,05-phoneme,Maximo,v23,NA
ROSE,05-phoneme,Maximo,v24,NA
ROSE,05-phoneme,Maximo,v25,NA
ROSE,05-phoneme,Maximo,v26,NA
ROSE,05-phoneme,Maximo,v27,NA
ROSE,05-phoneme,Maximo,v28,NA
ROSE,05-phoneme,Maximo,amount,NA
ROSE,05-phoneme,Maximo,radius1,NA
ROSE,05-phoneme,Maximo,texture1,NA
ROSE,05-phoneme,Maximo,perimeter1,NA
ROSE,05-phoneme,Maximo,area1,NA
ROSE,05-phoneme,Maximo,smoothness1,NA
ROSE,05-phoneme,Maximo,compactness1,NA
ROSE,05-phoneme,Maximo,concavity1,NA
ROSE,05-phoneme,Maximo,concave_points1,NA
ROSE,05-phoneme,Maximo,symmetry1,NA
ROSE,05-phoneme,Maximo,fractal_dimension1,NA
ROSE,05-phoneme,Maximo,radius2,NA
ROSE,05-phoneme,Maximo,texture2,NA
ROSE,05-phoneme,Maximo,perimeter2,NA
ROSE,05-phoneme,Maximo,area2,NA
ROSE,05-phoneme,Maximo,smoothness2,NA
ROSE,05-phoneme,Maximo,compactness2,NA
ROSE,05-phoneme,Maximo,concavity2,NA
ROSE,05-phoneme,Maximo,concave_points2,NA
ROSE,05-phoneme,Maximo,symmetry2,NA
ROSE,05-phoneme,Maximo,fractal_dimension2,NA
ROSE,05-phoneme,Maximo,radius3,NA
ROSE,05-phoneme,Maximo,texture3,NA
ROSE,05-phoneme,Maximo,perimeter3,NA
ROSE,05-phoneme,Maximo,area3,NA
ROSE,05-phoneme,Maximo,smoothness3,NA
ROSE,05-phoneme,Maximo,compactness3,NA
ROSE,05-phoneme,Maximo,concavity3,NA
ROSE,05-phoneme,Maximo,concave_points3,NA
ROSE,05-phoneme,Maximo,symmetry3,NA
ROSE,05-phoneme,Maximo,fractal_dimension3,NA
ROSE,05-phoneme,Maximo,pregnancies,NA
ROSE,05-phoneme,Maximo,glucose,NA
ROSE,05-phoneme,Maximo,bloodpressure,NA
ROSE,05-phoneme,Maximo,skinthickness,NA
ROSE,05-phoneme,Maximo,insulin,NA
ROSE,05-phoneme,Maximo,bmi,NA
ROSE,05-phoneme,Maximo,diabetespedigreefunction,NA
ROSE,05-phoneme,Maximo,age,NA
ROSE,05-phoneme,Maximo,attribute01,NA
ROSE,05-phoneme,Maximo,attribute02,NA
ROSE,05-phoneme,Maximo,attribute03,NA
ROSE,05-phoneme,Maximo,attribute04,NA
ROSE,05-phoneme,Maximo,attribute05,NA
ROSE,05-phoneme,Maximo,attribute06,NA
ROSE,05-phoneme,Maximo,attribute07,NA
ROSE,05-phoneme,Maximo,attribute08,NA
ROSE,05-phoneme,Maximo,attribute09,NA
ROSE,05-phoneme,Maximo,attribute10,NA
ROSE,05-phoneme,Maximo,attribute11,NA
ROSE,05-phoneme,Maximo,attribute12,NA
ROSE,05-phoneme,Maximo,attribute13,NA
ROSE,05-phoneme,Maximo,attribute14,NA
ROSE,05-phoneme,Maximo,attribute15,NA
ROSE,05-phoneme,Maximo,attribute16,NA
ROSE,05-phoneme,Maximo,attribute17,NA
ROSE,05-phoneme,Maximo,attribute18,NA
ROSE,05-phoneme,Maximo,attribute19,NA
ROSE,05-phoneme,Maximo,attribute20,NA
ROSE,05-phoneme,Maximo,attribute21,NA
ROSE,05-phoneme,Maximo,attribute22,NA
ROSE,05-phoneme,Maximo,attribute23,NA
ROSE,05-phoneme,Maximo,attribute24,NA
ROSE,05-phoneme,Maximo,attribute25,NA
ROSE,05-phoneme,Maximo,attribute26,NA
ROSE,05-phoneme,Maximo,attribute27,NA
ROSE,05-phoneme,Maximo,attribute28,NA
ROSE,05-phoneme,Maximo,attribute29,NA
ROSE,05-phoneme,Maximo,attribute30,NA
ROSE,05-phoneme,Maximo,attribute31,NA
ROSE,05-phoneme,Maximo,attribute32,NA
ROSE,05-phoneme,Maximo,attribute33,NA
ROSE,05-phoneme,Maximo,attribute34,NA
ROSE,05-phoneme,Maximo,aa,4.694388270821384
ROSE,05-phoneme,Maximo,ao,4.831085135312623
ROSE,05-phoneme,Maximo,dcl,3.560169997276556
ROSE,05-phoneme,Maximo,iy,3.1436947812119835
ROSE,05-phoneme,Maximo,sh,2.682191427787714
ROSE,05-phoneme,Maximo,0,NA
ROSE,05-phoneme,Maximo,1,NA
ROSE,05-phoneme,Maximo,2,NA
ROSE,05-phoneme,Maximo,3,NA
ROSE,05-phoneme,Maximo,4,NA
ROSE,05-phoneme,Maximo,5,NA
ROSE,05-phoneme,Maximo,6,NA
ROSE,05-phoneme,Maximo,7,NA
ROSE,05-phoneme,Maximo,8,NA
ROSE,05-phoneme,Maximo,9,NA
ROSE,05-phoneme,Maximo,10,NA
ROSE,05-phoneme,Maximo,11,NA
ROSE,05-phoneme,Maximo,12,NA
ROSE,05-phoneme,Maximo,13,NA
ROSE,05-phoneme,Maximo,14,NA
ROSE,05-phoneme,Maximo,15,NA
ROSE,05-phoneme,Maximo,16,NA
ROSE,05-phoneme,Maximo,17,NA
ROSE,05-phoneme,Maximo,18,NA
ROSE,05-phoneme,Maximo,19,NA
ROSE,05-phoneme,Maximo,20,NA
ROSE,05-phoneme,Maximo,21,NA
ROSE,05-phoneme,Maximo,22,NA
ROSE,05-phoneme,Maximo,23,NA
ROSE,05-phoneme,Maximo,24,NA
ROSE,05-phoneme,Maximo,25,NA
ROSE,05-phoneme,Maximo,26,NA
ROSE,05-phoneme,Maximo,27,NA
ROSE,05-phoneme,Maximo,28,NA
ROSE,05-phoneme,Maximo,29,NA
ROSE,05-phoneme,Maximo,30,NA
ROSE,05-phoneme,Maximo,31,NA
ROSE,05-phoneme,Maximo,32,NA
ROSE,05-phoneme,Maximo,33,NA
ROSE,05-phoneme,Maximo,34,NA
ROSE,05-phoneme,Maximo,35,NA
ROSE,05-phoneme,Maximo,36,NA
ROSE,05-phoneme,Maximo,37,NA
ROSE,05-phoneme,Maximo,38,NA
ROSE,05-phoneme,Maximo,39,NA
ROSE,05-phoneme,Maximo,40,NA
ROSE,05-phoneme,Maximo,41,NA
ROSE,05-phoneme,Maximo,42,NA
ROSE,05-phoneme,Maximo,43,NA
ROSE,05-phoneme,Maximo,44,NA
ROSE,05-phoneme,Maximo,45,NA
ROSE,05-phoneme,Maximo,46,NA
ROSE,05-phoneme,Maximo,48,NA
ROSE,05-phoneme,Maximo,49,NA
ROSE,06-The Mammography (Kevin Woods),Media,time,NA
ROSE,06-The Mammography (Kevin Woods),Media,v1,NA
ROSE,06-The Mammography (Kevin Woods),Media,v2,NA
ROSE,06-The Mammography (Kevin Woods),Media,v3,NA
ROSE,06-The Mammography (Kevin Woods),Media,v4,NA
ROSE,06-The Mammography (Kevin Woods),Media,v5,NA
ROSE,06-The Mammography (Kevin Woods),Media,v6,NA
ROSE,06-The Mammography (Kevin Woods),Media,v7,NA
ROSE,06-The Mammography (Kevin Woods),Media,v8,NA
ROSE,06-The Mammography (Kevin Woods),Media,v9,NA
ROSE,06-The Mammography (Kevin Woods),Media,v10,NA
ROSE,06-The Mammography (Kevin Woods),Media,v11,NA
ROSE,06-The Mammography (Kevin Woods),Media,v12,NA
ROSE,06-The Mammography (Kevin Woods),Media,v13,NA
ROSE,06-The Mammography (Kevin Woods),Media,v14,NA
ROSE,06-The Mammography (Kevin Woods),Media,v15,NA
ROSE,06-The Mammography (Kevin Woods),Media,v16,NA
ROSE,06-The Mammography (Kevin Woods),Media,v17,NA
ROSE,06-The Mammography (Kevin Woods),Media,v18,NA
ROSE,06-The Mammography (Kevin Woods),Media,v19,NA
ROSE,06-The Mammography (Kevin Woods),Media,v20,NA
ROSE,06-The Mammography (Kevin Woods),Media,v21,NA
ROSE,06-The Mammography (Kevin Woods),Media,v22,NA
ROSE,06-The Mammography (Kevin Woods),Media,v23,NA
ROSE,06-The Mammography (Kevin Woods),Media,v24,NA
ROSE,06-The Mammography (Kevin Woods),Media,v25,NA
ROSE,06-The Mammography (Kevin Woods),Media,v26,NA
ROSE,06-The Mammography (Kevin Woods),Media,v27,NA
ROSE,06-The Mammography (Kevin Woods),Media,v28,NA
ROSE,06-The Mammography (Kevin Woods),Media,amount,NA
ROSE,06-The Mammography (Kevin Woods),Media,radius1,NA
ROSE,06-The Mammography (Kevin Woods),Media,texture1,NA
ROSE,06-The Mammography (Kevin Woods),Media,perimeter1,NA
ROSE,06-The Mammography (Kevin Woods),Media,area1,NA
ROSE,06-The Mammography (Kevin Woods),Media,smoothness1,NA
ROSE,06-The Mammography (Kevin Woods),Media,compactness1,NA
ROSE,06-The Mammography (Kevin Woods),Media,concavity1,NA
ROSE,06-The Mammography (Kevin Woods),Media,concave_points1,NA
ROSE,06-The Mammography (Kevin Woods),Media,symmetry1,NA
ROSE,06-The Mammography (Kevin Woods),Media,fractal_dimension1,NA
ROSE,06-The Mammography (Kevin Woods),Media,radius2,NA
ROSE,06-The Mammography (Kevin Woods),Media,texture2,NA
ROSE,06-The Mammography (Kevin Woods),Media,perimeter2,NA
ROSE,06-The Mammography (Kevin Woods),Media,area2,NA
ROSE,06-The Mammography (Kevin Woods),Media,smoothness2,NA
ROSE,06-The Mammography (Kevin Woods),Media,compactness2,NA
ROSE,06-The Mammography (Kevin Woods),Media,concavity2,NA
ROSE,06-The Mammography (Kevin Woods),Media,concave_points2,NA
ROSE,06-The Mammography (Kevin Woods),Media,symmetry2,NA
ROSE,06-The Mammography (Kevin Woods),Media,fractal_dimension2,NA
ROSE,06-The Mammography (Kevin Woods),Media,radius3,NA
ROSE,06-The Mammography (Kevin Woods),Media,texture3,NA
ROSE,06-The Mammography (Kevin Woods),Media,perimeter3,NA
ROSE,06-The Mammography (Kevin Woods),Media,area3,NA
ROSE,06-The Mammography (Kevin Woods),Media,smoothness3,NA
ROSE,06-The Mammography (Kevin Woods),Media,compactness3,NA
ROSE,06-The Mammography (Kevin Woods),Media,concavity3,NA
ROSE,06-The Mammography (Kevin Woods),Media,concave_points3,NA
ROSE,06-The Mammography (Kevin Woods),Media,symmetry3,NA
ROSE,06-The Mammography (Kevin Woods),Media,fractal_dimension3,NA
ROSE,06-The Mammography (Kevin Woods),Media,pregnancies,NA
ROSE,06-The Mammography (Kevin Woods),Media,glucose,NA
ROSE,06-The Mammography (Kevin Woods),Media,bloodpressure,NA
ROSE,06-The Mammography (Kevin Woods),Media,skinthickness,NA
ROSE,06-The Mammography (Kevin Woods),Media,insulin,NA
ROSE,06-The Mammography (Kevin Woods),Media,bmi,NA
ROSE,06-The Mammography (Kevin Woods),Media,diabetespedigreefunction,NA
ROSE,06-The Mammography (Kevin Woods),Media,age,NA
ROSE,06-The Mammography (Kevin Woods),Media,attribute01,NA
ROSE,06-The Mammography (Kevin Woods),Media,attribute02,NA
ROSE,06-The Mammography (Kevin Woods),Media,attribute03,NA
ROSE,06-The Mammography (Kevin Woods),Media,attribute04,NA
ROSE,06-The Mammography (Kevin Woods),Media,attribute05,NA
ROSE,06-The Mammography (Kevin Woods),Media,attribute06,NA
ROSE,06-The Mammography (Kevin Woods),Media,attribute07,NA
ROSE,06-The Mammography (Kevin Woods),Media,attribute08,NA
ROSE,06-The Mammography (Kevin Woods),Media,attribute09,NA
ROSE,06-The Mammography (Kevin Woods),Media,attribute10,NA
ROSE,06-The Mammography (Kevin Woods),Media,attribute11,NA
ROSE,06-The Mammography (Kevin Woods),Media,attribute12,NA
ROSE,06-The Mammography (Kevin Woods),Media,attribute13,NA
ROSE,06-The Mammography (Kevin Woods),Media,attribute14,NA
ROSE,06-The Mammography (Kevin Woods),Media,attribute15,NA
ROSE,06-The Mammography (Kevin Woods),Media,attribute16,NA
ROSE,06-The Mammography (Kevin Woods),Media,attribute17,NA
ROSE,06-The Mammography (Kevin Woods),Media,attribute18,NA
ROSE,06-The Mammography (Kevin Woods),Media,attribute19,NA
ROSE,06-The Mammography (Kevin Woods),Media,attribute20,NA
ROSE,06-The Mammography (Kevin Woods),Media,attribute21,NA
ROSE,06-The Mammography (Kevin Woods),Media,attribute22,NA
ROSE,06-The Mammography (Kevin Woods),Media,attribute23,NA
ROSE,06-The Mammography (Kevin Woods),Media,attribute24,NA
ROSE,06-The Mammography (Kevin Woods),Media,attribute25,NA
ROSE,06-The Mammography (Kevin Woods),Media,attribute26,NA
ROSE,06-The Mammography (Kevin Woods),Media,attribute27,NA
ROSE,06-The Mammography (Kevin Woods),Media,attribute28,NA
ROSE,06-The Mammography (Kevin Woods),Media,attribute29,NA
ROSE,06-The Mammography (Kevin Woods),Media,attribute30,NA
ROSE,06-The Mammography (Kevin Woods),Media,attribute31,NA
ROSE,06-The Mammography (Kevin Woods),Media,attribute32,NA
ROSE,06-The Mammography (Kevin Woods),Media,attribute33,NA
ROSE,06-The Mammography (Kevin Woods),Media,attribute34,NA
ROSE,06-The Mammography (Kevin Woods),Media,aa,NA
ROSE,06-The Mammography (Kevin Woods),Media,ao,NA
ROSE,06-The Mammography (Kevin Woods),Media,dcl,NA
ROSE,06-The Mammography (Kevin Woods),Media,iy,NA
ROSE,06-The Mammography (Kevin Woods),Media,sh,NA
ROSE,06-The Mammography (Kevin Woods),Media,0,1.0965358607373337e-10
ROSE,06-The Mammography (Kevin Woods),Media,1,1.297594556552915e-9
ROSE,06-The Mammography (Kevin Woods),Media,2,5.698113058629049e-10
ROSE,06-The Mammography (Kevin Woods),Media,3,-2.4357059682443605e-9
ROSE,06-The Mammography (Kevin Woods),Media,4,-1.1206796110172243e-9
ROSE,06-The Mammography (Kevin Woods),Media,5,1.4594831624406783e-9
ROSE,06-The Mammography (Kevin Woods),Media,6,NA
ROSE,06-The Mammography (Kevin Woods),Media,7,NA
ROSE,06-The Mammography (Kevin Woods),Media,8,NA
ROSE,06-The Mammography (Kevin Woods),Media,9,NA
ROSE,06-The Mammography (Kevin Woods),Media,10,NA
ROSE,06-The Mammography (Kevin Woods),Media,11,NA
ROSE,06-The Mammography (Kevin Woods),Media,12,NA
ROSE,06-The Mammography (Kevin Woods),Media,13,NA
ROSE,06-The Mammography (Kevin Woods),Media,14,NA
ROSE,06-The Mammography (Kevin Woods),Media,15,NA
ROSE,06-The Mammography (Kevin Woods),Media,16,NA
ROSE,06-The Mammography (Kevin Woods),Media,17,NA
ROSE,06-The Mammography (Kevin Woods),Media,18,NA
ROSE,06-The Mammography (Kevin Woods),Media,19,NA
ROSE,06-The Mammography (Kevin Woods),Media,20,NA
ROSE,06-The Mammography (Kevin Woods),Media,21,NA
ROSE,06-The Mammography (Kevin Woods),Media,22,NA
ROSE,06-The Mammography (Kevin Woods),Media,23,NA
ROSE,06-The Mammography (Kevin Woods),Media,24,NA
ROSE,06-The Mammography (Kevin Woods),Media,25,NA
ROSE,06-The Mammography (Kevin Woods),Media,26,NA
ROSE,06-The Mammography (Kevin Woods),Media,27,NA
ROSE,06-The Mammography (Kevin Woods),Media,28,NA
ROSE,06-The Mammography (Kevin Woods),Media,29,NA
ROSE,06-The Mammography (Kevin Woods),Media,30,NA
ROSE,06-The Mammography (Kevin Woods),Media,31,NA
ROSE,06-The Mammography (Kevin Woods),Media,32,NA
ROSE,06-The Mammography (Kevin Woods),Media,33,NA
ROSE,06-The Mammography (Kevin Woods),Media,34,NA
ROSE,06-The Mammography (Kevin Woods),Media,35,NA
ROSE,06-The Mammography (Kevin Woods),Media,36,NA
ROSE,06-The Mammography (Kevin Woods),Media,37,NA
ROSE,06-The Mammography (Kevin Woods),Media,38,NA
ROSE,06-The Mammography (Kevin Woods),Media,39,NA
ROSE,06-The Mammography (Kevin Woods),Media,40,NA
ROSE,06-The Mammography (Kevin Woods),Media,41,NA
ROSE,06-The Mammography (Kevin Woods),Media,42,NA
ROSE,06-The Mammography (Kevin Woods),Media,43,NA
ROSE,06-The Mammography (Kevin Woods),Media,44,NA
ROSE,06-The Mammography (Kevin Woods),Media,45,NA
ROSE,06-The Mammography (Kevin Woods),Media,46,NA
ROSE,06-The Mammography (Kevin Woods),Media,48,NA
ROSE,06-The Mammography (Kevin Woods),Media,49,NA
ROSE,06-The Mammography (Kevin Woods),Desvio_Padrao,time,NA
ROSE,06-The Mammography (Kevin Woods),Desvio_Padrao,v1,NA
ROSE,06-The Mammography (Kevin Woods),Desvio_Padrao,v2,NA
ROSE,06-The Mammography (Kevin Woods),Desvio_Padrao,v3,NA
ROSE,06-The Mammography (Kevin Woods),Desvio_Padrao,v4,NA
ROSE,06-The Mammography (Kevin Woods),Desvio_Padrao,v5,NA
ROSE,06-The Mammography (Kevin Woods),Desvio_Padrao,v6,NA
ROSE,06-The Mammography (Kevin Woods),Desvio_Padrao,v7,NA
ROSE,06-The Mammography (Kevin Woods),Desvio_Padrao,v8,NA
ROSE,06-The Mammography (Kevin Woods),Desvio_Padrao,v9,NA
ROSE,06-The Mammography (Kevin Woods),Desvio_Padrao,v10,NA
ROSE,06-The Mammography (Kevin Woods),Desvio_Padrao,v11,NA
ROSE,06-The Mammography (Kevin Woods),Desvio_Padrao,v12,NA
ROSE,06-The Mammography (Kevin Woods),Desvio_Padrao,v13,NA
ROSE,06-The Mammography (Kevin Woods),Desvio_Padrao,v14,NA
ROSE,06-The Mammography (Kevin Woods),Desvio_Padrao,v15,NA
ROSE,06-The Mammography (Kevin Woods),Desvio_Padrao,v16,NA
ROSE,06-The Mammography (Kevin Woods),Desvio_Padrao,v17,NA
ROSE,06-The Mammography (Kevin Woods),Desvio_Padrao,v18,NA
ROSE,06-The Mammography (Kevin Woods),Desvio_Padrao,v19,NA
ROSE,06-The Mammography (Kevin Woods),Desvio_Padrao,v20,NA
ROSE,06-The Mammography (Kevin Woods),Desvio_Padrao,v21,NA
ROSE,06-The Mammography (Kevin Woods),Desvio_Padrao,v22,NA
ROSE,06-The Mammography (Kevin Woods),Desvio_Padrao,v23,NA
ROSE,06-The Mammography (Kevin Woods),Desvio_Padrao,v24,NA
ROSE,06-The Mammography (Kevin Woods),Desvio_Padrao,v25,NA
ROSE,06-The Mammography (Kevin Woods),Desvio_Padrao,v26,NA
ROSE,06-The Mammography (Kevin Woods),Desvio_Padrao,v27,NA
ROSE,06-The Mammography (Kevin Woods),Desvio_Padrao,v28,NA
ROSE,06-The Mammography (Kevin Woods),Desvio_Padrao,amount,NA
ROSE,06-The Mammography (Kevin Woods),Desvio_Padrao,radius1,NA
ROSE,06-The Mammography (Kevin Woods),Desvio_Padrao,texture1,NA
ROSE,06-The Mammography (Kevin Woods),Desvio_Padrao,perimeter1,NA
ROSE,06-The Mammography (Kevin Woods),Desvio_Padrao,area1,NA
ROSE,06-The Mammography (Kevin Woods),Desvio_Padrao,smoothness1,NA
ROSE,06-The Mammography (Kevin Woods),Desvio_Padrao,compactness1,NA
ROSE,06-The Mammography (Kevin Woods),Desvio_Padrao,concavity1,NA
ROSE,06-The Mammography (Kevin Woods),Desvio_Padrao,concave_points1,NA
ROSE,06-The Mammography (Kevin Woods),Desvio_Padrao,symmetry1,NA
ROSE,06-The Mammography (Kevin Woods),Desvio_Padrao,fractal_dimension1,NA
ROSE,06-The Mammography (Kevin Woods),Desvio_Padrao,radius2,NA
ROSE,06-The Mammography (Kevin Woods),Desvio_Padrao,texture2,NA
ROSE,06-The Mammography (Kevin Woods),Desvio_Padrao,perimeter2,NA
ROSE,06-The Mammography (Kevin Woods),Desvio_Padrao,area2,NA
ROSE,06-The Mammography (Kevin Woods),Desvio_Padrao,smoothness2,NA
ROSE,06-The Mammography (Kevin Woods),Desvio_Padrao,compactness2,NA
ROSE,06-The Mammography (Kevin Woods),Desvio_Padrao,concavity2,NA
ROSE,06-The Mammography (Kevin Woods),Desvio_Padrao,concave_points2,NA
ROSE,06-The Mammography (Kevin Woods),Desvio_Padrao,symmetry2,NA
ROSE,06-The Mammography (Kevin Woods),Desvio_Padrao,fractal_dimension2,NA
ROSE,06-The Mammography (Kevin Woods),Desvio_Padrao,radius3,NA
ROSE,06-The Mammography (Kevin Woods),Desvio_Padrao,texture3,NA
ROSE,06-The Mammography (Kevin Woods),Desvio_Padrao,perimeter3,NA
ROSE,06-The Mammography (Kevin Woods),Desvio_Padrao,area3,NA
ROSE,06-The Mammography (Kevin Woods),Desvio_Padrao,smoothness3,NA
ROSE,06-The Mammography (Kevin Woods),Desvio_Padrao,compactness3,NA
ROSE,06-The Mammography (Kevin Woods),Desvio_Padrao,concavity3,NA
ROSE,06-The Mammography (Kevin Woods),Desvio_Padrao,concave_points3,NA
ROSE,06-The Mammography (Kevin Woods),Desvio_Padrao,symmetry3,NA
ROSE,06-The Mammography (Kevin Woods),Desvio_Padrao,fractal_dimension3,NA
ROSE,06-The Mammography (Kevin Woods),Desvio_Padrao,pregnancies,NA
ROSE,06-The Mammography (Kevin Woods),Desvio_Padrao,glucose,NA
ROSE,06-The Mammography (Kevin Woods),Desvio_Padrao,bloodpressure,NA
ROSE,06-The Mammography (Kevin Woods),Desvio_Padrao,skinthickness,NA
ROSE,06-The Mammography (Kevin Woods),Desvio_Padrao,insulin,NA
ROSE,06-The Mammography (Kevin Woods),Desvio_Padrao,bmi,NA
ROSE,06-The Mammography (Kevin Woods),Desvio_Padrao,diabetespedigreefunction,NA
ROSE,06-The Mammography (Kevin Woods),Desvio_Padrao,age,NA
ROSE,06-The Mammography (Kevin Woods),Desvio_Padrao,attribute01,NA
ROSE,06-The Mammography (Kevin Woods),Desvio_Padrao,attribute02,NA
ROSE,06-The Mammography (Kevin Woods),Desvio_Padrao,attribute03,NA
ROSE,06-The Mammography (Kevin Woods),Desvio_Padrao,attribute04,NA
ROSE,06-The Mammography (Kevin Woods),Desvio_Padrao,attribute05,NA
ROSE,06-The Mammography (Kevin Woods),Desvio_Padrao,attribute06,NA
ROSE,06-The Mammography (Kevin Woods),Desvio_Padrao,attribute07,NA
ROSE,06-The Mammography (Kevin Woods),Desvio_Padrao,attribute08,NA
ROSE,06-The Mammography (Kevin Woods),Desvio_Padrao,attribute09,NA
ROSE,06-The Mammography (Kevin Woods),Desvio_Padrao,attribute10,NA
ROSE,06-The Mammography (Kevin Woods),Desvio_Padrao,attribute11,NA
ROSE,06-The Mammography (Kevin Woods),Desvio_Padrao,attribute12,NA
ROSE,06-The Mammography (Kevin Woods),Desvio_Padrao,attribute13,NA
ROSE,06-The Mammography (Kevin Woods),Desvio_Padrao,attribute14,NA
ROSE,06-The Mammography (Kevin Woods),Desvio_Padrao,attribute15,NA
ROSE,06-The Mammography (Kevin Woods),Desvio_Padrao,attribute16,NA
ROSE,06-The Mammography (Kevin Woods),Desvio_Padrao,attribute17,NA
ROSE,06-The Mammography (Kevin Woods),Desvio_Padrao,attribute18,NA
ROSE,06-The Mammography (Kevin Woods),Desvio_Padrao,attribute19,NA
ROSE,06-The Mammography (Kevin Woods),Desvio_Padrao,attribute20,NA
ROSE,06-The Mammography (Kevin Woods),Desvio_Padrao,attribute21,NA
ROSE,06-The Mammography (Kevin Woods),Desvio_Padrao,attribute22,NA
ROSE,06-The Mammography (Kevin Woods),Desvio_Padrao,attribute23,NA
ROSE,06-The Mammography (Kevin Woods),Desvio_Padrao,attribute24,NA
ROSE,06-The Mammography (Kevin Woods),Desvio_Padrao,attribute25,NA
ROSE,06-The Mammography (Kevin Woods),Desvio_Padrao,attribute26,NA
ROSE,06-The Mammography (Kevin Woods),Desvio_Padrao,attribute27,NA
ROSE,06-The Mammography (Kevin Woods),Desvio_Padrao,attribute28,NA
ROSE,06-The Mammography (Kevin Woods),Desvio_Padrao,attribute29,NA
ROSE,06-The Mammography (Kevin Woods),Desvio_Padrao,attribute30,NA
ROSE,06-The Mammography (Kevin Woods),Desvio_Padrao,attribute31,NA
ROSE,06-The Mammography (Kevin Woods),Desvio_Padrao,attribute32,NA
ROSE,06-The Mammography (Kevin Woods),Desvio_Padrao,attribute33,NA
ROSE,06-The Mammography (Kevin Woods),Desvio_Padrao,attribute34,NA
ROSE,06-The Mammography (Kevin Woods),Desvio_Padrao,aa,NA
ROSE,06-The Mammography (Kevin Woods),Desvio_Padrao,ao,NA
ROSE,06-The Mammography (Kevin Woods),Desvio_Padrao,dcl,NA
ROSE,06-The Mammography (Kevin Woods),Desvio_Padrao,iy,NA
ROSE,06-The Mammography (Kevin Woods),Desvio_Padrao,sh,NA
ROSE,06-The Mammography (Kevin Woods),Desvio_Padrao,0,1.0000000020730546
ROSE,06-The Mammography (Kevin Woods),Desvio_Padrao,1,1.0000000002552185
ROSE,06-The Mammography (Kevin Woods),Desvio_Padrao,2,1.0000000027226132
ROSE,06-The Mammography (Kevin Woods),Desvio_Padrao,3,1.0000000019453175
ROSE,06-The Mammography (Kevin Woods),Desvio_Padrao,4,0.9999999990706715
ROSE,06-The Mammography (Kevin Woods),Desvio_Padrao,5,0.9999999983377108
ROSE,06-The Mammography (Kevin Woods),Desvio_Padrao,6,NA
ROSE,06-The Mammography (Kevin Woods),Desvio_Padrao,7,NA
ROSE,06-The Mammography (Kevin Woods),Desvio_Padrao,8,NA
ROSE,06-The Mammography (Kevin Woods),Desvio_Padrao,9,NA
ROSE,06-The Mammography (Kevin Woods),Desvio_Padrao,10,NA
ROSE,06-The Mammography (Kevin Woods),Desvio_Padrao,11,NA
ROSE,06-The Mammography (Kevin Woods),Desvio_Padrao,12,NA
ROSE,06-The Mammography (Kevin Woods),Desvio_Padrao,13,NA
ROSE,06-The Mammography (Kevin Woods),Desvio_Padrao,14,NA
ROSE,06-The Mammography (Kevin Woods),Desvio_Padrao,15,NA
ROSE,06-The Mammography (Kevin Woods),Desvio_Padrao,16,NA
ROSE,06-The Mammography (Kevin Woods),Desvio_Padrao,17,NA
ROSE,06-The Mammography (Kevin Woods),Desvio_Padrao,18,NA
ROSE,06-The Mammography (Kevin Woods),Desvio_Padrao,19,NA
ROSE,06-The Mammography (Kevin Woods),Desvio_Padrao,20,NA
ROSE,06-The Mammography (Kevin Woods),Desvio_Padrao,21,NA
ROSE,06-The Mammography (Kevin Woods),Desvio_Padrao,22,NA
ROSE,06-The Mammography (Kevin Woods),Desvio_Padrao,23,NA
ROSE,06-The Mammography (Kevin Woods),Desvio_Padrao,24,NA
ROSE,06-The Mammography (Kevin Woods),Desvio_Padrao,25,NA
ROSE,06-The Mammography (Kevin Woods),Desvio_Padrao,26,NA
ROSE,06-The Mammography (Kevin Woods),Desvio_Padrao,27,NA
ROSE,06-The Mammography (Kevin Woods),Desvio_Padrao,28,NA
ROSE,06-The Mammography (Kevin Woods),Desvio_Padrao,29,NA
ROSE,06-The Mammography (Kevin Woods),Desvio_Padrao,30,NA
ROSE,06-The Mammography (Kevin Woods),Desvio_Padrao,31,NA
ROSE,06-The Mammography (Kevin Woods),Desvio_Padrao,32,NA
ROSE,06-The Mammography (Kevin Woods),Desvio_Padrao,33,NA
ROSE,06-The Mammography (Kevin Woods),Desvio_Padrao,34,NA
ROSE,06-The Mammography (Kevin Woods),Desvio_Padrao,35,NA
ROSE,06-The Mammography (Kevin Woods),Desvio_Padrao,36,NA
ROSE,06-The Mammography (Kevin Woods),Desvio_Padrao,37,NA
ROSE,06-The Mammography (Kevin Woods),Desvio_Padrao,38,NA
ROSE,06-The Mammography (Kevin Woods),Desvio_Padrao,39,NA
ROSE,06-The Mammography (Kevin Woods),Desvio_Padrao,40,NA
ROSE,06-The Mammography (Kevin Woods),Desvio_Padrao,41,NA
ROSE,06-The Mammography (Kevin Woods),Desvio_Padrao,42,NA
ROSE,06-The Mammography (Kevin Woods),Desvio_Padrao,43,NA
ROSE,06-The Mammography (Kevin Woods),Desvio_Padrao,44,NA
ROSE,06-The Mammography (Kevin Woods),Desvio_Padrao,45,NA
ROSE,06-The Mammography (Kevin Woods),Desvio_Padrao,46,NA
ROSE,06-The Mammography (Kevin Woods),Desvio_Padrao,48,NA
ROSE,06-The Mammography (Kevin Woods),Desvio_Padrao,49,NA
ROSE,06-The Mammography (Kevin Woods),Minimo,time,NA
ROSE,06-The Mammography (Kevin Woods),Minimo,v1,NA
ROSE,06-The Mammography (Kevin Woods),Minimo,v2,NA
ROSE,06-The Mammography (Kevin Woods),Minimo,v3,NA
ROSE,06-The Mammography (Kevin Woods),Minimo,v4,NA
ROSE,06-The Mammography (Kevin Woods),Minimo,v5,NA
ROSE,06-The Mammography (Kevin Woods),Minimo,v6,NA
ROSE,06-The Mammography (Kevin Woods),Minimo,v7,NA
ROSE,06-The Mammography (Kevin Woods),Minimo,v8,NA
ROSE,06-The Mammography (Kevin Woods),Minimo,v9,NA
ROSE,06-The Mammography (Kevin Woods),Minimo,v10,NA
ROSE,06-The Mammography (Kevin Woods),Minimo,v11,NA
ROSE,06-The Mammography (Kevin Woods),Minimo,v12,NA
ROSE,06-The Mammography (Kevin Woods),Minimo,v13,NA
ROSE,06-The Mammography (Kevin Woods),Minimo,v14,NA
ROSE,06-The Mammography (Kevin Woods),Minimo,v15,NA
ROSE,06-The Mammography (Kevin Woods),Minimo,v16,NA
ROSE,06-The Mammography (Kevin Woods),Minimo,v17,NA
ROSE,06-The Mammography (Kevin Woods),Minimo,v18,NA
ROSE,06-The Mammography (Kevin Woods),Minimo,v19,NA
ROSE,06-The Mammography (Kevin Woods),Minimo,v20,NA
ROSE,06-The Mammography (Kevin Woods),Minimo,v21,NA
ROSE,06-The Mammography (Kevin Woods),Minimo,v22,NA
ROSE,06-The Mammography (Kevin Woods),Minimo,v23,NA
ROSE,06-The Mammography (Kevin Woods),Minimo,v24,NA
ROSE,06-The Mammography (Kevin Woods),Minimo,v25,NA
ROSE,06-The Mammography (Kevin Woods),Minimo,v26,NA
ROSE,06-The Mammography (Kevin Woods),Minimo,v27,NA
ROSE,06-The Mammography (Kevin Woods),Minimo,v28,NA
ROSE,06-The Mammography (Kevin Woods),Minimo,amount,NA
ROSE,06-The Mammography (Kevin Woods),Minimo,radius1,NA
ROSE,06-The Mammography (Kevin Woods),Minimo,texture1,NA
ROSE,06-The Mammography (Kevin Woods),Minimo,perimeter1,NA
ROSE,06-The Mammography (Kevin Woods),Minimo,area1,NA
ROSE,06-The Mammography (Kevin Woods),Minimo,smoothness1,NA
ROSE,06-The Mammography (Kevin Woods),Minimo,compactness1,NA
ROSE,06-The Mammography (Kevin Woods),Minimo,concavity1,NA
ROSE,06-The Mammography (Kevin Woods),Minimo,concave_points1,NA
ROSE,06-The Mammography (Kevin Woods),Minimo,symmetry1,NA
ROSE,06-The Mammography (Kevin Woods),Minimo,fractal_dimension1,NA
ROSE,06-The Mammography (Kevin Woods),Minimo,radius2,NA
ROSE,06-The Mammography (Kevin Woods),Minimo,texture2,NA
ROSE,06-The Mammography (Kevin Woods),Minimo,perimeter2,NA
ROSE,06-The Mammography (Kevin Woods),Minimo,area2,NA
ROSE,06-The Mammography (Kevin Woods),Minimo,smoothness2,NA
ROSE,06-The Mammography (Kevin Woods),Minimo,compactness2,NA
ROSE,06-The Mammography (Kevin Woods),Minimo,concavity2,NA
ROSE,06-The Mammography (Kevin Woods),Minimo,concave_points2,NA
ROSE,06-The Mammography (Kevin Woods),Minimo,symmetry2,NA
ROSE,06-The Mammography (Kevin Woods),Minimo,fractal_dimension2,NA
ROSE,06-The Mammography (Kevin Woods),Minimo,radius3,NA
ROSE,06-The Mammography (Kevin Woods),Minimo,texture3,NA
ROSE,06-The Mammography (Kevin Woods),Minimo,perimeter3,NA
ROSE,06-The Mammography (Kevin Woods),Minimo,area3,NA
ROSE,06-The Mammography (Kevin Woods),Minimo,smoothness3,NA
ROSE,06-The Mammography (Kevin Woods),Minimo,compactness3,NA
ROSE,06-The Mammography (Kevin Woods),Minimo,concavity3,NA
ROSE,06-The Mammography (Kevin Woods),Minimo,concave_points3,NA
ROSE,06-The Mammography (Kevin Woods),Minimo,symmetry3,NA
ROSE,06-The Mammography (Kevin Woods),Minimo,fractal_dimension3,NA
ROSE,06-The Mammography (Kevin Woods),Minimo,pregnancies,NA
ROSE,06-The Mammography (Kevin Woods),Minimo,glucose,NA
ROSE,06-The Mammography (Kevin Woods),Minimo,bloodpressure,NA
ROSE,06-The Mammography (Kevin Woods),Minimo,skinthickness,NA
ROSE,06-The Mammography (Kevin Woods),Minimo,insulin,NA
ROSE,06-The Mammography (Kevin Woods),Minimo,bmi,NA
ROSE,06-The Mammography (Kevin Woods),Minimo,diabetespedigreefunction,NA
ROSE,06-The Mammography (Kevin Woods),Minimo,age,NA
ROSE,06-The Mammography (Kevin Woods),Minimo,attribute01,NA
ROSE,06-The Mammography (Kevin Woods),Minimo,attribute02,NA
ROSE,06-The Mammography (Kevin Woods),Minimo,attribute03,NA
ROSE,06-The Mammography (Kevin Woods),Minimo,attribute04,NA
ROSE,06-The Mammography (Kevin Woods),Minimo,attribute05,NA
ROSE,06-The Mammography (Kevin Woods),Minimo,attribute06,NA
ROSE,06-The Mammography (Kevin Woods),Minimo,attribute07,NA
ROSE,06-The Mammography (Kevin Woods),Minimo,attribute08,NA
ROSE,06-The Mammography (Kevin Woods),Minimo,attribute09,NA
ROSE,06-The Mammography (Kevin Woods),Minimo,attribute10,NA
ROSE,06-The Mammography (Kevin Woods),Minimo,attribute11,NA
ROSE,06-The Mammography (Kevin Woods),Minimo,attribute12,NA
ROSE,06-The Mammography (Kevin Woods),Minimo,attribute13,NA
ROSE,06-The Mammography (Kevin Woods),Minimo,attribute14,NA
ROSE,06-The Mammography (Kevin Woods),Minimo,attribute15,NA
ROSE,06-The Mammography (Kevin Woods),Minimo,attribute16,NA
ROSE,06-The Mammography (Kevin Woods),Minimo,attribute17,NA
ROSE,06-The Mammography (Kevin Woods),Minimo,attribute18,NA
ROSE,06-The Mammography (Kevin Woods),Minimo,attribute19,NA
ROSE,06-The Mammography (Kevin Woods),Minimo,attribute20,NA
ROSE,06-The Mammography (Kevin Woods),Minimo,attribute21,NA
ROSE,06-The Mammography (Kevin Woods),Minimo,attribute22,NA
ROSE,06-The Mammography (Kevin Woods),Minimo,attribute23,NA
ROSE,06-The Mammography (Kevin Woods),Minimo,attribute24,NA
ROSE,06-The Mammography (Kevin Woods),Minimo,attribute25,NA
ROSE,06-The Mammography (Kevin Woods),Minimo,attribute26,NA
ROSE,06-The Mammography (Kevin Woods),Minimo,attribute27,NA
ROSE,06-The Mammography (Kevin Woods),Minimo,attribute28,NA
ROSE,06-The Mammography (Kevin Woods),Minimo,attribute29,NA
ROSE,06-The Mammography (Kevin Woods),Minimo,attribute30,NA
ROSE,06-The Mammography (Kevin Woods),Minimo,attribute31,NA
ROSE,06-The Mammography (Kevin Woods),Minimo,attribute32,NA
ROSE,06-The Mammography (Kevin Woods),Minimo,attribute33,NA
ROSE,06-The Mammography (Kevin Woods),Minimo,attribute34,NA
ROSE,06-The Mammography (Kevin Woods),Minimo,aa,NA
ROSE,06-The Mammography (Kevin Woods),Minimo,ao,NA
ROSE,06-The Mammography (Kevin Woods),Minimo,dcl,NA
ROSE,06-The Mammography (Kevin Woods),Minimo,iy,NA
ROSE,06-The Mammography (Kevin Woods),Minimo,sh,NA
ROSE,06-The Mammography (Kevin Woods),Minimo,0,-0.78441482
ROSE,06-The Mammography (Kevin Woods),Minimo,1,-0.47019533
ROSE,06-The Mammography (Kevin Woods),Minimo,2,-0.59163147
ROSE,06-The Mammography (Kevin Woods),Minimo,3,-0.85955255
ROSE,06-The Mammography (Kevin Woods),Minimo,4,-0.37786573
ROSE,06-The Mammography (Kevin Woods),Minimo,5,-0.94572324
ROSE,06-The Mammography (Kevin Woods),Minimo,6,NA
ROSE,06-The Mammography (Kevin Woods),Minimo,7,NA
ROSE,06-The Mammography (Kevin Woods),Minimo,8,NA
ROSE,06-The Mammography (Kevin Woods),Minimo,9,NA
ROSE,06-The Mammography (Kevin Woods),Minimo,10,NA
ROSE,06-The Mammography (Kevin Woods),Minimo,11,NA
ROSE,06-The Mammography (Kevin Woods),Minimo,12,NA
ROSE,06-The Mammography (Kevin Woods),Minimo,13,NA
ROSE,06-The Mammography (Kevin Woods),Minimo,14,NA
ROSE,06-The Mammography (Kevin Woods),Minimo,15,NA
ROSE,06-The Mammography (Kevin Woods),Minimo,16,NA
ROSE,06-The Mammography (Kevin Woods),Minimo,17,NA
ROSE,06-The Mammography (Kevin Woods),Minimo,18,NA
ROSE,06-The Mammography (Kevin Woods),Minimo,19,NA
ROSE,06-The Mammography (Kevin Woods),Minimo,20,NA
ROSE,06-The Mammography (Kevin Woods),Minimo,21,NA
ROSE,06-The Mammography (Kevin Woods),Minimo,22,NA
ROSE,06-The Mammography (Kevin Woods),Minimo,23,NA
ROSE,06-The Mammography (Kevin Woods),Minimo,24,NA
ROSE,06-The Mammography (Kevin Woods),Minimo,25,NA
ROSE,06-The Mammography (Kevin Woods),Minimo,26,NA
ROSE,06-The Mammography (Kevin Woods),Minimo,27,NA
ROSE,06-The Mammography (Kevin Woods),Minimo,28,NA
ROSE,06-The Mammography (Kevin Woods),Minimo,29,NA
ROSE,06-The Mammography (Kevin Woods),Minimo,30,NA
ROSE,06-The Mammography (Kevin Woods),Minimo,31,NA
ROSE,06-The Mammography (Kevin Woods),Minimo,32,NA
ROSE,06-The Mammography (Kevin Woods),Minimo,33,NA
ROSE,06-The Mammography (Kevin Woods),Minimo,34,NA
ROSE,06-The Mammography (Kevin Woods),Minimo,35,NA
ROSE,06-The Mammography (Kevin Woods),Minimo,36,NA
ROSE,06-The Mammography (Kevin Woods),Minimo,37,NA
ROSE,06-The Mammography (Kevin Woods),Minimo,38,NA
ROSE,06-The Mammography (Kevin Woods),Minimo,39,NA
ROSE,06-The Mammography (Kevin Woods),Minimo,40,NA
ROSE,06-The Mammography (Kevin Woods),Minimo,41,NA
ROSE,06-The Mammography (Kevin Woods),Minimo,42,NA
ROSE,06-The Mammography (Kevin Woods),Minimo,43,NA
ROSE,06-The Mammography (Kevin Woods),Minimo,44,NA
ROSE,06-The Mammography (Kevin Woods),Minimo,45,NA
ROSE,06-The Mammography (Kevin Woods),Minimo,46,NA
ROSE,06-The Mammography (Kevin Woods),Minimo,48,NA
ROSE,06-The Mammography (Kevin Woods),Minimo,49,NA
ROSE,06-The Mammography (Kevin Woods),Maximo,time,NA
ROSE,06-The Mammography (Kevin Woods),Maximo,v1,NA
ROSE,06-The Mammography (Kevin Woods),Maximo,v2,NA
ROSE,06-The Mammography (Kevin Woods),Maximo,v3,NA
ROSE,06-The Mammography (Kevin Woods),Maximo,v4,NA
ROSE,06-The Mammography (Kevin Woods),Maximo,v5,NA
ROSE,06-The Mammography (Kevin Woods),Maximo,v6,NA
ROSE,06-The Mammography (Kevin Woods),Maximo,v7,NA
ROSE,06-The Mammography (Kevin Woods),Maximo,v8,NA
ROSE,06-The Mammography (Kevin Woods),Maximo,v9,NA
ROSE,06-The Mammography (Kevin Woods),Maximo,v10,NA
ROSE,06-The Mammography (Kevin Woods),Maximo,v11,NA
ROSE,06-The Mammography (Kevin Woods),Maximo,v12,NA
ROSE,06-The Mammography (Kevin Woods),Maximo,v13,NA
ROSE,06-The Mammography (Kevin Woods),Maximo,v14,NA
ROSE,06-The Mammography (Kevin Woods),Maximo,v15,NA
ROSE,06-The Mammography (Kevin Woods),Maximo,v16,NA
ROSE,06-The Mammography (Kevin Woods),Maximo,v17,NA
ROSE,06-The Mammography (Kevin Woods),Maximo,v18,NA
ROSE,06-The Mammography (Kevin Woods),Maximo,v19,NA
ROSE,06-The Mammography (Kevin Woods),Maximo,v20,NA
ROSE,06-The Mammography (Kevin Woods),Maximo,v21,NA
ROSE,06-The Mammography (Kevin Woods),Maximo,v22,NA
ROSE,06-The Mammography (Kevin Woods),Maximo,v23,NA
ROSE,06-The Mammography (Kevin Woods),Maximo,v24,NA
ROSE,06-The Mammography (Kevin Woods),Maximo,v25,NA
ROSE,06-The Mammography (Kevin Woods),Maximo,v26,NA
ROSE,06-The Mammography (Kevin Woods),Maximo,v27,NA
ROSE,06-The Mammography (Kevin Woods),Maximo,v28,NA
ROSE,06-The Mammography (Kevin Woods),Maximo,amount,NA
ROSE,06-The Mammography (Kevin Woods),Maximo,radius1,NA
ROSE,06-The Mammography (Kevin Woods),Maximo,texture1,NA
ROSE,06-The Mammography (Kevin Woods),Maximo,perimeter1,NA
ROSE,06-The Mammography (Kevin Woods),Maximo,area1,NA
ROSE,06-The Mammography (Kevin Woods),Maximo,smoothness1,NA
ROSE,06-The Mammography (Kevin Woods),Maximo,compactness1,NA
ROSE,06-The Mammography (Kevin Woods),Maximo,concavity1,NA
ROSE,06-The Mammography (Kevin Woods),Maximo,concave_points1,NA
ROSE,06-The Mammography (Kevin Woods),Maximo,symmetry1,NA
ROSE,06-The Mammography (Kevin Woods),Maximo,fractal_dimension1,NA
ROSE,06-The Mammography (Kevin Woods),Maximo,radius2,NA
ROSE,06-The Mammography (Kevin Woods),Maximo,texture2,NA
ROSE,06-The Mammography (Kevin Woods),Maximo,perimeter2,NA
ROSE,06-The Mammography (Kevin Woods),Maximo,area2,NA
ROSE,06-The Mammography (Kevin Woods),Maximo,smoothness2,NA
ROSE,06-The Mammography (Kevin Woods),Maximo,compactness2,NA
ROSE,06-The Mammography (Kevin Woods),Maximo,concavity2,NA
ROSE,06-The Mammography (Kevin Woods),Maximo,concave_points2,NA
ROSE,06-The Mammography (Kevin Woods),Maximo,symmetry2,NA
ROSE,06-The Mammography (Kevin Woods),Maximo,fractal_dimension2,NA
ROSE,06-The Mammography (Kevin Woods),Maximo,radius3,NA
ROSE,06-The Mammography (Kevin Woods),Maximo,texture3,NA
ROSE,06-The Mammography (Kevin Woods),Maximo,perimeter3,NA
ROSE,06-The Mammography (Kevin Woods),Maximo,area3,NA
ROSE,06-The Mammography (Kevin Woods),Maximo,smoothness3,NA
ROSE,06-The Mammography (Kevin Woods),Maximo,compactness3,NA
ROSE,06-The Mammography (Kevin Woods),Maximo,concavity3,NA
ROSE,06-The Mammography (Kevin Woods),Maximo,concave_points3,NA
ROSE,06-The Mammography (Kevin Woods),Maximo,symmetry3,NA
ROSE,06-The Mammography (Kevin Woods),Maximo,fractal_dimension3,NA
ROSE,06-The Mammography (Kevin Woods),Maximo,pregnancies,NA
ROSE,06-The Mammography (Kevin Woods),Maximo,glucose,NA
ROSE,06-The Mammography (Kevin Woods),Maximo,bloodpressure,NA
ROSE,06-The Mammography (Kevin Woods),Maximo,skinthickness,NA
ROSE,06-The Mammography (Kevin Woods),Maximo,insulin,NA
ROSE,06-The Mammography (Kevin Woods),Maximo,bmi,NA
ROSE,06-The Mammography (Kevin Woods),Maximo,diabetespedigreefunction,NA
ROSE,06-The Mammography (Kevin Woods),Maximo,age,NA
ROSE,06-The Mammography (Kevin Woods),Maximo,attribute01,NA
ROSE,06-The Mammography (Kevin Woods),Maximo,attribute02,NA
ROSE,06-The Mammography (Kevin Woods),Maximo,attribute03,NA
ROSE,06-The Mammography (Kevin Woods),Maximo,attribute04,NA
ROSE,06-The Mammography (Kevin Woods),Maximo,attribute05,NA
ROSE,06-The Mammography (Kevin Woods),Maximo,attribute06,NA
ROSE,06-The Mammography (Kevin Woods),Maximo,attribute07,NA
ROSE,06-The Mammography (Kevin Woods),Maximo,attribute08,NA
ROSE,06-The Mammography (Kevin Woods),Maximo,attribute09,NA
ROSE,06-The Mammography (Kevin Woods),Maximo,attribute10,NA
ROSE,06-The Mammography (Kevin Woods),Maximo,attribute11,NA
ROSE,06-The Mammography (Kevin Woods),Maximo,attribute12,NA
ROSE,06-The Mammography (Kevin Woods),Maximo,attribute13,NA
ROSE,06-The Mammography (Kevin Woods),Maximo,attribute14,NA
ROSE,06-The Mammography (Kevin Woods),Maximo,attribute15,NA
ROSE,06-The Mammography (Kevin Woods),Maximo,attribute16,NA
ROSE,06-The Mammography (Kevin Woods),Maximo,attribute17,NA
ROSE,06-The Mammography (Kevin Woods),Maximo,attribute18,NA
ROSE,06-The Mammography (Kevin Woods),Maximo,attribute19,NA
ROSE,06-The Mammography (Kevin Woods),Maximo,attribute20,NA
ROSE,06-The Mammography (Kevin Woods),Maximo,attribute21,NA
ROSE,06-The Mammography (Kevin Woods),Maximo,attribute22,NA
ROSE,06-The Mammography (Kevin Woods),Maximo,attribute23,NA
ROSE,06-The Mammography (Kevin Woods),Maximo,attribute24,NA
ROSE,06-The Mammography (Kevin Woods),Maximo,attribute25,NA
ROSE,06-The Mammography (Kevin Woods),Maximo,attribute26,NA
ROSE,06-The Mammography (Kevin Woods),Maximo,attribute27,NA
ROSE,06-The Mammography (Kevin Woods),Maximo,attribute28,NA
ROSE,06-The Mammography (Kevin Woods),Maximo,attribute29,NA
ROSE,06-The Mammography (Kevin Woods),Maximo,attribute30,NA
ROSE,06-The Mammography (Kevin Woods),Maximo,attribute31,NA
ROSE,06-The Mammography (Kevin Woods),Maximo,attribute32,NA
ROSE,06-The Mammography (Kevin Woods),Maximo,attribute33,NA
ROSE,06-The Mammography (Kevin Woods),Maximo,attribute34,NA
ROSE,06-The Mammography (Kevin Woods),Maximo,aa,NA
ROSE,06-The Mammography (Kevin Woods),Maximo,ao,NA
ROSE,06-The Mammography (Kevin Woods),Maximo,dcl,NA
ROSE,06-The Mammography (Kevin Woods),Maximo,iy,NA
ROSE,06-The Mammography (Kevin Woods),Maximo,sh,NA
ROSE,06-The Mammography (Kevin Woods),Maximo,0,31.508443
ROSE,06-The Mammography (Kevin Woods),Maximo,1,5.0858491
ROSE,06-The Mammography (Kevin Woods),Maximo,2,29.477769
ROSE,06-The Mammography (Kevin Woods),Maximo,3,9.591164
ROSE,06-The Mammography (Kevin Woods),Maximo,4,23.617122
ROSE,06-The Mammography (Kevin Woods),Maximo,5,1.9490273
ROSE,06-The Mammography (Kevin Woods),Maximo,6,NA
ROSE,06-The Mammography (Kevin Woods),Maximo,7,NA
ROSE,06-The Mammography (Kevin Woods),Maximo,8,NA
ROSE,06-The Mammography (Kevin Woods),Maximo,9,NA
ROSE,06-The Mammography (Kevin Woods),Maximo,10,NA
ROSE,06-The Mammography (Kevin Woods),Maximo,11,NA
ROSE,06-The Mammography (Kevin Woods),Maximo,12,NA
ROSE,06-The Mammography (Kevin Woods),Maximo,13,NA
ROSE,06-The Mammography (Kevin Woods),Maximo,14,NA
ROSE,06-The Mammography (Kevin Woods),Maximo,15,NA
ROSE,06-The Mammography (Kevin Woods),Maximo,16,NA
ROSE,06-The Mammography (Kevin Woods),Maximo,17,NA
ROSE,06-The Mammography (Kevin Woods),Maximo,18,NA
ROSE,06-The Mammography (Kevin Woods),Maximo,19,NA
ROSE,06-The Mammography (Kevin Woods),Maximo,20,NA
ROSE,06-The Mammography (Kevin Woods),Maximo,21,NA
ROSE,06-The Mammography (Kevin Woods),Maximo,22,NA
ROSE,06-The Mammography (Kevin Woods),Maximo,23,NA
ROSE,06-The Mammography (Kevin Woods),Maximo,24,NA
ROSE,06-The Mammography (Kevin Woods),Maximo,25,NA
ROSE,06-The Mammography (Kevin Woods),Maximo,26,NA
ROSE,06-The Mammography (Kevin Woods),Maximo,27,NA
ROSE,06-The Mammography (Kevin Woods),Maximo,28,NA
ROSE,06-The Mammography (Kevin Woods),Maximo,29,NA
ROSE,06-The Mammography (Kevin Woods),Maximo,30,NA
ROSE,06-The Mammography (Kevin Woods),Maximo,31,NA
ROSE,06-The Mammography (Kevin Woods),Maximo,32,NA
ROSE,06-The Mammography (Kevin Woods),Maximo,33,NA
ROSE,06-The Mammography (Kevin Woods),Maximo,34,NA
ROSE,06-The Mammography (Kevin Woods),Maximo,35,NA
ROSE,06-The Mammography (Kevin Woods),Maximo,36,NA
ROSE,06-The Mammography (Kevin Woods),Maximo,37,NA
ROSE,06-The Mammography (Kevin Woods),Maximo,38,NA
ROSE,06-The Mammography (Kevin Woods),Maximo,39,NA
ROSE,06-The Mammography (Kevin Woods),Maximo,40,NA
ROSE,06-The Mammography (Kevin Woods),Maximo,41,NA
ROSE,06-The Mammography (Kevin Woods),Maximo,42,NA
ROSE,06-The Mammography (Kevin Woods),Maximo,43,NA
ROSE,06-The Mammography (Kevin Woods),Maximo,44,NA
ROSE,06-The Mammography (Kevin Woods),Maximo,45,NA
ROSE,06-The Mammography (Kevin Woods),Maximo,46,NA
ROSE,06-The Mammography (Kevin Woods),Maximo,48,NA
ROSE,06-The Mammography (Kevin Woods),Maximo,49,NA
ROSE,07-Oil Spill Imbalanced Classification,Media,time,NA
ROSE,07-Oil Spill Imbalanced Classification,Media,v1,NA
ROSE,07-Oil Spill Imbalanced Classification,Media,v2,NA
ROSE,07-Oil Spill Imbalanced Classification,Media,v3,NA
ROSE,07-Oil Spill Imbalanced Classification,Media,v4,NA
ROSE,07-Oil Spill Imbalanced Classification,Media,v5,NA
ROSE,07-Oil Spill Imbalanced Classification,Media,v6,NA
ROSE,07-Oil Spill Imbalanced Classification,Media,v7,NA
ROSE,07-Oil Spill Imbalanced Classification,Media,v8,NA
ROSE,07-Oil Spill Imbalanced Classification,Media,v9,NA
ROSE,07-Oil Spill Imbalanced Classification,Media,v10,NA
ROSE,07-Oil Spill Imbalanced Classification,Media,v11,NA
ROSE,07-Oil Spill Imbalanced Classification,Media,v12,NA
ROSE,07-Oil Spill Imbalanced Classification,Media,v13,NA
ROSE,07-Oil Spill Imbalanced Classification,Media,v14,NA
ROSE,07-Oil Spill Imbalanced Classification,Media,v15,NA
ROSE,07-Oil Spill Imbalanced Classification,Media,v16,NA
ROSE,07-Oil Spill Imbalanced Classification,Media,v17,NA
ROSE,07-Oil Spill Imbalanced Classification,Media,v18,NA
ROSE,07-Oil Spill Imbalanced Classification,Media,v19,NA
ROSE,07-Oil Spill Imbalanced Classification,Media,v20,NA
ROSE,07-Oil Spill Imbalanced Classification,Media,v21,NA
ROSE,07-Oil Spill Imbalanced Classification,Media,v22,NA
ROSE,07-Oil Spill Imbalanced Classification,Media,v23,NA
ROSE,07-Oil Spill Imbalanced Classification,Media,v24,NA
ROSE,07-Oil Spill Imbalanced Classification,Media,v25,NA
ROSE,07-Oil Spill Imbalanced Classification,Media,v26,NA
ROSE,07-Oil Spill Imbalanced Classification,Media,v27,NA
ROSE,07-Oil Spill Imbalanced Classification,Media,v28,NA
ROSE,07-Oil Spill Imbalanced Classification,Media,amount,NA
ROSE,07-Oil Spill Imbalanced Classification,Media,radius1,NA
ROSE,07-Oil Spill Imbalanced Classification,Media,texture1,NA
ROSE,07-Oil Spill Imbalanced Classification,Media,perimeter1,NA
ROSE,07-Oil Spill Imbalanced Classification,Media,area1,NA
ROSE,07-Oil Spill Imbalanced Classification,Media,smoothness1,NA
ROSE,07-Oil Spill Imbalanced Classification,Media,compactness1,NA
ROSE,07-Oil Spill Imbalanced Classification,Media,concavity1,NA
ROSE,07-Oil Spill Imbalanced Classification,Media,concave_points1,NA
ROSE,07-Oil Spill Imbalanced Classification,Media,symmetry1,NA
ROSE,07-Oil Spill Imbalanced Classification,Media,fractal_dimension1,NA
ROSE,07-Oil Spill Imbalanced Classification,Media,radius2,NA
ROSE,07-Oil Spill Imbalanced Classification,Media,texture2,NA
ROSE,07-Oil Spill Imbalanced Classification,Media,perimeter2,NA
ROSE,07-Oil Spill Imbalanced Classification,Media,area2,NA
ROSE,07-Oil Spill Imbalanced Classification,Media,smoothness2,NA
ROSE,07-Oil Spill Imbalanced Classification,Media,compactness2,NA
ROSE,07-Oil Spill Imbalanced Classification,Media,concavity2,NA
ROSE,07-Oil Spill Imbalanced Classification,Media,concave_points2,NA
ROSE,07-Oil Spill Imbalanced Classification,Media,symmetry2,NA
ROSE,07-Oil Spill Imbalanced Classification,Media,fractal_dimension2,NA
ROSE,07-Oil Spill Imbalanced Classification,Media,radius3,NA
ROSE,07-Oil Spill Imbalanced Classification,Media,texture3,NA
ROSE,07-Oil Spill Imbalanced Classification,Media,perimeter3,NA
ROSE,07-Oil Spill Imbalanced Classification,Media,area3,NA
ROSE,07-Oil Spill Imbalanced Classification,Media,smoothness3,NA
ROSE,07-Oil Spill Imbalanced Classification,Media,compactness3,NA
ROSE,07-Oil Spill Imbalanced Classification,Media,concavity3,NA
ROSE,07-Oil Spill Imbalanced Classification,Media,concave_points3,NA
ROSE,07-Oil Spill Imbalanced Classification,Media,symmetry3,NA
ROSE,07-Oil Spill Imbalanced Classification,Media,fractal_dimension3,NA
ROSE,07-Oil Spill Imbalanced Classification,Media,pregnancies,NA
ROSE,07-Oil Spill Imbalanced Classification,Media,glucose,NA
ROSE,07-Oil Spill Imbalanced Classification,Media,bloodpressure,NA
ROSE,07-Oil Spill Imbalanced Classification,Media,skinthickness,NA
ROSE,07-Oil Spill Imbalanced Classification,Media,insulin,NA
ROSE,07-Oil Spill Imbalanced Classification,Media,bmi,NA
ROSE,07-Oil Spill Imbalanced Classification,Media,diabetespedigreefunction,NA
ROSE,07-Oil Spill Imbalanced Classification,Media,age,NA
ROSE,07-Oil Spill Imbalanced Classification,Media,attribute01,NA
ROSE,07-Oil Spill Imbalanced Classification,Media,attribute02,NA
ROSE,07-Oil Spill Imbalanced Classification,Media,attribute03,NA
ROSE,07-Oil Spill Imbalanced Classification,Media,attribute04,NA
ROSE,07-Oil Spill Imbalanced Classification,Media,attribute05,NA
ROSE,07-Oil Spill Imbalanced Classification,Media,attribute06,NA
ROSE,07-Oil Spill Imbalanced Classification,Media,attribute07,NA
ROSE,07-Oil Spill Imbalanced Classification,Media,attribute08,NA
ROSE,07-Oil Spill Imbalanced Classification,Media,attribute09,NA
ROSE,07-Oil Spill Imbalanced Classification,Media,attribute10,NA
ROSE,07-Oil Spill Imbalanced Classification,Media,attribute11,NA
ROSE,07-Oil Spill Imbalanced Classification,Media,attribute12,NA
ROSE,07-Oil Spill Imbalanced Classification,Media,attribute13,NA
ROSE,07-Oil Spill Imbalanced Classification,Media,attribute14,NA
ROSE,07-Oil Spill Imbalanced Classification,Media,attribute15,NA
ROSE,07-Oil Spill Imbalanced Classification,Media,attribute16,NA
ROSE,07-Oil Spill Imbalanced Classification,Media,attribute17,NA
ROSE,07-Oil Spill Imbalanced Classification,Media,attribute18,NA
ROSE,07-Oil Spill Imbalanced Classification,Media,attribute19,NA
ROSE,07-Oil Spill Imbalanced Classification,Media,attribute20,NA
ROSE,07-Oil Spill Imbalanced Classification,Media,attribute21,NA
ROSE,07-Oil Spill Imbalanced Classification,Media,attribute22,NA
ROSE,07-Oil Spill Imbalanced Classification,Media,attribute23,NA
ROSE,07-Oil Spill Imbalanced Classification,Media,attribute24,NA
ROSE,07-Oil Spill Imbalanced Classification,Media,attribute25,NA
ROSE,07-Oil Spill Imbalanced Classification,Media,attribute26,NA
ROSE,07-Oil Spill Imbalanced Classification,Media,attribute27,NA
ROSE,07-Oil Spill Imbalanced Classification,Media,attribute28,NA
ROSE,07-Oil Spill Imbalanced Classification,Media,attribute29,NA
ROSE,07-Oil Spill Imbalanced Classification,Media,attribute30,NA
ROSE,07-Oil Spill Imbalanced Classification,Media,attribute31,NA
ROSE,07-Oil Spill Imbalanced Classification,Media,attribute32,NA
ROSE,07-Oil Spill Imbalanced Classification,Media,attribute33,NA
ROSE,07-Oil Spill Imbalanced Classification,Media,attribute34,NA
ROSE,07-Oil Spill Imbalanced Classification,Media,aa,NA
ROSE,07-Oil Spill Imbalanced Classification,Media,ao,NA
ROSE,07-Oil Spill Imbalanced Classification,Media,dcl,NA
ROSE,07-Oil Spill Imbalanced Classification,Media,iy,NA
ROSE,07-Oil Spill Imbalanced Classification,Media,sh,NA
ROSE,07-Oil Spill Imbalanced Classification,Media,0,NA
ROSE,07-Oil Spill Imbalanced Classification,Media,1,81.5880469583778
ROSE,07-Oil Spill Imbalanced Classification,Media,2,332.8420490928495
ROSE,07-Oil Spill Imbalanced Classification,Media,3,698.7070864461045
ROSE,07-Oil Spill Imbalanced Classification,Media,4,870.9922091782283
ROSE,07-Oil Spill Imbalanced Classification,Media,5,84.12166488794024
ROSE,07-Oil Spill Imbalanced Classification,Media,6,769696.37886873
ROSE,07-Oil Spill Imbalanced Classification,Media,7,43.242721451440765
ROSE,07-Oil Spill Imbalanced Classification,Media,8,9.127886872998932
ROSE,07-Oil Spill Imbalanced Classification,Media,9,3940.7129135538953
ROSE,07-Oil Spill Imbalanced Classification,Media,10,0.22100320170757737
ROSE,07-Oil Spill Imbalanced Classification,Media,11,109.89274279615795
ROSE,07-Oil Spill Imbalanced Classification,Media,12,0.25144076840981855
ROSE,07-Oil Spill Imbalanced Classification,Media,13,0.31121664887940237
ROSE,07-Oil Spill Imbalanced Classification,Media,14,0.4846638207043757
ROSE,07-Oil Spill Imbalanced Classification,Media,15,0.1828922091782284
ROSE,07-Oil Spill Imbalanced Classification,Media,16,0.30193169690501603
ROSE,07-Oil Spill Imbalanced Classification,Media,17,77.4125613660619
ROSE,07-Oil Spill Imbalanced Classification,Media,18,31.151921024546425
ROSE,07-Oil Spill Imbalanced Classification,Media,19,0.9090394877267877
ROSE,07-Oil Spill Imbalanced Classification,Media,20,0.2288153681963714
ROSE,07-Oil Spill Imbalanced Classification,Media,21,0.2893169690501601
ROSE,07-Oil Spill Imbalanced Classification,Media,22,76.08562433297759
ROSE,07-Oil Spill Imbalanced Classification,Media,23,0
ROSE,07-Oil Spill Imbalanced Classification,Media,24,0.6421771611526147
ROSE,07-Oil Spill Imbalanced Classification,Media,25,559.9106937033084
ROSE,07-Oil Spill Imbalanced Classification,Media,26,0.5782924226254003
ROSE,07-Oil Spill Imbalanced Classification,Media,27,7.4981963713980795
ROSE,07-Oil Spill Imbalanced Classification,Media,28,0.6083991462113127
ROSE,07-Oil Spill Imbalanced Classification,Media,29,4.27110992529349
ROSE,07-Oil Spill Imbalanced Classification,Media,30,-2.828420490928495
ROSE,07-Oil Spill Imbalanced Classification,Media,31,-0.4288687299893276
ROSE,07-Oil Spill Imbalanced Classification,Media,32,1.824589114194237
ROSE,07-Oil Spill Imbalanced Classification,Media,33,0.002785485592315902
ROSE,07-Oil Spill Imbalanced Classification,Media,34,1.8217929562433297
ROSE,07-Oil Spill Imbalanced Classification,Media,35,43.086446104589115
ROSE,07-Oil Spill Imbalanced Classification,Media,36,2432.6894343649947
ROSE,07-Oil Spill Imbalanced Classification,Media,37,0.006894343649946638
ROSE,07-Oil Spill Imbalanced Classification,Media,38,31.241856990394876
ROSE,07-Oil Spill Imbalanced Classification,Media,39,91.18996798292423
ROSE,07-Oil Spill Imbalanced Classification,Media,40,60.54749199573106
ROSE,07-Oil Spill Imbalanced Classification,Media,41,933.9286766275347
ROSE,07-Oil Spill Imbalanced Classification,Media,42,427.5655816435432
ROSE,07-Oil Spill Imbalanced Classification,Media,43,255.43590181430096
ROSE,07-Oil Spill Imbalanced Classification,Media,44,106.11251867662753
ROSE,07-Oil Spill Imbalanced Classification,Media,45,5.014002134471718
ROSE,07-Oil Spill Imbalanced Classification,Media,46,0.128068303094984
ROSE,07-Oil Spill Imbalanced Classification,Media,48,61.694386339381005
ROSE,07-Oil Spill Imbalanced Classification,Media,49,8.119722518676628
ROSE,07-Oil Spill Imbalanced Classification,Desvio_Padrao,time,NA
ROSE,07-Oil Spill Imbalanced Classification,Desvio_Padrao,v1,NA
ROSE,07-Oil Spill Imbalanced Classification,Desvio_Padrao,v2,NA
ROSE,07-Oil Spill Imbalanced Classification,Desvio_Padrao,v3,NA
ROSE,07-Oil Spill Imbalanced Classification,Desvio_Padrao,v4,NA
ROSE,07-Oil Spill Imbalanced Classification,Desvio_Padrao,v5,NA
ROSE,07-Oil Spill Imbalanced Classification,Desvio_Padrao,v6,NA
ROSE,07-Oil Spill Imbalanced Classification,Desvio_Padrao,v7,NA
ROSE,07-Oil Spill Imbalanced Classification,Desvio_Padrao,v8,NA
ROSE,07-Oil Spill Imbalanced Classification,Desvio_Padrao,v9,NA
ROSE,07-Oil Spill Imbalanced Classification,Desvio_Padrao,v10,NA
ROSE,07-Oil Spill Imbalanced Classification,Desvio_Padrao,v11,NA
ROSE,07-Oil Spill Imbalanced Classification,Desvio_Padrao,v12,NA
ROSE,07-Oil Spill Imbalanced Classification,Desvio_Padrao,v13,NA
ROSE,07-Oil Spill Imbalanced Classification,Desvio_Padrao,v14,NA
ROSE,07-Oil Spill Imbalanced Classification,Desvio_Padrao,v15,NA
ROSE,07-Oil Spill Imbalanced Classification,Desvio_Padrao,v16,NA
ROSE,07-Oil Spill Imbalanced Classification,Desvio_Padrao,v17,NA
ROSE,07-Oil Spill Imbalanced Classification,Desvio_Padrao,v18,NA
ROSE,07-Oil Spill Imbalanced Classification,Desvio_Padrao,v19,NA
ROSE,07-Oil Spill Imbalanced Classification,Desvio_Padrao,v20,NA
ROSE,07-Oil Spill Imbalanced Classification,Desvio_Padrao,v21,NA
ROSE,07-Oil Spill Imbalanced Classification,Desvio_Padrao,v22,NA
ROSE,07-Oil Spill Imbalanced Classification,Desvio_Padrao,v23,NA
ROSE,07-Oil Spill Imbalanced Classification,Desvio_Padrao,v24,NA
ROSE,07-Oil Spill Imbalanced Classification,Desvio_Padrao,v25,NA
ROSE,07-Oil Spill Imbalanced Classification,Desvio_Padrao,v26,NA
ROSE,07-Oil Spill Imbalanced Classification,Desvio_Padrao,v27,NA
ROSE,07-Oil Spill Imbalanced Classification,Desvio_Padrao,v28,NA
ROSE,07-Oil Spill Imbalanced Classification,Desvio_Padrao,amount,NA
ROSE,07-Oil Spill Imbalanced Classification,Desvio_Padrao,radius1,NA
ROSE,07-Oil Spill Imbalanced Classification,Desvio_Padrao,texture1,NA
ROSE,07-Oil Spill Imbalanced Classification,Desvio_Padrao,perimeter1,NA
ROSE,07-Oil Spill Imbalanced Classification,Desvio_Padrao,area1,NA
ROSE,07-Oil Spill Imbalanced Classification,Desvio_Padrao,smoothness1,NA
ROSE,07-Oil Spill Imbalanced Classification,Desvio_Padrao,compactness1,NA
ROSE,07-Oil Spill Imbalanced Classification,Desvio_Padrao,concavity1,NA
ROSE,07-Oil Spill Imbalanced Classification,Desvio_Padrao,concave_points1,NA
ROSE,07-Oil Spill Imbalanced Classification,Desvio_Padrao,symmetry1,NA
ROSE,07-Oil Spill Imbalanced Classification,Desvio_Padrao,fractal_dimension1,NA
ROSE,07-Oil Spill Imbalanced Classification,Desvio_Padrao,radius2,NA
ROSE,07-Oil Spill Imbalanced Classification,Desvio_Padrao,texture2,NA
ROSE,07-Oil Spill Imbalanced Classification,Desvio_Padrao,perimeter2,NA
ROSE,07-Oil Spill Imbalanced Classification,Desvio_Padrao,area2,NA
ROSE,07-Oil Spill Imbalanced Classification,Desvio_Padrao,smoothness2,NA
ROSE,07-Oil Spill Imbalanced Classification,Desvio_Padrao,compactness2,NA
ROSE,07-Oil Spill Imbalanced Classification,Desvio_Padrao,concavity2,NA
ROSE,07-Oil Spill Imbalanced Classification,Desvio_Padrao,concave_points2,NA
ROSE,07-Oil Spill Imbalanced Classification,Desvio_Padrao,symmetry2,NA
ROSE,07-Oil Spill Imbalanced Classification,Desvio_Padrao,fractal_dimension2,NA
ROSE,07-Oil Spill Imbalanced Classification,Desvio_Padrao,radius3,NA
ROSE,07-Oil Spill Imbalanced Classification,Desvio_Padrao,texture3,NA
ROSE,07-Oil Spill Imbalanced Classification,Desvio_Padrao,perimeter3,NA
ROSE,07-Oil Spill Imbalanced Classification,Desvio_Padrao,area3,NA
ROSE,07-Oil Spill Imbalanced Classification,Desvio_Padrao,smoothness3,NA
ROSE,07-Oil Spill Imbalanced Classification,Desvio_Padrao,compactness3,NA
ROSE,07-Oil Spill Imbalanced Classification,Desvio_Padrao,concavity3,NA
ROSE,07-Oil Spill Imbalanced Classification,Desvio_Padrao,concave_points3,NA
ROSE,07-Oil Spill Imbalanced Classification,Desvio_Padrao,symmetry3,NA
ROSE,07-Oil Spill Imbalanced Classification,Desvio_Padrao,fractal_dimension3,NA
ROSE,07-Oil Spill Imbalanced Classification,Desvio_Padrao,pregnancies,NA
ROSE,07-Oil Spill Imbalanced Classification,Desvio_Padrao,glucose,NA
ROSE,07-Oil Spill Imbalanced Classification,Desvio_Padrao,bloodpressure,NA
ROSE,07-Oil Spill Imbalanced Classification,Desvio_Padrao,skinthickness,NA
ROSE,07-Oil Spill Imbalanced Classification,Desvio_Padrao,insulin,NA
ROSE,07-Oil Spill Imbalanced Classification,Desvio_Padrao,bmi,NA
ROSE,07-Oil Spill Imbalanced Classification,Desvio_Padrao,diabetespedigreefunction,NA
ROSE,07-Oil Spill Imbalanced Classification,Desvio_Padrao,age,NA
ROSE,07-Oil Spill Imbalanced Classification,Desvio_Padrao,attribute01,NA
ROSE,07-Oil Spill Imbalanced Classification,Desvio_Padrao,attribute02,NA
ROSE,07-Oil Spill Imbalanced Classification,Desvio_Padrao,attribute03,NA
ROSE,07-Oil Spill Imbalanced Classification,Desvio_Padrao,attribute04,NA
ROSE,07-Oil Spill Imbalanced Classification,Desvio_Padrao,attribute05,NA
ROSE,07-Oil Spill Imbalanced Classification,Desvio_Padrao,attribute06,NA
ROSE,07-Oil Spill Imbalanced Classification,Desvio_Padrao,attribute07,NA
ROSE,07-Oil Spill Imbalanced Classification,Desvio_Padrao,attribute08,NA
ROSE,07-Oil Spill Imbalanced Classification,Desvio_Padrao,attribute09,NA
ROSE,07-Oil Spill Imbalanced Classification,Desvio_Padrao,attribute10,NA
ROSE,07-Oil Spill Imbalanced Classification,Desvio_Padrao,attribute11,NA
ROSE,07-Oil Spill Imbalanced Classification,Desvio_Padrao,attribute12,NA
ROSE,07-Oil Spill Imbalanced Classification,Desvio_Padrao,attribute13,NA
ROSE,07-Oil Spill Imbalanced Classification,Desvio_Padrao,attribute14,NA
ROSE,07-Oil Spill Imbalanced Classification,Desvio_Padrao,attribute15,NA
ROSE,07-Oil Spill Imbalanced Classification,Desvio_Padrao,attribute16,NA
ROSE,07-Oil Spill Imbalanced Classification,Desvio_Padrao,attribute17,NA
ROSE,07-Oil Spill Imbalanced Classification,Desvio_Padrao,attribute18,NA
ROSE,07-Oil Spill Imbalanced Classification,Desvio_Padrao,attribute19,NA
ROSE,07-Oil Spill Imbalanced Classification,Desvio_Padrao,attribute20,NA
ROSE,07-Oil Spill Imbalanced Classification,Desvio_Padrao,attribute21,NA
ROSE,07-Oil Spill Imbalanced Classification,Desvio_Padrao,attribute22,NA
ROSE,07-Oil Spill Imbalanced Classification,Desvio_Padrao,attribute23,NA
ROSE,07-Oil Spill Imbalanced Classification,Desvio_Padrao,attribute24,NA
ROSE,07-Oil Spill Imbalanced Classification,Desvio_Padrao,attribute25,NA
ROSE,07-Oil Spill Imbalanced Classification,Desvio_Padrao,attribute26,NA
ROSE,07-Oil Spill Imbalanced Classification,Desvio_Padrao,attribute27,NA
ROSE,07-Oil Spill Imbalanced Classification,Desvio_Padrao,attribute28,NA
ROSE,07-Oil Spill Imbalanced Classification,Desvio_Padrao,attribute29,NA
ROSE,07-Oil Spill Imbalanced Classification,Desvio_Padrao,attribute30,NA
ROSE,07-Oil Spill Imbalanced Classification,Desvio_Padrao,attribute31,NA
ROSE,07-Oil Spill Imbalanced Classification,Desvio_Padrao,attribute32,NA
ROSE,07-Oil Spill Imbalanced Classification,Desvio_Padrao,attribute33,NA
ROSE,07-Oil Spill Imbalanced Classification,Desvio_Padrao,attribute34,NA
ROSE,07-Oil Spill Imbalanced Classification,Desvio_Padrao,aa,NA
ROSE,07-Oil Spill Imbalanced Classification,Desvio_Padrao,ao,NA
ROSE,07-Oil Spill Imbalanced Classification,Desvio_Padrao,dcl,NA
ROSE,07-Oil Spill Imbalanced Classification,Desvio_Padrao,iy,NA
ROSE,07-Oil Spill Imbalanced Classification,Desvio_Padrao,sh,NA
ROSE,07-Oil Spill Imbalanced Classification,Desvio_Padrao,0,NA
ROSE,07-Oil Spill Imbalanced Classification,Desvio_Padrao,1,64.97672977711103
ROSE,07-Oil Spill Imbalanced Classification,Desvio_Padrao,2,1931.9385697837338
ROSE,07-Oil Spill Imbalanced Classification,Desvio_Padrao,3,599.9655770035965
ROSE,07-Oil Spill Imbalanced Classification,Desvio_Padrao,4,522.7993249327467
ROSE,07-Oil Spill Imbalanced Classification,Desvio_Padrao,5,45.361771460621995
ROSE,07-Oil Spill Imbalanced Classification,Desvio_Padrao,6,3831151.032065411
ROSE,07-Oil Spill Imbalanced Classification,Desvio_Padrao,7,12.718403675446117
ROSE,07-Oil Spill Imbalanced Classification,Desvio_Padrao,8,3.588877883342868
ROSE,07-Oil Spill Imbalanced Classification,Desvio_Padrao,9,8167.427624625614
ROSE,07-Oil Spill Imbalanced Classification,Desvio_Padrao,10,0.09031554956933839
ROSE,07-Oil Spill Imbalanced Classification,Desvio_Padrao,11,61.460846499254544
ROSE,07-Oil Spill Imbalanced Classification,Desvio_Padrao,12,0.08813205759244074
ROSE,07-Oil Spill Imbalanced Classification,Desvio_Padrao,13,0.12138628133017441
ROSE,07-Oil Spill Imbalanced Classification,Desvio_Padrao,14,0.216858689818777
ROSE,07-Oil Spill Imbalanced Classification,Desvio_Padrao,15,0.08294307409100292
ROSE,07-Oil Spill Imbalanced Classification,Desvio_Padrao,16,0.20469490437407437
ROSE,07-Oil Spill Imbalanced Classification,Desvio_Padrao,17,304.3298416014422
ROSE,07-Oil Spill Imbalanced Classification,Desvio_Padrao,18,152.69333379772343
ROSE,07-Oil Spill Imbalanced Classification,Desvio_Padrao,19,0.6754918558877505
ROSE,07-Oil Spill Imbalanced Classification,Desvio_Padrao,20,0.0754104513567093
ROSE,07-Oil Spill Imbalanced Classification,Desvio_Padrao,21,0.10536648932585166
ROSE,07-Oil Spill Imbalanced Classification,Desvio_Padrao,22,22.937472728965954
ROSE,07-Oil Spill Imbalanced Classification,Desvio_Padrao,23,0
ROSE,07-Oil Spill Imbalanced Classification,Desvio_Padrao,24,0.2999450779342363
ROSE,07-Oil Spill Imbalanced Classification,Desvio_Padrao,25,612.4592796724448
ROSE,07-Oil Spill Imbalanced Classification,Desvio_Padrao,26,0.7021572892465724
ROSE,07-Oil Spill Imbalanced Classification,Desvio_Padrao,27,3.9679662883737534
ROSE,07-Oil Spill Imbalanced Classification,Desvio_Padrao,28,0.8452216107514772
ROSE,07-Oil Spill Imbalanced Classification,Desvio_Padrao,29,3.6194055925901356
ROSE,07-Oil Spill Imbalanced Classification,Desvio_Padrao,30,1.6218324362287262
ROSE,07-Oil Spill Imbalanced Classification,Desvio_Padrao,31,0.21561678785003197
ROSE,07-Oil Spill Imbalanced Classification,Desvio_Padrao,32,0.6387222377670319
ROSE,07-Oil Spill Imbalanced Classification,Desvio_Padrao,33,0.04898793984896036
ROSE,07-Oil Spill Imbalanced Classification,Desvio_Padrao,34,0.6433975886550125
ROSE,07-Oil Spill Imbalanced Classification,Desvio_Padrao,35,95.16732900812177
ROSE,07-Oil Spill Imbalanced Classification,Desvio_Padrao,36,5219.377584980779
ROSE,07-Oil Spill Imbalanced Classification,Desvio_Padrao,37,0.00533719211579683
ROSE,07-Oil Spill Imbalanced Classification,Desvio_Padrao,38,31.584838120718697
ROSE,07-Oil Spill Imbalanced Classification,Desvio_Padrao,39,21.984410407388964
ROSE,07-Oil Spill Imbalanced Classification,Desvio_Padrao,40,13.838898193560837
ROSE,07-Oil Spill Imbalanced Classification,Desvio_Padrao,41,1001.6813309848327
ROSE,07-Oil Spill Imbalanced Classification,Desvio_Padrao,42,715.3916483530088
ROSE,07-Oil Spill Imbalanced Classification,Desvio_Padrao,43,534.3061935727848
ROSE,07-Oil Spill Imbalanced Classification,Desvio_Padrao,44,135.6177079715048
ROSE,07-Oil Spill Imbalanced Classification,Desvio_Padrao,45,5.0291509508385435
ROSE,07-Oil Spill Imbalanced Classification,Desvio_Padrao,46,0.3343443060496508
ROSE,07-Oil Spill Imbalanced Classification,Desvio_Padrao,48,10.412807175887123
ROSE,07-Oil Spill Imbalanced Classification,Desvio_Padrao,49,2.9088945399050434
ROSE,07-Oil Spill Imbalanced Classification,Minimo,time,NA
ROSE,07-Oil Spill Imbalanced Classification,Minimo,v1,NA
ROSE,07-Oil Spill Imbalanced Classification,Minimo,v2,NA
ROSE,07-Oil Spill Imbalanced Classification,Minimo,v3,NA
ROSE,07-Oil Spill Imbalanced Classification,Minimo,v4,NA
ROSE,07-Oil Spill Imbalanced Classification,Minimo,v5,NA
ROSE,07-Oil Spill Imbalanced Classification,Minimo,v6,NA
ROSE,07-Oil Spill Imbalanced Classification,Minimo,v7,NA
ROSE,07-Oil Spill Imbalanced Classification,Minimo,v8,NA
ROSE,07-Oil Spill Imbalanced Classification,Minimo,v9,NA
ROSE,07-Oil Spill Imbalanced Classification,Minimo,v10,NA
ROSE,07-Oil Spill Imbalanced Classification,Minimo,v11,NA
ROSE,07-Oil Spill Imbalanced Classification,Minimo,v12,NA
ROSE,07-Oil Spill Imbalanced Classification,Minimo,v13,NA
ROSE,07-Oil Spill Imbalanced Classification,Minimo,v14,NA
ROSE,07-Oil Spill Imbalanced Classification,Minimo,v15,NA
ROSE,07-Oil Spill Imbalanced Classification,Minimo,v16,NA
ROSE,07-Oil Spill Imbalanced Classification,Minimo,v17,NA
ROSE,07-Oil Spill Imbalanced Classification,Minimo,v18,NA
ROSE,07-Oil Spill Imbalanced Classification,Minimo,v19,NA
ROSE,07-Oil Spill Imbalanced Classification,Minimo,v20,NA
ROSE,07-Oil Spill Imbalanced Classification,Minimo,v21,NA
ROSE,07-Oil Spill Imbalanced Classification,Minimo,v22,NA
ROSE,07-Oil Spill Imbalanced Classification,Minimo,v23,NA
ROSE,07-Oil Spill Imbalanced Classification,Minimo,v24,NA
ROSE,07-Oil Spill Imbalanced Classification,Minimo,v25,NA
ROSE,07-Oil Spill Imbalanced Classification,Minimo,v26,NA
ROSE,07-Oil Spill Imbalanced Classification,Minimo,v27,NA
ROSE,07-Oil Spill Imbalanced Classification,Minimo,v28,NA
ROSE,07-Oil Spill Imbalanced Classification,Minimo,amount,NA
ROSE,07-Oil Spill Imbalanced Classification,Minimo,radius1,NA
ROSE,07-Oil Spill Imbalanced Classification,Minimo,texture1,NA
ROSE,07-Oil Spill Imbalanced Classification,Minimo,perimeter1,NA
ROSE,07-Oil Spill Imbalanced Classification,Minimo,area1,NA
ROSE,07-Oil Spill Imbalanced Classification,Minimo,smoothness1,NA
ROSE,07-Oil Spill Imbalanced Classification,Minimo,compactness1,NA
ROSE,07-Oil Spill Imbalanced Classification,Minimo,concavity1,NA
ROSE,07-Oil Spill Imbalanced Classification,Minimo,concave_points1,NA
ROSE,07-Oil Spill Imbalanced Classification,Minimo,symmetry1,NA
ROSE,07-Oil Spill Imbalanced Classification,Minimo,fractal_dimension1,NA
ROSE,07-Oil Spill Imbalanced Classification,Minimo,radius2,NA
ROSE,07-Oil Spill Imbalanced Classification,Minimo,texture2,NA
ROSE,07-Oil Spill Imbalanced Classification,Minimo,perimeter2,NA
ROSE,07-Oil Spill Imbalanced Classification,Minimo,area2,NA
ROSE,07-Oil Spill Imbalanced Classification,Minimo,smoothness2,NA
ROSE,07-Oil Spill Imbalanced Classification,Minimo,compactness2,NA
ROSE,07-Oil Spill Imbalanced Classification,Minimo,concavity2,NA
ROSE,07-Oil Spill Imbalanced Classification,Minimo,concave_points2,NA
ROSE,07-Oil Spill Imbalanced Classification,Minimo,symmetry2,NA
ROSE,07-Oil Spill Imbalanced Classification,Minimo,fractal_dimension2,NA
ROSE,07-Oil Spill Imbalanced Classification,Minimo,radius3,NA
ROSE,07-Oil Spill Imbalanced Classification,Minimo,texture3,NA
ROSE,07-Oil Spill Imbalanced Classification,Minimo,perimeter3,NA
ROSE,07-Oil Spill Imbalanced Classification,Minimo,area3,NA
ROSE,07-Oil Spill Imbalanced Classification,Minimo,smoothness3,NA
ROSE,07-Oil Spill Imbalanced Classification,Minimo,compactness3,NA
ROSE,07-Oil Spill Imbalanced Classification,Minimo,concavity3,NA
ROSE,07-Oil Spill Imbalanced Classification,Minimo,concave_points3,NA
ROSE,07-Oil Spill Imbalanced Classification,Minimo,symmetry3,NA
ROSE,07-Oil Spill Imbalanced Classification,Minimo,fractal_dimension3,NA
ROSE,07-Oil Spill Imbalanced Classification,Minimo,pregnancies,NA
ROSE,07-Oil Spill Imbalanced Classification,Minimo,glucose,NA
ROSE,07-Oil Spill Imbalanced Classification,Minimo,bloodpressure,NA
ROSE,07-Oil Spill Imbalanced Classification,Minimo,skinthickness,NA
ROSE,07-Oil Spill Imbalanced Classification,Minimo,insulin,NA
ROSE,07-Oil Spill Imbalanced Classification,Minimo,bmi,NA
ROSE,07-Oil Spill Imbalanced Classification,Minimo,diabetespedigreefunction,NA
ROSE,07-Oil Spill Imbalanced Classification,Minimo,age,NA
ROSE,07-Oil Spill Imbalanced Classification,Minimo,attribute01,NA
ROSE,07-Oil Spill Imbalanced Classification,Minimo,attribute02,NA
ROSE,07-Oil Spill Imbalanced Classification,Minimo,attribute03,NA
ROSE,07-Oil Spill Imbalanced Classification,Minimo,attribute04,NA
ROSE,07-Oil Spill Imbalanced Classification,Minimo,attribute05,NA
ROSE,07-Oil Spill Imbalanced Classification,Minimo,attribute06,NA
ROSE,07-Oil Spill Imbalanced Classification,Minimo,attribute07,NA
ROSE,07-Oil Spill Imbalanced Classification,Minimo,attribute08,NA
ROSE,07-Oil Spill Imbalanced Classification,Minimo,attribute09,NA
ROSE,07-Oil Spill Imbalanced Classification,Minimo,attribute10,NA
ROSE,07-Oil Spill Imbalanced Classification,Minimo,attribute11,NA
ROSE,07-Oil Spill Imbalanced Classification,Minimo,attribute12,NA
ROSE,07-Oil Spill Imbalanced Classification,Minimo,attribute13,NA
ROSE,07-Oil Spill Imbalanced Classification,Minimo,attribute14,NA
ROSE,07-Oil Spill Imbalanced Classification,Minimo,attribute15,NA
ROSE,07-Oil Spill Imbalanced Classification,Minimo,attribute16,NA
ROSE,07-Oil Spill Imbalanced Classification,Minimo,attribute17,NA
ROSE,07-Oil Spill Imbalanced Classification,Minimo,attribute18,NA
ROSE,07-Oil Spill Imbalanced Classification,Minimo,attribute19,NA
ROSE,07-Oil Spill Imbalanced Classification,Minimo,attribute20,NA
ROSE,07-Oil Spill Imbalanced Classification,Minimo,attribute21,NA
ROSE,07-Oil Spill Imbalanced Classification,Minimo,attribute22,NA
ROSE,07-Oil Spill Imbalanced Classification,Minimo,attribute23,NA
ROSE,07-Oil Spill Imbalanced Classification,Minimo,attribute24,NA
ROSE,07-Oil Spill Imbalanced Classification,Minimo,attribute25,NA
ROSE,07-Oil Spill Imbalanced Classification,Minimo,attribute26,NA
ROSE,07-Oil Spill Imbalanced Classification,Minimo,attribute27,NA
ROSE,07-Oil Spill Imbalanced Classification,Minimo,attribute28,NA
ROSE,07-Oil Spill Imbalanced Classification,Minimo,attribute29,NA
ROSE,07-Oil Spill Imbalanced Classification,Minimo,attribute30,NA
ROSE,07-Oil Spill Imbalanced Classification,Minimo,attribute31,NA
ROSE,07-Oil Spill Imbalanced Classification,Minimo,attribute32,NA
ROSE,07-Oil Spill Imbalanced Classification,Minimo,attribute33,NA
ROSE,07-Oil Spill Imbalanced Classification,Minimo,attribute34,NA
ROSE,07-Oil Spill Imbalanced Classification,Minimo,aa,NA
ROSE,07-Oil Spill Imbalanced Classification,Minimo,ao,NA
ROSE,07-Oil Spill Imbalanced Classification,Minimo,dcl,NA
ROSE,07-Oil Spill Imbalanced Classification,Minimo,iy,NA
ROSE,07-Oil Spill Imbalanced Classification,Minimo,sh,NA
ROSE,07-Oil Spill Imbalanced Classification,Minimo,0,NA
ROSE,07-Oil Spill Imbalanced Classification,Minimo,1,1
ROSE,07-Oil Spill Imbalanced Classification,Minimo,2,10
ROSE,07-Oil Spill Imbalanced Classification,Minimo,3,1.92
ROSE,07-Oil Spill Imbalanced Classification,Minimo,4,1
ROSE,07-Oil Spill Imbalanced Classification,Minimo,5,0
ROSE,07-Oil Spill Imbalanced Classification,Minimo,6,70312
ROSE,07-Oil Spill Imbalanced Classification,Minimo,7,21.24
ROSE,07-Oil Spill Imbalanced Classification,Minimo,8,0.83
ROSE,07-Oil Spill Imbalanced Classification,Minimo,9,667
ROSE,07-Oil Spill Imbalanced Classification,Minimo,10,0.02
ROSE,07-Oil Spill Imbalanced Classification,Minimo,11,41
ROSE,07-Oil Spill Imbalanced Classification,Minimo,12,0.02
ROSE,07-Oil Spill Imbalanced Classification,Minimo,13,0.03
ROSE,07-Oil Spill Imbalanced Classification,Minimo,14,0.05
ROSE,07-Oil Spill Imbalanced Classification,Minimo,15,0.01
ROSE,07-Oil Spill Imbalanced Classification,Minimo,16,0.01
ROSE,07-Oil Spill Imbalanced Classification,Minimo,17,4.82
ROSE,07-Oil Spill Imbalanced Classification,Minimo,18,1.96
ROSE,07-Oil Spill Imbalanced Classification,Minimo,19,0.13
ROSE,07-Oil Spill Imbalanced Classification,Minimo,20,0.02
ROSE,07-Oil Spill Imbalanced Classification,Minimo,21,0.02
ROSE,07-Oil Spill Imbalanced Classification,Minimo,22,47.66
ROSE,07-Oil Spill Imbalanced Classification,Minimo,23,0
ROSE,07-Oil Spill Imbalanced Classification,Minimo,24,0.17
ROSE,07-Oil Spill Imbalanced Classification,Minimo,25,132.78
ROSE,07-Oil Spill Imbalanced Classification,Minimo,26,-0.71
ROSE,07-Oil Spill Imbalanced Classification,Minimo,27,2.96
ROSE,07-Oil Spill Imbalanced Classification,Minimo,28,-1.79
ROSE,07-Oil Spill Imbalanced Classification,Minimo,29,1.44
ROSE,07-Oil Spill Imbalanced Classification,Minimo,30,-7.81
ROSE,07-Oil Spill Imbalanced Classification,Minimo,31,-1.37
ROSE,07-Oil Spill Imbalanced Classification,Minimo,32,0
ROSE,07-Oil Spill Imbalanced Classification,Minimo,33,0
ROSE,07-Oil Spill Imbalanced Classification,Minimo,34,0
ROSE,07-Oil Spill Imbalanced Classification,Minimo,35,3
ROSE,07-Oil Spill Imbalanced Classification,Minimo,36,360
ROSE,07-Oil Spill Imbalanced Classification,Minimo,37,0
ROSE,07-Oil Spill Imbalanced Classification,Minimo,38,5.05
ROSE,07-Oil Spill Imbalanced Classification,Minimo,39,64
ROSE,07-Oil Spill Imbalanced Classification,Minimo,40,39
ROSE,07-Oil Spill Imbalanced Classification,Minimo,41,0
ROSE,07-Oil Spill Imbalanced Classification,Minimo,42,0
ROSE,07-Oil Spill Imbalanced Classification,Minimo,43,0
ROSE,07-Oil Spill Imbalanced Classification,Minimo,44,0
ROSE,07-Oil Spill Imbalanced Classification,Minimo,45,0
ROSE,07-Oil Spill Imbalanced Classification,Minimo,46,0
ROSE,07-Oil Spill Imbalanced Classification,Minimo,48,35.95
ROSE,07-Oil Spill Imbalanced Classification,Minimo,49,5.81
ROSE,07-Oil Spill Imbalanced Classification,Maximo,time,NA
ROSE,07-Oil Spill Imbalanced Classification,Maximo,v1,NA
ROSE,07-Oil Spill Imbalanced Classification,Maximo,v2,NA
ROSE,07-Oil Spill Imbalanced Classification,Maximo,v3,NA
ROSE,07-Oil Spill Imbalanced Classification,Maximo,v4,NA
ROSE,07-Oil Spill Imbalanced Classification,Maximo,v5,NA
ROSE,07-Oil Spill Imbalanced Classification,Maximo,v6,NA
ROSE,07-Oil Spill Imbalanced Classification,Maximo,v7,NA
ROSE,07-Oil Spill Imbalanced Classification,Maximo,v8,NA
ROSE,07-Oil Spill Imbalanced Classification,Maximo,v9,NA
ROSE,07-Oil Spill Imbalanced Classification,Maximo,v10,NA
ROSE,07-Oil Spill Imbalanced Classification,Maximo,v11,NA
ROSE,07-Oil Spill Imbalanced Classification,Maximo,v12,NA
ROSE,07-Oil Spill Imbalanced Classification,Maximo,v13,NA
ROSE,07-Oil Spill Imbalanced Classification,Maximo,v14,NA
ROSE,07-Oil Spill Imbalanced Classification,Maximo,v15,NA
ROSE,07-Oil Spill Imbalanced Classification,Maximo,v16,NA
ROSE,07-Oil Spill Imbalanced Classification,Maximo,v17,NA
ROSE,07-Oil Spill Imbalanced Classification,Maximo,v18,NA
ROSE,07-Oil Spill Imbalanced Classification,Maximo,v19,NA
ROSE,07-Oil Spill Imbalanced Classification,Maximo,v20,NA
ROSE,07-Oil Spill Imbalanced Classification,Maximo,v21,NA
ROSE,07-Oil Spill Imbalanced Classification,Maximo,v22,NA
ROSE,07-Oil Spill Imbalanced Classification,Maximo,v23,NA
ROSE,07-Oil Spill Imbalanced Classification,Maximo,v24,NA
ROSE,07-Oil Spill Imbalanced Classification,Maximo,v25,NA
ROSE,07-Oil Spill Imbalanced Classification,Maximo,v26,NA
ROSE,07-Oil Spill Imbalanced Classification,Maximo,v27,NA
ROSE,07-Oil Spill Imbalanced Classification,Maximo,v28,NA
ROSE,07-Oil Spill Imbalanced Classification,Maximo,amount,NA
ROSE,07-Oil Spill Imbalanced Classification,Maximo,radius1,NA
ROSE,07-Oil Spill Imbalanced Classification,Maximo,texture1,NA
ROSE,07-Oil Spill Imbalanced Classification,Maximo,perimeter1,NA
ROSE,07-Oil Spill Imbalanced Classification,Maximo,area1,NA
ROSE,07-Oil Spill Imbalanced Classification,Maximo,smoothness1,NA
ROSE,07-Oil Spill Imbalanced Classification,Maximo,compactness1,NA
ROSE,07-Oil Spill Imbalanced Classification,Maximo,concavity1,NA
ROSE,07-Oil Spill Imbalanced Classification,Maximo,concave_points1,NA
ROSE,07-Oil Spill Imbalanced Classification,Maximo,symmetry1,NA
ROSE,07-Oil Spill Imbalanced Classification,Maximo,fractal_dimension1,NA
ROSE,07-Oil Spill Imbalanced Classification,Maximo,radius2,NA
ROSE,07-Oil Spill Imbalanced Classification,Maximo,texture2,NA
ROSE,07-Oil Spill Imbalanced Classification,Maximo,perimeter2,NA
ROSE,07-Oil Spill Imbalanced Classification,Maximo,area2,NA
ROSE,07-Oil Spill Imbalanced Classification,Maximo,smoothness2,NA
ROSE,07-Oil Spill Imbalanced Classification,Maximo,compactness2,NA
ROSE,07-Oil Spill Imbalanced Classification,Maximo,concavity2,NA
ROSE,07-Oil Spill Imbalanced Classification,Maximo,concave_points2,NA
ROSE,07-Oil Spill Imbalanced Classification,Maximo,symmetry2,NA
ROSE,07-Oil Spill Imbalanced Classification,Maximo,fractal_dimension2,NA
ROSE,07-Oil Spill Imbalanced Classification,Maximo,radius3,NA
ROSE,07-Oil Spill Imbalanced Classification,Maximo,texture3,NA
ROSE,07-Oil Spill Imbalanced Classification,Maximo,perimeter3,NA
ROSE,07-Oil Spill Imbalanced Classification,Maximo,area3,NA
ROSE,07-Oil Spill Imbalanced Classification,Maximo,smoothness3,NA
ROSE,07-Oil Spill Imbalanced Classification,Maximo,compactness3,NA
ROSE,07-Oil Spill Imbalanced Classification,Maximo,concavity3,NA
ROSE,07-Oil Spill Imbalanced Classification,Maximo,concave_points3,NA
ROSE,07-Oil Spill Imbalanced Classification,Maximo,symmetry3,NA
ROSE,07-Oil Spill Imbalanced Classification,Maximo,fractal_dimension3,NA
ROSE,07-Oil Spill Imbalanced Classification,Maximo,pregnancies,NA
ROSE,07-Oil Spill Imbalanced Classification,Maximo,glucose,NA
ROSE,07-Oil Spill Imbalanced Classification,Maximo,bloodpressure,NA
ROSE,07-Oil Spill Imbalanced Classification,Maximo,skinthickness,NA
ROSE,07-Oil Spill Imbalanced Classification,Maximo,insulin,NA
ROSE,07-Oil Spill Imbalanced Classification,Maximo,bmi,NA
ROSE,07-Oil Spill Imbalanced Classification,Maximo,diabetespedigreefunction,NA
ROSE,07-Oil Spill Imbalanced Classification,Maximo,age,NA
ROSE,07-Oil Spill Imbalanced Classification,Maximo,attribute01,NA
ROSE,07-Oil Spill Imbalanced Classification,Maximo,attribute02,NA
ROSE,07-Oil Spill Imbalanced Classification,Maximo,attribute03,NA
ROSE,07-Oil Spill Imbalanced Classification,Maximo,attribute04,NA
ROSE,07-Oil Spill Imbalanced Classification,Maximo,attribute05,NA
ROSE,07-Oil Spill Imbalanced Classification,Maximo,attribute06,NA
ROSE,07-Oil Spill Imbalanced Classification,Maximo,attribute07,NA
ROSE,07-Oil Spill Imbalanced Classification,Maximo,attribute08,NA
ROSE,07-Oil Spill Imbalanced Classification,Maximo,attribute09,NA
ROSE,07-Oil Spill Imbalanced Classification,Maximo,attribute10,NA
ROSE,07-Oil Spill Imbalanced Classification,Maximo,attribute11,NA
ROSE,07-Oil Spill Imbalanced Classification,Maximo,attribute12,NA
ROSE,07-Oil Spill Imbalanced Classification,Maximo,attribute13,NA
ROSE,07-Oil Spill Imbalanced Classification,Maximo,attribute14,NA
ROSE,07-Oil Spill Imbalanced Classification,Maximo,attribute15,NA
ROSE,07-Oil Spill Imbalanced Classification,Maximo,attribute16,NA
ROSE,07-Oil Spill Imbalanced Classification,Maximo,attribute17,NA
ROSE,07-Oil Spill Imbalanced Classification,Maximo,attribute18,NA
ROSE,07-Oil Spill Imbalanced Classification,Maximo,attribute19,NA
ROSE,07-Oil Spill Imbalanced Classification,Maximo,attribute20,NA
ROSE,07-Oil Spill Imbalanced Classification,Maximo,attribute21,NA
ROSE,07-Oil Spill Imbalanced Classification,Maximo,attribute22,NA
ROSE,07-Oil Spill Imbalanced Classification,Maximo,attribute23,NA
ROSE,07-Oil Spill Imbalanced Classification,Maximo,attribute24,NA
ROSE,07-Oil Spill Imbalanced Classification,Maximo,attribute25,NA
ROSE,07-Oil Spill Imbalanced Classification,Maximo,attribute26,NA
ROSE,07-Oil Spill Imbalanced Classification,Maximo,attribute27,NA
ROSE,07-Oil Spill Imbalanced Classification,Maximo,attribute28,NA
ROSE,07-Oil Spill Imbalanced Classification,Maximo,attribute29,NA
ROSE,07-Oil Spill Imbalanced Classification,Maximo,attribute30,NA
ROSE,07-Oil Spill Imbalanced Classification,Maximo,attribute31,NA
ROSE,07-Oil Spill Imbalanced Classification,Maximo,attribute32,NA
ROSE,07-Oil Spill Imbalanced Classification,Maximo,attribute33,NA
ROSE,07-Oil Spill Imbalanced Classification,Maximo,attribute34,NA
ROSE,07-Oil Spill Imbalanced Classification,Maximo,aa,NA
ROSE,07-Oil Spill Imbalanced Classification,Maximo,ao,NA
ROSE,07-Oil Spill Imbalanced Classification,Maximo,dcl,NA
ROSE,07-Oil Spill Imbalanced Classification,Maximo,iy,NA
ROSE,07-Oil Spill Imbalanced Classification,Maximo,sh,NA
ROSE,07-Oil Spill Imbalanced Classification,Maximo,0,NA
ROSE,07-Oil Spill Imbalanced Classification,Maximo,1,352
ROSE,07-Oil Spill Imbalanced Classification,Maximo,2,32389
ROSE,07-Oil Spill Imbalanced Classification,Maximo,3,1893.08
ROSE,07-Oil Spill Imbalanced Classification,Maximo,4,2724.57
ROSE,07-Oil Spill Imbalanced Classification,Maximo,5,180
ROSE,07-Oil Spill Imbalanced Classification,Maximo,6,71315000
ROSE,07-Oil Spill Imbalanced Classification,Maximo,7,82.64
ROSE,07-Oil Spill Imbalanced Classification,Maximo,8,24.69
ROSE,07-Oil Spill Imbalanced Classification,Maximo,9,160740
ROSE,07-Oil Spill Imbalanced Classification,Maximo,10,0.74
ROSE,07-Oil Spill Imbalanced Classification,Maximo,11,901.7
ROSE,07-Oil Spill Imbalanced Classification,Maximo,12,0.66
ROSE,07-Oil Spill Imbalanced Classification,Maximo,13,0.83
ROSE,07-Oil Spill Imbalanced Classification,Maximo,14,1.23
ROSE,07-Oil Spill Imbalanced Classification,Maximo,15,0.65
ROSE,07-Oil Spill Imbalanced Classification,Maximo,16,1.12
ROSE,07-Oil Spill Imbalanced Classification,Maximo,17,6058.23
ROSE,07-Oil Spill Imbalanced Classification,Maximo,18,4061.15
ROSE,07-Oil Spill Imbalanced Classification,Maximo,19,2.6
ROSE,07-Oil Spill Imbalanced Classification,Maximo,20,0.65
ROSE,07-Oil Spill Imbalanced Classification,Maximo,21,0.77
ROSE,07-Oil Spill Imbalanced Classification,Maximo,22,126.08
ROSE,07-Oil Spill Imbalanced Classification,Maximo,23,0
ROSE,07-Oil Spill Imbalanced Classification,Maximo,24,1.33
ROSE,07-Oil Spill Imbalanced Classification,Maximo,25,2036.8
ROSE,07-Oil Spill Imbalanced Classification,Maximo,26,1.83
ROSE,07-Oil Spill Imbalanced Classification,Maximo,27,14.78
ROSE,07-Oil Spill Imbalanced Classification,Maximo,28,5.72
ROSE,07-Oil Spill Imbalanced Classification,Maximo,29,39.42
ROSE,07-Oil Spill Imbalanced Classification,Maximo,30,1.28
ROSE,07-Oil Spill Imbalanced Classification,Maximo,31,0
ROSE,07-Oil Spill Imbalanced Classification,Maximo,32,2.98
ROSE,07-Oil Spill Imbalanced Classification,Maximo,33,0.87
ROSE,07-Oil Spill Imbalanced Classification,Maximo,34,2.98
ROSE,07-Oil Spill Imbalanced Classification,Maximo,35,1695
ROSE,07-Oil Spill Imbalanced Classification,Maximo,36,95310
ROSE,07-Oil Spill Imbalanced Classification,Maximo,37,0.02
ROSE,07-Oil Spill Imbalanced Classification,Maximo,38,441.23
ROSE,07-Oil Spill Imbalanced Classification,Maximo,39,143
ROSE,07-Oil Spill Imbalanced Classification,Maximo,40,86
ROSE,07-Oil Spill Imbalanced Classification,Maximo,41,11949.33
ROSE,07-Oil Spill Imbalanced Classification,Maximo,42,11500
ROSE,07-Oil Spill Imbalanced Classification,Maximo,43,9593.48
ROSE,07-Oil Spill Imbalanced Classification,Maximo,44,1748.13
ROSE,07-Oil Spill Imbalanced Classification,Maximo,45,76.63
ROSE,07-Oil Spill Imbalanced Classification,Maximo,46,1
ROSE,07-Oil Spill Imbalanced Classification,Maximo,48,66.45
ROSE,07-Oil Spill Imbalanced Classification,Maximo,49,15.44
