Base,Modelo,TempoMedio
04-Ionosphere,ann,1.4649131298065186
04-Ionosphere,arvore,0.43134498596191406
04-Ionosphere,logistico,0.15073513984680176
04-Ionosphere,rf,0.9588809013366699
04-Ionosphere,svm,0.9823050498962402
